Pos,Juego,Mes,Año,HorasV,HorasT,Streamers,MaxEsp,MaxCan,PromEsp,PromCan
143,Games + Demos,Mayo,2016,"    145,085 horas","     3,108 horas",      748 streamers,"   14,458 espectadores",     14 canales,    195 espectadores,     4 canales
159,Games + Demos,Julio,2016,"    208,033 horas","     3,840 horas",      954 streamers,"   13,741 espectadores",     15 canales,    279 espectadores,     5 canales
134,Games + Demos,Febrero,2016,"    173,473 horas","     2,571 horas",      619 streamers,"   12,097 espectadores",     16 canales,    249 espectadores,     3 canales
83,Games + Demos,Marzo,2016,"    366,311 horas","     3,784 horas",      718 streamers,NA,     16 canales,NA,     5 canales
141,RimWorld,Junio,2016,"    147,095 horas","     3,701 horas",      412 streamers,NA,     18 canales,    204 espectadores,     5 canales
80,Games + Demos,Abril,2016,"    407,778 horas","     4,117 horas",      838 streamers,"   19,213 espectadores",     19 canales,    567 espectadores,NA
80,Games + Demos,Junio,2016,"    355,151 horas","     3,218 horas",      800 streamers,NA,     21 canales,    493 espectadores,     4 canales
120,Games + Demos,Septiembre,2016,"    189,685 horas","     5,677 horas","    1,514 streamers","   10,701 espectadores",     22 canales,    263 espectadores,     7 canales
56,Games + Demos,Octubre,2016,"    706,628 horas","     5,577 horas","    1,547 streamers","   31,676 espectadores",     22 canales,    951 espectadores,NA
120,Games + Demos,Agosto,2016,"    242,103 horas","     4,924 horas","    1,410 streamers","   12,724 espectadores",     23 canales,    325 espectadores,     6 canales
115,Games + Demos,Diciembre,2016,"    338,670 horas","     6,376 horas",      292 streamers,NA,     23 canales,    455 espectadores,     8 canales
94,RimWorld,Mayo,2016,"    269,466 horas","     6,834 horas",      648 streamers,"    8,795 espectadores",     26 canales,    362 espectadores,NA
167,The Sims 4,Mayo,2016,"    122,136 horas","     7,605 horas","    1,447 streamers","   14,208 espectadores",     26 canales,    164 espectadores,    10 canales
123,Games + Demos,Noviembre,2016,"    229,651 horas","     5,190 horas","    1,321 streamers","   11,821 espectadores",     26 canales,    319 espectadores,     7 canales
113,Games + Demos,Febrero,2017,"    289,570 horas","     7,115 horas","    1,640 streamers","   10,664 espectadores",     26 canales,    431 espectadores,    10 canales
110,Games + Demos,Mayo,2017,"    367,008 horas","     9,322 horas","    1,827 streamers","   15,804 espectadores",     27 canales,    493 espectadores,    12 canales
178,The Sims 4,Marzo,2016,"    115,845 horas","     8,753 horas","    1,599 streamers","    2,785 espectadores",     28 canales,NA,    11 canales
96,Games + Demos,Enero,2017,"    530,507 horas","     7,695 horas","    1,845 streamers","   11,116 espectadores",     28 canales,    714 espectadores,    10 canales
99,Games + Demos,Abril,2017,"    362,430 horas","     8,437 horas","    1,391 streamers","    9,756 espectadores",     28 canales,    504 espectadores,    11 canales
68,Super Mario 64,Mayo,2016,"    409,233 horas","     8,940 horas","    1,081 streamers","    8,400 espectadores",     29 canales,    550 espectadores,NA
86,Super Mario 64,Septiembre,2016,"    296,336 horas","     8,180 horas","    1,064 streamers","    6,093 espectadores",     29 canales,NA,    11 canales
98,Games + Demos,Marzo,2017,"    336,451 horas","     7,518 horas","    1,399 streamers","   11,700 espectadores",     30 canales,    452 espectadores,    10 canales
54,Super Mario 64,Enero,2016,"    828,873 horas","     9,001 horas","    1,129 streamers","  174,067 espectadores",     31 canales,"  1,115 espectadores",    12 canales
170,Retro,Marzo,2016,"    129,038 horas","    10,586 horas",      788 streamers,      980 espectadores,     31 canales,    173 espectadores,    14 canales
102,Retro,Abril,2016,"    260,436 horas","    10,704 horas",      825 streamers,"    1,187 espectadores",     31 canales,    362 espectadores,NA
132,MapleStory,Mayo,2016,"    159,259 horas","    10,645 horas","    1,015 streamers",      774 espectadores,     31 canales,    214 espectadores,    14 canales
80,Super Mario 64,Agosto,2016,"    377,517 horas","     9,921 horas","    1,130 streamers","   17,064 espectadores",     31 canales,    508 espectadores,    13 canales
154,Clash Royale,Febrero,2019,"    370,506 horas","     7,825 horas","    1,510 streamers",NA,     31 canales,    552 espectadores,    11 canales
191,The Sims 4,Abril,2016,"    111,086 horas","     8,076 horas","    1,387 streamers","    4,889 espectadores",     33 canales,    154 espectadores,    11 canales
189,The Sims 4,Octubre,2016,"    132,850 horas","     9,435 horas","    1,893 streamers","    2,228 espectadores",     33 canales,NA,    12 canales
115,Super Mario 64,Enero,2017,"    418,177 horas","    10,411 horas","    1,201 streamers","    8,101 espectadores",     33 canales,    562 espectadores,    14 canales
100,MapleStory,Febrero,2016,"    272,771 horas","    12,398 horas","    1,127 streamers","    2,638 espectadores",     34 canales,    392 espectadores,    17 canales
94,Super Mario 64,Marzo,2016,"    304,984 horas","     7,970 horas","    1,023 streamers","    7,582 espectadores",     34 canales,    410 espectadores,    10 canales
143,The Sims 4,Julio,2016,"    236,544 horas","     9,360 horas","    1,745 streamers","    5,479 espectadores",     34 canales,    318 espectadores,    12 canales
88,Super Mario 64,Diciembre,2016,"    492,553 horas","    10,515 horas",      336 streamers,"    7,411 espectadores",     34 canales,    662 espectadores,NA
104,Clash Royale,Septiembre,2019,"    592,699 horas","     9,622 horas","    1,726 streamers","   14,667 espectadores",     34 canales,    824 espectadores,    13 canales
117,The Sims 4,Enero,2016,"    291,710 horas","     9,610 horas","    1,874 streamers","   27,359 espectadores",     35 canales,    392 espectadores,    12 canales
125,Clash Royale,Mayo,2019,"    563,368 horas","    11,491 horas","    2,084 streamers",NA,     35 canales,    758 espectadores,    15 canales
123,Clash Royale,Octubre,2019,"    548,941 horas","     9,967 horas","    1,649 streamers",NA,     35 canales,    738 espectadores,NA
120,MapleStory,Marzo,2016,"    208,359 horas","    12,685 horas","    1,071 streamers","    1,953 espectadores",     36 canales,    280 espectadores,    17 canales
110,MapleStory,Abril,2016,"    228,242 horas","    12,973 horas","    1,019 streamers",NA,     36 canales,    317 espectadores,    18 canales
76,Retro,Mayo,2016,"    363,612 horas","    13,007 horas",      979 streamers,"    5,243 espectadores",     36 canales,    489 espectadores,    17 canales
102,RimWorld,Octubre,2016,"    283,416 horas","    11,435 horas","    1,189 streamers","    4,832 espectadores",     36 canales,    381 espectadores,    15 canales
103,Super Mario 64,Noviembre,2016,"    342,122 horas","     9,152 horas","    1,047 streamers","    7,933 espectadores",     36 canales,    475 espectadores,    12 canales
82,Games + Demos,Octubre,2017,"    626,646 horas","    12,764 horas","    2,350 streamers","   69,316 espectadores",     36 canales,    843 espectadores,    17 canales
57,RimWorld,Abril,2016,"    661,664 horas","     9,387 horas",      888 streamers,"   15,443 espectadores",     37 canales,    920 espectadores,    13 canales
85,Super Mario 64,Abril,2016,"    324,963 horas","     7,839 horas",      963 streamers,"    8,432 espectadores",     37 canales,    451 espectadores,    10 canales
91,Tibia,Abril,2016,"    315,786 horas","    12,401 horas",      951 streamers,"    1,889 espectadores",     37 canales,    439 espectadores,NA
137,MapleStory,Junio,2016,"    153,668 horas","    11,505 horas","    1,173 streamers",NA,     37 canales,    213 espectadores,    16 canales
127,The Sims 4,Agosto,2016,"    217,572 horas","     9,694 horas","    1,702 streamers","    6,666 espectadores",     37 canales,    292 espectadores,    13 canales
103,Super Mario 64,Octubre,2016,"    279,790 horas","     9,974 horas","    1,204 streamers",NA,     37 canales,    376 espectadores,    13 canales
92,Super Mario 64,Abril,2017,"    403,716 horas","    11,066 horas","    1,103 streamers",NA,     37 canales,NA,    15 canales
104,RimWorld,Abril,2017,"    335,673 horas","    13,758 horas","    1,315 streamers","    4,343 espectadores",     37 canales,    466 espectadores,    19 canales
78,Games + Demos,Julio,2017,"    703,927 horas","    14,588 horas","    2,442 streamers","   16,241 espectadores",     37 canales,    947 espectadores,    19 canales
137,Clash Royale,Marzo,2019,"    475,417 horas","     9,884 horas","    1,693 streamers","    6,934 espectadores",     37 canales,    639 espectadores,    13 canales
122,MapleStory,Septiembre,2016,"    185,974 horas","    12,464 horas","    1,066 streamers","    1,186 espectadores",     38 canales,    258 espectadores,NA
83,The Sims 4,Febrero,2016,"    374,856 horas","     9,663 horas","    1,744 streamers","   12,456 espectadores",     39 canales,    539 espectadores,    13 canales
77,Tibia,Junio,2016,"    359,647 horas","    13,578 horas",      996 streamers,"    2,331 espectadores",     39 canales,    500 espectadores,    18 canales
98,Tibia,Agosto,2016,"    308,240 horas","    13,638 horas","    1,040 streamers","    5,612 espectadores",     39 canales,NA,    18 canales
31,Magic: The Gathering,Septiembre,2016,"  1,466,259 horas","    11,265 horas",      874 streamers,NA,     39 canales,"  2,039 espectadores",    15 canales
150,The Sims 4,Septiembre,2016,"    139,745 horas","     9,053 horas","    1,925 streamers","    5,426 espectadores",     39 canales,    194 espectadores,    12 canales
72,Games + Demos,Junio,2017,"    673,859 horas","    15,634 horas","    2,237 streamers","   24,897 espectadores",     39 canales,    937 espectadores,    21 canales
104,Super Mario 64,Noviembre,2017,"    467,622 horas","    11,232 horas","    1,448 streamers","    9,261 espectadores",     39 canales,    650 espectadores,    15 canales
105,Clash Royale,Agosto,2019,"    560,234 horas","    11,886 horas","    2,095 streamers","   10,318 espectadores",     39 canales,    754 espectadores,    15 canales
104,Clash Royale,Diciembre,2019,"    702,499 horas","    10,804 horas","    2,047 streamers","   16,230 espectadores",     39 canales,    945 espectadores,NA
141,RimWorld,Octubre,2017,"    262,158 horas","    14,479 horas","    1,544 streamers","    5,090 espectadores",     40 canales,    352 espectadores,    19 canales
147,Clash Royale,Octubre,2018,"    364,182 horas","    12,859 horas","    2,273 streamers","    8,010 espectadores",     40 canales,    490 espectadores,    17 canales
156,Clash Royale,Abril,2019,"    387,965 horas","    10,042 horas","    1,899 streamers","   17,833 espectadores",     40 canales,NA,    13 canales
34,Magic: The Gathering,Julio,2016,"  1,723,087 horas","    13,019 horas",      952 streamers,"   16,081 espectadores",     41 canales,"  2,319 espectadores",    17 canales
127,MapleStory,Noviembre,2016,"    215,912 horas","    13,993 horas","    1,197 streamers","    2,283 espectadores",     41 canales,    300 espectadores,    19 canales
86,Super Mario 64,Marzo,2017,"    428,494 horas","    11,147 horas","    1,080 streamers","    3,391 espectadores",     41 canales,    576 espectadores,    15 canales
159,Clash Royale,Diciembre,2018,"    408,328 horas","    11,473 horas","    2,144 streamers","    6,823 espectadores",     41 canales,    549 espectadores,    15 canales
115,Clash Royale,Junio,2019,"    593,497 horas","    12,213 horas","    2,008 streamers","    9,090 espectadores",     41 canales,    825 espectadores,NA
57,Retro,Junio,2016,"    479,025 horas","    14,793 horas","    1,052 streamers","    6,005 espectadores",     42 canales,    666 espectadores,    20 canales
91,Retro,Julio,2016,"    355,812 horas","    15,864 horas","    1,164 streamers","    2,345 espectadores",     42 canales,    478 espectadores,    21 canales
100,RimWorld,Marzo,2017,"    327,334 horas","    15,056 horas","    1,397 streamers","    7,195 espectadores",     42 canales,    440 espectadores,    20 canales
110,Clash Royale,Junio,2018,"    572,521 horas","    13,124 horas","    2,203 streamers","   15,148 espectadores",     42 canales,NA,    18 canales
142,Super Mario 64,Septiembre,2018,"    387,577 horas","    13,751 horas","    1,640 streamers","    9,110 espectadores",     42 canales,    539 espectadores,    19 canales
142,Super Mario 64,Diciembre,2018,"    471,240 horas","    13,132 horas","    1,465 streamers","   10,244 espectadores",     42 canales,    634 espectadores,NA
62,Warcraft III,Enero,2016,"    665,832 horas","    14,699 horas","    1,117 streamers","   21,071 espectadores",     43 canales,    896 espectadores,    19 canales
28,Magic: The Gathering,Agosto,2016,"  2,026,783 horas","    12,839 horas",      885 streamers,"   22,692 espectadores",     43 canales,"  2,727 espectadores",NA
67,RimWorld,Septiembre,2016,"    434,915 horas","    15,296 horas","    1,682 streamers","    9,882 espectadores",     43 canales,    604 espectadores,    21 canales
129,MapleStory,Abril,2017,"    250,794 horas","    15,248 horas","    1,151 streamers","    2,073 espectadores",     43 canales,    348 espectadores,    21 canales
71,Games + Demos,Enero,2018,"    839,818 horas","    16,582 horas","    3,013 streamers","   24,231 espectadores",     43 canales,NA,    22 canales
97,Clash Royale,Mayo,2018,"    609,459 horas","    13,719 horas","    2,501 streamers",NA,     43 canales,    820 espectadores,    18 canales
98,Clash Royale,Julio,2018,"    731,917 horas","    13,681 horas","    2,291 streamers","   41,444 espectadores",     43 canales,    985 espectadores,    18 canales
125,Super Mario 64,Noviembre,2018,"    521,443 horas","    13,693 horas","    1,521 streamers","    9,811 espectadores",     43 canales,NA,    19 canales
141,Clash Royale,Noviembre,2018,"    407,268 horas","    12,612 horas","    2,291 streamers","    6,816 espectadores",     43 canales,NA,    17 canales
135,Super Mario 64,Octubre,2019,"    444,285 horas","    12,141 horas","    1,394 streamers","    5,948 espectadores",     43 canales,    597 espectadores,    16 canales
129,7 Days to Die,Enero,2016,"    269,681 horas","    12,131 horas","    1,240 streamers","    4,405 espectadores",     44 canales,    362 espectadores,    16 canales
116,7 Days to Die,Mayo,2016,"    195,722 horas","    11,696 horas","    1,245 streamers","    4,507 espectadores",     44 canales,NA,NA
112,MapleStory,Julio,2016,"    304,397 horas","    17,251 horas","    1,560 streamers","    1,181 espectadores",     44 canales,    409 espectadores,    23 canales
102,Clash Royale,Abril,2018,"    540,195 horas","    13,313 horas","    2,277 streamers","   13,900 espectadores",     44 canales,    751 espectadores,    18 canales
132,Super Mario 64,Mayo,2018,"    401,873 horas","    14,065 horas","    1,824 streamers",NA,     44 canales,    540 espectadores,    18 canales
129,Super Mario 64,Julio,2018,"    515,033 horas","    14,732 horas","    1,905 streamers",NA,     44 canales,    693 espectadores,NA
123,Clash Royale,Septiembre,2018,"    463,538 horas","    13,061 horas","    2,558 streamers","   12,780 espectadores",     44 canales,    644 espectadores,    18 canales
118,Super Mario 64,Octubre,2018,"    578,229 horas","    14,094 horas","    1,565 streamers","   71,197 espectadores",     44 canales,    778 espectadores,    18 canales
93,Super Mario 64,Diciembre,2019,"    838,087 horas","    14,421 horas","    1,636 streamers","   27,969 espectadores",     44 canales,NA,    19 canales
33,Magic: The Gathering,Junio,2016,"  1,537,509 horas","    13,395 horas",      979 streamers,"   13,116 espectadores",     45 canales,"  2,138 espectadores",    18 canales
31,Magic: The Gathering,Octubre,2016,"  2,245,408 horas","    12,723 horas",      963 streamers,"   29,319 espectadores",     45 canales,"  3,022 espectadores",    17 canales
107,The Sims 4,Abril,2017,"    332,875 horas","    14,362 horas","    2,225 streamers","   10,779 espectadores",     45 canales,    462 espectadores,    19 canales
39,Super Mario 64,Agosto,2017,"  1,508,041 horas","    15,848 horas","    1,796 streamers","   12,341 espectadores",     45 canales,NA,    21 canales
86,Games + Demos,Agosto,2017,"    597,417 horas","    12,951 horas","    2,329 streamers","   28,927 espectadores",     45 canales,    804 espectadores,    17 canales
146,MapleStory,Agosto,2017,"    271,873 horas","    19,620 horas","    1,703 streamers","    2,405 espectadores",     45 canales,    365 espectadores,    26 canales
103,RimWorld,Septiembre,2017,"    410,785 horas","    16,018 horas","    1,739 streamers","    5,127 espectadores",     45 canales,NA,NA
143,MapleStory,Septiembre,2017,"    252,055 horas","    16,320 horas","    1,414 streamers","    4,094 espectadores",     45 canales,    350 espectadores,NA
84,Games + Demos,Noviembre,2017,"    655,016 horas","    13,761 horas","    2,401 streamers","   23,117 espectadores",     45 canales,    911 espectadores,    19 canales
133,Super Mario 64,Febrero,2018,"    296,606 horas","    12,817 horas","    1,607 streamers","   10,236 espectadores",     45 canales,    442 espectadores,    19 canales
124,Super Mario 64,Agosto,2018,"    449,370 horas","    15,888 horas","    1,682 streamers","    6,518 espectadores",     45 canales,    604 espectadores,    21 canales
171,Super Mario 64,Enero,2019,"    409,483 horas","    14,546 horas","    1,577 streamers","    4,689 espectadores",     45 canales,    551 espectadores,NA
128,Super Mario 64,Febrero,2019,"    499,206 horas","    13,115 horas","    1,518 streamers","   18,412 espectadores",     45 canales,    743 espectadores,    19 canales
108,Clash Royale,Julio,2019,"    574,769 horas","    13,416 horas","    2,224 streamers","   13,385 espectadores",     45 canales,    773 espectadores,    18 canales
99,Clash Royale,Febrero,2020,"    864,234 horas","    12,474 horas","    2,148 streamers","   17,622 espectadores",     45 canales,"  1,243 espectadores",    17 canales
55,Warcraft III,Febrero,2016,"    886,470 horas","    15,140 horas","    1,062 streamers","   26,558 espectadores",     46 canales,"  1,275 espectadores",    21 canales
42,Magic: The Gathering,Marzo,2016,"  1,372,570 horas","    14,373 horas",      991 streamers,"   20,496 espectadores",     46 canales,"  1,847 espectadores",NA
82,The Sims 4,Junio,2016,"    349,027 horas","    11,227 horas","    1,942 streamers","   19,325 espectadores",     46 canales,NA,NA
87,Super Mario 64,Junio,2016,"    322,945 horas","     8,586 horas","    1,082 streamers","   14,336 espectadores",     46 canales,    449 espectadores,    11 canales
84,Super Mario 64,Enero,2020,"  1,138,031 horas","    15,303 horas","    1,791 streamers","  169,684 espectadores",     46 canales,"  1,531 espectadores",    20 canales
90,Tibia,Marzo,2016,"    324,410 horas","    13,938 horas","    1,062 streamers","    2,078 espectadores",     47 canales,NA,NA
48,Warcraft III,Junio,2016,"    879,187 horas","    16,989 horas","    1,272 streamers","   16,571 espectadores",     47 canales,NA,    23 canales
146,MapleStory,Mayo,2017,"    216,734 horas","    15,725 horas","    1,473 streamers","    1,500 espectadores",     47 canales,    291 espectadores,    21 canales
57,Super Mario 64,Julio,2017,"  1,177,213 horas","    15,226 horas","    1,810 streamers","  219,476 espectadores",     47 canales,"  1,584 espectadores",    20 canales
73,Tibia,Mayo,2016,"    382,399 horas","    14,333 horas","    1,131 streamers",NA,     48 canales,    514 espectadores,    19 canales
44,Warcraft III,Agosto,2016,"    940,813 horas","    15,969 horas","    1,160 streamers",NA,     48 canales,"  1,266 espectadores",    21 canales
70,Retro,Agosto,2016,"    455,337 horas","    17,896 horas","    1,247 streamers","    4,374 espectadores",     48 canales,    612 espectadores,    24 canales
49,Warcraft III,Septiembre,2016,"    703,585 horas","    15,832 horas","    1,087 streamers",NA,     48 canales,    978 espectadores,    22 canales
71,Tibia,Septiembre,2016,"    380,296 horas","    15,650 horas","    1,284 streamers","    1,919 espectadores",     48 canales,    528 espectadores,NA
124,MapleStory,Junio,2017,"    267,993 horas","    18,004 horas","    1,654 streamers","    1,419 espectadores",     48 canales,NA,    25 canales
79,RimWorld,Julio,2017,"    672,486 horas","    18,898 horas","    2,030 streamers","    7,240 espectadores",     48 canales,    905 espectadores,    25 canales
98,Super Mario 64,Agosto,2019,"    667,912 horas","    15,861 horas","    1,861 streamers","   23,076 espectadores",     48 canales,    898 espectadores,NA
81,Clash Royale,Enero,2020,"  1,169,765 horas","    14,253 horas","    2,644 streamers","   34,472 espectadores",     48 canales,"  1,574 espectadores",    19 canales
52,Warcraft III,Diciembre,2016,"  1,085,827 horas","    19,475 horas",      408 streamers,"   21,581 espectadores",     49 canales,"  1,461 espectadores",    26 canales
42,Magic: The Gathering,Enero,2017,"  1,831,068 horas","    13,812 horas","    1,159 streamers","   21,464 espectadores",     49 canales,"  2,464 espectadores",NA
99,RimWorld,Febrero,2017,"    397,772 horas","    17,033 horas","    1,667 streamers","    8,646 espectadores",     49 canales,    592 espectadores,NA
46,Clash Royale,Diciembre,2017,"  1,549,831 horas","    14,910 horas","    2,518 streamers","   74,923 espectadores",     49 canales,NA,    20 canales
156,Super Mario 64,Enero,2018,"    285,287 horas","    13,941 horas","    1,769 streamers","    9,278 espectadores",     49 canales,    383 espectadores,    18 canales
105,Super Mario 64,Abril,2018,"    531,157 horas","    15,388 horas","    1,915 streamers","    9,634 espectadores",     49 canales,NA,    21 canales
29,Magic: The Gathering,Enero,2016,"  2,187,509 horas","    13,939 horas","    1,015 streamers","   21,482 espectadores",     50 canales,"  2,944 espectadores",    18 canales
74,Tibia,Febrero,2016,"    429,368 horas","    14,907 horas","    1,158 streamers","    3,775 espectadores",     50 canales,    617 espectadores,    21 canales
34,Magic: The Gathering,Mayo,2016,"  1,749,555 horas","    14,516 horas",      959 streamers,"   18,101 espectadores",     50 canales,"  2,354 espectadores",    19 canales
53,Warcraft III,Octubre,2016,"    800,116 horas","    16,943 horas","    1,030 streamers","   10,016 espectadores",     50 canales,"  1,076 espectadores",    22 canales
68,Tibia,Octubre,2016,"    503,982 horas","    17,877 horas","    1,349 streamers",NA,     50 canales,    678 espectadores,    24 canales
91,RimWorld,Junio,2017,"    439,216 horas","    17,767 horas","    1,998 streamers","   16,299 espectadores",     50 canales,    610 espectadores,    24 canales
165,MapleStory,Octubre,2017,"    218,041 horas","    18,337 horas","    1,504 streamers","    2,826 espectadores",     50 canales,    293 espectadores,    24 canales
81,Super Mario 64,Febrero,2020,"  1,030,422 horas","    15,853 horas","    1,904 streamers",NA,     50 canales,"  1,482 espectadores",    22 canales
81,Tibia,Enero,2016,"    441,300 horas","    15,929 horas","    1,289 streamers","    4,829 espectadores",     51 canales,    593 espectadores,    21 canales
68,Dungeons & Dragons,Marzo,2016,"    522,169 horas","     8,143 horas",      839 streamers,"   20,871 espectadores",     51 canales,    702 espectadores,    10 canales
47,Clash Royale,Agosto,2016,"    832,936 horas","    16,131 horas","    2,756 streamers","    6,122 espectadores",     51 canales,"  1,121 espectadores",    21 canales
142,Clash Royale,Agosto,2024,"  1,071,973 horas","    18,248 horas","    8,831 streamers","    9,911 espectadores",     51 canales,"  1,442 espectadores",    24 canales
66,Dungeons & Dragons,Febrero,2016,"    531,034 horas","     8,032 horas",      842 streamers,"   20,772 espectadores",     52 canales,    764 espectadores,NA
117,7 Days to Die,Abril,2016,"    212,199 horas","    15,614 horas","    1,439 streamers","    3,993 espectadores",     52 canales,    295 espectadores,    21 canales
53,Warcraft III,Julio,2016,"    754,280 horas","    17,565 horas","    1,194 streamers","    6,048 espectadores",     52 canales,"  1,015 espectadores",NA
86,The Sims 4,Noviembre,2016,"    462,928 horas","    13,669 horas","    2,372 streamers","   13,953 espectadores",     52 canales,    643 espectadores,    19 canales
51,Dungeons & Dragons,Junio,2016,"    703,257 horas","     8,747 horas",      925 streamers,"   26,583 espectadores",     53 canales,    978 espectadores,NA
54,Warcraft III,Noviembre,2016,"    802,697 horas","    16,742 horas","    1,050 streamers",NA,     53 canales,"  1,116 espectadores",NA
84,Retro,Diciembre,2016,"    524,743 horas","    21,898 horas",      590 streamers,"    3,142 espectadores",     53 canales,    706 espectadores,    29 canales
114,MapleStory,Enero,2017,"    424,077 horas","    21,518 horas","    1,772 streamers","    4,611 espectadores",     53 canales,    570 espectadores,NA
97,MapleStory,Marzo,2017,"    340,281 horas","    18,448 horas","    1,309 streamers",NA,     53 canales,    457 espectadores,    24 canales
152,MapleStory,Noviembre,2017,"    236,708 horas","    17,976 horas","    1,592 streamers","    3,428 espectadores",     53 canales,    329 espectadores,    25 canales
144,RimWorld,Mayo,2018,"    359,256 horas","    17,694 horas","    1,970 streamers","    4,141 espectadores",     53 canales,    483 espectadores,    23 canales
163,Warcraft III,Mayo,2024,"    868,095 horas","    17,069 horas","    1,238 streamers","    6,497 espectadores",     53 canales,"  1,168 espectadores",    22 canales
129,Clash Royale,Julio,2024,"  1,029,918 horas","    18,743 horas","    9,200 streamers","    7,863 espectadores",     53 canales,"  1,386 espectadores",    25 canales
74,Dungeons & Dragons,Enero,2016,"    495,929 horas","     7,820 horas",      767 streamers,"   20,239 espectadores",     54 canales,    667 espectadores,    10 canales
29,Magic: The Gathering,Febrero,2016,"  2,389,863 horas","    14,983 horas","    1,099 streamers","   42,656 espectadores",     54 canales,NA,NA
54,Warcraft III,Mayo,2017,"    927,665 horas","    19,766 horas","    1,273 streamers","   17,141 espectadores",     54 canales,"  1,248 espectadores",    26 canales
74,Super Mario 64,Octubre,2017,"    723,815 horas","    13,950 horas","    1,720 streamers","    7,435 espectadores",     54 canales,    974 espectadores,    18 canales
103,RimWorld,Febrero,2018,"    470,768 horas","    16,938 horas","    1,907 streamers","    5,295 espectadores",     54 canales,    701 espectadores,    25 canales
76,Clash Royale,Marzo,2018,"    847,845 horas","    15,761 horas","    2,608 streamers","   19,491 espectadores",     54 canales,"  1,141 espectadores",    21 canales
122,Super Mario 64,Julio,2019,"    505,241 horas","    16,372 horas","    1,913 streamers","   28,244 espectadores",     54 canales,    680 espectadores,NA
40,Warcraft III,Marzo,2016,"  1,445,333 horas","    18,158 horas","    1,219 streamers","   41,269 espectadores",     55 canales,"  1,945 espectadores",    24 canales
50,Warcraft III,Mayo,2016,"    890,484 horas","    17,219 horas","    1,208 streamers","   11,151 espectadores",     55 canales,"  1,198 espectadores",NA
64,Retro,Octubre,2016,"    555,806 horas","    20,721 horas","    1,470 streamers","    4,975 espectadores",     55 canales,    748 espectadores,    27 canales
93,MapleStory,Febrero,2017,"    475,032 horas","    18,601 horas","    1,481 streamers","   13,117 espectadores",     55 canales,    707 espectadores,    27 canales
124,The Sims 4,Marzo,2017,"    255,219 horas","    15,944 horas","    2,393 streamers","    4,382 espectadores",     55 canales,    343 espectadores,    21 canales
35,Magic: The Gathering,Octubre,2017,"  2,376,036 horas","    16,301 horas","    1,248 streamers","   20,395 espectadores",     55 canales,NA,    21 canales
115,RimWorld,Marzo,2018,"    399,038 horas","    17,244 horas","    2,027 streamers","    4,405 espectadores",     55 canales,    537 espectadores,    23 canales
161,Warcraft III,Diciembre,2023,"    880,835 horas","    19,805 horas","    1,458 streamers","    7,465 espectadores",     55 canales,"  1,185 espectadores",    26 canales
151,Warcraft III,Junio,2024,"    843,927 horas","    16,279 horas","    1,184 streamers","   10,794 espectadores",     55 canales,"  1,173 espectadores",NA
28,Magic: The Gathering,Abril,2016,"  2,167,666 horas","    14,775 horas","    1,073 streamers","   27,090 espectadores",     56 canales,"  3,014 espectadores",NA
50,Dungeons & Dragons,Abril,2016,"    819,339 horas","     9,012 horas",      869 streamers,"   25,383 espectadores",     56 canales,"  1,139 espectadores",    12 canales
58,Warcraft III,Abril,2017,"    800,100 horas","    18,962 horas","    1,082 streamers","    7,194 espectadores",     56 canales,NA,    26 canales
135,MapleStory,Julio,2017,"    349,986 horas","    23,121 horas","    1,869 streamers","    1,991 espectadores",     56 canales,    471 espectadores,    31 canales
59,Games + Demos,Marzo,2018,"  1,187,992 horas","    21,627 horas","    3,856 streamers","   21,161 espectadores",     56 canales,NA,NA
119,RimWorld,Abril,2018,"    425,754 horas","    18,994 horas","    2,068 streamers","    5,598 espectadores",     56 canales,    592 espectadores,    26 canales
29,Magic: The Gathering,Febrero,2017,"  2,422,158 horas","    13,445 horas","    1,086 streamers","   32,674 espectadores",     57 canales,NA,    20 canales
50,Warcraft III,Marzo,2017,"  1,084,634 horas","    19,994 horas","    1,193 streamers","   22,479 espectadores",     57 canales,NA,    26 canales
148,The Sims 4,Julio,2017,"    309,906 horas","    20,412 horas","    3,642 streamers","   29,156 espectadores",     57 canales,    417 espectadores,    27 canales
123,The Sims 4,Agosto,2017,"    343,428 horas","    21,550 horas","    3,748 streamers","   14,934 espectadores",     57 canales,    462 espectadores,    29 canales
38,Magic: The Gathering,Noviembre,2017,"  2,181,898 horas","    16,691 horas","    1,255 streamers","   31,768 espectadores",     57 canales,"  3,034 espectadores",    23 canales
66,Warcraft III,Noviembre,2017,"    840,519 horas","    19,980 horas","    1,279 streamers","    9,913 espectadores",     57 canales,"  1,169 espectadores",    27 canales
55,Clash Royale,Enero,2018,"  1,263,488 horas","    16,686 horas","    2,637 streamers","   19,143 espectadores",     57 canales,"  1,700 espectadores",    22 canales
136,Warcraft III,Abril,2024,"  1,202,334 horas","    17,646 horas","    1,387 streamers","   21,955 espectadores",     57 canales,"  1,672 espectadores",    24 canales
192,7 Days to Die,Marzo,2016,"     99,191 horas","     8,504 horas",      932 streamers,"    4,817 espectadores",     58 canales,    133 espectadores,    11 canales
58,Music,Diciembre,2016,"    993,775 horas","    20,256 horas","    1,048 streamers","    6,530 espectadores",     58 canales,"  1,337 espectadores",    27 canales
53,Super Mario 64,Junio,2017,"    987,429 horas","    14,832 horas","    1,656 streamers","   12,810 espectadores",     58 canales,"  1,373 espectadores",    20 canales
38,Clash Royale,Agosto,2017,"  1,581,680 horas","    19,647 horas","    2,687 streamers",NA,     58 canales,"  2,128 espectadores",    26 canales
60,Warcraft III,Octubre,2017,"    925,871 horas","    20,845 horas","    1,294 streamers","   21,490 espectadores",     58 canales,"  1,246 espectadores",    28 canales
66,Warcraft III,Enero,2018,"    921,752 horas","    22,199 horas","    1,483 streamers","   22,088 espectadores",     58 canales,"  1,240 espectadores",    29 canales
77,Super Mario 64,Abril,2019,"  1,056,547 horas","    16,775 horas","    1,934 streamers","   20,127 espectadores",     58 canales,"  1,469 espectadores",    23 canales
47,Music,Noviembre,2016,"  1,030,188 horas","    20,539 horas","    3,628 streamers",NA,     59 canales,"  1,432 espectadores",    28 canales
55,Retro,Noviembre,2016,"    785,485 horas","    22,414 horas","    1,599 streamers",NA,     59 canales,"  1,092 espectadores",    31 canales
60,Music,Enero,2017,"  1,032,997 horas","    20,678 horas","    4,623 streamers","   20,493 espectadores",     59 canales,"  1,390 espectadores",    27 canales
27,Magic: The Gathering,Mayo,2017,"  2,555,549 horas","    17,896 horas","    1,320 streamers","   44,857 espectadores",     59 canales,"  3,439 espectadores",    24 canales
122,The Sims 4,Octubre,2017,"    317,230 horas","    19,888 horas","    3,608 streamers","    5,649 espectadores",     59 canales,NA,    26 canales
147,MapleStory,Febrero,2018,"    245,463 horas","    21,435 horas","    1,766 streamers","    1,978 espectadores",     59 canales,    365 espectadores,    31 canales
164,Warcraft III,Octubre,2023,"    879,590 horas","    20,230 horas","    1,372 streamers","   12,718 espectadores",     59 canales,"  1,183 espectadores",NA
50,Warcraft III,Enero,2017,"  1,380,240 horas","    21,415 horas","    1,515 streamers",NA,     60 canales,"  1,857 espectadores",    28 canales
46,Clash Royale,Septiembre,2017,"  1,129,506 horas","    16,274 horas","    2,252 streamers","   27,064 espectadores",     60 canales,"  1,570 espectadores",    22 canales
83,Super Mario 64,Junio,2019,"  1,028,693 horas","    19,263 horas","    2,241 streamers","   13,638 espectadores",     60 canales,"  1,430 espectadores",    26 canales
124,Clash Royale,Septiembre,2020,"  1,002,597 horas","    18,535 horas","    2,452 streamers","   13,550 espectadores",     60 canales,"  1,394 espectadores",    25 canales
114,Super Mario 64,Noviembre,2023,"  1,520,462 horas","    21,626 horas","    2,589 streamers","   16,192 espectadores",     60 canales,"  2,114 espectadores",    30 canales
45,Music,Octubre,2016,"    952,941 horas","    21,159 horas","    3,989 streamers",NA,     61 canales,"  1,282 espectadores",    28 canales
66,Warcraft III,Junio,2017,"    806,506 horas","    19,272 horas","    1,286 streamers","   18,423 espectadores",     61 canales,"  1,121 espectadores",    26 canales
57,Warcraft III,Agosto,2017,"  1,017,626 horas","    20,185 horas","    1,382 streamers","   19,990 espectadores",     61 canales,"  1,369 espectadores",    27 canales
100,RimWorld,Enero,2018,"    550,476 horas","    23,145 horas","    2,475 streamers","    7,139 espectadores",     61 canales,    740 espectadores,    31 canales
61,Games + Demos,Junio,2018,"  1,321,248 horas","    22,370 horas","    4,373 streamers","   25,818 espectadores",     61 canales,"  1,837 espectadores",    31 canales
131,RimWorld,Julio,2019,"    468,535 horas","    22,706 horas","    2,276 streamers","    3,706 espectadores",     61 canales,    630 espectadores,NA
109,RimWorld,Noviembre,2019,"    630,778 horas","    22,109 horas","    2,106 streamers","   14,482 espectadores",     61 canales,    877 espectadores,    30 canales
73,Tibia,Noviembre,2016,"    564,623 horas","    20,166 horas","    1,376 streamers",NA,     62 canales,    785 espectadores,    28 canales
66,RimWorld,Diciembre,2016,"    789,596 horas","    15,643 horas",      303 streamers,NA,     62 canales,"  1,062 espectadores",    21 canales
73,Tibia,Enero,2017,"    756,429 horas","    21,355 horas","    1,656 streamers","    3,412 espectadores",     62 canales,"  1,018 espectadores",    28 canales
32,Magic: The Gathering,Julio,2017,"  2,252,486 horas","    17,348 horas","    1,381 streamers","   21,654 espectadores",     62 canales,"  3,031 espectadores",NA
41,Warcraft III,Septiembre,2017,"  1,310,293 horas","    21,240 horas","    1,385 streamers","   21,011 espectadores",     62 canales,"  1,822 espectadores",    29 canales
50,Clash Royale,Octubre,2017,"  1,194,041 horas","    14,357 horas","    2,180 streamers","   22,927 espectadores",     62 canales,"  1,607 espectadores",    19 canales
137,MapleStory,Enero,2018,"    334,342 horas","    24,723 horas","    2,053 streamers","    8,896 espectadores",     62 canales,    449 espectadores,    33 canales
100,Clash Royale,Octubre,2020,"  1,386,899 horas","    20,831 horas","    2,625 streamers","   22,094 espectadores",     62 canales,"  1,866 espectadores",    28 canales
116,Warcraft III,Diciembre,2022,"  1,178,683 horas","    21,518 horas","    1,520 streamers",NA,     62 canales,"  1,586 espectadores",    28 canales
154,Warcraft III,Noviembre,2023,"    963,182 horas","    19,071 horas","    1,427 streamers","   18,135 espectadores",     62 canales,"  1,339 espectadores",    26 canales
153,Warcraft III,Febrero,2024,"    954,934 horas","    18,631 horas","    1,466 streamers","   20,575 espectadores",     62 canales,"  1,374 espectadores",    26 canales
114,Warcraft III,Agosto,2024,"  1,651,445 horas","    19,621 horas","    1,416 streamers","   50,452 espectadores",     62 canales,"  2,222 espectadores",    26 canales
69,Tibia,Diciembre,2016,"    750,316 horas","    21,674 horas",      565 streamers,NA,     63 canales,"  1,009 espectadores",    29 canales
47,Warcraft III,Febrero,2017,"  1,077,407 horas","    19,909 horas","    1,332 streamers",NA,     63 canales,"  1,605 espectadores",    29 canales
93,The Sims 4,Septiembre,2017,"    436,162 horas","    20,573 horas","    3,776 streamers","   13,625 espectadores",     63 canales,    606 espectadores,    28 canales
141,MapleStory,Abril,2018,"    344,292 horas","    21,539 horas","    1,969 streamers","    3,299 espectadores",     63 canales,    478 espectadores,    29 canales
116,RimWorld,Agosto,2019,"    522,176 horas","    24,367 horas","    2,584 streamers",NA,     63 canales,    702 espectadores,    32 canales
115,RimWorld,Septiembre,2019,"    513,397 horas","    21,579 horas","    2,169 streamers","    7,926 espectadores",     63 canales,    714 espectadores,    30 canales
105,Warcraft III,Enero,2023,"  1,363,466 horas","    23,804 horas","    1,724 streamers","   17,401 espectadores",     63 canales,"  1,835 espectadores",NA
156,Warcraft III,Septiembre,2023,"    821,182 horas","    19,967 horas","    1,404 streamers","   11,885 espectadores",     63 canales,"  1,142 espectadores",    27 canales
93,Clash Royale,Septiembre,2024,"  2,042,113 horas","    18,731 horas","    8,991 streamers","  216,554 espectadores",     63 canales,"  2,840 espectadores",    26 canales
48,Clash Royale,Marzo,2016,"  1,073,082 horas","    18,817 horas","    2,806 streamers","   52,334 espectadores",     64 canales,"  1,444 espectadores",    25 canales
118,MapleStory,Diciembre,2016,"    326,260 horas","    19,054 horas",      631 streamers,NA,     64 canales,    439 espectadores,NA
102,Retro,Enero,2017,"    493,602 horas","    24,445 horas","    1,852 streamers","    3,421 espectadores",     64 canales,    664 espectadores,    32 canales
133,The Sims 4,Mayo,2017,"    248,257 horas","    15,395 horas","    2,857 streamers","    6,014 espectadores",     64 canales,    334 espectadores,    20 canales
110,The Sims 4,Junio,2017,"    321,298 horas","    18,869 horas","    3,376 streamers","    4,595 espectadores",     64 canales,    446 espectadores,    26 canales
39,Magic: The Gathering,Septiembre,2017,"  1,577,830 horas","    15,428 horas","    1,225 streamers","   23,187 espectadores",     64 canales,"  2,194 espectadores",    21 canales
45,Magic: The Gathering,Diciembre,2017,"  1,790,855 horas","    16,897 horas","    1,306 streamers","   17,794 espectadores",     64 canales,"  2,410 espectadores",    22 canales
52,Warcraft III,Febrero,2018,"  1,056,943 horas","    21,487 horas","    1,500 streamers","   22,600 espectadores",     64 canales,"  1,575 espectadores",    32 canales
92,RimWorld,Mayo,2019,"    844,765 horas","    25,607 horas","    2,616 streamers","    4,807 espectadores",     64 canales,"  1,136 espectadores",    34 canales
136,Clash Royale,Mayo,2023,"  1,133,455 horas","    21,202 horas","   11,559 streamers","   17,708 espectadores",     64 canales,"  1,525 espectadores",    28 canales
162,Warcraft III,Agosto,2023,"    859,932 horas","    21,959 horas","    1,422 streamers","    7,709 espectadores",     64 canales,"  1,157 espectadores",NA
130,Clash Royale,Junio,2024,"  1,063,582 horas","    19,700 horas","   10,048 streamers","    8,641 espectadores",     64 canales,NA,    27 canales
87,World of Warships,Marzo,2016,"    350,920 horas","    24,420 horas","    2,715 streamers","    3,446 espectadores",     65 canales,    472 espectadores,    32 canales
41,Dungeons & Dragons,Septiembre,2016,"    951,761 horas","    10,518 horas","    1,090 streamers","   31,732 espectadores",     65 canales,"  1,323 espectadores",NA
77,Retro,Septiembre,2016,"    341,476 horas","    19,492 horas","    1,440 streamers","    7,001 espectadores",     65 canales,    474 espectadores,    27 canales
90,The Sims 4,Febrero,2017,"    491,653 horas","    18,107 horas","    3,094 streamers",NA,     65 canales,    732 espectadores,    26 canales
29,Magic: The Gathering,Febrero,2018,"  3,016,975 horas","    19,692 horas","    1,575 streamers",NA,     65 canales,"  4,496 espectadores",    29 canales
47,Games + Demos,Mayo,2018,"  1,763,180 horas","    23,871 horas","    4,323 streamers","   24,684 espectadores",     65 canales,"  2,373 espectadores",    32 canales
132,RimWorld,Octubre,2019,"    484,140 horas","    22,349 horas","    2,208 streamers","    5,068 espectadores",     65 canales,    651 espectadores,NA
101,StarCraft II,Agosto,2024,"  1,914,890 horas","    26,782 horas","    2,291 streamers","   45,969 espectadores",     65 canales,"  2,577 espectadores",    36 canales
38,Music,Agosto,2016,"  1,240,042 horas","    25,272 horas","    4,419 streamers","   11,371 espectadores",     66 canales,"  1,668 espectadores",    34 canales
176,MapleStory,Marzo,2018,"    230,888 horas","    19,604 horas","    1,687 streamers",NA,     66 canales,    310 espectadores,    26 canales
139,RimWorld,Diciembre,2019,"    505,096 horas","    19,954 horas","    2,061 streamers","    5,524 espectadores",     66 canales,    679 espectadores,    26 canales
86,World of Warships,Julio,2016,"    388,739 horas","    24,413 horas","    2,878 streamers","    1,897 espectadores",     67 canales,    523 espectadores,    32 canales
33,Magic: The Gathering,Junio,2017,"  2,073,101 horas","    17,027 horas","    1,314 streamers","   21,442 espectadores",     67 canales,NA,    23 canales
92,RimWorld,Septiembre,2018,"    646,870 horas","    25,674 horas","    2,545 streamers","    9,591 espectadores",     67 canales,    899 espectadores,    35 canales
79,Clash Royale,Marzo,2020,"  1,355,826 horas","    18,261 horas","    2,597 streamers","   20,739 espectadores",     67 canales,"  1,824 espectadores",    24 canales
101,Super Mario 64,Octubre,2023,"  1,905,510 horas","    24,158 horas","    2,928 streamers","   12,137 espectadores",     67 canales,"  2,564 espectadores",    32 canales
38,Clash Royale,Junio,2016,"  1,227,173 horas","    23,368 horas","    3,773 streamers","    6,294 espectadores",     68 canales,"  1,706 espectadores",NA
113,RimWorld,Junio,2019,"    623,529 horas","    23,121 horas","    2,492 streamers","    7,326 espectadores",     68 canales,    867 espectadores,NA
95,Clash Royale,Abril,2020,"  1,293,866 horas","    23,509 horas","    2,545 streamers","   21,677 espectadores",     68 canales,"  1,799 espectadores",    32 canales
97,Warcraft III,Noviembre,2022,"  1,569,831 horas","    22,962 horas","    1,527 streamers","   14,527 espectadores",     68 canales,"  2,183 espectadores",    31 canales
90,Super Mario 64,Septiembre,2024,"  2,152,956 horas","    25,553 horas","    3,235 streamers","   18,221 espectadores",     68 canales,"  2,994 espectadores",    35 canales
33,Warcraft III,Abril,2016,"  1,642,346 horas","    19,767 horas","    1,311 streamers","   26,269 espectadores",     69 canales,"  2,284 espectadores",    27 canales
55,Warcraft III,Julio,2017,"  1,201,630 horas","    22,499 horas","    1,408 streamers",NA,     69 canales,"  1,617 espectadores",NA
70,Tibia,Agosto,2017,"    795,427 horas","    25,908 horas","    1,859 streamers","    3,652 espectadores",     69 canales,"  1,070 espectadores",    34 canales
99,Clash Royale,Agosto,2020,"  1,325,013 horas","    22,083 horas","    2,649 streamers","   19,487 espectadores",     69 canales,"  1,783 espectadores",    29 canales
141,Warcraft III,Junio,2023,"    819,662 horas","    22,172 horas","    1,515 streamers","    6,206 espectadores",     69 canales,"  1,140 espectadores",    30 canales
115,Clash Royale,Agosto,2023,"  1,428,076 horas","    25,441 horas","   14,244 streamers",NA,     69 canales,"  1,922 espectadores",    34 canales
101,The Elder Scrolls Online,Diciembre,2016,"    415,418 horas","    25,153 horas","    1,407 streamers","    2,104 espectadores",     70 canales,    559 espectadores,    33 canales
48,Warcraft III,Mayo,2018,"  1,740,278 horas","    28,475 horas","    1,898 streamers","   38,924 espectadores",     70 canales,"  2,342 espectadores",    38 canales
106,RimWorld,Agosto,2018,"    596,928 horas","    23,418 horas","    2,468 streamers","    9,567 espectadores",     70 canales,    803 espectadores,NA
94,RimWorld,Diciembre,2018,"    772,425 horas","    25,543 horas","    2,662 streamers","   10,671 espectadores",     70 canales,NA,    34 canales
99,RimWorld,Abril,2019,"    754,214 horas","    25,970 horas","    2,634 streamers","   10,387 espectadores",     70 canales,NA,NA
133,RimWorld,Enero,2020,"    625,158 horas","    25,740 horas","    2,416 streamers","    4,552 espectadores",     70 canales,    841 espectadores,    34 canales
137,Warcraft III,Septiembre,2022,"  1,195,453 horas","    24,717 horas","    1,723 streamers","   22,024 espectadores",     70 canales,"  1,662 espectadores",    34 canales
81,Clash Royale,Febrero,2023,"  2,055,349 horas","    23,396 horas","   13,210 streamers",NA,     70 canales,NA,    34 canales
133,Warcraft III,Julio,2023,"  1,157,206 horas","    23,747 horas","    1,633 streamers",NA,     70 canales,"  1,557 espectadores",    31 canales
42,Music,Julio,2016,"  1,207,021 horas","    27,308 horas","    4,642 streamers","    8,486 espectadores",     71 canales,"  1,624 espectadores",NA
38,Clash Royale,Septiembre,2016,"  1,066,259 horas","    18,303 horas","    3,711 streamers","   17,861 espectadores",     71 canales,"  1,482 espectadores",    25 canales
52,Dungeons & Dragons,Octubre,2016,"    804,960 horas","    12,197 horas","    1,229 streamers","   28,497 espectadores",     71 canales,NA,    16 canales
45,Warcraft III,Septiembre,2018,"  1,723,213 horas","    26,274 horas","    1,651 streamers","   21,165 espectadores",     71 canales,"  2,396 espectadores",NA
121,Clash Royale,Mayo,2020,"  1,136,026 horas","    24,263 horas","    2,671 streamers",NA,     71 canales,"  1,528 espectadores",    32 canales
135,Super Mario 64,Septiembre,2022,"  1,210,967 horas","    24,124 horas","    3,311 streamers","   15,807 espectadores",     71 canales,"  1,684 espectadores",    33 canales
108,Clash Royale,Septiembre,2023,"  1,430,361 horas","    22,846 horas","   12,261 streamers",NA,     71 canales,NA,    31 canales
52,Games + Demos,Agosto,2018,"  1,513,675 horas","    25,836 horas","    4,519 streamers","   27,100 espectadores",     72 canales,"  2,037 espectadores",    34 canales
101,Clash Royale,Julio,2020,"  1,382,195 horas","    24,614 horas","    2,899 streamers","   17,022 espectadores",     72 canales,"  1,860 espectadores",    33 canales
71,Clash Royale,Enero,2023,"  2,620,633 horas","    26,658 horas","   14,380 streamers","   25,629 espectadores",     72 canales,"  3,527 espectadores",    35 canales
125,Warcraft III,Mayo,2023,"  1,263,201 horas","    24,508 horas","    1,595 streamers","   10,613 espectadores",     72 canales,"  1,700 espectadores",    32 canales
41,Music,Junio,2016,"  1,120,865 horas","    25,735 horas","    4,107 streamers","    7,573 espectadores",     73 canales,"  1,558 espectadores",    35 canales
48,Clash Royale,Julio,2017,"  1,397,651 horas","    23,304 horas","    3,301 streamers",NA,     73 canales,"  1,881 espectadores",    31 canales
38,Games + Demos,Febrero,2018,"  1,952,538 horas","    20,937 horas","    3,480 streamers","   25,699 espectadores",     73 canales,"  2,909 espectadores",    31 canales
56,Warcraft III,Marzo,2018,"  1,317,104 horas","    26,654 horas","    1,834 streamers","   30,146 espectadores",     73 canales,"  1,772 espectadores",    35 canales
106,Super Mario 64,Julio,2023,"  1,390,428 horas","    28,150 horas","    3,274 streamers","   12,178 espectadores",     73 canales,"  1,871 espectadores",    37 canales
76,World of Warships,Febrero,2016,"    405,002 horas","    26,471 horas","    3,108 streamers",NA,     74 canales,    582 espectadores,NA
59,Music,Marzo,2017,"    924,669 horas","    27,277 horas","    3,712 streamers","    9,180 espectadores",     74 canales,"  1,244 espectadores",    36 canales
35,Magic: The Gathering,Abril,2017,"  1,820,834 horas","    16,889 horas","    1,097 streamers","   17,783 espectadores",     74 canales,"  2,532 espectadores",NA
98,Super Mario 64,Abril,2020,"  1,253,134 horas","    24,476 horas","    2,425 streamers","   16,503 espectadores",     74 canales,"  1,742 espectadores",    34 canales
120,Warcraft III,Marzo,2022,"  1,255,804 horas","    25,471 horas","    1,739 streamers","   17,423 espectadores",     74 canales,"  1,690 espectadores",NA
146,RimWorld,Agosto,2024,"  1,023,632 horas","    29,350 horas","    2,417 streamers","    9,732 espectadores",     74 canales,"  1,377 espectadores",NA
41,Clash Royale,Abril,2016,"  1,240,824 horas","    23,705 horas","    3,420 streamers","   80,581 espectadores",     75 canales,"  1,725 espectadores",    32 canales
45,Path of Exile,Agosto,2016,"    935,148 horas","    28,848 horas","    2,732 streamers",NA,     75 canales,"  1,258 espectadores",    38 canales
55,Dungeons & Dragons,Diciembre,2016,"  1,029,024 horas","    11,061 horas",      527 streamers,NA,     75 canales,"  1,384 espectadores",    14 canales
76,Retro,Abril,2017,"    541,937 horas","    30,869 horas","    2,021 streamers","    2,933 espectadores",     75 canales,    753 espectadores,    42 canales
38,Warcraft III,Abril,2018,"  1,927,650 horas","    28,133 horas","    1,952 streamers","   17,763 espectadores",     75 canales,"  2,681 espectadores",NA
95,Clash Royale,Diciembre,2020,"  1,661,297 horas","    28,693 horas","    3,757 streamers",NA,     75 canales,"  2,235 espectadores",    38 canales
135,Warcraft III,Diciembre,2021,"  1,153,931 horas","    28,530 horas","    1,370 streamers","   30,881 espectadores",     75 canales,"  1,553 espectadores",    38 canales
104,Warcraft III,Abril,2023,"  1,609,204 horas","    27,746 horas","    1,790 streamers","   18,363 espectadores",     75 canales,"  2,238 espectadores",NA
84,StarCraft II,Junio,2023,"  1,781,703 horas","    30,139 horas","    2,929 streamers","   31,196 espectadores",     75 canales,"  2,478 espectadores",    41 canales
90,Super Mario 64,Septiembre,2023,"  1,926,492 horas","    25,810 horas","    2,974 streamers","   13,809 espectadores",     75 canales,"  2,679 espectadores",    35 canales
193,Heroes of the Storm,Mayo,2024,"    682,699 horas","    27,706 horas","    2,035 streamers","   10,494 espectadores",     75 canales,    918 espectadores,    37 canales
63,World of Warships,Abril,2016,"    579,014 horas","    26,901 horas","    2,855 streamers","   15,376 espectadores",     76 canales,NA,    37 canales
36,Clash Royale,Julio,2016,"  1,495,018 horas","    22,160 horas","    3,660 streamers",NA,     76 canales,"  2,012 espectadores",    29 canales
40,Magic: The Gathering,Enero,2018,"  2,029,944 horas","    21,399 horas","    1,582 streamers","   16,344 espectadores",     76 canales,"  2,732 espectadores",    28 canales
116,Super Mario 64,Marzo,2020,"    818,825 horas","    20,508 horas","    2,278 streamers",NA,     76 canales,NA,NA
175,Heroes of the Storm,Diciembre,2022,"    692,172 horas","    28,747 horas","    2,503 streamers","    6,913 espectadores",     76 canales,    931 espectadores,    38 canales
90,Clash Royale,Junio,2023,"  1,596,088 horas","    24,465 horas","   14,088 streamers","   21,783 espectadores",     76 canales,"  2,219 espectadores",    34 canales
120,Clash Royale,Octubre,2023,"  1,396,307 horas","    24,189 horas","   13,562 streamers","   16,801 espectadores",     76 canales,"  1,879 espectadores",    32 canales
173,Heroes of the Storm,Junio,2024,"    712,832 horas","    26,602 horas","    2,010 streamers","   11,268 espectadores",     76 canales,    991 espectadores,    36 canales
119,StarCraft II,Julio,2024,"  1,221,501 horas","    27,044 horas","    2,178 streamers","    7,511 espectadores",     76 canales,"  1,644 espectadores",    36 canales
160,RimWorld,Julio,2024,"    754,812 horas","    27,425 horas","    2,459 streamers","   10,665 espectadores",     76 canales,"  1,015 espectadores",    36 canales
51,RimWorld,Julio,2016,"    789,127 horas","    15,601 horas","    1,894 streamers","   29,626 espectadores",     77 canales,"  1,062 espectadores",    20 canales
184,RimWorld,Agosto,2023,"    705,696 horas","    28,823 horas","    2,467 streamers","   13,148 espectadores",     77 canales,    949 espectadores,    38 canales
165,RimWorld,Febrero,2024,"    882,639 horas","    25,736 horas","    2,269 streamers",NA,     77 canales,"  1,269 espectadores",    37 canales
166,RimWorld,Septiembre,2024,"    839,988 horas","    25,611 horas","    2,205 streamers","   11,227 espectadores",     77 canales,"  1,168 espectadores",    35 canales
75,World of Warships,Noviembre,2016,"    551,049 horas","    28,219 horas","    2,648 streamers","    5,623 espectadores",     78 canales,    766 espectadores,    39 canales
110,DayZ,Agosto,2017,"    420,480 horas","    24,395 horas","    2,784 streamers","    5,690 espectadores",     78 canales,    565 espectadores,    32 canales
83,Tibia,Octubre,2017,"    622,078 horas","    26,312 horas","    1,814 streamers","    2,832 espectadores",     78 canales,    837 espectadores,    35 canales
119,Warcraft III,Noviembre,2021,"  1,502,457 horas","    26,797 horas","    1,399 streamers","   35,331 espectadores",     78 canales,"  2,089 espectadores",    37 canales
128,Warcraft III,Junio,2022,"  1,286,720 horas","    27,728 horas","    1,860 streamers","   22,054 espectadores",     78 canales,NA,    38 canales
108,Super Mario 64,Julio,2022,"  1,672,039 horas","    28,789 horas","    3,656 streamers","  114,716 espectadores",     78 canales,"  2,250 espectadores",    38 canales
140,Warcraft III,Octubre,2022,"  1,194,451 horas","    24,581 horas","    1,636 streamers","   15,912 espectadores",     78 canales,"  1,607 espectadores",    33 canales
136,RimWorld,Junio,2023,"    862,785 horas","    27,898 horas","    2,505 streamers","    5,818 espectadores",     78 canales,NA,    38 canales
95,StarCraft II,Junio,2024,"  1,702,702 horas","    28,160 horas","    2,384 streamers","   25,270 espectadores",     78 canales,"  2,368 espectadores",    39 canales
171,Heroes of the Storm,Julio,2024,"    692,829 horas","    26,754 horas","    1,830 streamers","   11,413 espectadores",     78 canales,    932 espectadores,    36 canales
63,RimWorld,Julio,2018,"  1,237,458 horas","    26,783 horas","    2,795 streamers","   17,003 espectadores",     79 canales,"  1,665 espectadores",    36 canales
42,Warcraft III,Octubre,2018,"  2,247,939 horas","    28,542 horas","    1,846 streamers","   33,214 espectadores",     79 canales,"  3,025 espectadores",    38 canales
98,RimWorld,Diciembre,2021,"  1,995,827 horas","    31,020 horas","    2,340 streamers",NA,     79 canales,"  2,686 espectadores",NA
104,Clash Royale,Julio,2023,"  1,422,280 horas","    27,949 horas","   16,732 streamers","   54,148 espectadores",     79 canales,"  1,914 espectadores",    37 canales
170,RimWorld,Septiembre,2023,"    727,898 horas","    24,988 horas","    2,200 streamers","    9,038 espectadores",     79 canales,NA,    34 canales
110,StarCraft II,Mayo,2024,"  1,647,716 horas","    28,341 horas","    2,454 streamers","   15,004 espectadores",     79 canales,"  2,217 espectadores",    38 canales
66,World of Warships,Mayo,2016,"    428,026 horas","    27,601 horas","    3,129 streamers",NA,     80 canales,    576 espectadores,    37 canales
83,The Elder Scrolls Online,Octubre,2016,"    370,605 horas","    20,552 horas","    4,275 streamers","    8,507 espectadores",     80 canales,NA,    27 canales
37,Clash Royale,Junio,2017,"  1,587,250 horas","    23,404 horas","    3,525 streamers","   41,262 espectadores",     80 canales,"  2,207 espectadores",    32 canales
88,DayZ,Septiembre,2017,"    475,340 horas","    23,236 horas","    2,604 streamers","    6,616 espectadores",     80 canales,    661 espectadores,    32 canales
55,RimWorld,Noviembre,2017,"  1,087,497 horas","    23,421 horas","    2,361 streamers","   19,095 espectadores",     80 canales,"  1,512 espectadores",NA
91,Tibia,Noviembre,2017,"    607,296 horas","    27,036 horas","    1,944 streamers",NA,     80 canales,    844 espectadores,NA
31,Warcraft III,Julio,2018,"  3,050,820 horas","    31,409 horas","    2,111 streamers",NA,     80 canales,"  4,106 espectadores",    42 canales
122,RimWorld,Febrero,2019,"    510,213 horas","    25,231 horas","    2,760 streamers","    5,573 espectadores",     80 canales,    760 espectadores,    37 canales
107,RimWorld,Marzo,2019,"    659,217 horas","    28,206 horas","    2,792 streamers","    4,717 espectadores",     80 canales,    887 espectadores,NA
61,Warcraft III,Septiembre,2019,"  1,449,627 horas","    27,811 horas","    1,698 streamers","    8,424 espectadores",     80 canales,"  2,016 espectadores",    38 canales
124,Warcraft III,Octubre,2021,"  1,284,239 horas","    30,449 horas","    1,448 streamers","   18,554 espectadores",     80 canales,"  1,728 espectadores",    40 canales
100,RimWorld,Marzo,2022,"  1,580,015 horas","    32,124 horas","    3,031 streamers","   16,610 espectadores",     80 canales,NA,    43 canales
106,Warcraft III,Julio,2022,"  1,729,254 horas","    28,935 horas","    1,948 streamers","   25,682 espectadores",     80 canales,"  2,327 espectadores",    38 canales
109,Super Mario 64,Noviembre,2022,"  1,287,540 horas","    23,982 horas","    3,028 streamers","   14,609 espectadores",     80 canales,"  1,790 espectadores",    33 canales
131,RimWorld,Febrero,2023,"    996,811 horas","    29,163 horas","    2,711 streamers","    8,814 espectadores",     80 canales,NA,    43 canales
103,The Sims 4,Enero,2017,"    489,796 horas","    19,990 horas","    3,677 streamers","    7,511 espectadores",     81 canales,    659 espectadores,NA
141,MapleStory,Septiembre,2018,"    391,253 horas","    28,057 horas","    2,265 streamers","    2,512 espectadores",     81 canales,    544 espectadores,    39 canales
100,Clash Royale,Diciembre,2022,"  1,414,447 horas","    26,661 horas","   13,817 streamers","   22,779 espectadores",     81 canales,"  1,903 espectadores",    35 canales
37,Clash Royale,Octubre,2016,"  1,372,984 horas","    25,486 horas","    5,221 streamers","   41,849 espectadores",     82 canales,"  1,847 espectadores",NA
81,StarCraft II,Octubre,2022,"  2,732,396 horas","    36,231 horas","    3,641 streamers",NA,     82 canales,"  3,677 espectadores",    48 canales
93,StarCraft II,Julio,2023,"  1,706,299 horas","    33,814 horas","    3,049 streamers","   18,120 espectadores",     82 canales,"  2,296 espectadores",    45 canales
101,Super Mario 64,Agosto,2023,"  1,784,476 horas","    27,324 horas","    3,341 streamers","  105,146 espectadores",     82 canales,"  2,401 espectadores",    36 canales
42,Music,Febrero,2016,"  1,594,856 horas","    29,477 horas","    4,640 streamers","    7,473 espectadores",     83 canales,NA,    42 canales
33,Clash Royale,Mayo,2016,"  1,762,950 horas","    28,318 horas","    4,699 streamers",NA,     83 canales,"  2,372 espectadores",NA
28,Clash Royale,Mayo,2017,"  2,352,042 horas","    24,273 horas","    4,428 streamers","   29,644 espectadores",     83 canales,"  3,165 espectadores",    32 canales
168,RimWorld,Octubre,2020,"    717,554 horas","    32,298 horas","    2,359 streamers","    9,066 espectadores",     83 canales,    965 espectadores,    43 canales
143,RimWorld,Noviembre,2021,"  1,124,899 horas","    31,299 horas","    2,372 streamers","   18,133 espectadores",     83 canales,NA,    43 canales
117,Warcraft III,Mayo,2022,"  1,433,256 horas","    28,823 horas","    1,903 streamers","   21,796 espectadores",     83 canales,"  1,929 espectadores",    38 canales
94,Super Mario 64,Enero,2023,"  1,582,674 horas","    27,104 horas","    3,747 streamers","   34,964 espectadores",     83 canales,"  2,130 espectadores",    36 canales
69,Clash Royale,Marzo,2023,"  2,809,686 horas","    26,318 horas","   14,644 streamers","  247,710 espectadores",     83 canales,"  3,781 espectadores",NA
123,RimWorld,Julio,2023,"  1,218,474 horas","    32,305 horas","    2,850 streamers","   12,786 espectadores",     83 canales,"  1,639 espectadores",    43 canales
93,StarCraft II,Septiembre,2023,"  1,799,898 horas","    33,728 horas","    2,843 streamers","   11,959 espectadores",     83 canales,"  2,503 espectadores",    46 canales
38,Music,Abril,2016,"  1,385,974 horas","    29,671 horas","    4,633 streamers","    6,375 espectadores",     84 canales,"  1,927 espectadores",NA
83,Retro,Febrero,2017,"    554,679 horas","    27,680 horas","    2,127 streamers",NA,     84 canales,    826 espectadores,    41 canales
32,Clash Royale,Abril,2017,"  2,273,435 horas","    27,223 horas","    4,107 streamers","   29,908 espectadores",     84 canales,"  3,161 espectadores",    37 canales
57,Games + Demos,Diciembre,2017,"  1,151,173 horas","    14,990 horas","    2,768 streamers","   86,250 espectadores",     84 canales,"  1,549 espectadores",    20 canales
42,Warcraft III,Febrero,2019,"  2,204,941 horas","    32,064 horas","    2,118 streamers","   29,556 espectadores",     84 canales,"  3,286 espectadores",NA
109,RimWorld,Marzo,2023,"  1,460,446 horas","    30,518 horas","    2,850 streamers",NA,     84 canales,"  1,965 espectadores",    41 canales
105,StarCraft II,Octubre,2023,"  1,843,145 horas","    34,145 horas","    2,775 streamers","    9,016 espectadores",     84 canales,"  2,480 espectadores",    45 canales
66,World of Warships,Octubre,2016,"    537,113 horas","    29,464 horas","    2,980 streamers","    3,647 espectadores",     85 canales,    722 espectadores,NA
102,DayZ,Abril,2017,"    355,986 horas","    24,862 horas","    2,463 streamers",NA,     85 canales,    495 espectadores,    34 canales
67,Tibia,Junio,2017,"    767,004 horas","    27,559 horas","    1,854 streamers","   21,317 espectadores",     85 canales,NA,    38 canales
108,The Sims 4,Abril,2018,"    496,251 horas","    29,242 horas","    5,339 streamers",NA,     85 canales,    690 espectadores,    40 canales
124,The Sims 4,Mayo,2018,"    436,366 horas","    27,730 horas","    5,419 streamers","    5,502 espectadores",     85 canales,    587 espectadores,    37 canales
87,Clash Royale,Enero,2021,"  2,068,418 horas","    33,650 horas","    4,413 streamers",NA,     85 canales,"  2,783 espectadores",    45 canales
114,Warcraft III,Agosto,2022,"  1,663,319 horas","    30,368 horas","    2,056 streamers","   25,742 espectadores",     85 canales,"  2,238 espectadores",    40 canales
182,Heroes of the Storm,Septiembre,2023,"    654,911 horas","    30,631 horas","    2,259 streamers","    7,682 espectadores",     85 canales,    910 espectadores,    42 canales
91,StarCraft II,Noviembre,2023,"  2,186,193 horas","    34,057 horas","    2,826 streamers","   26,677 espectadores",     85 canales,"  3,040 espectadores",    47 canales
72,World of Warships,Enero,2016,"    505,245 horas","    29,616 horas","    3,467 streamers","    7,858 espectadores",     86 canales,    680 espectadores,    39 canales
42,Music,Mayo,2016,"  1,286,998 horas","    28,375 horas","    4,561 streamers","    6,066 espectadores",     86 canales,"  1,732 espectadores",    38 canales
39,Clash Royale,Noviembre,2016,"  1,618,865 horas","    26,792 horas","    4,693 streamers","   14,063 espectadores",     86 canales,"  2,251 espectadores",    37 canales
85,DayZ,Julio,2017,"    609,827 horas","    30,802 horas","    3,418 streamers","   11,897 espectadores",     86 canales,    820 espectadores,    41 canales
116,DayZ,Agosto,2018,"    516,528 horas","    28,431 horas","    3,290 streamers","    7,303 espectadores",     86 canales,    695 espectadores,    38 canales
114,Super Mario 64,Julio,2021,"  1,546,374 horas","    32,210 horas","    3,503 streamers","  123,943 espectadores",     86 canales,"  2,081 espectadores",    43 canales
131,RimWorld,Enero,2023,"  1,072,090 horas","    34,950 horas","    3,298 streamers","   10,081 espectadores",     86 canales,"  1,442 espectadores",    47 canales
182,Heroes of the Storm,Junio,2023,"    582,175 horas","    29,306 horas","    2,381 streamers",NA,     86 canales,    809 espectadores,    40 canales
109,RimWorld,Diciembre,2023,"  1,631,921 horas","    30,795 horas","    2,564 streamers","   16,629 espectadores",     86 canales,"  2,196 espectadores",    41 canales
126,Super Mario 64,Diciembre,2023,"  1,301,122 horas","    22,779 horas","    2,759 streamers","   16,990 espectadores",     86 canales,"  1,751 espectadores",    30 canales
80,Tibia,Julio,2017,"    660,448 horas","    29,947 horas","    1,898 streamers","    3,076 espectadores",     87 canales,    888 espectadores,    40 canales
86,DayZ,Octubre,2017,"    559,095 horas","    27,129 horas","    2,783 streamers","    4,821 espectadores",     87 canales,NA,    36 canales
81,Super Mario 64,Abril,2023,"  2,249,271 horas","    32,387 horas","    4,691 streamers","   36,977 espectadores",     87 canales,NA,    45 canales
109,Clash Royale,Enero,2024,"  1,586,865 horas","    32,409 horas","   17,224 streamers",NA,     87 canales,"  2,135 espectadores",    43 canales
33,Music,Enero,2016,"  1,719,354 horas","    31,647 horas","    4,925 streamers","   27,359 espectadores",     88 canales,"  2,314 espectadores",    42 canales
110,DayZ,Febrero,2018,"    400,361 horas","    24,593 horas","    2,534 streamers",NA,     88 canales,    596 espectadores,NA
101,DayZ,Julio,2018,"    718,122 horas","    27,855 horas","    3,606 streamers","   20,344 espectadores",     88 canales,    966 espectadores,    37 canales
42,Warcraft III,Agosto,2018,"  2,369,792 horas","    31,344 horas","    2,077 streamers","   39,861 espectadores",     88 canales,"  3,189 espectadores",    42 canales
115,The Sims 4,Octubre,2018,"    592,846 horas","    34,107 horas","    6,262 streamers",NA,     88 canales,    797 espectadores,    45 canales
51,Games + Demos,Diciembre,2018,"  2,455,892 horas","    33,395 horas","    6,384 streamers","   37,658 espectadores",     88 canales,NA,    44 canales
140,Warcraft III,Julio,2021,"  1,242,937 horas","    33,235 horas","    1,679 streamers","    8,381 espectadores",     88 canales,"  1,672 espectadores",NA
143,Warcraft III,Abril,2022,"  1,115,095 horas","    27,546 horas","    1,934 streamers","   23,883 espectadores",     88 canales,"  1,550 espectadores",    38 canales
141,Super Mario 64,Mayo,2022,"  1,077,453 horas","    28,895 horas","    3,965 streamers","   26,903 espectadores",     88 canales,"  1,450 espectadores",    38 canales
177,Heroes of the Storm,Noviembre,2022,"    698,207 horas","    29,859 horas","    2,641 streamers","   11,397 espectadores",     88 canales,    971 espectadores,    41 canales
186,Heroes of the Storm,Marzo,2023,"    692,163 horas","    31,118 horas","    2,891 streamers","   15,994 espectadores",     88 canales,    931 espectadores,NA
169,RimWorld,Enero,2024,"    840,514 horas","    29,949 horas","    2,580 streamers","   11,667 espectadores",     88 canales,"  1,131 espectadores",    40 canales
109,Super Mario 64,Agosto,2024,"  1,796,106 horas","    27,054 horas","    3,437 streamers","   92,600 espectadores",     88 canales,"  2,417 espectadores",    36 canales
56,World of Warships,Septiembre,2016,"    520,583 horas","    29,390 horas","    3,081 streamers","    2,773 espectadores",     89 canales,    724 espectadores,    40 canales
61,Dungeons & Dragons,Enero,2017,"  1,032,393 horas","    14,381 horas","    1,414 streamers","   34,792 espectadores",     89 canales,NA,    19 canales
52,RimWorld,Diciembre,2017,"  1,319,440 horas","    28,735 horas","    2,882 streamers","   12,379 espectadores",     89 canales,"  1,775 espectadores",    38 canales
44,Games + Demos,Septiembre,2018,"  1,740,157 horas","    26,877 horas","    4,666 streamers","   28,655 espectadores",     89 canales,NA,NA
88,Warcraft III,Enero,2021,"  2,042,572 horas","    38,356 horas","    2,117 streamers",NA,     89 canales,"  2,749 espectadores",    51 canales
99,Warcraft III,Mayo,2021,"  2,175,357 horas","    35,884 horas","    1,984 streamers","   50,648 espectadores",     89 canales,"  2,927 espectadores",    48 canales
80,StarCraft II,Noviembre,2022,"  2,021,636 horas","    33,065 horas","    3,365 streamers","   27,603 espectadores",     89 canales,NA,    45 canales
80,StarCraft II,Enero,2023,"  1,978,297 horas","    37,218 horas","    3,695 streamers","   57,203 espectadores",     89 canales,"  2,662 espectadores",    50 canales
89,RimWorld,Abril,2023,"  1,928,821 horas","    32,439 horas","    2,789 streamers","   19,426 espectadores",     89 canales,NA,    45 canales
103,StarCraft II,Febrero,2024,"  1,943,726 horas","    30,234 horas","    2,734 streamers","   59,494 espectadores",     89 canales,"  2,796 espectadores",    43 canales
126,Super Mario 64,Junio,2024,"  1,171,106 horas","    26,480 horas","    3,418 streamers","   14,467 espectadores",     89 canales,"  1,628 espectadores",NA
38,Clash Royale,Febrero,2017,"  1,623,829 horas","    27,548 horas","    4,832 streamers","   53,613 espectadores",     90 canales,"  2,420 espectadores",    41 canales
64,World of Warships,Abril,2017,"    682,931 horas","    30,875 horas","    2,652 streamers","    7,355 espectadores",     90 canales,    949 espectadores,    42 canales
69,Dungeons & Dragons,Mayo,2017,"    745,228 horas","    16,929 horas","    1,821 streamers","   27,277 espectadores",     90 canales,"  1,002 espectadores",    22 canales
155,The Elder Scrolls Online,Octubre,2017,"    234,573 horas","    30,960 horas","    4,265 streamers","    3,299 espectadores",     90 canales,NA,    41 canales
86,Tibia,Diciembre,2017,"    670,597 horas","    33,767 horas","    2,190 streamers","    3,084 espectadores",     90 canales,    902 espectadores,    45 canales
97,The Sims 4,Enero,2018,"    565,093 horas","    31,388 horas","    6,347 streamers",NA,     90 canales,    760 espectadores,    42 canales
124,RimWorld,Enero,2019,"    627,795 horas","    31,089 horas","    3,156 streamers","    5,895 espectadores",     90 canales,    844 espectadores,    41 canales
160,RimWorld,Junio,2020,"    648,184 horas","    31,267 horas","    2,513 streamers","   15,777 espectadores",     90 canales,    901 espectadores,    43 canales
96,Warcraft III,Septiembre,2021,"  2,026,186 horas","    33,680 horas","    1,816 streamers",NA,     90 canales,"  2,818 espectadores",    46 canales
100,RimWorld,Junio,2022,"  1,676,453 horas","    33,078 horas","    2,924 streamers","   36,333 espectadores",     90 canales,"  2,331 espectadores",    46 canales
187,Heroes of the Storm,Octubre,2022,"    793,725 horas","    32,772 horas","    2,854 streamers","    7,464 espectadores",     90 canales,"  1,068 espectadores",    44 canales
91,StarCraft II,Diciembre,2023,"  2,392,352 horas","    34,850 horas","    2,838 streamers",NA,     90 canales,"  3,219 espectadores",    46 canales
114,Clash Royale,Diciembre,2023,"  1,522,924 horas","    29,270 horas","   16,648 streamers","   15,015 espectadores",     90 canales,"  2,049 espectadores",    39 canales
112,Super Mario 64,Enero,2024,"  1,525,277 horas","    27,740 horas","    3,182 streamers",NA,     90 canales,NA,    37 canales
100,Super Mario 64,Abril,2024,"  1,905,152 horas","    25,467 horas","    3,287 streamers","   46,375 espectadores",     90 canales,"  2,649 espectadores",NA
73,World of Warships,Diciembre,2016,"    663,644 horas","    34,655 horas",      965 streamers,NA,     91 canales,NA,NA
57,Games + Demos,Noviembre,2018,"  1,491,018 horas","    30,024 horas","    5,490 streamers","   27,682 espectadores",     91 canales,"  2,073 espectadores",NA
68,Warcraft III,Julio,2020,"  2,454,701 horas","    36,556 horas","    1,987 streamers","   28,334 espectadores",     91 canales,"  3,303 espectadores",    49 canales
179,RimWorld,Agosto,2020,"    600,629 horas","    33,839 horas","    2,657 streamers","   10,181 espectadores",     91 canales,    808 espectadores,    45 canales
82,Warcraft III,Octubre,2020,"  2,005,531 horas","    31,004 horas","    1,902 streamers","   20,068 espectadores",     91 canales,"  2,699 espectadores",    41 canales
81,Clash Royale,Septiembre,2022,"  2,527,745 horas","    30,094 horas","   17,244 streamers","  133,440 espectadores",     91 canales,"  3,515 espectadores",    41 canales
73,StarCraft II,Marzo,2023,"  2,522,465 horas","    37,155 horas","    3,664 streamers","   75,824 espectadores",     91 canales,"  3,394 espectadores",    50 canales
94,Super Mario 64,Junio,2023,"  1,471,150 horas","    27,714 horas","    3,376 streamers","   69,209 espectadores",     91 canales,"  2,046 espectadores",    38 canales
179,Heroes of the Storm,Febrero,2024,"    759,923 horas","    32,904 horas","    2,479 streamers",NA,     91 canales,"  1,093 espectadores",    47 canales
83,World of Warships,Junio,2017,"    509,244 horas","    30,762 horas","    3,157 streamers","    3,689 espectadores",     92 canales,    708 espectadores,    42 canales
161,The Elder Scrolls Online,Noviembre,2017,"    220,332 horas","    32,735 horas","    4,751 streamers","    1,786 espectadores",     92 canales,    306 espectadores,    45 canales
67,Warcraft III,Noviembre,2020,"  2,645,772 horas","    33,847 horas","    2,127 streamers","   41,560 espectadores",     92 canales,NA,    47 canales
153,RimWorld,Febrero,2022,"    839,082 horas","    29,382 horas","    3,002 streamers",NA,     92 canales,"  1,250 espectadores",    43 canales
78,StarCraft II,Junio,2022,"  2,467,646 horas","    41,185 horas","    4,017 streamers",NA,     92 canales,"  3,432 espectadores",    57 canales
162,Heroes of the Storm,Noviembre,2023,"    907,005 horas","    36,094 horas","    2,913 streamers","   17,699 espectadores",     92 canales,"  1,261 espectadores",    50 canales
184,Heroes of the Storm,Diciembre,2023,"    690,781 horas","    35,549 horas","    2,583 streamers","    4,169 espectadores",     92 canales,    929 espectadores,    47 canales
113,Euro Truck Simulator 2,Marzo,2016,"    221,342 horas","    21,718 horas","    3,424 streamers",NA,     93 canales,    297 espectadores,    29 canales
80,Retro,Marzo,2017,"    488,627 horas","    29,200 horas","    2,027 streamers","    3,274 espectadores",     93 canales,    657 espectadores,    39 canales
136,The Elder Scrolls Online,Agosto,2017,"    297,986 horas","    36,760 horas","    5,410 streamers","    3,565 espectadores",     93 canales,    401 espectadores,    49 canales
113,DayZ,Septiembre,2018,"    504,961 horas","    28,851 horas","    3,245 streamers",NA,     93 canales,    702 espectadores,    40 canales
80,Warcraft III,Agosto,2020,"  1,995,899 horas","    35,537 horas","    2,068 streamers","   30,470 espectadores",     93 canales,"  2,686 espectadores",    47 canales
131,Super Mario 64,Junio,2022,"  1,266,070 horas","    30,832 horas","    3,711 streamers",NA,     93 canales,"  1,760 espectadores",    42 canales
86,StarCraft II,Septiembre,2022,"  2,254,323 horas","    38,424 horas","    3,781 streamers","   37,432 espectadores",     93 canales,"  3,135 espectadores",    53 canales
178,Heroes of the Storm,Enero,2023,"    779,430 horas","    34,096 horas","    2,786 streamers","   21,860 espectadores",     93 canales,"  1,049 espectadores",    45 canales
94,StarCraft II,Abril,2023,"  1,858,345 horas","    38,486 horas","    3,556 streamers","   20,185 espectadores",     93 canales,"  2,584 espectadores",    53 canales
168,Heroes of the Storm,Octubre,2023,"    823,973 horas","    35,062 horas","    2,537 streamers","   25,260 espectadores",     93 canales,"  1,108 espectadores",    47 canales
94,RimWorld,Noviembre,2023,"  2,043,106 horas","    30,111 horas","    2,537 streamers","   16,832 espectadores",     93 canales,"  2,841 espectadores",    41 canales
177,Heroes of the Storm,Enero,2024,"    779,313 horas","    35,129 horas","    2,649 streamers","   21,418 espectadores",     93 canales,"  1,048 espectadores",    47 canales
123,Clash Royale,Febrero,2024,"  1,461,887 horas","    28,626 horas","   14,337 streamers","   17,898 espectadores",     93 canales,NA,    41 canales
116,Euro Truck Simulator 2,Abril,2016,"    213,055 horas","    21,521 horas","    3,151 streamers","    5,318 espectadores",     94 canales,    296 espectadores,    29 canales
50,Dungeons & Dragons,Abril,2017,"    888,233 horas","    17,189 horas","    1,591 streamers","   30,143 espectadores",     94 canales,"  1,235 espectadores",    23 canales
81,World of Warships,Mayo,2017,"    608,554 horas","    33,526 horas","    3,314 streamers","    4,796 espectadores",     94 canales,    819 espectadores,    45 canales
73,Retro,Junio,2017,"    649,763 horas","    39,371 horas","    2,722 streamers","    6,246 espectadores",     94 canales,    903 espectadores,    54 canales
101,Tibia,Enero,2018,"    545,808 horas","    36,924 horas","    2,353 streamers",NA,     94 canales,    734 espectadores,    49 canales
39,Warcraft III,Noviembre,2018,"  3,122,461 horas","    34,066 horas","    2,605 streamers","   33,593 espectadores",     94 canales,"  4,342 espectadores",    47 canales
51,Warcraft III,Junio,2019,"  2,111,091 horas","    35,189 horas","    2,299 streamers","   20,853 espectadores",     94 canales,NA,    48 canales
59,Warcraft III,Agosto,2019,"  1,663,564 horas","    32,984 horas","    2,127 streamers","   23,686 espectadores",     94 canales,"  2,238 espectadores",    44 canales
59,Games + Demos,Septiembre,2019,"  1,526,430 horas","    33,279 horas","    6,405 streamers","   26,413 espectadores",     94 canales,"  2,122 espectadores",NA
92,Clash Royale,Febrero,2021,"  1,789,004 horas","    32,796 horas","    4,318 streamers",NA,     94 canales,"  2,666 espectadores",    48 canales
117,Warcraft III,Febrero,2021,"  1,255,568 horas","    34,422 horas","    2,060 streamers","   19,681 espectadores",     94 canales,"  1,871 espectadores",    51 canales
110,Clash Royale,Marzo,2021,"  1,773,318 horas","    34,798 horas","    4,409 streamers","   22,065 espectadores",     94 canales,"  2,386 espectadores",    46 canales
93,StarCraft II,Abril,2022,"  2,124,883 horas","    40,891 horas","    4,126 streamers","   17,516 espectadores",     94 canales,"  2,955 espectadores",    56 canales
37,Clash Royale,Enero,2017,"  2,089,145 horas","    32,436 horas","    5,877 streamers","   27,037 espectadores",     95 canales,"  2,811 espectadores",    43 canales
53,Music,Abril,2017,"    865,123 horas","    34,495 horas","    3,885 streamers","    5,972 espectadores",     95 canales,"  1,203 espectadores",NA
135,MapleStory,Febrero,2019,"    449,525 horas","    33,755 horas","    2,506 streamers","    3,647 espectadores",     95 canales,    669 espectadores,    50 canales
172,RimWorld,Julio,2020,"    687,723 horas","    34,960 horas","    2,713 streamers","    8,243 espectadores",     95 canales,    925 espectadores,    47 canales
108,Super Mario 64,Diciembre,2020,"  1,408,005 horas","    33,306 horas","    4,132 streamers","   16,075 espectadores",     95 canales,"  1,895 espectadores",    44 canales
132,Warcraft III,Marzo,2021,"  1,421,390 horas","    35,398 horas","    2,026 streamers","    9,431 espectadores",     95 canales,NA,    47 canales
180,Super Mario 64,Mayo,2021,"    907,907 horas","    34,897 horas","    3,861 streamers",NA,     95 canales,NA,    46 canales
186,RimWorld,Septiembre,2022,"    743,061 horas","    32,136 horas","    2,799 streamers","   11,329 espectadores",     95 canales,"  1,033 espectadores",NA
44,Warcraft III,Abril,2019,"  2,261,762 horas","    39,118 horas","    2,627 streamers",NA,     96 canales,"  3,145 espectadores",NA
51,Warcraft III,Mayo,2019,"  2,250,424 horas","    38,825 horas","    2,593 streamers",NA,     96 canales,NA,    52 canales
99,MapleStory,Octubre,2019,"    676,833 horas","    34,613 horas","    2,770 streamers","    8,753 espectadores",     96 canales,    910 espectadores,    46 canales
157,RimWorld,Septiembre,2020,"    727,499 horas","    32,214 horas","    2,512 streamers","    5,498 espectadores",     96 canales,"  1,011 espectadores",    44 canales
149,RimWorld,Noviembre,2020,"    884,181 horas","    35,940 horas","    2,691 streamers","   15,872 espectadores",     96 canales,"  1,229 espectadores",    49 canales
115,Warcraft III,Junio,2021,"  1,506,851 horas","    32,732 horas","    1,771 streamers",NA,     96 canales,NA,NA
69,StarCraft II,Julio,2022,"  3,471,118 horas","    42,885 horas","    4,110 streamers",NA,     96 canales,"  4,671 espectadores",    57 canales
91,StarCraft II,Agosto,2023,"  2,209,219 horas","    34,641 horas","    3,041 streamers","   50,406 espectadores",     96 canales,"  2,973 espectadores",    46 canales
51,Dungeons & Dragons,Junio,2017,"  1,100,845 horas","    20,489 horas","    1,814 streamers","   37,554 espectadores",     97 canales,"  1,531 espectadores",    28 canales
83,DayZ,Marzo,2018,"    728,443 horas","    30,708 horas","    2,946 streamers","   35,848 espectadores",     97 canales,    980 espectadores,NA
142,Super Mario 64,Agosto,2020,"    882,949 horas","    30,920 horas","    3,493 streamers","   95,607 espectadores",     97 canales,NA,    41 canales
123,RimWorld,Mayo,2022,"  1,366,068 horas","    36,079 horas","    3,150 streamers","   12,541 espectadores",     97 canales,"  1,838 espectadores",    48 canales
184,Heroes of the Storm,Septiembre,2022,"    747,365 horas","    35,310 horas","    3,029 streamers","    5,517 espectadores",     97 canales,"  1,039 espectadores",    49 canales
68,World of Warships,Enero,2017,"    831,995 horas","    38,119 horas","    3,596 streamers",NA,     98 canales,"  1,119 espectadores",NA
65,DayZ,Noviembre,2017,"    848,697 horas","    29,391 horas","    2,859 streamers","    7,499 espectadores",     98 canales,"  1,180 espectadores",    40 canales
91,The Sims 4,Septiembre,2018,"    656,811 horas","    33,137 horas","    6,562 streamers","    8,116 espectadores",     98 canales,    913 espectadores,    46 canales
44,Games + Demos,Octubre,2018,"  1,931,033 horas","    33,584 horas","    5,926 streamers",NA,     98 canales,NA,NA
42,Warcraft III,Diciembre,2018,"  3,035,549 horas","    39,327 horas","    2,601 streamers","   38,170 espectadores",     98 canales,"  4,085 espectadores",    52 canales
41,Games + Demos,Julio,2019,"  2,881,803 horas","    38,020 horas","    7,082 streamers",NA,     98 canales,"  3,878 espectadores",    51 canales
79,Clash Royale,Abril,2021,"  2,813,950 horas","    38,066 horas","    5,036 streamers","   56,309 espectadores",     98 canales,"  3,913 espectadores",    52 canales
111,RimWorld,Junio,2021,"  1,545,679 horas","    35,606 horas","    2,811 streamers","   10,940 espectadores",     98 canales,"  2,149 espectadores",    49 canales
175,Heroes of the Storm,Mayo,2023,"    735,414 horas","    35,294 horas","    2,741 streamers","    4,444 espectadores",     98 canales,    989 espectadores,NA
97,Clash Royale,Noviembre,2023,"  1,937,083 horas","    28,964 horas","   16,291 streamers","   58,996 espectadores",     98 canales,NA,    40 canales
121,Super Mario 64,Febrero,2024,"  1,577,961 horas","    27,227 horas","    3,204 streamers","   13,129 espectadores",     98 canales,"  2,270 espectadores",    39 canales
194,Path of Exile,Junio,2024,"    581,760 horas","    35,148 horas","    2,590 streamers","    9,093 espectadores",     98 canales,    809 espectadores,NA
132,MapleStory,Mayo,2019,"    535,281 horas","    36,774 horas","    2,853 streamers","    5,469 espectadores",     99 canales,    720 espectadores,    49 canales
153,RimWorld,Diciembre,2020,"    876,688 horas","    35,331 horas","    2,771 streamers","    6,435 espectadores",     99 canales,NA,    47 canales
99,StarCraft II,Diciembre,2021,"  1,969,769 horas","    41,531 horas","    2,926 streamers",NA,     99 canales,"  2,651 espectadores",    55 canales
76,StarCraft II,Mayo,2022,"  2,488,254 horas","    40,352 horas","    4,026 streamers",NA,     99 canales,NA,    54 canales
174,Heroes of the Storm,Febrero,2023,"    641,743 horas","    30,604 horas","    2,673 streamers",NA,     99 canales,    956 espectadores,    45 canales
170,Heroes of the Storm,Abril,2023,"    832,090 horas","    34,662 horas","    2,964 streamers","    5,239 espectadores",     99 canales,"  1,157 espectadores",NA
111,Euro Truck Simulator 2,Febrero,2016,"    229,471 horas","    23,108 horas","    4,726 streamers","    5,815 espectadores",    100 canales,    330 espectadores,    33 canales
88,Euro Truck Simulator 2,Agosto,2016,"    333,139 horas","    29,291 horas","    4,052 streamers","   28,765 espectadores",    100 canales,NA,    39 canales
81,World of Warships,Septiembre,2017,"    570,037 horas","    35,907 horas","    3,359 streamers","    5,361 espectadores",    100 canales,    792 espectadores,    49 canales
105,The Sims 4,Marzo,2018,"    460,048 horas","    32,136 horas","    6,323 streamers","    4,891 espectadores",    100 canales,    619 espectadores,NA
45,Games + Demos,Agosto,2019,"  2,656,203 horas","    40,041 horas","    7,341 streamers","   27,833 espectadores",    100 canales,NA,NA
175,RimWorld,Mayo,2020,"    685,037 horas","    35,499 horas","    2,670 streamers","    7,522 espectadores",    100 canales,    921 espectadores,    47 canales
77,StarCraft II,Noviembre,2021,"  2,817,782 horas","    42,758 horas","    3,012 streamers","   29,898 espectadores",    100 canales,"  3,919 espectadores",NA
72,StarCraft II,Febrero,2022,"  3,216,040 horas","    38,637 horas","    3,970 streamers","   50,271 espectadores",    100 canales,"  4,792 espectadores",    57 canales
21,Poker,Agosto,2016,"  2,671,385 horas","    31,160 horas","    2,061 streamers",NA,    101 canales,"  3,595 espectadores",    41 canales
40,Path of Exile,Noviembre,2016,"  1,492,804 horas","    40,531 horas","    3,306 streamers","    9,905 espectadores",    101 canales,NA,    56 canales
64,Retro,Agosto,2017,"    863,016 horas","    40,869 horas","    2,879 streamers","   16,517 espectadores",    101 canales,"  1,161 espectadores",NA
67,Retro,Octubre,2017,"    797,954 horas","    43,968 horas","    3,303 streamers","   11,167 espectadores",    101 canales,"  1,073 espectadores",    59 canales
42,Warcraft III,Enero,2019,"  2,721,265 horas","    41,324 horas","    2,678 streamers","   25,123 espectadores",    101 canales,NA,NA
38,Warcraft III,Marzo,2019,"  3,100,317 horas","    42,680 horas","    2,762 streamers","   38,299 espectadores",    101 canales,"  4,172 espectadores",    57 canales
153,RimWorld,Mayo,2021,"  1,085,780 horas","    37,834 horas","    2,758 streamers","   11,494 espectadores",    101 canales,"  1,461 espectadores",    50 canales
53,StarCraft II,Octubre,2021,"  4,271,515 horas","    47,411 horas","    3,312 streamers","   30,494 espectadores",    101 canales,"  5,749 espectadores",    63 canales
90,Super Mario 64,Octubre,2021,"  2,081,921 horas","    34,705 horas","    3,524 streamers","   48,491 espectadores",    101 canales,"  2,802 espectadores",    46 canales
68,Super Mario 64,Noviembre,2021,"  3,156,787 horas","    35,310 horas","    3,612 streamers",NA,    101 canales,"  4,390 espectadores",    49 canales
77,StarCraft II,Diciembre,2022,"  2,385,058 horas","    35,527 horas","    3,398 streamers",NA,    101 canales,"  3,210 espectadores",    47 canales
63,StarCraft II,Febrero,2023,"  3,188,168 horas","    35,905 horas","    3,584 streamers",NA,    101 canales,"  4,751 espectadores",    53 canales
100,Euro Truck Simulator 2,Mayo,2016,"    250,121 horas","    26,229 horas","    3,758 streamers",NA,    102 canales,    336 espectadores,    35 canales
128,Warframe,Octubre,2016,"    229,826 horas","    39,588 horas","    7,097 streamers",NA,    102 canales,    309 espectadores,NA
55,Music,Mayo,2017,"    910,926 horas","    48,699 horas","    5,069 streamers","    7,306 espectadores",    102 canales,"  1,226 espectadores",NA
72,Dungeons & Dragons,Agosto,2017,"    790,141 horas","    23,035 horas","    1,908 streamers","   23,427 espectadores",    102 canales,"  1,063 espectadores",    31 canales
89,World of Warships,Octubre,2017,"    536,196 horas","    34,276 horas","    3,348 streamers","    6,745 espectadores",    102 canales,    721 espectadores,    46 canales
76,DayZ,Diciembre,2017,"    719,500 horas","    30,259 horas","    3,012 streamers","    5,676 espectadores",    102 canales,    968 espectadores,    40 canales
54,Games + Demos,Diciembre,2019,"  2,123,111 horas","    39,596 horas","    7,016 streamers","   38,206 espectadores",    102 canales,"  2,857 espectadores",    53 canales
143,RimWorld,Octubre,2021,"    981,726 horas","    33,853 horas","    2,447 streamers","   11,545 espectadores",    102 canales,"  1,321 espectadores",    45 canales
32,Poker,Junio,2017,"  2,222,708 horas","    31,398 horas","    2,138 streamers","   18,518 espectadores",    103 canales,NA,    43 canales
98,World of Warships,Agosto,2017,"    532,606 horas","    32,452 horas","    3,163 streamers","    8,295 espectadores",    103 canales,    716 espectadores,    43 canales
99,World of Warships,Noviembre,2017,"    509,129 horas","    34,008 horas","    3,566 streamers","    3,424 espectadores",    103 canales,    708 espectadores,    47 canales
81,DayZ,Enero,2018,"    724,011 horas","    29,403 horas","    3,044 streamers","   36,056 espectadores",    103 canales,NA,    39 canales
90,Warcraft III,Septiembre,2020,"  1,545,550 horas","    32,241 horas","    1,944 streamers","   19,189 espectadores",    103 canales,NA,    44 canales
146,RimWorld,Marzo,2021,"  1,194,670 horas","    40,103 horas","    2,941 streamers","   15,127 espectadores",    103 canales,"  1,607 espectadores",    53 canales
126,7 Days to Die,Agosto,2018,"    438,768 horas","    43,892 horas","    4,872 streamers",NA,    104 canales,    590 espectadores,    59 canales
113,MapleStory,Enero,2019,"    723,101 horas","    40,140 horas","    3,276 streamers","    6,221 espectadores",    104 canales,NA,    54 canales
41,Super Mario 64,Mayo,2020,"  4,838,732 horas","    39,639 horas","    4,102 streamers","   47,195 espectadores",    104 canales,"  6,512 espectadores",    53 canales
147,RimWorld,Enero,2022,"  1,089,878 horas","    33,891 horas","    3,387 streamers",NA,    104 canales,NA,    45 canales
107,Super Mario 64,Agosto,2021,"  1,970,181 horas","    34,841 horas","    3,750 streamers","   73,394 espectadores",    105 canales,"  2,651 espectadores",NA
30,Poker,Noviembre,2016,"  2,526,541 horas","    32,975 horas","    2,161 streamers","   18,231 espectadores",    106 canales,"  3,513 espectadores",    45 canales
98,The Elder Scrolls Online,Enero,2017,"    520,660 horas","    36,118 horas","    5,629 streamers","   49,913 espectadores",    106 canales,    700 espectadores,    48 canales
96,The Sims 4,Febrero,2018,"    513,738 horas","    29,846 horas","    6,041 streamers","   17,002 espectadores",    106 canales,    765 espectadores,    44 canales
98,Tibia,Marzo,2018,"    572,288 horas","    37,184 horas","    2,404 streamers","    4,301 espectadores",    106 canales,    770 espectadores,    50 canales
62,Games + Demos,Noviembre,2019,"  1,462,712 horas","    39,025 horas","    6,435 streamers","   26,280 espectadores",    106 canales,"  2,034 espectadores",NA
153,Super Mario 64,Junio,2021,"    921,188 horas","    32,496 horas","    3,432 streamers","   13,023 espectadores",    106 canales,"  1,281 espectadores",    45 canales
112,RimWorld,Junio,2024,"  1,334,019 horas","    32,791 horas","    2,541 streamers","   11,709 espectadores",    106 canales,"  1,855 espectadores",    45 canales
103,World of Warships,Julio,2024,"  1,528,944 horas","    35,817 horas","    2,851 streamers",NA,    106 canales,"  2,057 espectadores",    48 canales
41,Path of Exile,Julio,2016,"  1,301,258 horas","    42,756 horas","    3,503 streamers","    6,740 espectadores",    107 canales,"  1,751 espectadores",    57 canales
42,Clash Royale,Marzo,2017,"  1,626,177 horas","    26,652 horas","    3,930 streamers","   27,200 espectadores",    107 canales,"  2,188 espectadores",    35 canales
74,Dungeons & Dragons,Julio,2017,"    747,848 horas","    24,019 horas","    1,908 streamers","   28,073 espectadores",    107 canales,"  1,006 espectadores",    32 canales
86,The Sims 4,Octubre,2019,"    835,976 horas","    38,985 horas","    7,316 streamers",NA,    107 canales,"  1,125 espectadores",    52 canales
83,Super Mario 64,Junio,2020,"  1,761,704 horas","    37,874 horas","    3,727 streamers","   18,442 espectadores",    107 canales,"  2,450 espectadores",    52 canales
138,Super Mario 64,Noviembre,2020,"    963,032 horas","    34,158 horas","    4,197 streamers","   18,468 espectadores",    107 canales,"  1,339 espectadores",    47 canales
114,RimWorld,Abril,2022,"  1,512,244 horas","    35,828 horas","    3,184 streamers","   24,012 espectadores",    107 canales,"  2,103 espectadores",    49 canales
31,Poker,Junio,2016,"  1,759,181 horas","    29,938 horas","    2,032 streamers","   15,280 espectadores",    108 canales,"  2,446 espectadores",NA
96,The Elder Scrolls Online,Noviembre,2016,"    378,583 horas","    26,758 horas","    5,636 streamers","    1,673 espectadores",    108 canales,    526 espectadores,    37 canales
40,Games + Demos,Febrero,2019,"  2,378,911 horas","    34,378 horas","    6,665 streamers","   28,364 espectadores",    108 canales,"  3,545 espectadores",    51 canales
129,Heroes of the Storm,Julio,2022,"  1,259,696 horas","    47,345 horas","    3,795 streamers","   11,553 espectadores",    108 canales,"  1,695 espectadores",    63 canales
98,StarCraft II,Enero,2024,"  2,004,249 horas","    36,419 horas","    3,014 streamers","   11,847 espectadores",    108 canales,"  2,697 espectadores",    49 canales
17,StarCraft II,Junio,2016,"  3,717,226 horas","    45,996 horas","    4,378 streamers","   32,651 espectadores",    109 canales,"  5,169 espectadores",NA
125,Euro Truck Simulator 2,Julio,2016,"    269,089 horas","    28,516 horas","    4,263 streamers","    6,194 espectadores",    109 canales,    362 espectadores,    38 canales
28,Poker,Octubre,2016,"  2,447,449 horas","    34,844 horas","    2,284 streamers","   14,246 espectadores",    109 canales,"  3,294 espectadores",NA
56,Music,Agosto,2017,"  1,037,502 horas","    57,118 horas","    4,924 streamers","    7,972 espectadores",    109 canales,"  1,396 espectadores",    76 canales
64,Retro,Septiembre,2017,"    739,574 horas","    40,314 horas","    3,153 streamers","    5,067 espectadores",    109 canales,NA,    56 canales
99,World of Warships,Diciembre,2017,"    549,484 horas","    38,998 horas","    4,021 streamers","    7,686 espectadores",    109 canales,    739 espectadores,NA
43,Games + Demos,Enero,2019,"  2,688,119 horas","    37,226 horas","    7,124 streamers",NA,    109 canales,NA,    50 canales
88,StarCraft II,Marzo,2022,"  1,915,643 horas","    40,335 horas","    3,961 streamers","   12,888 espectadores",    109 canales,"  2,578 espectadores",    54 canales
57,Music,Junio,2017,"    949,734 horas","    53,698 horas","    4,989 streamers","   12,906 espectadores",    110 canales,"  1,320 espectadores",    74 canales
103,The Sims 4,Diciembre,2019,"    715,396 horas","    36,774 horas","    7,845 streamers","   16,837 espectadores",    110 canales,    962 espectadores,    49 canales
110,Super Mario 64,Septiembre,2021,"  1,631,393 horas","    32,185 horas","    3,660 streamers","   21,494 espectadores",    110 canales,"  2,268 espectadores",    44 canales
92,RimWorld,Julio,2022,"  2,115,420 horas","    36,759 horas","    3,281 streamers","   18,221 espectadores",    110 canales,"  2,847 espectadores",    49 canales
110,World of Warships,Agosto,2024,"  1,726,186 horas","    38,760 horas","    3,003 streamers","   11,385 espectadores",    110 canales,"  2,323 espectadores",    52 canales
89,Clash Royale,Octubre,2022,"  2,203,335 horas","    33,762 horas","   18,730 streamers","   38,914 espectadores",    111 canales,"  2,965 espectadores",    45 canales
76,The Elder Scrolls Online,Agosto,2016,"    398,197 horas","    41,693 horas","    6,428 streamers","    1,406 espectadores",    112 canales,    535 espectadores,NA
19,StarCraft II,Septiembre,2016,"  3,352,643 horas","    43,706 horas","    4,555 streamers","   27,804 espectadores",    112 canales,"  4,662 espectadores",NA
25,Poker,Noviembre,2017,"  3,577,049 horas","    33,957 horas","    2,335 streamers",NA,    112 canales,"  4,975 espectadores",    47 canales
115,The Elder Scrolls Online,Enero,2018,"    421,151 horas","    45,739 horas","    5,743 streamers","   19,025 espectadores",    112 canales,    566 espectadores,    61 canales
42,Games + Demos,Marzo,2019,"  2,599,357 horas","    40,969 horas","    7,257 streamers","   32,907 espectadores",    112 canales,"  3,498 espectadores",    55 canales
105,MapleStory,Septiembre,2019,"    584,128 horas","    36,604 horas","    2,807 streamers","    2,679 espectadores",    112 canales,    812 espectadores,    50 canales
80,Super Mario 64,Febrero,2022,"  2,500,580 horas","    34,929 horas","    4,858 streamers","   67,617 espectadores",    112 canales,NA,    52 canales
135,Heroes of the Storm,Mayo,2022,"  1,207,279 horas","    49,347 horas","    4,306 streamers","    9,997 espectadores",    112 canales,"  1,624 espectadores",    66 canales
96,World of Warships,Junio,2024,"  1,670,029 horas","    37,618 horas","    3,024 streamers","   12,864 espectadores",    112 canales,"  2,322 espectadores",    52 canales
175,7 Days to Die,Junio,2018,"    296,121 horas","    42,429 horas","    4,954 streamers","    3,807 espectadores",    113 canales,NA,    59 canales
56,Warcraft III,Mayo,2020,"  3,148,681 horas","    44,219 horas","    2,354 streamers","   25,153 espectadores",    113 canales,"  4,237 espectadores",    59 canales
52,Warcraft III,Junio,2020,"  2,928,016 horas","    39,358 horas","    2,154 streamers","   18,084 espectadores",    113 canales,"  4,072 espectadores",    54 canales
89,RimWorld,Diciembre,2022,"  1,730,228 horas","    37,217 horas","    3,410 streamers","   18,822 espectadores",    113 canales,"  2,328 espectadores",NA
89,The Elder Scrolls Online,Mayo,2016,"    287,973 horas","    43,255 horas","    7,190 streamers","    1,647 espectadores",    114 canales,    387 espectadores,    58 canales
28,Poker,Julio,2016,"  1,928,137 horas","    30,608 horas","    2,068 streamers","   11,764 espectadores",    114 canales,"  2,595 espectadores",    41 canales
30,StarCraft II,Octubre,2017,"  3,389,715 horas","    49,125 horas","    4,663 streamers","   45,414 espectadores",    114 canales,"  4,562 espectadores",    66 canales
103,World of Warships,Octubre,2018,"    692,011 horas","    42,779 horas","    4,161 streamers","    4,239 espectadores",    114 canales,NA,    57 canales
83,Super Mario 64,Enero,2022,"  2,841,981 horas","    42,305 horas","    5,832 streamers","   57,732 espectadores",    114 canales,"  3,825 espectadores",    56 canales
142,Heroes of the Storm,Marzo,2022,"  1,005,202 horas","    46,005 horas","    3,903 streamers","    5,643 espectadores",    114 canales,"  1,352 espectadores",    61 canales
27,Poker,Febrero,2016,"  2,465,052 horas","    36,936 horas","    2,458 streamers","   14,039 espectadores",    115 canales,"  3,546 espectadores",    53 canales
94,The Elder Scrolls Online,Marzo,2017,"    368,786 horas","    41,514 horas","    4,788 streamers","    3,133 espectadores",    115 canales,NA,    55 canales
116,7 Days to Die,Abril,2017,"    301,676 horas","    43,986 horas","    4,688 streamers","    2,814 espectadores",    115 canales,    419 espectadores,    61 canales
18,StarCraft II,Agosto,2017,"  3,286,713 horas","    52,553 horas","    5,421 streamers","   26,403 espectadores",    115 canales,"  4,423 espectadores",    70 canales
83,World of Warships,Mayo,2018,"    809,041 horas","    44,725 horas","    4,431 streamers","    6,965 espectadores",    115 canales,"  1,088 espectadores",NA
16,Poker,Mayo,2016,"  4,390,316 horas","    37,504 horas","    2,504 streamers","   33,131 espectadores",    116 canales,NA,    50 canales
102,Euro Truck Simulator 2,Septiembre,2016,"    241,750 horas","    27,055 horas","    3,839 streamers","    5,239 espectadores",    116 canales,NA,    37 canales
93,World of Warships,Enero,2018,"    625,579 horas","    44,484 horas","    4,770 streamers","    3,430 espectadores",    116 canales,    841 espectadores,    59 canales
55,The Sims 4,Julio,2018,"  1,390,373 horas","    45,920 horas","    8,754 streamers","   37,270 espectadores",    116 canales,"  1,871 espectadores",    61 canales
65,StarCraft II,Septiembre,2021,"  3,582,477 horas","    52,013 horas","    3,759 streamers","   30,246 espectadores",    116 canales,"  4,982 espectadores",    72 canales
77,The Elder Scrolls Online,Julio,2016,"    440,516 horas","    46,182 horas","    7,793 streamers","    1,871 espectadores",    117 canales,    592 espectadores,    62 canales
18,StarCraft II,Octubre,2016,"  3,833,030 horas","    48,099 horas","    4,552 streamers","   46,305 espectadores",    117 canales,NA,    64 canales
25,StarCraft II,Junio,2017,"  3,526,670 horas","    49,742 horas","    4,752 streamers","   38,472 espectadores",    117 canales,"  4,904 espectadores",    69 canales
45,DayZ,Junio,2017,"  1,182,858 horas","    36,046 horas","    4,211 streamers","   41,308 espectadores",    117 canales,"  1,645 espectadores",    50 canales
15,StarCraft II,Julio,2017,"  4,220,890 horas","    52,230 horas","    5,069 streamers",NA,    117 canales,NA,NA
134,The Elder Scrolls Online,Julio,2017,"    350,491 horas","    46,344 horas","    6,739 streamers","    1,521 espectadores",    117 canales,    471 espectadores,    62 canales
120,RimWorld,Enero,2021,"  1,262,018 horas","    45,851 horas","    3,546 streamers","   18,532 espectadores",    117 canales,"  1,698 espectadores",    61 canales
40,Path of Exile,Febrero,2017,"  1,546,702 horas","    45,071 horas","    3,978 streamers","   35,208 espectadores",    118 canales,"  2,305 espectadores",    67 canales
52,Dungeons & Dragons,Septiembre,2017,"    930,623 horas","    23,315 horas","    1,981 streamers","   25,906 espectadores",    118 canales,"  1,294 espectadores",    32 canales
51,Dungeons & Dragons,Octubre,2017,"  1,186,278 horas","    25,972 horas","    2,147 streamers","   39,850 espectadores",    118 canales,"  1,596 espectadores",    34 canales
95,The Sims 4,Diciembre,2018,"    754,011 horas","    38,824 horas","    7,566 streamers","   19,654 espectadores",    118 canales,"  1,014 espectadores",    52 canales
81,RimWorld,Abril,2020,"  1,596,864 horas","    44,179 horas","    3,189 streamers","   17,115 espectadores",    118 canales,"  2,220 espectadores",    61 canales
131,RimWorld,Agosto,2022,"  1,348,020 horas","    37,855 horas","    3,307 streamers","   12,849 espectadores",    118 canales,NA,    50 canales
103,7 Days to Die,Mayo,2017,"    405,540 horas","    47,457 horas","    6,398 streamers","    3,051 espectadores",    119 canales,NA,    63 canales
69,Retro,Noviembre,2017,"    798,323 horas","    45,433 horas","    3,145 streamers","    8,985 espectadores",    119 canales,"  1,110 espectadores",    63 canales
79,Tibia,Mayo,2018,"    895,716 horas","    46,792 horas","    3,073 streamers","    3,003 espectadores",    119 canales,"  1,205 espectadores",    62 canales
58,StarCraft II,Junio,2021,"  3,997,737 horas","    52,181 horas","    4,091 streamers","   35,236 espectadores",    119 canales,"  5,560 espectadores",    72 canales
93,The Elder Scrolls Online,Abril,2016,"    315,286 horas","    44,127 horas","    6,736 streamers","    2,478 espectadores",    120 canales,    438 espectadores,    61 canales
24,StarCraft II,Mayo,2017,"  3,201,968 horas","    54,075 horas","    5,412 streamers","   13,997 espectadores",    120 canales,"  4,309 espectadores",    72 canales
64,Music,Julio,2017,"    939,033 horas","    58,799 horas","    5,291 streamers","    8,444 espectadores",    120 canales,"  1,263 espectadores",    79 canales
148,Heroes of the Storm,Noviembre,2021,"  1,022,667 horas","    45,626 horas","    2,998 streamers",NA,    120 canales,"  1,422 espectadores",    63 canales
139,Heroes of the Storm,Diciembre,2021,"  1,107,261 horas","    47,359 horas","    3,135 streamers",NA,    120 canales,NA,NA
125,MapleStory,Septiembre,2024,"  1,575,962 horas","    46,578 horas","    2,122 streamers","    7,401 espectadores",    120 canales,NA,    64 canales
16,StarCraft II,Julio,2016,"  4,470,248 horas","    46,883 horas","    4,710 streamers","   42,691 espectadores",    121 canales,"  6,016 espectadores",    63 canales
50,Music,Septiembre,2017,"  1,086,144 horas","    58,252 horas","    4,698 streamers","    7,373 espectadores",    121 canales,"  1,510 espectadores",    81 canales
83,World of Warships,Septiembre,2018,"    723,617 horas","    42,717 horas","    4,085 streamers","    9,050 espectadores",    121 canales,NA,    59 canales
101,The Sims 4,Abril,2019,"    724,911 horas","    44,867 horas","    8,293 streamers","   11,635 espectadores",    121 canales,NA,    62 canales
49,Games + Demos,Junio,2019,"  2,239,715 horas","    36,967 horas","    6,972 streamers","  205,693 espectadores",    121 canales,"  3,115 espectadores",NA
148,Heroes of the Storm,Abril,2022,"  1,090,980 horas","    49,982 horas","    4,393 streamers","    5,649 espectadores",    121 canales,"  1,517 espectadores",    69 canales
123,MapleStory,Mayo,2024,"  1,439,244 horas","    48,275 horas","    2,310 streamers","   10,078 espectadores",    121 canales,"  1,937 espectadores",    64 canales
130,7 Days to Die,Julio,2018,"    505,738 horas","    48,797 horas","    5,186 streamers",NA,    122 canales,    680 espectadores,    65 canales
92,The Sims 4,Agosto,2019,"    759,856 horas","    45,712 horas","    8,943 streamers","   12,981 espectadores",    122 canales,"  1,022 espectadores",    61 canales
97,7 Days to Die,Septiembre,2019,"    686,728 horas","    41,786 horas","    3,898 streamers","   16,554 espectadores",    122 canales,    955 espectadores,    58 canales
44,Warcraft III,Noviembre,2019,"  2,702,972 horas","    42,822 horas","    3,768 streamers","   28,438 espectadores",    122 canales,"  3,759 espectadores",    59 canales
45,Games + Demos,Febrero,2020,"  2,659,816 horas","    43,955 horas","    7,505 streamers","   41,315 espectadores",    122 canales,"  3,827 espectadores",    63 canales
117,World of Warships,Septiembre,2024,"  1,669,956 horas","    41,105 horas","    2,872 streamers","   12,111 espectadores",    122 canales,"  2,322 espectadores",    57 canales
68,DayZ,Marzo,2017,"    650,960 horas","    38,012 horas","    3,311 streamers","    4,009 espectadores",    123 canales,    876 espectadores,    51 canales
26,StarCraft II,Noviembre,2019,"  5,159,497 horas","    54,980 horas","    5,052 streamers","   85,514 espectadores",    123 canales,"  7,175 espectadores",NA
54,Clash Royale,Mayo,2021,"  4,716,084 horas","    47,886 horas","    6,798 streamers","   65,127 espectadores",    123 canales,"  6,347 espectadores",    64 canales
154,Heroes of the Storm,Agosto,2022,"  1,025,619 horas","    41,557 horas","    3,425 streamers","    9,173 espectadores",    123 canales,NA,    55 canales
171,Warcraft III,Marzo,2024,"    885,139 horas","    18,314 horas","    1,379 streamers","   12,049 espectadores",    123 canales,"  1,191 espectadores",    24 canales
18,Poker,Mayo,2017,"  4,755,909 horas","    37,121 horas","    2,490 streamers","   27,865 espectadores",    124 canales,"  6,400 espectadores",    49 canales
79,MapleStory,Agosto,2019,"    952,776 horas","    44,814 horas","    3,416 streamers","    8,394 espectadores",    124 canales,"  1,282 espectadores",    60 canales
53,Warcraft III,Marzo,2020,"  2,441,447 horas","    47,308 horas","    3,543 streamers","   25,982 espectadores",    124 canales,"  3,285 espectadores",    63 canales
60,Warcraft III,Abril,2020,"  2,538,237 horas","    42,169 horas","    2,474 streamers","   26,053 espectadores",    124 canales,NA,    58 canales
85,Magic: The Gathering,Mayo,2024,"  2,450,237 horas","    48,039 horas","    5,066 streamers","   14,540 espectadores",    124 canales,"  3,297 espectadores",    64 canales
15,StarCraft II,Agosto,2016,"  4,492,185 horas","    48,277 horas","    5,036 streamers","   43,775 espectadores",    125 canales,"  6,046 espectadores",    64 canales
66,RimWorld,Noviembre,2018,"  1,209,044 horas","    36,542 horas","    3,382 streamers","   15,742 espectadores",    125 canales,NA,    50 canales
22,Poker,Enero,2016,"  3,151,063 horas","    36,445 horas","    2,527 streamers","   18,034 espectadores",    126 canales,"  4,241 espectadores",    49 canales
93,World of Warships,Febrero,2018,"    548,223 horas","    39,875 horas","    4,344 streamers","    5,568 espectadores",    126 canales,    817 espectadores,    59 canales
86,Tibia,Junio,2018,"    819,640 horas","    44,311 horas","    2,891 streamers","    3,515 espectadores",    126 canales,"  1,139 espectadores",    61 canales
169,7 Days to Die,Junio,2019,"    385,630 horas","    45,879 horas","    4,688 streamers",NA,    126 canales,    536 espectadores,    63 canales
34,StarCraft II,Septiembre,2019,"  3,807,372 horas","    56,266 horas","    5,267 streamers",NA,    126 canales,"  5,295 espectadores",    78 canales
16,Talk Shows & Podcasts,Febrero,2018,"  4,376,153 horas","    41,075 horas","    8,175 streamers","   62,609 espectadores",    127 canales,"  6,521 espectadores",    61 canales
19,Talk Shows & Podcasts,Julio,2018,"  4,702,441 horas","    49,539 horas","    8,530 streamers","   69,940 espectadores",    127 canales,"  6,328 espectadores",    66 canales
103,Dungeons & Dragons,Septiembre,2018,"    550,645 horas","    10,198 horas","    2,091 streamers","   40,261 espectadores",    127 canales,    765 espectadores,    14 canales
67,Magic: The Gathering,Julio,2023,"  3,249,140 horas","    50,822 horas","    5,723 streamers","   35,458 espectadores",    127 canales,"  4,373 espectadores",    68 canales
115,World of Warships,Julio,2023,"  1,303,579 horas","    43,266 horas","    4,330 streamers",NA,    127 canales,"  1,754 espectadores",NA
24,Poker,Diciembre,2016,"  3,364,375 horas","    35,607 horas",      828 streamers,"   18,348 espectadores",    128 canales,"  4,528 espectadores",    47 canales
31,Magic: The Gathering,Mayo,2018,"  3,166,725 horas","    49,119 horas","    4,435 streamers",NA,    128 canales,NA,    66 canales
98,World of Warships,Agosto,2018,"    728,733 horas","    46,248 horas","    4,371 streamers","    3,514 espectadores",    128 canales,    980 espectadores,NA
76,Super Mario 64,Mayo,2019,"  1,075,211 horas","    18,968 horas","    2,231 streamers","    8,927 espectadores",    128 canales,"  1,447 espectadores",NA
25,StarCraft II,Febrero,2020,"  5,013,370 horas","    55,442 horas","    4,841 streamers","   90,208 espectadores",    128 canales,"  7,213 espectadores",    79 canales
132,RimWorld,Septiembre,2021,"  1,245,890 horas","    42,754 horas","    3,218 streamers","   12,638 espectadores",    128 canales,"  1,732 espectadores",    59 canales
66,Super Mario 64,Diciembre,2021,"  3,741,878 horas","    42,567 horas","    4,293 streamers","  103,029 espectadores",    128 canales,"  5,036 espectadores",    57 canales
91,Magic: The Gathering,Octubre,2023,"  2,706,396 horas","    50,222 horas","    5,220 streamers",NA,    128 canales,"  3,642 espectadores",    67 canales
97,World of Warships,Octubre,2023,"  2,166,308 horas","    47,291 horas","    3,516 streamers","   17,742 espectadores",    128 canales,"  2,915 espectadores",NA
115,World of Warships,Abril,2024,"  1,543,200 horas","    40,369 horas","    3,262 streamers","   11,677 espectadores",    128 canales,"  2,146 espectadores",    56 canales
102,World of Warships,Mayo,2024,"  1,917,322 horas","    42,460 horas","    3,258 streamers","   18,088 espectadores",    128 canales,"  2,580 espectadores",    57 canales
23,Poker,Agosto,2017,"  2,795,380 horas","    34,982 horas","    2,267 streamers","   25,420 espectadores",    129 canales,"  3,762 espectadores",    47 canales
39,Poker,Octubre,2017,"  2,076,311 horas","    34,043 horas","    2,187 streamers","   12,421 espectadores",    129 canales,"  2,794 espectadores",    45 canales
28,Poker,Diciembre,2017,"  3,265,697 horas","    35,270 horas","    2,363 streamers","   42,697 espectadores",    129 canales,"  4,395 espectadores",    47 canales
62,RimWorld,Febrero,2020,"  1,667,883 horas","    31,839 horas","    3,024 streamers","   29,544 espectadores",    129 canales,"  2,399 espectadores",    45 canales
97,World of Warships,Septiembre,2023,"  1,687,359 horas","    43,356 horas","    3,667 streamers",NA,    129 canales,"  2,346 espectadores",NA
18,StarCraft II,Mayo,2016,"  4,345,741 horas","    52,013 horas","    5,125 streamers","   47,219 espectadores",    130 canales,"  5,848 espectadores",    70 canales
40,DayZ,Septiembre,2016,"    968,066 horas","    40,841 horas","    4,177 streamers","   18,738 espectadores",    130 canales,"  1,346 espectadores",    56 canales
20,StarCraft II,Marzo,2017,"  4,789,332 horas","    56,507 horas","    4,584 streamers","   68,750 espectadores",    130 canales,"  6,445 espectadores",    76 canales
46,Warcraft III,Octubre,2019,"  2,073,055 horas","    34,523 horas","    2,374 streamers","   17,814 espectadores",    130 canales,"  2,790 espectadores",    46 canales
34,StarCraft II,Diciembre,2019,"  3,734,058 horas","    59,801 horas","    5,213 streamers","   44,452 espectadores",    130 canales,NA,NA
112,Super Mario 64,Abril,2021,"  1,781,951 horas","    42,381 horas","    4,754 streamers","   59,477 espectadores",    130 canales,"  2,478 espectadores",    58 canales
72,Magic: The Gathering,Diciembre,2022,"  2,761,087 horas","    47,456 horas","    5,218 streamers","   19,913 espectadores",    130 canales,"  3,716 espectadores",    63 canales
14,StarCraft II,Marzo,2016,"  5,281,756 horas","    58,052 horas","    5,609 streamers","   78,166 espectadores",    131 canales,"  7,108 espectadores",    78 canales
24,StarCraft II,Septiembre,2017,"  3,330,123 horas","    54,655 horas","    5,328 streamers","   35,322 espectadores",    131 canales,"  4,631 espectadores",    76 canales
156,7 Days to Die,Marzo,2019,"    400,180 horas","    48,803 horas","    4,816 streamers","    4,767 espectadores",    131 canales,    538 espectadores,    65 canales
40,StarCraft II,Enero,2020,"  3,709,550 horas","    61,973 horas","    5,225 streamers",NA,    131 canales,"  4,992 espectadores",    83 canales
92,World of Warships,Noviembre,2023,"  2,072,896 horas","    46,707 horas","    3,453 streamers","   17,313 espectadores",    131 canales,"  2,883 espectadores",    64 canales
101,World of Warships,Enero,2024,"  1,919,219 horas","    52,966 horas","    4,068 streamers","   14,680 espectadores",    131 canales,"  2,583 espectadores",NA
43,DayZ,Octubre,2016,"  1,056,363 horas","    41,576 horas","    4,167 streamers","   30,751 espectadores",    132 canales,"  1,421 espectadores",NA
111,Euro Truck Simulator 2,Octubre,2016,"    257,691 horas","    31,268 horas","    4,026 streamers","    4,152 espectadores",    132 canales,NA,    42 canales
20,StarCraft II,Diciembre,2016,"  4,289,359 horas","    52,934 horas","    1,694 streamers","   23,512 espectadores",    132 canales,"  5,773 espectadores",    71 canales
112,Euro Truck Simulator 2,Marzo,2017,"    287,328 horas","    34,031 horas","    3,597 streamers","   11,259 espectadores",    132 canales,NA,    45 canales
23,Poker,Septiembre,2017,"  3,466,978 horas","    35,249 horas","    2,334 streamers",NA,    132 canales,"  4,821 espectadores",    49 canales
72,Retro,Enero,2018,"    838,802 horas","    55,750 horas","    3,972 streamers","    5,281 espectadores",    132 canales,"  1,128 espectadores",    75 canales
101,7 Days to Die,Marzo,2018,"    488,948 horas","    53,973 horas","    5,608 streamers","    1,889 espectadores",    132 canales,    658 espectadores,    72 canales
188,7 Days to Die,Abril,2019,"    298,469 horas","    42,774 horas","    4,432 streamers","    1,100 espectadores",    132 canales,    415 espectadores,    59 canales
48,Games + Demos,Marzo,2020,"  2,900,391 horas","    50,877 horas","    9,135 streamers","   57,908 espectadores",    132 canales,"  3,903 espectadores",NA
77,Games + Demos,Diciembre,2020,"  2,295,200 horas","    57,894 horas","    8,066 streamers","   65,959 espectadores",    132 canales,"  3,089 espectadores",NA
58,StarCraft II,Mayo,2021,"  4,189,696 horas","    60,448 horas","    4,463 streamers","   27,958 espectadores",    132 canales,"  5,638 espectadores",NA
137,Heroes of the Storm,Febrero,2022,"    981,852 horas","    44,269 horas","    4,231 streamers","    6,859 espectadores",    132 canales,"  1,463 espectadores",    65 canales
100,World of Warships,Agosto,2023,"  1,790,712 horas","    44,747 horas","    4,039 streamers","   11,255 espectadores",    132 canales,"  2,410 espectadores",    60 canales
29,Magic: The Gathering,Junio,2018,"  3,692,746 horas","    40,691 horas","    3,894 streamers",NA,    133 canales,"  5,135 espectadores",    56 canales
25,StarCraft II,Julio,2019,"  4,634,664 horas","    62,469 horas","    5,921 streamers","   59,758 espectadores",    133 canales,"  6,237 espectadores",    84 canales
78,Super Mario 64,Enero,2021,"  2,416,347 horas","    43,662 horas","    5,221 streamers",NA,    133 canales,NA,    58 canales
95,Super Mario 64,Julio,2016,"    347,178 horas","     9,057 horas","    1,181 streamers","  126,229 espectadores",    134 canales,NA,NA
103,World of Warships,Julio,2018,"    679,195 horas","    45,743 horas","    4,339 streamers","    3,551 espectadores",    134 canales,    914 espectadores,    61 canales
123,Heroes of the Storm,Octubre,2021,"  1,293,465 horas","    49,026 horas","    3,220 streamers","    5,975 espectadores",    134 canales,"  1,740 espectadores",    65 canales
139,Heroes of the Storm,Enero,2022,"  1,167,099 horas","    53,164 horas","    4,904 streamers","    7,627 espectadores",    134 canales,"  1,570 espectadores",NA
155,Path of Exile,Junio,2023,"    735,156 horas","    53,404 horas","    4,940 streamers",NA,    134 canales,"  1,022 espectadores",    74 canales
98,Clash Royale,Marzo,2024,"  1,925,516 horas","    26,169 horas","   12,778 streamers","   29,375 espectadores",    134 canales,"  2,591 espectadores",    35 canales
16,StarCraft II,Noviembre,2016,"  5,000,259 horas","    50,884 horas","    4,748 streamers","  130,773 espectadores",    135 canales,"  6,954 espectadores",    70 canales
80,MapleStory,Junio,2018,"    914,332 horas","    35,693 horas","    3,132 streamers","   14,398 espectadores",    135 canales,"  1,271 espectadores",    49 canales
62,Tibia,Agosto,2018,"  1,225,335 horas","    58,021 horas","    3,734 streamers","    6,267 espectadores",    135 canales,"  1,649 espectadores",NA
141,7 Days to Die,Octubre,2018,"    400,441 horas","    46,713 horas","    4,853 streamers",NA,    135 canales,    538 espectadores,NA
33,Talk Shows & Podcasts,Julio,2019,"  3,447,981 horas","    56,533 horas","    7,784 streamers","   90,644 espectadores",    135 canales,"  4,640 espectadores",    76 canales
47,StarCraft II,Diciembre,2020,"  4,072,316 horas","    61,821 horas","    4,549 streamers","   37,263 espectadores",    135 canales,"  5,480 espectadores",    83 canales
103,World of Warships,Junio,2023,"  1,379,688 horas","    43,549 horas","    3,857 streamers","   12,784 espectadores",    135 canales,NA,    60 canales
92,RimWorld,Mayo,2024,"  2,229,683 horas","    50,224 horas","    3,454 streamers","   17,620 espectadores",    135 canales,NA,    67 canales
12,Poker,Septiembre,2016,"  4,687,991 horas","    35,410 horas","    2,470 streamers","   48,194 espectadores",    136 canales,"  6,520 espectadores",    49 canales
119,Euro Truck Simulator 2,Noviembre,2016,"    237,182 horas","    28,765 horas","    3,708 streamers","    6,662 espectadores",    136 canales,    329 espectadores,    40 canales
19,StarCraft II,Enero,2017,"  5,249,904 horas","    56,316 horas","    5,433 streamers","   39,537 espectadores",    136 canales,"  7,065 espectadores",    75 canales
95,The Sims 4,Enero,2019,"    892,115 horas","    50,873 horas","    8,951 streamers","   17,258 espectadores",    136 canales,"  1,200 espectadores",    68 canales
108,DayZ,Febrero,2019,"    618,901 horas","    37,481 horas","    3,701 streamers","    3,676 espectadores",    136 canales,    922 espectadores,NA
80,7 Days to Die,Julio,2019,"    872,197 horas","    54,719 horas","    5,113 streamers","   28,001 espectadores",    136 canales,"  1,173 espectadores",NA
54,Games + Demos,Agosto,2020,"  3,534,952 horas","    60,460 horas","    8,971 streamers","   69,696 espectadores",    136 canales,"  4,757 espectadores",NA
65,Games + Demos,Septiembre,2020,"  2,651,917 horas","    57,576 horas","    8,359 streamers","   35,162 espectadores",    136 canales,"  3,688 espectadores",    80 canales
71,StarCraft II,Abril,2021,"  3,296,403 horas","    60,954 horas","    4,671 streamers","   16,518 espectadores",    136 canales,NA,NA
42,Rust,Enero,2016,"  1,346,240 horas","    47,734 horas","    6,432 streamers","   30,867 espectadores",    137 canales,"  1,811 espectadores",    64 canales
133,The Elder Scrolls Online,Diciembre,2017,"    290,821 horas","    41,914 horas","    6,036 streamers","    1,786 espectadores",    137 canales,    391 espectadores,    56 canales
149,7 Days to Die,Septiembre,2018,"    372,904 horas","    41,401 horas","    4,304 streamers","    2,131 espectadores",    137 canales,    518 espectadores,    57 canales
23,StarCraft II,Agosto,2019,"  4,903,744 horas","    64,235 horas","    6,261 streamers",NA,    137 canales,"  6,599 espectadores",    86 canales
26,StarCraft II,Octubre,2019,"  4,558,486 horas","    55,398 horas","    4,861 streamers","   50,515 espectadores",    137 canales,"  6,135 espectadores",    74 canales
83,Magic: The Gathering,Agosto,2024,"  2,453,560 horas","    52,451 horas","    5,900 streamers","   10,349 espectadores",    137 canales,NA,    70 canales
91,The Elder Scrolls Online,Febrero,2017,"    489,171 horas","    48,382 horas","    7,096 streamers","    7,063 espectadores",    138 canales,NA,    72 canales
17,Talk Shows & Podcasts,Noviembre,2017,"  4,974,175 horas","    43,761 horas","    8,430 streamers",NA,    138 canales,"  6,918 espectadores",    60 canales
96,The Elder Scrolls Online,Abril,2018,"    577,922 horas","    54,040 horas","    6,571 streamers",NA,    138 canales,    803 espectadores,    75 canales
98,World of Warships,Abril,2018,"    559,625 horas","    41,921 horas","    4,516 streamers","    3,916 espectadores",    138 canales,    778 espectadores,    58 canales
32,Magic: The Gathering,Agosto,2018,"  3,592,268 horas","    45,407 horas","    4,891 streamers","   31,242 espectadores",    138 canales,"  4,834 espectadores",NA
63,The Elder Scrolls Online,Noviembre,2018,"  1,357,986 horas","    49,071 horas","    4,775 streamers",NA,    138 canales,"  1,888 espectadores",NA
100,DayZ,Marzo,2019,"    711,391 horas","    43,206 horas","    4,274 streamers","    7,180 espectadores",    138 canales,    957 espectadores,    58 canales
34,Talk Shows & Podcasts,Enero,2020,"  4,508,271 horas","    62,400 horas","    8,380 streamers","   48,434 espectadores",    138 canales,"  6,067 espectadores",    83 canales
44,StarCraft II,Octubre,2020,"  4,431,786 horas","    65,292 horas","    4,969 streamers","   18,242 espectadores",    138 canales,"  5,964 espectadores",NA
66,Clash Royale,Junio,2022,"  3,161,857 horas","    49,878 horas","   34,378 streamers","   84,392 espectadores",    138 canales,"  4,397 espectadores",NA
148,RimWorld,Octubre,2023,"  1,001,562 horas","    30,607 horas","    2,462 streamers",NA,    138 canales,"  1,347 espectadores",    41 canales
17,StarCraft II,Abril,2016,"  3,844,191 horas","    54,156 horas","    5,131 streamers","   22,631 espectadores",    139 canales,"  5,346 espectadores",    75 canales
42,DayZ,Agosto,2016,"    988,352 horas","    45,811 horas","    4,743 streamers","    5,852 espectadores",    139 canales,"  1,330 espectadores",    61 canales
25,Poker,Marzo,2017,"  4,111,228 horas","    43,380 horas","    2,278 streamers","   24,901 espectadores",    139 canales,"  5,533 espectadores",    58 canales
93,DayZ,Mayo,2017,"    479,079 horas","    27,628 horas","    3,475 streamers","    5,861 espectadores",    139 canales,    644 espectadores,NA
49,Music,Octubre,2017,"  1,196,147 horas","    64,720 horas","    5,281 streamers",NA,    139 canales,"  1,609 espectadores",NA
57,World of Warships,Febrero,2019,"  1,463,396 horas","    47,249 horas","    4,099 streamers","    7,362 espectadores",    139 canales,"  2,180 espectadores",    70 canales
72,RimWorld,Febrero,2021,"  2,682,212 horas","    40,948 horas","    3,188 streamers","   31,519 espectadores",    139 canales,"  3,997 espectadores",    61 canales
131,Heroes of the Storm,Septiembre,2021,"  1,247,975 horas","    56,309 horas","    3,869 streamers","    8,527 espectadores",    139 canales,"  1,735 espectadores",    78 canales
100,MapleStory,Agosto,2024,"  1,958,890 horas","    49,821 horas","    2,248 streamers","   11,861 espectadores",    139 canales,"  2,636 espectadores",NA
127,7 Days to Die,Mayo,2018,"    421,652 horas","    47,661 horas","    5,338 streamers","    7,885 espectadores",    140 canales,    567 espectadores,NA
62,The Elder Scrolls Online,Diciembre,2018,"  1,558,098 horas","    55,457 horas","    5,783 streamers","   14,111 espectadores",    140 canales,"  2,097 espectadores",    74 canales
67,World of Warships,Junio,2019,"  1,569,379 horas","    49,596 horas","    4,124 streamers","    7,925 espectadores",    140 canales,"  2,182 espectadores",NA
56,Heroes of the Storm,Julio,2019,"  1,411,416 horas","    66,368 horas","    6,015 streamers","    6,160 espectadores",    140 canales,"  1,899 espectadores",    89 canales
119,7 Days to Die,Agosto,2019,"    520,471 horas","    49,878 horas","    4,799 streamers","    5,491 espectadores",    140 canales,    700 espectadores,    67 canales
69,Super Mario 64,Febrero,2021,"  2,817,601 horas","    45,058 horas","    5,185 streamers","   32,823 espectadores",    140 canales,"  4,199 espectadores",    67 canales
87,The Sims 4,Marzo,2019,"    890,954 horas","    54,630 horas","    9,590 streamers",NA,    141 canales,"  1,199 espectadores",    73 canales
43,StarCraft II,Noviembre,2020,"  5,461,062 horas","    64,344 horas","    4,859 streamers","   43,611 espectadores",    141 canales,NA,    89 canales
85,World of Warships,Noviembre,2022,"  1,898,358 horas","    45,544 horas","    3,909 streamers","   16,715 espectadores",    141 canales,"  2,640 espectadores",    63 canales
11,Talk Shows & Podcasts,Julio,2016,"  6,570,581 horas","    53,028 horas","   12,923 streamers","   83,725 espectadores",    142 canales,"  8,843 espectadores",NA
36,Path of Exile,Octubre,2016,"  1,771,011 horas","    57,212 horas","    4,244 streamers",NA,    142 canales,"  2,383 espectadores",    77 canales
20,StarCraft II,Agosto,2018,"  5,351,963 horas","    68,918 horas","    6,797 streamers","   50,931 espectadores",    142 canales,NA,    92 canales
53,Games + Demos,Octubre,2019,"  1,729,860 horas","    40,174 horas","    7,215 streamers","   32,310 espectadores",    142 canales,"  2,328 espectadores",NA
83,Games + Demos,Enero,2021,"  2,360,001 horas","    60,313 horas","    8,539 streamers","   67,470 espectadores",    142 canales,"  3,176 espectadores",    81 canales
94,Games + Demos,Marzo,2021,"  2,250,170 horas","    58,976 horas","    8,024 streamers","   51,714 espectadores",    142 canales,"  3,028 espectadores",    79 canales
69,Magic: The Gathering,Junio,2022,"  3,099,444 horas","    53,566 horas","    5,777 streamers","   13,703 espectadores",    142 canales,"  4,310 espectadores",    74 canales
64,Dungeons & Dragons,Noviembre,2017,"    861,685 horas","    27,065 horas","    2,323 streamers","   23,841 espectadores",    143 canales,"  1,198 espectadores",NA
70,Retro,Junio,2018,"  1,062,775 horas","    62,206 horas","    4,609 streamers","    6,271 espectadores",    143 canales,"  1,478 espectadores",NA
28,Talk Shows & Podcasts,Octubre,2019,"  4,311,106 horas","    61,869 horas","    7,691 streamers","   55,848 espectadores",    143 canales,"  5,802 espectadores",    83 canales
116,MapleStory,Mayo,2021,"  1,555,038 horas","    53,032 horas","    2,902 streamers","   11,486 espectadores",    143 canales,"  2,092 espectadores",    71 canales
190,SMITE,Septiembre,2024,"    698,609 horas","    51,213 horas","    6,795 streamers","   37,502 espectadores",    143 canales,    971 espectadores,    71 canales
101,Warframe,Septiembre,2016,"    246,839 horas","    49,318 horas","    9,200 streamers","    9,284 espectadores",    144 canales,    343 espectadores,    68 canales
91,7 Days to Die,Octubre,2017,"    530,702 horas","    55,127 horas","    5,991 streamers","    5,600 espectadores",    144 canales,    714 espectadores,    74 canales
32,Magic: The Gathering,Abril,2018,"  3,238,961 horas","    47,717 horas","    4,486 streamers","   22,755 espectadores",    144 canales,"  4,504 espectadores",    66 canales
60,World of Warships,Marzo,2019,"  1,501,424 horas","    51,961 horas","    4,355 streamers",NA,    144 canales,NA,    69 canales
22,StarCraft II,Febrero,2017,"  4,245,866 horas","    54,207 horas","    4,950 streamers","   32,189 espectadores",    145 canales,"  6,327 espectadores",    80 canales
102,7 Days to Die,Febrero,2017,"    390,754 horas","    49,589 horas","    6,472 streamers","    2,050 espectadores",    145 canales,    582 espectadores,    73 canales
133,Heroes of the Storm,Agosto,2021,"  1,330,020 horas","    59,332 horas","    4,042 streamers","    5,790 espectadores",    145 canales,NA,    79 canales
90,7 Days to Die,Septiembre,2017,"    458,575 horas","    56,420 horas","    5,669 streamers",NA,    146 canales,    637 espectadores,    78 canales
55,Dungeons & Dragons,Diciembre,2017,"  1,211,195 horas","    23,992 horas","    2,207 streamers","   40,150 espectadores",    146 canales,"  1,630 espectadores",    32 canales
117,The Elder Scrolls Online,Marzo,2018,"    391,101 horas","    46,673 horas","    6,065 streamers",NA,    146 canales,    526 espectadores,    62 canales
26,StarCraft II,Octubre,2018,"  4,628,888 horas","    64,858 horas","    6,425 streamers","   70,851 espectadores",    146 canales,"  6,229 espectadores",    87 canales
67,The Elder Scrolls Online,Diciembre,2019,"  1,594,458 horas","    57,487 horas","    5,227 streamers","   16,272 espectadores",    146 canales,"  2,145 espectadores",NA
69,Games + Demos,Octubre,2020,"  2,617,609 horas","    61,113 horas","    8,876 streamers","   63,363 espectadores",    146 canales,"  3,523 espectadores",    82 canales
85,Games + Demos,Noviembre,2020,"  1,912,039 horas","    55,582 horas","    7,496 streamers",NA,    146 canales,NA,    77 canales
41,Music,Noviembre,2017,"  1,951,751 horas","    71,590 horas","    5,657 streamers","   20,562 espectadores",    147 canales,NA,NA
55,Retro,Abril,2018,"  1,163,125 horas","    62,747 horas","    4,528 streamers","    8,188 espectadores",    147 canales,"  1,617 espectadores",    87 canales
101,The Sims 4,Noviembre,2018,"    753,416 horas","    39,839 horas","    6,954 streamers","   15,328 espectadores",    147 canales,NA,    55 canales
60,Tibia,Febrero,2019,"  1,386,025 horas","    56,454 horas","    3,472 streamers","    6,234 espectadores",    147 canales,"  2,065 espectadores",NA
25,Magic: The Gathering,Diciembre,2019,"  5,630,498 horas","    59,908 horas","    5,935 streamers","  107,819 espectadores",    147 canales,"  7,578 espectadores",NA
9,Talk Shows & Podcasts,Enero,2016,"  7,688,369 horas","    53,235 horas","   10,779 streamers","   84,051 espectadores",    148 canales," 10,347 espectadores",    71 canales
61,DayZ,Febrero,2017,"    906,518 horas","    42,558 horas","    4,070 streamers","    5,726 espectadores",    148 canales,"  1,350 espectadores",    63 canales
34,Poker,Julio,2017,"  2,216,730 horas","    35,917 horas","    2,192 streamers","   17,281 espectadores",    148 canales,"  2,983 espectadores",    48 canales
66,Tibia,Septiembre,2018,"    973,491 horas","    54,379 horas","    3,461 streamers","    3,812 espectadores",    148 canales,"  1,353 espectadores",    75 canales
69,Tibia,Diciembre,2018,"  1,390,744 horas","    59,630 horas","    3,895 streamers","    5,966 espectadores",    148 canales,"  1,871 espectadores",NA
28,StarCraft II,Junio,2019,"  4,999,481 horas","    64,212 horas","    6,220 streamers","   44,801 espectadores",    148 canales,"  6,953 espectadores",NA
44,StarCraft II,Septiembre,2020,"  5,104,967 horas","    65,169 horas","    4,984 streamers",NA,    148 canales,"  7,100 espectadores",    90 canales
90,The Elder Scrolls Online,Abril,2017,"    405,487 horas","    47,392 horas","    5,976 streamers","    2,184 espectadores",    149 canales,    563 espectadores,    65 canales
86,DayZ,Abril,2018,"    679,129 horas","    31,913 horas","    3,229 streamers",NA,    149 canales,    944 espectadores,    44 canales
61,StarCraft II,Marzo,2021,"  3,736,145 horas","    63,651 horas","    4,838 streamers","   37,925 espectadores",    149 canales,NA,    85 canales
108,MapleStory,Octubre,2021,"  1,605,498 horas","    55,260 horas","    2,549 streamers","   10,163 espectadores",    149 canales,"  2,160 espectadores",    74 canales
79,World of Warships,Enero,2023,"  2,017,717 horas","    53,198 horas","    4,536 streamers","   12,001 espectadores",    149 canales,"  2,715 espectadores",    71 canales
23,Poker,Febrero,2017,"  4,001,142 horas","    41,775 horas","    2,567 streamers","   21,138 espectadores",    150 canales,"  5,962 espectadores",    62 canales
89,7 Days to Die,Marzo,2017,"    411,913 horas","    55,707 horas","    5,653 streamers","    2,524 espectadores",    150 canales,NA,    74 canales
16,Talk Shows & Podcasts,Julio,2017,"  4,067,565 horas","    56,913 horas","   11,583 streamers","   69,117 espectadores",    150 canales,NA,    76 canales
90,World of Warships,Julio,2022,"  2,329,775 horas","    56,550 horas","    4,663 streamers","   20,594 espectadores",    150 canales,"  3,135 espectadores",    76 canales
81,World of Warships,Marzo,2023,"  2,184,949 horas","    50,541 horas","    4,797 streamers","   18,858 espectadores",    150 canales,"  2,940 espectadores",NA
59,Magic: The Gathering,Mayo,2023,"  3,762,453 horas","    53,775 horas","    5,704 streamers","   31,073 espectadores",    150 canales,"  5,063 espectadores",    72 canales
110,MapleStory,Junio,2019,"    658,086 horas","    44,853 horas","    3,791 streamers","    6,111 espectadores",    151 canales,    915 espectadores,NA
56,Heroes of the Storm,Octubre,2019,"  1,605,442 horas","    63,274 horas","    5,534 streamers","   21,966 espectadores",    151 canales,"  2,160 espectadores",    85 canales
60,Magic: The Gathering,Marzo,2022,"  3,534,790 horas","    58,256 horas","    6,226 streamers","   21,832 espectadores",    151 canales,"  4,757 espectadores",    78 canales
75,Magic: The Gathering,Julio,2022,"  3,072,032 horas","    55,202 horas","    6,163 streamers","   22,821 espectadores",    151 canales,"  4,134 espectadores",NA
72,MapleStory,Julio,2024,"  2,889,881 horas","    53,548 horas","    2,381 streamers","   14,705 espectadores",    151 canales,"  3,889 espectadores",NA
16,StarCraft II,Julio,2018,"  5,384,316 horas","    66,519 horas","    6,762 streamers","   81,780 espectadores",    152 canales,"  7,246 espectadores",    89 canales
28,StarCraft II,Septiembre,2018,"  4,494,862 horas","    64,190 horas","    6,324 streamers","   51,767 espectadores",    152 canales,"  6,251 espectadores",NA
60,World of Warships,Diciembre,2018,"  1,645,766 horas","    52,785 horas","    4,527 streamers",NA,    152 canales,"  2,215 espectadores",    71 canales
64,Magic: The Gathering,Marzo,2023,"  2,983,736 horas","    54,180 horas","    6,101 streamers","   15,431 espectadores",    152 canales,"  4,015 espectadores",    72 canales
43,DayZ,Noviembre,2016,"  1,146,376 horas","    47,123 horas","    4,303 streamers",NA,    153 canales,"  1,594 espectadores",NA
20,Poker,Mayo,2018,"  4,837,457 horas","    42,532 horas","    2,837 streamers",NA,    153 canales,"  6,510 espectadores",    57 canales
28,StarCraft II,Mayo,2019,"  4,925,622 horas","    69,016 horas","    6,704 streamers",NA,    153 canales,"  6,629 espectadores",    92 canales
27,RimWorld,Marzo,2020,"  6,548,503 horas","    61,694 horas","    4,834 streamers","   40,076 espectadores",    153 canales,"  8,813 espectadores",NA
131,Super Mario 64,Octubre,2020,"    968,898 horas","    42,330 horas","    6,056 streamers","   19,856 espectadores",    153 canales,"  1,304 espectadores",    56 canales
92,World of Warships,Diciembre,2023,"  2,376,562 horas","    55,274 horas","    4,086 streamers","   18,915 espectadores",    153 canales,NA,    74 canales
94,The Elder Scrolls Online,Enero,2016,"    368,914 horas","    55,827 horas","    9,198 streamers","    2,191 espectadores",    154 canales,    496 espectadores,    75 canales
7,Talk Shows & Podcasts,Febrero,2016,"  7,582,957 horas","    54,181 horas","   10,865 streamers","  106,073 espectadores",    154 canales," 10,910 espectadores",    77 canales
64,osu!,Julio,2016,"    551,337 horas","    64,498 horas","   13,834 streamers",NA,    154 canales,    742 espectadores,    86 canales
136,7 Days to Die,Febrero,2019,"    445,404 horas","    48,732 horas","    4,604 streamers","    5,475 espectadores",    154 canales,    663 espectadores,    72 canales
98,MapleStory,Septiembre,2021,"  1,922,613 horas","    57,130 horas","    2,927 streamers",NA,    154 canales,"  2,674 espectadores",    79 canales
90,Poker,Julio,2024,"  1,845,613 horas","    41,422 horas","    2,910 streamers","   20,774 espectadores",    154 canales,NA,    55 canales
11,StarCraft II,Febrero,2016,"  5,635,611 horas","    60,260 horas","    5,835 streamers","   26,454 espectadores",    155 canales,NA,    86 canales
32,Poker,Marzo,2018,"  2,956,997 horas","    43,299 horas","    2,567 streamers","   17,154 espectadores",    155 canales,"  3,979 espectadores",    58 canales
65,Retro,Marzo,2018,"  1,006,970 horas","    63,836 horas","    4,307 streamers","    7,829 espectadores",    155 canales,"  1,355 espectadores",    85 canales
62,MapleStory,Julio,2019,"  1,174,867 horas","    48,996 horas","    4,131 streamers","   21,363 espectadores",    155 canales,"  1,581 espectadores",    65 canales
57,Clash Royale,Septiembre,2021,"  4,049,638 horas","    56,933 horas","    9,401 streamers","   69,459 espectadores",    155 canales,"  5,632 espectadores",    79 canales
105,MapleStory,Octubre,2022,"  1,585,025 horas","    55,153 horas","    2,962 streamers","    9,223 espectadores",    155 canales,"  2,133 espectadores",    74 canales
79,World of Warships,Diciembre,2022,"  2,209,580 horas","    50,317 horas","    4,238 streamers","   14,012 espectadores",    155 canales,"  2,973 espectadores",    67 canales
37,Rust,Marzo,2016,"  1,670,685 horas","    48,755 horas","    5,945 streamers","   19,492 espectadores",    156 canales,"  2,248 espectadores",    65 canales
48,Dungeons & Dragons,Enero,2018,"  1,545,724 horas","    30,469 horas","    2,722 streamers","   96,446 espectadores",    156 canales,"  2,080 espectadores",    41 canales
28,Poker,Agosto,2018,"  4,066,393 horas","    49,952 horas","    2,925 streamers","   24,856 espectadores",    156 canales,"  5,472 espectadores",    67 canales
25,StarCraft II,Noviembre,2018,"  6,074,722 horas","    67,677 horas","    7,098 streamers","  148,897 espectadores",    156 canales,"  8,448 espectadores",    94 canales
22,StarCraft II,Febrero,2019,"  6,175,225 horas","    61,049 horas","    5,956 streamers","   50,967 espectadores",    156 canales,"  9,203 espectadores",    90 canales
88,World of Warships,Febrero,2023,"  1,737,404 horas","    46,825 horas","    4,555 streamers","   14,851 espectadores",    156 canales,"  2,589 espectadores",NA
23,StarCraft II,Mayo,2018,"  4,359,409 horas","    68,067 horas","    6,744 streamers","   22,793 espectadores",    157 canales,"  5,867 espectadores",NA
72,Tibia,Enero,2019,"  1,356,723 horas","    62,057 horas","    3,863 streamers","    5,244 espectadores",    157 canales,"  1,826 espectadores",    83 canales
24,Magic: The Gathering,Agosto,2019,"  4,547,164 horas","    66,529 horas","    6,927 streamers","   24,218 espectadores",    157 canales,"  6,120 espectadores",NA
63,Heroes of the Storm,Noviembre,2019,"  1,451,383 horas","    63,978 horas","    5,924 streamers","    5,485 espectadores",    157 canales,"  2,018 espectadores",    88 canales
80,Poker,Junio,2024,"  2,203,445 horas","    41,399 horas","    2,992 streamers","   56,802 espectadores",    157 canales,"  3,064 espectadores",    57 canales
45,Rust,Febrero,2016,"  1,464,908 horas","    52,721 horas","    6,844 streamers","   32,222 espectadores",    158 canales,"  2,107 espectadores",    75 canales
74,The Sims 4,Noviembre,2019,"  1,060,824 horas","    42,350 horas","    7,873 streamers","   31,058 espectadores",    158 canales,"  1,475 espectadores",    58 canales
55,Clash Royale,Mayo,2022,"  4,534,143 horas","    58,460 horas","   39,465 streamers","  118,799 espectadores",    158 canales,"  6,102 espectadores",    78 canales
79,World of Warships,Mayo,2022,"  2,386,840 horas","    58,418 horas","    4,806 streamers","   16,465 espectadores",    158 canales,"  3,212 espectadores",    78 canales
136,The Elder Scrolls Online,Noviembre,2022,"  1,029,690 horas","    56,101 horas","    6,113 streamers","   18,697 espectadores",    158 canales,NA,    78 canales
119,Euro Truck Simulator 2,Abril,2017,"    294,033 horas","    34,727 horas","    4,046 streamers","   25,740 espectadores",    159 canales,    408 espectadores,    48 canales
25,Talk Shows & Podcasts,Octubre,2017,"  4,186,370 horas","    45,856 horas","    8,665 streamers","  108,918 espectadores",    159 canales,"  5,634 espectadores",NA
31,Poker,Junio,2018,"  3,285,722 horas","    42,933 horas","    2,539 streamers","   25,339 espectadores",    159 canales,"  4,569 espectadores",    59 canales
63,Retro,Agosto,2018,"  1,201,425 horas","    69,444 horas","    4,875 streamers","    7,597 espectadores",    159 canales,"  1,616 espectadores",    93 canales
24,StarCraft II,Marzo,2019,"  5,698,747 horas","    70,788 horas","    6,755 streamers","   69,828 espectadores",    159 canales,"  7,669 espectadores",    95 canales
95,MapleStory,Noviembre,2022,"  1,636,437 horas","    53,268 horas","    3,081 streamers","   20,613 espectadores",    159 canales,"  2,275 espectadores",    74 canales
113,Euro Truck Simulator 2,Junio,2017,"    315,998 horas","    38,182 horas","    5,777 streamers",NA,    160 canales,    439 espectadores,    53 canales
27,Poker,Julio,2018,"  3,784,497 horas","    46,067 horas","    2,868 streamers",NA,    160 canales,"  5,093 espectadores",    62 canales
59,Retro,Octubre,2018,"  1,391,446 horas","    69,443 horas","    5,316 streamers","    8,392 espectadores",    160 canales,"  1,872 espectadores",    93 canales
61,Retro,Noviembre,2018,"  1,388,565 horas","    70,081 horas","    5,190 streamers","   13,650 espectadores",    160 canales,"  1,931 espectadores",    97 canales
52,World of Warships,Julio,2019,"  1,622,888 horas","    50,803 horas","    4,026 streamers","    8,078 espectadores",    160 canales,"  2,184 espectadores",    68 canales
58,World of Warships,Noviembre,2019,"  1,696,457 horas","    54,160 horas","    3,994 streamers","    7,016 espectadores",    160 canales,"  2,359 espectadores",NA
54,World of Warships,Marzo,2020,"  2,333,880 horas","    61,758 horas","    4,587 streamers","   11,615 espectadores",    160 canales,"  3,141 espectadores",    83 canales
64,Magic: The Gathering,Diciembre,2021,"  3,760,470 horas","    59,065 horas","    4,717 streamers","   19,979 espectadores",    160 canales,"  5,061 espectadores",    79 canales
84,World of Warships,Marzo,2022,"  2,069,493 horas","    54,829 horas","    4,606 streamers","   14,113 espectadores",    160 canales,"  2,785 espectadores",    73 canales
87,World of Warships,Octubre,2022,"  2,403,352 horas","    51,874 horas","    4,203 streamers",NA,    160 canales,"  3,234 espectadores",NA
88,Super Mario 64,Marzo,2023,"  1,989,772 horas","    31,317 horas","    4,446 streamers","   25,763 espectadores",    160 canales,"  2,678 espectadores",    42 canales
74,7 Days to Die,Noviembre,2017,"    730,627 horas","    58,445 horas","    6,548 streamers","    7,900 espectadores",    161 canales,"  1,016 espectadores",    81 canales
73,7 Days to Die,Abril,2018,"    850,262 horas","    56,271 horas","    5,513 streamers","    8,754 espectadores",    161 canales,"  1,182 espectadores",    78 canales
101,MapleStory,Agosto,2021,"  2,272,946 horas","    58,633 horas","    3,026 streamers",NA,    161 canales,"  3,059 espectadores",NA
85,World of Warships,Junio,2022,"  2,177,377 horas","    55,758 horas","    4,737 streamers","   13,578 espectadores",    161 canales,"  3,028 espectadores",    77 canales
22,Heroes of the Storm,Julio,2016,"  2,744,681 horas","    67,138 horas","    7,570 streamers","   21,192 espectadores",    162 canales,"  3,694 espectadores",NA
62,osu!,Agosto,2016,"    549,995 horas","    68,838 horas","   13,875 streamers","    4,066 espectadores",    162 canales,    740 espectadores,    92 canales
68,Retro,Diciembre,2018,"  1,421,354 horas","    71,470 horas","    5,431 streamers","   16,101 espectadores",    162 canales,NA,    96 canales
58,World of Warships,Enero,2019,"  1,748,991 horas","    59,599 horas","    4,891 streamers","    7,041 espectadores",    162 canales,"  2,353 espectadores",    80 canales
51,The Elder Scrolls Online,Octubre,2018,"  1,573,412 horas","    62,494 horas","    5,753 streamers","   13,808 espectadores",    163 canales,"  2,117 espectadores",    84 canales
74,World of Warships,Mayo,2019,"  1,127,532 horas","    53,324 horas","    4,552 streamers",NA,    163 canales,"  1,517 espectadores",    71 canales
51,World of Warships,Diciembre,2019,"  2,294,773 horas","    59,767 horas","    4,367 streamers","   11,909 espectadores",    163 canales,"  3,088 espectadores",    80 canales
90,Heroes of the Storm,Diciembre,2020,"  1,761,418 horas","    72,118 horas","    5,078 streamers","    7,890 espectadores",    163 canales,"  2,370 espectadores",    97 canales
93,Heroes of the Storm,Junio,2021,"  1,984,399 horas","    67,446 horas","    4,694 streamers","   14,642 espectadores",    163 canales,NA,    93 canales
82,World of Warships,Mayo,2023,"  2,112,544 horas","    52,919 horas","    4,532 streamers","   15,965 espectadores",    163 canales,"  2,843 espectadores",    71 canales
34,StarCraft II,Diciembre,2018,"  3,925,456 horas","    71,161 horas","    6,872 streamers","   40,913 espectadores",    164 canales,"  5,283 espectadores",    95 canales
56,The Elder Scrolls Online,Septiembre,2019,"  1,595,898 horas","    57,615 horas","    5,102 streamers","   15,496 espectadores",    164 canales,"  2,219 espectadores",    80 canales
148,The Elder Scrolls Online,Marzo,2022,"    952,027 horas","    59,782 horas","    6,662 streamers","    8,094 espectadores",    164 canales,"  1,281 espectadores",NA
8,Talk Shows & Podcasts,Marzo,2016,"  7,691,155 horas","    58,526 horas","   11,144 streamers","  106,016 espectadores",    165 canales," 10,351 espectadores",    78 canales
36,DayZ,Abril,2016,"  1,463,084 horas","    54,467 horas","    4,623 streamers","   18,068 espectadores",    165 canales,"  2,034 espectadores",    75 canales
126,Euro Truck Simulator 2,Octubre,2017,"    305,943 horas","    41,790 horas","    5,560 streamers","    3,670 espectadores",    165 canales,    411 espectadores,    56 canales
54,7 Days to Die,Diciembre,2017,"  1,217,612 horas","    59,417 horas","    6,766 streamers","   39,478 espectadores",    165 canales,"  1,638 espectadores",    79 canales
108,7 Days to Die,Enero,2018,"    477,092 horas","    65,101 horas","    6,798 streamers",NA,    165 canales,NA,    87 canales
105,7 Days to Die,Febrero,2018,"    447,498 horas","    54,975 horas","    5,760 streamers","    4,777 espectadores",    165 canales,    666 espectadores,NA
73,Dungeons & Dragons,Octubre,2018,"  1,105,298 horas","    29,532 horas","    3,231 streamers","   37,438 espectadores",    165 canales,"  1,487 espectadores",    39 canales
35,Poker,Noviembre,2018,"  3,805,220 horas","    53,831 horas","    3,231 streamers","   23,317 espectadores",    165 canales,NA,    74 canales
52,Tibia,Octubre,2019,"  1,765,874 horas","    65,862 horas","    3,808 streamers","    7,649 espectadores",    165 canales,"  2,376 espectadores",    88 canales
88,World of Warships,Abril,2022,"  2,162,705 horas","    53,916 horas","    4,696 streamers","   25,782 espectadores",    165 canales,NA,    74 canales
11,Talk Shows & Podcasts,Mayo,2016,"  5,336,392 horas","    46,978 horas","   11,569 streamers","   64,255 espectadores",    166 canales,NA,    63 canales
35,Rust,Junio,2016,"  1,452,558 horas","    45,623 horas","    5,670 streamers","   31,434 espectadores",    166 canales,"  2,020 espectadores",    63 canales
10,Talk Shows & Podcasts,Agosto,2016,"  7,736,040 horas","    60,460 horas","   14,009 streamers","   71,960 espectadores",    166 canales," 10,411 espectadores",    81 canales
28,Poker,Abril,2018,"  3,594,003 horas","    39,064 horas","    2,576 streamers","   32,884 espectadores",    166 canales,"  4,998 espectadores",    54 canales
55,DayZ,Junio,2018,"  1,517,306 horas","    43,331 horas","    6,252 streamers","   46,198 espectadores",    166 canales,"  2,110 espectadores",    60 canales
64,Retro,Julio,2018,"  1,230,375 horas","    69,942 horas","    5,013 streamers","   29,487 espectadores",    166 canales,NA,    94 canales
61,Heroes of the Storm,Febrero,2019,"  1,365,645 horas","    61,239 horas","    6,176 streamers","    7,977 espectadores",    166 canales,"  2,035 espectadores",NA
28,StarCraft II,Abril,2019,"  4,724,607 horas","    68,456 horas","    7,008 streamers",NA,    166 canales,"  6,571 espectadores",    95 canales
57,World of Warships,Abril,2019,"  1,757,477 horas","    54,618 horas","    4,796 streamers","   17,142 espectadores",    166 canales,NA,    75 canales
58,Heroes of the Storm,Diciembre,2019,"  1,944,765 horas","    70,203 horas","    6,501 streamers","   26,111 espectadores",    166 canales,"  2,617 espectadores",    94 canales
90,Poker,Agosto,2024,"  2,179,957 horas","    44,113 horas","    2,953 streamers","   13,394 espectadores",    166 canales,"  2,933 espectadores",    59 canales
92,Euro Truck Simulator 2,Noviembre,2017,"    586,496 horas","    45,888 horas","    6,351 streamers","   41,378 espectadores",    167 canales,NA,    63 canales
65,The Elder Scrolls Online,Julio,2018,"  1,210,505 horas","    69,057 horas","    7,550 streamers","    9,305 espectadores",    167 canales,"  1,629 espectadores",    92 canales
68,Heroes of the Storm,Junio,2019,"  1,524,084 horas","    75,526 horas","    7,016 streamers","    5,418 espectadores",    167 canales,"  2,119 espectadores",   105 canales
27,Poker,Agosto,2019,"  4,231,651 horas","    52,273 horas","    3,079 streamers",NA,    167 canales,"  5,695 espectadores",    70 canales
69,Heroes of the Storm,Agosto,2019,"  1,309,385 horas","    71,271 horas","    6,504 streamers","    9,463 espectadores",    167 canales,"  1,762 espectadores",NA
70,The Sims 4,Febrero,2020,"  1,318,269 horas","    55,658 horas","   13,708 streamers","   32,272 espectadores",    167 canales,"  1,896 espectadores",NA
46,Games + Demos,Junio,2020,"  3,686,794 horas","    60,500 horas","    9,686 streamers","   48,897 espectadores",    167 canales,"  5,127 espectadores",    84 canales
46,StarCraft II,Agosto,2020,"  4,155,795 horas","    79,053 horas","    5,610 streamers","   20,715 espectadores",    167 canales,"  5,593 espectadores",   106 canales
71,RimWorld,Noviembre,2022,"  2,634,110 horas","    55,714 horas","    4,488 streamers","   18,173 espectadores",    167 canales,"  3,663 espectadores",    77 canales
83,World of Warships,Abril,2023,"  2,163,635 horas","    52,715 horas","    4,720 streamers","   12,868 espectadores",    167 canales,"  3,009 espectadores",    73 canales
49,Euro Truck Simulator 2,Enero,2016,"  1,109,797 horas","    47,937 horas","    7,000 streamers","   33,826 espectadores",    168 canales,NA,    64 canales
19,Talk Shows & Podcasts,Mayo,2017,"  4,096,712 horas","    53,994 horas","   11,529 streamers","   53,697 espectadores",    168 canales,"  5,513 espectadores",NA
60,The Elder Scrolls Online,Mayo,2017,"    823,334 horas","    47,435 horas","    7,101 streamers","   35,104 espectadores",    168 canales,NA,    63 canales
14,StarCraft II,Abril,2018,"  6,051,548 horas","    74,616 horas","    7,256 streamers","   37,145 espectadores",    168 canales,"  8,416 espectadores",   103 canales
65,MapleStory,Marzo,2023,"  2,964,186 horas","    60,596 horas","    3,353 streamers","   30,286 espectadores",    168 canales,"  3,989 espectadores",    81 canales
18,Talk Shows & Podcasts,Diciembre,2017,"  4,460,635 horas","    44,482 horas","    8,777 streamers","   57,099 espectadores",    169 canales,"  6,003 espectadores",    59 canales
28,Talk Shows & Podcasts,Enero,2019,"  4,950,586 horas","    69,816 horas","   14,648 streamers",NA,    169 canales,"  6,662 espectadores",    93 canales
49,World of Warships,Octubre,2019,"  1,951,102 horas","    59,334 horas","    4,333 streamers","   10,071 espectadores",    169 canales,"  2,625 espectadores",    79 canales
67,Magic: The Gathering,Junio,2024,"  2,973,694 horas","    49,405 horas","    5,343 streamers",NA,    169 canales,"  4,135 espectadores",    68 canales
95,7 Days to Die,Agosto,2017,"    553,302 horas","    68,833 horas","    7,384 streamers","    4,604 espectadores",    170 canales,    744 espectadores,    92 canales
43,Path of Exile,Febrero,2018,"  1,680,829 horas","    60,258 horas","    5,745 streamers","   15,149 espectadores",    170 canales,"  2,504 espectadores",    89 canales
54,World of Warships,Septiembre,2019,"  1,680,298 horas","    55,756 horas","    4,458 streamers","   12,180 espectadores",    170 canales,"  2,336 espectadores",    77 canales
80,MapleStory,Octubre,2020,"  2,066,500 horas","    62,967 horas","    3,943 streamers","   16,716 espectadores",    170 canales,"  2,781 espectadores",    84 canales
140,RimWorld,Marzo,2024,"  1,206,387 horas","    31,141 horas","    2,792 streamers",NA,    170 canales,"  1,623 espectadores",    41 canales
22,Heroes of the Storm,Agosto,2016,"  2,622,883 horas","    67,006 horas","    7,376 streamers","   21,186 espectadores",    171 canales,"  3,530 espectadores",    90 canales
68,osu!,Septiembre,2016,"    427,259 horas","    60,171 horas","   13,550 streamers",NA,    171 canales,NA,    83 canales
49,Rust,Diciembre,2016,"  1,170,510 horas","    58,169 horas","    1,782 streamers","   11,277 espectadores",    171 canales,"  1,575 espectadores",    78 canales
53,Retro,Septiembre,2018,"  1,331,161 horas","    71,180 horas","    5,343 streamers","   11,280 espectadores",    171 canales,"  1,851 espectadores",    98 canales
68,Retro,Enero,2019,"  1,444,000 horas","    77,213 horas","    5,709 streamers","   86,249 espectadores",    171 canales,"  1,943 espectadores",NA
57,Heroes of the Storm,Enero,2020,"  2,121,378 horas","    73,780 horas","    6,368 streamers","   10,055 espectadores",    171 canales,"  2,855 espectadores",    99 canales
95,MapleStory,Marzo,2022,"  1,825,350 horas","    62,541 horas","    3,359 streamers","    9,500 espectadores",    171 canales,"  2,456 espectadores",    84 canales
111,Euro Truck Simulator 2,Julio,2017,"    423,852 horas","    51,358 horas","    7,053 streamers","    9,185 espectadores",    172 canales,NA,    69 canales
31,Poker,Octubre,2018,"  3,692,200 horas","    58,559 horas","    2,976 streamers",NA,    172 canales,"  4,969 espectadores",    78 canales
61,MapleStory,Marzo,2020,"  1,884,405 horas","    65,391 horas","    4,217 streamers","   20,913 espectadores",    172 canales,"  2,536 espectadores",    88 canales
60,Magic: The Gathering,Mayo,2022,"  3,823,966 horas","    61,630 horas","    6,527 streamers","   19,448 espectadores",    172 canales,"  5,146 espectadores",    82 canales
145,The Elder Scrolls Online,Diciembre,2022,"    908,331 horas","    57,198 horas","    6,497 streamers","   11,172 espectadores",    172 canales,"  1,222 espectadores",    76 canales
30,Path of Exile,Abril,2016,"  1,931,932 horas","    58,329 horas","    4,580 streamers","   15,518 espectadores",    173 canales,"  2,686 espectadores",    81 canales
50,Clash Royale,Agosto,2021,"  5,133,498 horas","    68,386 horas","   11,601 streamers",NA,    173 canales,"  6,909 espectadores",    92 canales
96,MapleStory,Septiembre,2022,"  1,931,943 horas","    59,490 horas","    3,429 streamers",NA,    173 canales,"  2,686 espectadores",    82 canales
49,DayZ,Enero,2017,"  1,434,073 horas","    54,482 horas","    5,680 streamers","    9,537 espectadores",    174 canales,"  1,930 espectadores",    73 canales
70,The Elder Scrolls Online,Mayo,2018,"  1,038,076 horas","    58,721 horas","    6,772 streamers",NA,    174 canales,"  1,397 espectadores",    79 canales
58,World of Warships,Enero,2020,"  2,111,041 horas","    61,464 horas","    4,510 streamers","    9,610 espectadores",    174 canales,"  2,841 espectadores",    82 canales
77,Magic: The Gathering,Febrero,2024,"  2,857,102 horas","    52,216 horas","    5,255 streamers","   29,642 espectadores",    174 canales,"  4,110 espectadores",    75 canales
79,osu!,Diciembre,2016,"    613,752 horas","    67,760 horas","    4,542 streamers","   12,721 espectadores",    175 canales,    826 espectadores,    91 canales
79,osu!,Junio,2017,"    544,696 horas","    69,152 horas","   16,229 streamers","   10,894 espectadores",    175 canales,NA,    96 canales
56,Tibia,Marzo,2019,"  1,704,988 horas","    69,833 horas","    3,830 streamers","    9,958 espectadores",    175 canales,"  2,294 espectadores",    93 canales
37,StarCraft II,Abril,2020,"  4,516,712 horas","    76,828 horas","    5,603 streamers","   31,283 espectadores",    175 canales,"  6,281 espectadores",   106 canales
37,StarCraft II,Junio,2020,"  4,829,641 horas","    74,907 horas","    5,121 streamers",NA,    175 canales,"  6,717 espectadores",   104 canales
95,The Sims 4,Octubre,2020,"  1,473,603 horas","    64,801 horas","   10,005 streamers","   28,530 espectadores",    175 canales,NA,    87 canales
71,World of Warships,Octubre,2021,"  3,048,721 horas","    61,756 horas","    3,541 streamers","   17,806 espectadores",    175 canales,"  4,103 espectadores",    83 canales
76,World of Warships,Diciembre,2021,"  2,778,324 horas","    65,818 horas","    3,667 streamers","   23,674 espectadores",    175 canales,"  3,739 espectadores",    88 canales
83,Magic: The Gathering,Agosto,2023,"  2,682,208 horas","    49,429 horas","    5,341 streamers","   13,945 espectadores",    175 canales,"  3,609 espectadores",NA
23,Poker,Marzo,2016,"  3,534,525 horas","    41,966 horas","    2,592 streamers","   25,720 espectadores",    176 canales,"  4,757 espectadores",    56 canales
11,Talk Shows & Podcasts,Octubre,2016,"  5,786,472 horas","    60,340 horas","   13,893 streamers","   62,023 espectadores",    176 canales,"  7,787 espectadores",    81 canales
97,Warframe,Junio,2017,"    412,947 horas","    57,056 horas","    9,031 streamers","    8,221 espectadores",    176 canales,    574 espectadores,    79 canales
93,Heroes of the Storm,Mayo,2021,"  2,358,408 horas","    74,700 horas","    5,234 streamers","    8,409 espectadores",    176 canales,"  3,174 espectadores",   100 canales
35,Rust,Mayo,2016,"  1,642,266 horas","    52,303 horas","    6,505 streamers","   23,618 espectadores",    177 canales,"  2,210 espectadores",    70 canales
67,7 Days to Die,Enero,2017,"    851,122 horas","    72,413 horas","   10,178 streamers","   23,043 espectadores",    177 canales,"  1,145 espectadores",    97 canales
101,MapleStory,Abril,2022,"  1,839,279 horas","    60,660 horas","    3,253 streamers","   13,287 espectadores",    177 canales,"  2,558 espectadores",    84 canales
11,StarCraft II,Enero,2016,"  6,567,126 horas","    73,753 horas","    7,133 streamers","   60,355 espectadores",    178 canales,"  8,838 espectadores",    99 canales
35,Rust,Abril,2016,"  1,482,614 horas","    49,774 horas","    5,929 streamers","   35,447 espectadores",    178 canales,"  2,062 espectadores",    69 canales
76,osu!,Octubre,2016,"    436,520 horas","    63,980 horas","   13,341 streamers",NA,    178 canales,    587 espectadores,    86 canales
45,Dungeons & Dragons,Marzo,2018,"  1,756,336 horas","    35,266 horas","    3,219 streamers","   47,909 espectadores",    178 canales,"  2,363 espectadores",    47 canales
73,Dungeons & Dragons,Diciembre,2018,"  1,331,742 horas","    30,082 horas","    3,225 streamers","   37,470 espectadores",    178 canales,"  1,792 espectadores",    40 canales
66,DayZ,Abril,2019,"  1,372,070 horas","    59,456 horas","    6,435 streamers","   29,260 espectadores",    178 canales,"  1,908 espectadores",    82 canales
44,The Elder Scrolls Online,Julio,2019,"  2,230,495 horas","    75,517 horas","    6,924 streamers","   26,418 espectadores",    178 canales,"  3,002 espectadores",   101 canales
65,MapleStory,Febrero,2020,"  1,523,815 horas","    58,159 horas","    4,303 streamers","   13,016 espectadores",    178 canales,"  2,192 espectadores",    83 canales
109,MapleStory,Marzo,2021,"  1,773,551 horas","    57,778 horas","    3,364 streamers","   44,176 espectadores",    178 canales,"  2,387 espectadores",    77 canales
106,The Elder Scrolls Online,Mayo,2022,"  1,615,496 horas","    69,595 horas","    7,315 streamers","   23,232 espectadores",    178 canales,"  2,174 espectadores",    93 canales
63,osu!,Marzo,2016,"    676,383 horas","    66,113 horas","   13,178 streamers","    7,338 espectadores",    179 canales,    910 espectadores,    88 canales
86,Euro Truck Simulator 2,Diciembre,2016,"    510,846 horas","    44,703 horas","    1,438 streamers","   21,213 espectadores",    179 canales,    687 espectadores,    60 canales
96,osu!,Julio,2017,"    520,598 horas","    78,573 horas","   17,291 streamers","    7,895 espectadores",    179 canales,NA,NA
92,Euro Truck Simulator 2,Septiembre,2017,"    448,114 horas","    46,273 horas","    5,696 streamers","   14,789 espectadores",    179 canales,    623 espectadores,    64 canales
42,Dungeons & Dragons,Febrero,2018,"  1,693,081 horas","    30,789 horas","    2,923 streamers",NA,    179 canales,"  2,523 espectadores",    45 canales
55,The Elder Scrolls Online,Agosto,2019,"  1,854,376 horas","    64,682 horas","    5,932 streamers","   17,328 espectadores",    179 canales,"  2,495 espectadores",    87 canales
103,The Sims 4,Agosto,2020,"  1,257,187 horas","    70,279 horas","   10,721 streamers","   17,057 espectadores",    179 canales,"  1,692 espectadores",NA
63,osu!,Febrero,2016,"    579,657 horas","    64,372 horas","   13,119 streamers",NA,    180 canales,    834 espectadores,    92 canales
24,Heroes of the Storm,Septiembre,2016,"  2,465,351 horas","    65,022 horas","    7,130 streamers","   13,484 espectadores",    180 canales,"  3,428 espectadores",    90 canales
67,osu!,Noviembre,2016,"    629,911 horas","    63,132 horas","   12,272 streamers",NA,    180 canales,    876 espectadores,    87 canales
49,Dungeons & Dragons,Junio,2018,"  1,784,683 horas","    38,426 horas","    3,435 streamers","   42,492 espectadores",    180 canales,NA,    53 canales
34,Talk Shows & Podcasts,Noviembre,2019,"  3,982,298 horas","    55,852 horas","    7,489 streamers","   98,403 espectadores",    180 canales,"  5,538 espectadores",NA
55,World of Warships,Febrero,2020,"  2,041,307 horas","    60,421 horas","    4,440 streamers","   12,756 espectadores",    180 canales,"  2,937 espectadores",    86 canales
63,Heroes of the Storm,Marzo,2020,"  1,813,029 horas","    73,306 horas","    6,535 streamers","    7,514 espectadores",    180 canales,"  2,440 espectadores",    98 canales
131,The Elder Scrolls Online,Noviembre,2021,"  1,327,010 horas","    71,938 horas","    5,043 streamers","   19,022 espectadores",    180 canales,"  1,845 espectadores",   100 canales
50,Clash Royale,Abril,2022,"  3,927,330 horas","    71,427 horas","   50,775 streamers","   52,968 espectadores",    180 canales,NA,    99 canales
10,Talk Shows & Podcasts,Abril,2016,"  6,623,058 horas","    54,802 horas","   11,123 streamers","   54,860 espectadores",    181 canales,"  9,211 espectadores",    76 canales
24,StarCraft II,Diciembre,2017,"  3,650,325 horas","    69,994 horas","    7,652 streamers","   15,737 espectadores",    181 canales,"  4,912 espectadores",    94 canales
42,The Elder Scrolls Online,Septiembre,2018,"  2,168,531 horas","    67,365 horas","    5,977 streamers",NA,    181 canales,"  3,016 espectadores",    93 canales
75,Dungeons & Dragons,Septiembre,2018,"    790,966 horas","    21,961 horas","    2,876 streamers","   38,597 espectadores",    181 canales,"  1,100 espectadores",    30 canales
67,MapleStory,Mayo,2020,"  2,402,346 horas","    73,873 horas","    3,964 streamers","   16,661 espectadores",    181 canales,"  3,233 espectadores",    99 canales
70,Magic: The Gathering,Enero,2022,"  3,577,083 horas","    62,336 horas","    7,145 streamers","   29,414 espectadores",    181 canales,"  4,814 espectadores",    83 canales
70,Magic: The Gathering,Septiembre,2023,"  3,149,523 horas","    54,116 horas","    5,803 streamers","   29,578 espectadores",    181 canales,"  4,380 espectadores",    75 canales
93,osu!,Agosto,2017,"    554,284 horas","    78,054 horas","   17,394 streamers","   17,536 espectadores",    182 canales,    746 espectadores,   105 canales
19,Poker,Febrero,2018,"  3,942,104 horas","    39,564 horas","    2,577 streamers","   30,678 espectadores",    182 canales,"  5,874 espectadores",    58 canales
21,Magic: The Gathering,Febrero,2020,"  6,452,345 horas","    64,787 horas","    6,288 streamers","  126,517 espectadores",    182 canales,NA,    93 canales
58,Games + Demos,Febrero,2021,"  3,530,992 horas","    62,223 horas","    8,685 streamers","   54,210 espectadores",    182 canales,"  5,262 espectadores",NA
148,The Elder Scrolls Online,Octubre,2022,"  1,105,922 horas","    67,680 horas","    6,808 streamers","   17,209 espectadores",    182 canales,"  1,488 espectadores",    91 canales
66,Magic: The Gathering,Junio,2023,"  2,801,942 horas","    50,346 horas","    6,001 streamers","   16,214 espectadores",    182 canales,"  3,896 espectadores",    70 canales
130,StarCraft II,Marzo,2024,"  1,339,342 horas","    29,392 horas","    2,618 streamers","   17,056 espectadores",    182 canales,"  1,802 espectadores",    39 canales
85,Magic: The Gathering,Septiembre,2024,"  2,330,951 horas","    49,956 horas","    5,736 streamers","   14,258 espectadores",    182 canales,"  3,241 espectadores",    69 canales
47,Rust,Octubre,2016,"    917,013 horas","    47,298 horas","    5,666 streamers","   11,664 espectadores",    183 canales,"  1,234 espectadores",    63 canales
20,StarCraft II,Noviembre,2017,"  4,847,448 horas","    64,628 horas","    8,046 streamers","  102,646 espectadores",    183 canales,"  6,741 espectadores",    89 canales
52,Dungeons & Dragons,Julio,2018,"  1,587,411 horas","    39,203 horas","    3,450 streamers","   43,534 espectadores",    183 canales,"  2,136 espectadores",    52 canales
55,Tibia,Septiembre,2019,"  1,678,332 horas","    69,361 horas","    4,060 streamers","    5,398 espectadores",    183 canales,"  2,334 espectadores",    96 canales
99,MapleStory,Junio,2021,"  1,865,697 horas","    62,138 horas","    3,456 streamers","   25,713 espectadores",    183 canales,"  2,594 espectadores",    86 canales
89,Super Mario 64,Marzo,2022,"  1,912,564 horas","    35,190 horas","    4,845 streamers","   48,731 espectadores",    183 canales,NA,    47 canales
54,osu!,Mayo,2016,"    625,484 horas","    65,453 horas","   13,758 streamers",NA,    184 canales,    841 espectadores,    88 canales
88,Warframe,Febrero,2017,"    495,028 horas","    65,830 horas","    9,768 streamers","   12,024 espectadores",    184 canales,    737 espectadores,NA
127,Euro Truck Simulator 2,Agosto,2017,"    337,224 horas","    49,817 horas","    6,257 streamers","   12,448 espectadores",    184 canales,    453 espectadores,    67 canales
29,Music,Diciembre,2017,"  3,069,400 horas","    87,837 horas","    6,629 streamers","   13,216 espectadores",    184 canales,NA,NA
56,Dungeons & Dragons,Noviembre,2018,"  1,514,619 horas","    32,065 horas","    3,289 streamers","   40,213 espectadores",    184 canales,"  2,106 espectadores",    44 canales
105,Heroes of the Storm,Abril,2021,"  1,922,919 horas","    71,715 horas","    5,338 streamers","    7,523 espectadores",    184 canales,"  2,674 espectadores",    99 canales
79,Warframe,Julio,2016,"    431,742 horas","    72,707 horas","   12,764 streamers","   30,385 espectadores",    185 canales,    581 espectadores,    97 canales
38,DayZ,Diciembre,2016,"  1,691,717 horas","    52,855 horas","    1,416 streamers","   24,298 espectadores",    185 canales,"  2,276 espectadores",    71 canales
16,Talk Shows & Podcasts,Abril,2017,"  5,389,283 horas","    57,646 horas","   10,493 streamers",NA,    185 canales,"  7,495 espectadores",    80 canales
47,Dungeons & Dragons,Abril,2018,"  1,507,693 horas","    36,126 horas","    3,316 streamers",NA,    185 canales,"  2,096 espectadores",    50 canales
31,Talk Shows & Podcasts,Abril,2019,"  4,187,971 horas","    70,882 horas","   12,269 streamers",NA,    185 canales,"  5,824 espectadores",    98 canales
58,Tibia,Abril,2019,"  1,754,742 horas","    71,327 horas","    3,999 streamers","    6,898 espectadores",    185 canales,"  2,440 espectadores",    99 canales
57,Tibia,Agosto,2019,"  1,800,658 horas","    72,379 horas","    4,157 streamers","    6,216 espectadores",    185 canales,NA,NA
41,Tibia,Noviembre,2019,"  2,997,276 horas","    69,661 horas","    4,322 streamers","   17,655 espectadores",    185 canales,"  4,168 espectadores",    96 canales
55,osu!,Junio,2016,"    539,678 horas","    63,517 horas","   12,806 streamers","   14,557 espectadores",    186 canales,    750 espectadores,    88 canales
82,Poker,Diciembre,2023,"  2,587,895 horas","    48,984 horas","    3,633 streamers","   30,721 espectadores",    186 canales,"  3,483 espectadores",NA
40,Rust,Septiembre,2017,"  1,342,937 horas","    54,278 horas","    6,295 streamers","   11,632 espectadores",    187 canales,"  1,867 espectadores",    75 canales
62,Retro,Febrero,2019,"  1,354,324 horas","    75,151 horas","    5,475 streamers","    8,549 espectadores",    187 canales,"  2,018 espectadores",   111 canales
40,Poker,Junio,2019,"  2,937,067 horas","    48,765 horas","    3,081 streamers","   14,379 espectadores",    187 canales,"  4,084 espectadores",    67 canales
44,Tibia,Diciembre,2019,"  2,713,082 horas","    77,711 horas","    4,643 streamers","   11,581 espectadores",    187 canales,NA,   104 canales
92,MapleStory,Febrero,2022,"  1,924,830 horas","    58,876 horas","    3,837 streamers","   16,678 espectadores",    187 canales,"  2,868 espectadores",    87 canales
78,Poker,Enero,2024,"  2,939,552 horas","    52,175 horas","    3,910 streamers","   18,987 espectadores",    187 canales,"  3,956 espectadores",    70 canales
85,Warframe,Mayo,2016,"    316,704 horas","    68,603 horas","   11,481 streamers","   11,362 espectadores",    188 canales,    426 espectadores,    92 canales
79,DayZ,Noviembre,2018,"  1,010,895 horas","    43,056 horas","    5,376 streamers","   34,062 espectadores",    188 canales,"  1,405 espectadores",    59 canales
71,MapleStory,Abril,2020,"  1,940,693 horas","    65,153 horas","    3,794 streamers","   25,285 espectadores",    188 canales,"  2,699 espectadores",    90 canales
66,Poker,Noviembre,2023,"  3,124,351 horas","    54,019 horas","    3,489 streamers","   15,897 espectadores",    188 canales,"  4,345 espectadores",    75 canales
104,Super Mario 64,Julio,2024,"  1,507,424 horas","    32,723 horas","    3,758 streamers",NA,    188 canales,"  2,028 espectadores",    44 canales
58,The Elder Scrolls Online,Agosto,2018,"  1,404,118 horas","    74,696 horas","    8,121 streamers",NA,    189 canales,"  1,889 espectadores",   100 canales
43,Path of Exile,Noviembre,2018,"  2,730,469 horas","    81,866 horas","    7,572 streamers","   23,786 espectadores",    189 canales,"  3,797 espectadores",   113 canales
38,Games + Demos,Enero,2020,"  3,926,158 horas","    45,725 horas","    7,960 streamers","   63,318 espectadores",    189 canales,"  5,284 espectadores",    61 canales
85,World of Warships,Noviembre,2021,"  2,531,772 horas","    60,233 horas","    3,507 streamers","   24,669 espectadores",    189 canales,"  3,521 espectadores",NA
117,The Elder Scrolls Online,Diciembre,2021,"  1,496,850 horas","    71,854 horas","    5,297 streamers",NA,    189 canales,NA,    96 canales
59,Poker,Mayo,2024,"  4,153,270 horas","    50,262 horas","    3,322 streamers","   36,845 espectadores",    189 canales,"  5,589 espectadores",    67 canales
53,The Elder Scrolls Online,Febrero,2019,"  1,624,235 horas","    63,501 horas","    6,219 streamers","   24,707 espectadores",    190 canales,"  2,420 espectadores",    94 canales
51,Heroes of the Storm,Marzo,2019,"  1,891,924 horas","    73,064 horas","    6,726 streamers","   13,775 espectadores",    190 canales,NA,    98 canales
22,Magic: The Gathering,Junio,2019,"  5,957,702 horas","    76,973 horas","    8,513 streamers","  126,961 espectadores",    190 canales,"  8,286 espectadores",NA
34,Poker,Julio,2019,"  3,379,425 horas","    52,986 horas","    3,120 streamers","   24,074 espectadores",    190 canales,"  4,548 espectadores",NA
51,Retro,Noviembre,2019,"  2,059,936 horas","    84,505 horas","    5,805 streamers","   15,790 espectadores",    190 canales,"  2,865 espectadores",   117 canales
59,Retro,Diciembre,2019,"  1,936,806 horas","    90,078 horas","    6,135 streamers","    8,609 espectadores",    190 canales,"  2,606 espectadores",   121 canales
88,Super Mario 64,Septiembre,2020,"  1,573,729 horas","    42,516 horas","    6,539 streamers","   23,505 espectadores",    190 canales,"  2,188 espectadores",NA
87,MapleStory,Mayo,2022,"  2,086,943 horas","    59,585 horas","    3,429 streamers","   19,291 espectadores",    190 canales,"  2,808 espectadores",    80 canales
47,The Sims 4,Noviembre,2017,"  1,350,255 horas","    36,488 horas","    7,492 streamers","   51,126 espectadores",    191 canales,"  1,877 espectadores",NA
24,Poker,Septiembre,2018,"  5,204,846 horas","    57,654 horas","    3,247 streamers","   37,456 espectadores",    191 canales,"  7,239 espectadores",    80 canales
59,Super Mario 64,Marzo,2021,"  3,998,886 horas","    48,909 horas","    5,660 streamers",NA,    191 canales,"  5,382 espectadores",NA
49,Magic: The Gathering,Octubre,2021,"  4,776,911 horas","    72,411 horas","    5,541 streamers","   64,986 espectadores",    191 canales,"  6,429 espectadores",    97 canales
79,Poker,Febrero,2024,"  2,827,860 horas","    50,144 horas","    3,577 streamers","   17,302 espectadores",    191 canales,"  4,068 espectadores",    72 canales
64,Poker,Septiembre,2024,"  3,459,490 horas","    47,059 horas","    2,957 streamers","   30,061 espectadores",    191 canales,"  4,811 espectadores",    65 canales
21,Heroes of the Storm,Octubre,2016,"  3,292,642 horas","    78,121 horas","    8,043 streamers","   41,122 espectadores",    192 canales,"  4,431 espectadores",   105 canales
84,7 Days to Die,Diciembre,2019,"  1,106,939 horas","    79,444 horas","    7,238 streamers","   27,020 espectadores",    192 canales,"  1,489 espectadores",   106 canales
118,The Elder Scrolls Online,Septiembre,2022,"  1,462,965 horas","    68,689 horas","    7,068 streamers","   55,102 espectadores",    192 canales,"  2,034 espectadores",    95 canales
82,Magic: The Gathering,Abril,2024,"  2,829,119 horas","    52,439 horas","    5,253 streamers","   28,547 espectadores",    192 canales,NA,    72 canales
59,Retro,Marzo,2019,"  1,576,945 horas","    88,293 horas","    6,366 streamers","    9,049 espectadores",    193 canales,"  2,122 espectadores",   118 canales
54,Retro,Julio,2019,"  1,528,356 horas","    83,170 horas","    6,047 streamers","    7,582 espectadores",    193 canales,NA,   111 canales
81,Heroes of the Storm,Octubre,2020,"  2,041,048 horas","    79,237 horas","    5,463 streamers","   22,098 espectadores",    193 canales,"  2,747 espectadores",NA
108,MapleStory,Diciembre,2021,"  1,708,207 horas","    60,111 horas","    2,887 streamers",NA,    193 canales,"  2,299 espectadores",    80 canales
77,World of Warships,Febrero,2022,"  2,667,757 horas","    59,650 horas","    5,212 streamers","   25,242 espectadores",    193 canales,"  3,975 espectadores",    88 canales
58,7 Days to Die,Octubre,2016,"    641,569 horas","    68,996 horas","    8,652 streamers","    5,308 espectadores",    194 canales,    863 espectadores,    92 canales
113,Euro Truck Simulator 2,Febrero,2018,"    386,473 horas","    47,867 horas","    6,866 streamers","   11,755 espectadores",    194 canales,    575 espectadores,NA
53,Heroes of the Storm,Abril,2019,"  1,801,826 horas","    78,625 horas","    7,331 streamers",NA,    194 canales,"  2,506 espectadores",   109 canales
54,Dungeons & Dragons,Agosto,2019,"  1,864,210 horas","    40,653 horas","    3,971 streamers","   57,307 espectadores",    194 canales,NA,    54 canales
71,MapleStory,Noviembre,2020,"  2,499,864 horas","    70,638 horas","    4,250 streamers",NA,    194 canales,"  3,476 espectadores",    98 canales
78,World of Warships,Junio,2021,"  2,567,372 horas","    61,906 horas","    4,011 streamers","   24,343 espectadores",    194 canales,"  3,570 espectadores",    86 canales
31,DayZ,Julio,2016,"  1,808,416 horas","    63,353 horas","    6,811 streamers","   11,892 espectadores",    195 canales,"  2,433 espectadores",    85 canales
87,osu!,Enero,2017,"    624,843 horas","    72,933 horas","   16,013 streamers","    5,804 espectadores",    195 canales,NA,    98 canales
15,Talk Shows & Podcasts,Febrero,2017,"  5,973,869 horas","    69,530 horas","   13,906 streamers","   46,130 espectadores",    195 canales,"  8,902 espectadores",   103 canales
75,osu!,Marzo,2017,"    547,613 horas","    73,045 horas","   12,770 streamers","    9,373 espectadores",    195 canales,    737 espectadores,    98 canales
83,Warframe,Marzo,2017,"    444,890 horas","    68,152 horas","    7,820 streamers","   10,791 espectadores",    195 canales,    598 espectadores,    91 canales
132,Euro Truck Simulator 2,Abril,2018,"    376,513 horas","    51,626 horas","    6,693 streamers","    8,183 espectadores",    195 canales,    523 espectadores,    71 canales
70,Dungeons & Dragons,Enero,2019,"  1,406,847 horas","    36,098 horas","    3,660 streamers","   41,094 espectadores",    195 canales,"  1,893 espectadores",    48 canales
74,Heroes of the Storm,Julio,2020,"  2,273,274 horas","    82,292 horas","    5,738 streamers","   14,726 espectadores",    195 canales,NA,   110 canales
61,World of Warships,Agosto,2020,"  2,889,577 horas","    76,034 horas","    4,526 streamers","   15,732 espectadores",    195 canales,"  3,889 espectadores",   102 canales
87,Poker,Abril,2024,"  2,457,529 horas","    49,348 horas","    3,409 streamers","   16,029 espectadores",    195 canales,"  3,417 espectadores",    68 canales
62,7 Days to Die,Junio,2017,"    878,596 horas","    65,034 horas","    7,909 streamers","   13,888 espectadores",    196 canales,"  1,221 espectadores",    90 canales
32,Music,Enero,2018,"  3,682,154 horas","   103,118 horas","    7,804 streamers","   16,982 espectadores",    196 canales,"  4,955 espectadores",   138 canales
49,Dungeons & Dragons,Mayo,2019,"  2,303,593 horas","    39,214 horas","    4,033 streamers","   65,819 espectadores",    196 canales,NA,    52 canales
54,Tibia,Mayo,2019,"  1,955,846 horas","    76,640 horas","    4,267 streamers","    6,550 espectadores",    196 canales,"  2,632 espectadores",   103 canales
58,Retro,Octubre,2019,"  1,506,233 horas","    88,089 horas","    6,095 streamers","    5,976 espectadores",    196 canales,NA,   118 canales
47,Games + Demos,Mayo,2020,"  4,063,876 horas","    64,196 horas","    9,358 streamers","   40,050 espectadores",    196 canales,"  5,469 espectadores",    86 canales
60,World of Warships,Junio,2020,"  2,482,727 horas","    68,118 horas","    4,230 streamers",NA,    196 canales,"  3,453 espectadores",    94 canales
88,MapleStory,Agosto,2022,"  2,368,419 horas","    74,017 horas","    4,284 streamers","   14,821 espectadores",    196 canales,"  3,187 espectadores",    99 canales
64,7 Days to Die,Septiembre,2016,"    448,301 horas","    66,628 horas","    9,429 streamers","    2,036 espectadores",    197 canales,    623 espectadores,    92 canales
88,The Sims 4,Febrero,2019,"    809,525 horas","    45,565 horas","    8,289 streamers","   13,286 espectadores",    197 canales,"  1,206 espectadores",NA
102,7 Days to Die,Febrero,2020,"    832,733 horas","    73,716 horas","    6,199 streamers","    5,467 espectadores",    197 canales,"  1,198 espectadores",   106 canales
78,World of Warships,Septiembre,2021,"  2,733,290 horas","    65,587 horas","    3,950 streamers",NA,    197 canales,NA,    91 canales
90,Warframe,Junio,2016,"    307,545 horas","    67,954 horas","   11,013 streamers","   10,718 espectadores",    198 canales,    427 espectadores,    94 canales
68,Warframe,Septiembre,2017,"    720,130 horas","    82,210 horas","   11,212 streamers","   25,270 espectadores",    198 canales,NA,   114 canales
45,DayZ,Mayo,2018,"  2,132,100 horas","    37,288 horas","    4,952 streamers","   79,522 espectadores",    198 canales,"  2,869 espectadores",    50 canales
67,The Sims 4,Junio,2018,"  1,141,399 horas","    39,937 horas","    7,256 streamers","   35,283 espectadores",    198 canales,"  1,587 espectadores",    55 canales
24,Talk Shows & Podcasts,Agosto,2018,"  5,214,228 horas","    49,978 horas","    8,595 streamers","  346,483 espectadores",    198 canales,"  7,017 espectadores",    67 canales
63,Dungeons & Dragons,Octubre,2019,"  1,342,951 horas","    39,154 horas","    3,776 streamers","   52,633 espectadores",    198 canales,"  1,807 espectadores",    52 canales
57,World of Warships,Diciembre,2020,"  3,411,814 horas","    77,748 horas","    4,202 streamers","   62,728 espectadores",    198 canales,NA,   104 canales
116,MapleStory,Abril,2021,"  1,694,026 horas","    50,587 horas","    2,899 streamers","   53,285 espectadores",    198 canales,NA,    70 canales
79,World of Warships,Agosto,2021,"  2,898,257 horas","    70,494 horas","    4,451 streamers","   31,930 espectadores",    198 canales,"  3,900 espectadores",NA
21,DayZ,Mayo,2016,"  4,109,116 horas","    64,421 horas","    6,866 streamers","   41,315 espectadores",    199 canales,"  5,530 espectadores",    86 canales
100,osu!,Octubre,2017,"    468,702 horas","    74,145 horas","   17,099 streamers","   10,785 espectadores",    199 canales,    630 espectadores,    99 canales
133,Euro Truck Simulator 2,Marzo,2018,"    321,501 horas","    50,580 horas","    6,880 streamers","    6,222 espectadores",    199 canales,    432 espectadores,    68 canales
49,Retro,Abril,2019,"  1,880,612 horas","    87,441 horas","    6,315 streamers",NA,    199 canales,"  2,615 espectadores",   121 canales
29,Talk Shows & Podcasts,Mayo,2019,"  4,733,507 horas","    69,518 horas","   11,779 streamers","   77,204 espectadores",    199 canales,NA,    93 canales
69,Retro,Junio,2019,"  1,398,834 horas","    85,184 horas","    6,303 streamers","    7,863 espectadores",    199 canales,"  1,945 espectadores",   118 canales
63,MapleStory,Septiembre,2020,"  2,962,510 horas","    71,324 horas","    4,810 streamers","   28,950 espectadores",    199 canales,"  4,120 espectadores",    99 canales
92,Heroes of the Storm,Noviembre,2020,"  1,775,270 horas","    73,031 horas","    5,470 streamers","    8,383 espectadores",    199 canales,NA,   101 canales
71,Magic: The Gathering,Agosto,2022,"  2,987,048 horas","    54,850 horas","    6,090 streamers","   31,403 espectadores",    199 canales,"  4,020 espectadores",    73 canales
52,The Elder Scrolls Online,Enero,2019,"  2,100,781 horas","    70,539 horas","    7,139 streamers","  151,951 espectadores",    200 canales,"  2,827 espectadores",NA
64,Retro,Agosto,2019,"  1,559,404 horas","    87,110 horas","    5,968 streamers","    6,981 espectadores",    200 canales,"  2,098 espectadores",   117 canales
56,The Elder Scrolls Online,Marzo,2020,"  2,102,807 horas","    71,605 horas","    6,076 streamers","   25,190 espectadores",    200 canales,"  2,830 espectadores",    96 canales
47,Path of Exile,Mayo,2016,"  1,118,968 horas","    38,867 horas","    3,185 streamers","   17,611 espectadores",    201 canales,"  1,506 espectadores",    52 canales
76,Heroes of the Storm,Septiembre,2020,"  1,943,502 horas","    83,245 horas","    5,942 streamers","    6,948 espectadores",    201 canales,"  2,703 espectadores",   115 canales
20,Magic: The Gathering,Marzo,2019,"  7,127,038 horas","    80,342 horas","    8,312 streamers","  155,987 espectadores",    202 canales,"  9,592 espectadores",   108 canales
38,Poker,Noviembre,2019,"  3,235,581 horas","    52,145 horas","    3,024 streamers","   21,144 espectadores",    202 canales,"  4,500 espectadores",    72 canales
54,The Elder Scrolls Online,Febrero,2020,"  2,070,471 horas","    72,555 horas","    6,179 streamers",NA,    202 canales,"  2,979 espectadores",   104 canales
59,World of Warships,Septiembre,2020,"  3,258,798 horas","    77,105 horas","    4,347 streamers","   21,742 espectadores",    202 canales,NA,   107 canales
9,Talk Shows & Podcasts,Noviembre,2016,"  7,632,798 horas","    70,422 horas","   13,719 streamers","   75,991 espectadores",    203 canales,NA,    97 canales
18,Talk Shows & Podcasts,Marzo,2017,"  5,618,472 horas","    65,967 horas","   11,542 streamers","  162,173 espectadores",    203 canales,"  7,561 espectadores",    88 canales
104,Euro Truck Simulator 2,Julio,2018,"    672,943 horas","    55,341 horas","    8,720 streamers","   33,179 espectadores",    203 canales,    905 espectadores,    74 canales
98,7 Days to Die,Enero,2020,"    968,474 horas","    83,832 horas","    7,268 streamers","    6,825 espectadores",    203 canales,"  1,303 espectadores",   112 canales
68,World of Warships,Noviembre,2020,"  2,603,755 horas","    72,500 horas","    4,157 streamers","   11,263 espectadores",    203 canales,"  3,621 espectadores",   100 canales
59,Magic: The Gathering,Noviembre,2022,"  3,126,344 horas","    52,239 horas","    5,821 streamers","   18,727 espectadores",    203 canales,"  4,348 espectadores",    72 canales
25,Path of Exile,Abril,2017,"  3,140,387 horas","    82,653 horas","    5,135 streamers","   18,980 espectadores",    204 canales,"  4,367 espectadores",NA
61,Dungeons & Dragons,Junio,2019,"  1,755,389 horas","    41,256 horas","    4,116 streamers","   58,233 espectadores",    204 canales,"  2,441 espectadores",    57 canales
48,Poker,Agosto,2022,"  5,187,995 horas","    65,393 horas","    4,422 streamers","   44,542 espectadores",    204 canales,"  6,982 espectadores",    88 canales
44,Rust,Mayo,2017,"  1,311,930 horas","    58,476 horas","    7,450 streamers","   13,749 espectadores",    205 canales,"  1,765 espectadores",    78 canales
15,Talk Shows & Podcasts,Agosto,2017,"  4,327,580 horas","    51,084 horas","   10,681 streamers",NA,    205 canales,"  5,824 espectadores",    68 canales
53,Heroes of the Storm,Enero,2019,"  2,035,372 horas","    86,637 horas","    8,619 streamers",NA,    205 canales,NA,   116 canales
53,The Elder Scrolls Online,Marzo,2019,"  1,819,193 horas","    73,762 horas","    6,916 streamers","   18,822 espectadores",    205 canales,"  2,448 espectadores",    99 canales
61,Retro,Mayo,2019,"  1,683,738 horas","    93,146 horas","    6,466 streamers","    7,994 espectadores",    205 canales,"  2,266 espectadores",NA
26,Poker,Septiembre,2019,"  4,953,806 horas","    56,330 horas","    3,088 streamers",NA,    205 canales,"  6,889 espectadores",    78 canales
71,Heroes of the Storm,Junio,2020,"  2,086,774 horas","    80,423 horas","    5,506 streamers","    8,647 espectadores",    205 canales,"  2,902 espectadores",   111 canales
62,World of Warships,Mayo,2021,"  3,821,336 horas","    74,553 horas","    4,757 streamers","   47,531 espectadores",    205 canales,"  5,143 espectadores",   100 canales
40,Path of Exile,Octubre,2017,"  1,975,274 horas","    76,268 horas","    6,399 streamers","   11,183 espectadores",    206 canales,"  2,658 espectadores",NA
57,Dungeons & Dragons,Julio,2019,"  1,368,061 horas","    40,079 horas","    3,972 streamers","   61,109 espectadores",    206 canales,NA,    53 canales
98,MapleStory,Julio,2021,"  1,874,826 horas","    66,939 horas","    3,728 streamers","   13,834 espectadores",    206 canales,"  2,523 espectadores",    90 canales
75,Warframe,Enero,2017,"    737,234 horas","    83,509 horas","   13,232 streamers","   14,258 espectadores",    207 canales,    992 espectadores,   112 canales
144,Euro Truck Simulator 2,Junio,2018,"    397,182 horas","    49,589 horas","    8,149 streamers",NA,    207 canales,    552 espectadores,    68 canales
51,Magic: The Gathering,Junio,2021,"  4,554,282 horas","    75,023 horas","    6,529 streamers","   21,659 espectadores",    207 canales,"  6,334 espectadores",   104 canales
53,Poker,Diciembre,2022,"  4,316,492 horas","    59,333 horas","    4,057 streamers","   68,123 espectadores",    207 canales,"  5,809 espectadores",    79 canales
31,Hearthstone,Octubre,2023," 10,449,691 horas","    90,887 horas","    8,861 streamers","   44,179 espectadores",    207 canales," 14,064 espectadores",   122 canales
29,Hearthstone,Febrero,2024," 10,995,332 horas","    91,674 horas","    8,865 streamers","   32,389 espectadores",    207 canales," 15,820 espectadores",   131 canales
83,osu!,Septiembre,2017,"    530,366 horas","    74,890 horas","   16,822 streamers","    8,947 espectadores",    208 canales,    737 espectadores,   104 canales
21,Talk Shows & Podcasts,Octubre,2018,"  5,415,710 horas","    79,571 horas","   17,413 streamers","   68,164 espectadores",    208 canales,"  7,288 espectadores",   107 canales
49,Tibia,Julio,2019,"  1,753,863 horas","    77,548 horas","    4,396 streamers","    7,455 espectadores",    208 canales,"  2,360 espectadores",   104 canales
69,Dungeons & Dragons,Septiembre,2019,"  1,284,940 horas","    38,207 horas","    3,886 streamers","   59,554 espectadores",    208 canales,"  1,787 espectadores",NA
94,Heroes of the Storm,Enero,2021,"  1,839,363 horas","    81,736 horas","    5,807 streamers","   12,897 espectadores",    208 canales,"  2,475 espectadores",NA
96,Heroes of the Storm,Marzo,2021,"  2,120,284 horas","    82,455 horas","    5,926 streamers","   12,308 espectadores",    208 canales,"  2,853 espectadores",   110 canales
63,Magic: The Gathering,Abril,2023,"  3,312,895 horas","    55,821 horas","    6,070 streamers",NA,    208 canales,"  4,607 espectadores",    77 canales
95,MapleStory,Febrero,2024,"  2,232,818 horas","    64,494 horas","    3,031 streamers","    9,371 espectadores",    208 canales,"  3,212 espectadores",NA
27,Music,Febrero,2018,"  3,269,288 horas","   106,699 horas","    7,667 streamers","   11,741 espectadores",    209 canales,"  4,872 espectadores",   159 canales
56,The Elder Scrolls Online,Junio,2018,"  1,482,147 horas","    80,931 horas","   10,181 streamers","   29,815 espectadores",    209 canales,"  2,061 espectadores",   112 canales
56,Retro,Enero,2020,"  2,149,714 horas","   100,601 horas","    6,771 streamers","   10,472 espectadores",    209 canales,"  2,893 espectadores",NA
115,The Sims 4,Octubre,2023,"  1,496,166 horas","    80,186 horas","   14,744 streamers",NA,    209 canales,"  2,013 espectadores",   107 canales
49,Dungeons & Dragons,Febrero,2019,"  1,701,716 horas","    36,687 horas","    3,764 streamers","   56,390 espectadores",    210 canales,"  2,536 espectadores",    54 canales
50,Games + Demos,Abril,2020,"  3,209,757 horas","    57,902 horas","    8,458 streamers","   53,929 espectadores",    210 canales,NA,    80 canales
74,The Sims 4,Mayo,2020,"  2,259,426 horas","    81,797 horas","   11,717 streamers","   31,223 espectadores",    210 canales,"  3,040 espectadores",   110 canales
46,Magic: The Gathering,Diciembre,2020,"  4,179,910 horas","    77,018 horas","    6,185 streamers","   42,987 espectadores",    210 canales,"  5,625 espectadores",   103 canales
62,Magic: The Gathering,Febrero,2023,"  3,385,519 horas","    53,959 horas","    6,267 streamers","   38,915 espectadores",    210 canales,"  5,045 espectadores",NA
19,Heroes of the Storm,Junio,2016,"  3,558,694 horas","    71,934 horas","    8,209 streamers",NA,    211 canales,"  4,949 espectadores",NA
30,Poker,Diciembre,2018,"  4,231,565 horas","    63,690 horas","    3,762 streamers","   34,327 espectadores",    211 canales,"  5,695 espectadores",NA
54,The Elder Scrolls Online,Enero,2020,"  2,246,992 horas","    75,859 horas","    7,146 streamers",NA,    211 canales,"  3,024 espectadores",   102 canales
103,The Sims 4,Marzo,2020,"    961,469 horas","    64,716 horas","   13,470 streamers","    7,582 espectadores",    211 canales,"  1,294 espectadores",    87 canales
63,Magic: The Gathering,Septiembre,2022,"  3,749,630 horas","    64,506 horas","    6,960 streamers","   16,341 espectadores",    212 canales,"  5,215 espectadores",    89 canales
156,The Elder Scrolls Online,Julio,2024,"    795,296 horas","    64,833 horas","    6,162 streamers",NA,    212 canales,"  1,070 espectadores",NA
77,Warframe,Marzo,2016,"    401,514 horas","    74,371 horas","   12,646 streamers","   13,526 espectadores",    213 canales,    540 espectadores,NA
98,The Elder Scrolls Online,Abril,2022,"  1,985,426 horas","    74,088 horas","    8,722 streamers","   62,197 espectadores",    213 canales,"  2,761 espectadores",   103 canales
80,osu!,Febrero,2017,"    589,139 horas","    70,532 horas","   14,754 streamers","   15,803 espectadores",    214 canales,    878 espectadores,NA
29,Poker,Marzo,2019,"  4,582,040 horas","    64,254 horas","    3,761 streamers","   26,349 espectadores",    214 canales,"  6,166 espectadores",NA
73,DayZ,Noviembre,2019,"  1,122,152 horas","    80,173 horas","    7,968 streamers","    7,313 espectadores",    214 canales,"  1,560 espectadores",   111 canales
92,The Sims 4,Abril,2020,"  1,349,806 horas","    76,927 horas","   12,011 streamers","   26,332 espectadores",    214 canales,"  1,877 espectadores",   106 canales
28,Poker,Febrero,2019,"  4,227,649 horas","    58,039 horas","    3,603 streamers","   31,582 espectadores",    215 canales,"  6,300 espectadores",    86 canales
23,Poker,Mayo,2019,"  5,652,929 horas","    56,838 horas","    3,437 streamers","   32,709 espectadores",    215 canales,"  7,608 espectadores",    76 canales
69,MapleStory,Agosto,2020,"  2,291,944 horas","    74,380 horas","    4,644 streamers",NA,    216 canales,"  3,084 espectadores",NA
61,World of Warships,Enero,2021,"  3,101,612 horas","    84,013 horas","    4,737 streamers",NA,    216 canales,"  4,174 espectadores",   113 canales
104,The Sims 4,Octubre,2021,"  1,676,529 horas","    85,176 horas","   12,887 streamers","   56,717 espectadores",    216 canales,"  2,256 espectadores",   114 canales
199,The Elder Scrolls Online,Agosto,2024,"    646,044 horas","    64,901 horas","    6,003 streamers","   10,999 espectadores",    216 canales,    869 espectadores,NA
33,Rust,Agosto,2016,"  1,638,739 horas","    60,075 horas","    7,210 streamers","   36,289 espectadores",    217 canales,"  2,205 espectadores",    80 canales
104,Euro Truck Simulator 2,Agosto,2018,"    632,217 horas","    61,200 horas","    8,729 streamers","   28,870 espectadores",    217 canales,    850 espectadores,    82 canales
53,Tibia,Febrero,2020,"  2,137,602 horas","    74,410 horas","    4,216 streamers","    8,529 espectadores",    217 canales,"  3,075 espectadores",   107 canales
82,Warframe,Abril,2016,"    349,327 horas","    69,858 horas","   11,500 streamers","   12,654 espectadores",    218 canales,    485 espectadores,    97 canales
27,Magic: The Gathering,Diciembre,2018,"  5,937,540 horas","    91,262 horas","   10,560 streamers","   39,841 espectadores",    218 canales,"  7,991 espectadores",   122 canales
119,The Elder Scrolls Online,Octubre,2021,"  1,391,644 horas","    80,704 horas","    5,540 streamers",NA,    218 canales,"  1,873 espectadores",   108 canales
65,Warframe,Enero,2016,"    593,909 horas","    84,869 horas","   14,361 streamers","   27,440 espectadores",    219 canales,    799 espectadores,   114 canales
42,Rust,Junio,2017,"  1,386,499 horas","    62,917 horas","    8,234 streamers","   10,757 espectadores",    219 canales,"  1,928 espectadores",    87 canales
42,The Elder Scrolls Online,Abril,2019,"  2,366,305 horas","    85,336 horas","    8,130 streamers","   22,789 espectadores",    219 canales,"  3,291 espectadores",   118 canales
51,Dungeons & Dragons,Abril,2019,"  1,873,547 horas","    39,050 horas","    4,047 streamers","   66,686 espectadores",    219 canales,NA,    54 canales
62,Tibia,Junio,2019,"  1,738,908 horas","    79,273 horas","    4,210 streamers",NA,    219 canales,"  2,418 espectadores",   110 canales
32,Poker,Diciembre,2019,"  4,004,733 horas","    56,123 horas","    3,301 streamers",NA,    219 canales,"  5,389 espectadores",    75 canales
64,Dungeons & Dragons,Enero,2020,"  1,793,666 horas","    40,239 horas","    4,001 streamers","   58,542 espectadores",    219 canales,"  2,414 espectadores",    54 canales
32,Poker,Febrero,2020,"  4,149,246 horas","    58,049 horas","    3,350 streamers","   38,080 espectadores",    220 canales,"  5,970 espectadores",    83 canales
62,World of Warships,Julio,2020,"  2,765,815 horas","    74,394 horas","    4,500 streamers","   18,090 espectadores",    220 canales,NA,   100 canales
75,MapleStory,Enero,2023,"  2,192,939 horas","    68,183 horas","    4,165 streamers","   13,440 espectadores",    220 canales,"  2,951 espectadores",NA
75,MapleStory,Septiembre,2023,"  2,781,638 horas","    76,008 horas","    3,917 streamers","   54,631 espectadores",    220 canales,"  3,868 espectadores",   105 canales
196,Heroes of the Storm,Marzo,2024,"    731,094 horas","    28,820 horas","    2,239 streamers","    9,858 espectadores",    220 canales,    983 espectadores,    38 canales
78,7 Days to Die,Diciembre,2018,"  1,172,994 horas","    80,431 horas","    7,266 streamers","   25,079 espectadores",    221 canales,"  1,578 espectadores",NA
55,Dungeons & Dragons,Marzo,2019,"  1,764,327 horas","    43,859 horas","    4,239 streamers","   64,017 espectadores",    221 canales,"  2,374 espectadores",NA
137,7 Days to Die,Abril,2020,"    759,550 horas","    85,636 horas","    6,446 streamers","   10,050 espectadores",    221 canales,"  1,056 espectadores",   119 canales
70,MapleStory,Julio,2020,"  2,430,995 horas","    83,290 horas","    5,248 streamers",NA,    221 canales,"  3,271 espectadores",   112 canales
113,The Sims 4,Junio,2024,"  1,327,434 horas","    81,490 horas","   15,368 streamers","   11,778 espectadores",    221 canales,"  1,846 espectadores",   113 canales
48,Path of Exile,Agosto,2019,"  2,323,274 horas","    81,605 horas","    6,719 streamers","   19,950 espectadores",    222 canales,"  3,126 espectadores",   109 canales
68,World of Warships,Febrero,2021,"  2,824,319 horas","    71,447 horas","    4,533 streamers","   15,909 espectadores",    222 canales,"  4,209 espectadores",   106 canales
127,The Elder Scrolls Online,Febrero,2022,"  1,094,691 horas","    70,792 horas","    8,352 streamers","    6,605 espectadores",    222 canales,"  1,631 espectadores",   105 canales
94,The Sims 4,Mayo,2024,"  2,196,987 horas","    83,769 horas","   15,587 streamers","   22,488 espectadores",    222 canales,"  2,956 espectadores",   112 canales
33,DayZ,Febrero,2016,"  1,958,480 horas","    63,496 horas","    5,873 streamers","   17,834 espectadores",    223 canales,"  2,817 espectadores",    91 canales
36,Poker,Abril,2019,"  3,623,460 horas","    52,805 horas","    3,531 streamers",NA,    223 canales,"  5,039 espectadores",    73 canales
36,Poker,Enero,2020,"  4,151,399 horas","    61,053 horas","    3,641 streamers","   20,363 espectadores",    223 canales,NA,    82 canales
98,Warframe,Febrero,2020,"    864,642 horas","    88,123 horas","    9,023 streamers",NA,    223 canales,NA,   126 canales
177,Warframe,Febrero,2022,"    683,431 horas","    86,238 horas","   11,555 streamers","   32,687 espectadores",    223 canales,"  1,018 espectadores",   128 canales
144,The Elder Scrolls Online,Septiembre,2023,"    909,477 horas","    68,166 horas","    6,197 streamers","   37,219 espectadores",    223 canales,"  1,264 espectadores",    94 canales
104,The Sims 4,Agosto,2024,"  1,869,957 horas","    87,931 horas","   16,288 streamers","   65,865 espectadores",    223 canales,"  2,516 espectadores",   118 canales
36,SMITE,Octubre,2017,"  2,359,661 horas","    93,036 horas","   10,955 streamers","   17,185 espectadores",    224 canales,"  3,175 espectadores",   125 canales
72,Poker,Octubre,2023,"  3,707,240 horas","    56,376 horas","    3,634 streamers","   28,287 espectadores",    224 canales,"  4,989 espectadores",NA
33,SMITE,Septiembre,2017,"  2,456,306 horas","    89,576 horas","   10,615 streamers",NA,    225 canales,"  3,416 espectadores",   124 canales
80,World of Warships,Marzo,2021,"  2,671,901 horas","    76,545 horas","    4,823 streamers","   26,690 espectadores",    225 canales,"  3,596 espectadores",   103 canales
114,The Elder Scrolls Online,Septiembre,2021,"  1,592,475 horas","    81,218 horas","    5,726 streamers","   23,511 espectadores",    225 canales,"  2,214 espectadores",   112 canales
49,Poker,Octubre,2022,"  4,616,478 horas","    68,418 horas","    4,380 streamers",NA,    225 canales,NA,    92 canales
181,7 Days to Die,Mayo,2023,"    699,186 horas","    90,699 horas","   10,625 streamers",NA,    225 canales,NA,   122 canales
175,The Elder Scrolls Online,Septiembre,2024,"    797,989 horas","    64,070 horas","    5,668 streamers","   20,196 espectadores",    225 canales,"  1,109 espectadores",    89 canales
58,Retro,Febrero,2020,"  1,856,447 horas","    99,725 horas","    6,920 streamers","    7,938 espectadores",    226 canales,"  2,671 espectadores",   143 canales
65,Poker,Agosto,2023,"  3,827,294 horas","    63,009 horas","    4,236 streamers","   26,503 espectadores",    226 canales,"  5,151 espectadores",    84 canales
98,The Sims 4,Septiembre,2023,"  1,672,869 horas","    82,428 horas","   15,660 streamers","   25,169 espectadores",    226 canales,"  2,326 espectadores",   114 canales
22,Magic: The Gathering,Octubre,2019,"  7,240,775 horas","    78,401 horas","    8,150 streamers","  118,164 espectadores",    227 canales,"  9,745 espectadores",   105 canales
127,Tibia,Noviembre,2021,"  1,394,482 horas","    75,314 horas","    3,356 streamers","    9,220 espectadores",    227 canales,"  1,939 espectadores",   104 canales
98,The Elder Scrolls Online,Julio,2022,"  1,929,513 horas","    86,814 horas","    8,933 streamers","   20,262 espectadores",    227 canales,NA,   116 canales
31,Hearthstone,Septiembre,2023," 11,864,003 horas","    96,812 horas","    9,418 streamers","   41,408 espectadores",    227 canales," 16,500 espectadores",   134 canales
144,Euro Truck Simulator 2,Junio,2019,"    468,179 horas","    54,866 horas","    8,413 streamers","    9,792 espectadores",    228 canales,NA,    76 canales
125,The Sims 4,Noviembre,2021,"  1,411,908 horas","    79,359 horas","   12,276 streamers","   50,257 espectadores",    228 canales,"  1,963 espectadores",NA
73,Heroes of the Storm,Abril,2020,"  1,893,895 horas","    85,835 horas","    6,368 streamers","   11,848 espectadores",    229 canales,"  2,634 espectadores",NA
108,The Elder Scrolls Online,Enero,2022,"  1,856,329 horas","    85,624 horas","    9,814 streamers",NA,    229 canales,NA,   115 canales
51,Tibia,Enero,2020,"  2,719,189 horas","    87,135 horas","    5,006 streamers","   12,472 espectadores",    230 canales,"  3,659 espectadores",NA
51,Dungeons & Dragons,Febrero,2020,"  2,164,248 horas","    42,731 horas","    4,292 streamers",NA,    230 canales,NA,NA
129,7 Days to Die,Marzo,2020,"    729,236 horas","    80,171 horas","    7,206 streamers",NA,    230 canales,    981 espectadores,NA
66,Poker,Julio,2022,"  3,605,323 horas","    64,370 horas","    4,308 streamers","   18,951 espectadores",    230 canales,"  4,852 espectadores",    86 canales
12,Talk Shows & Podcasts,Junio,2016,"  5,527,585 horas","    49,945 horas","   11,401 streamers",NA,    231 canales,"  7,687 espectadores",NA
44,Rust,Noviembre,2016,"  1,126,799 horas","    50,129 horas","    5,686 streamers","   26,533 espectadores",    231 canales,"  1,567 espectadores",NA
64,SMITE,Septiembre,2019,"  1,337,825 horas","    87,158 horas","   10,071 streamers","    8,756 espectadores",    231 canales,"  1,860 espectadores",   121 canales
78,The Elder Scrolls Online,Noviembre,2020,"  2,148,749 horas","    86,462 horas","    5,922 streamers","   21,296 espectadores",    231 canales,"  2,988 espectadores",   120 canales
146,Warframe,Junio,2022,"  1,006,060 horas","   100,856 horas","   12,635 streamers","   31,789 espectadores",    231 canales,"  1,399 espectadores",   140 canales
126,Euro Truck Simulator 2,Mayo,2018,"    429,536 horas","    55,910 horas","    7,972 streamers","   12,823 espectadores",    232 canales,    578 espectadores,    75 canales
51,DayZ,Octubre,2019,"  1,803,767 horas","    88,152 horas","    8,527 streamers","   26,056 espectadores",    232 canales,"  2,427 espectadores",   118 canales
52,Dungeons & Dragons,Noviembre,2019,"  1,968,176 horas","    38,717 horas","    3,874 streamers",NA,    232 canales,"  2,737 espectadores",NA
51,World of Warships,Abril,2020,"  3,185,105 horas","    74,954 horas","    4,595 streamers","   29,665 espectadores",    232 canales,"  4,429 espectadores",   104 canales
109,MapleStory,Marzo,2024,"  1,686,320 horas","    54,231 horas","    2,328 streamers","    9,654 espectadores",    232 canales,"  2,269 espectadores",    72 canales
62,SMITE,Octubre,2019,"  1,344,218 horas","    90,879 horas","    9,415 streamers","    8,025 espectadores",    233 canales,NA,NA
39,Poker,Mayo,2022,"  6,432,701 horas","    69,453 horas","    4,435 streamers",NA,    233 canales,"  8,657 espectadores",    93 canales
94,Path of Exile,Octubre,2022,"  1,946,432 horas","    60,778 horas","    4,219 streamers","   21,870 espectadores",    233 canales,"  2,619 espectadores",    81 canales
27,Hearthstone,Julio,2023," 11,530,092 horas","    91,985 horas","    9,249 streamers","   58,558 espectadores",    233 canales," 15,518 espectadores",   123 canales
46,Rust,Septiembre,2018,"  1,678,677 horas","    75,432 horas","    8,381 streamers","   20,314 espectadores",    234 canales,"  2,334 espectadores",   104 canales
61,Magic: The Gathering,Agosto,2021,"  4,186,694 horas","    81,175 horas","    6,767 streamers","   48,822 espectadores",    234 canales,"  5,634 espectadores",   109 canales
102,The Sims 4,Septiembre,2022,"  1,729,101 horas","    76,999 horas","   15,678 streamers","   53,228 espectadores",    234 canales,"  2,404 espectadores",   107 canales
60,Poker,Septiembre,2023,"  4,341,247 horas","    60,838 horas","    3,812 streamers","   51,271 espectadores",    234 canales,"  6,037 espectadores",NA
89,MapleStory,Octubre,2023,"  2,791,391 horas","    79,901 horas","    3,626 streamers","   41,824 espectadores",    234 canales,"  3,756 espectadores",   107 canales
71,Warframe,Agosto,2017,"    790,165 horas","   103,936 horas","   14,389 streamers","   12,242 espectadores",    235 canales,"  1,063 espectadores",   139 canales
89,Warframe,Enero,2020,"  1,055,309 horas","   100,002 horas","   10,504 streamers","   55,810 espectadores",    235 canales,"  1,420 espectadores",   134 canales
87,The Sims 4,Julio,2020,"  1,578,525 horas","    75,468 horas","   11,280 streamers","   22,232 espectadores",    235 canales,"  2,124 espectadores",   101 canales
98,osu!,Enero,2018,"    562,625 horas","    96,059 horas","   21,515 streamers","    5,111 espectadores",    236 canales,    757 espectadores,   129 canales
75,Warframe,Febrero,2016,"    428,426 horas","    84,002 horas","   13,464 streamers","   13,152 espectadores",    237 canales,    616 espectadores,   120 canales
34,Dead by Daylight,Abril,2017,"  1,873,199 horas","    84,841 horas","    6,398 streamers","    8,590 espectadores",    237 canales,"  2,605 espectadores",   117 canales
31,Path of Exile,Febrero,2019,"  3,289,610 horas","    74,386 horas","    6,259 streamers",NA,    237 canales,"  4,902 espectadores",   110 canales
65,DayZ,Septiembre,2019,"  1,335,575 horas","    85,643 horas","    8,087 streamers","   15,114 espectadores",    237 canales,NA,   119 canales
144,7 Days to Die,Octubre,2021,"    971,803 horas","    96,589 horas","    7,697 streamers",NA,    237 canales,NA,   129 canales
25,Hearthstone,Septiembre,2024," 10,770,515 horas","    92,902 horas","    8,864 streamers","   32,881 espectadores",    237 canales," 14,979 espectadores",   129 canales
166,Euro Truck Simulator 2,Mayo,2019,"    414,211 horas","    61,310 horas","    8,610 streamers","    3,998 espectadores",    238 canales,NA,NA
34,StarCraft II,Marzo,2020,"  4,255,219 horas","    70,958 horas","    6,087 streamers","   78,201 espectadores",    238 canales,"  5,727 espectadores",    95 canales
39,Poker,Mayo,2023,"  7,593,743 horas","    72,978 horas","    4,516 streamers","   52,716 espectadores",    238 canales," 10,220 espectadores",    98 canales
62,Warframe,Diciembre,2016,"    917,363 horas","    78,213 horas","    2,459 streamers","   22,910 espectadores",    239 canales,"  1,234 espectadores",   105 canales
78,MapleStory,Febrero,2021,"  2,311,577 horas","    75,930 horas","    4,500 streamers","   17,923 espectadores",    239 canales,"  3,444 espectadores",   113 canales
27,Hearthstone,Junio,2023," 10,180,879 horas","    89,715 horas","    9,100 streamers","   46,415 espectadores",    239 canales," 14,159 espectadores",   124 canales
41,SMITE,Diciembre,2017,"  2,120,435 horas","    99,368 horas","   11,649 streamers","   17,957 espectadores",    240 canales,"  2,853 espectadores",   133 canales
29,Magic: The Gathering,Julio,2018,"  3,512,827 horas","    50,943 horas","    5,832 streamers","   19,752 espectadores",    240 canales,"  4,727 espectadores",    68 canales
62,MapleStory,Enero,2020,"  1,853,144 horas","    62,434 horas","    5,303 streamers","   16,119 espectadores",    240 canales,NA,    84 canales
120,The Sims 4,Diciembre,2021,"  1,418,044 horas","    80,122 horas","   13,005 streamers",NA,    240 canales,"  1,908 espectadores",   107 canales
100,Tibia,Febrero,2022,"  1,516,876 horas","    79,190 horas","    4,433 streamers","    7,945 espectadores",    240 canales,"  2,260 espectadores",   118 canales
42,Poker,Enero,2023,"  5,545,176 horas","    70,050 horas","    4,536 streamers","   38,804 espectadores",    240 canales,NA,    94 canales
108,The Sims 4,Noviembre,2023,"  1,688,654 horas","    89,773 horas","   16,123 streamers","    9,695 espectadores",    240 canales,"  2,348 espectadores",   124 canales
87,The Sims 4,Septiembre,2019,"    786,917 horas","    44,450 horas","    8,368 streamers",NA,    241 canales,"  1,094 espectadores",    61 canales
41,Magic: The Gathering,Agosto,2020,"  4,690,291 horas","    91,496 horas","    6,859 streamers","   24,171 espectadores",    242 canales,"  6,312 espectadores",NA
83,MapleStory,Diciembre,2022,"  1,986,637 horas","    60,918 horas","    3,724 streamers","   31,559 espectadores",    242 canales,NA,    81 canales
104,Euro Truck Simulator 2,Septiembre,2018,"    542,589 horas","    57,824 horas","    8,662 streamers","   29,323 espectadores",    243 canales,    754 espectadores,    80 canales
39,Magic: The Gathering,Julio,2020,"  5,399,694 horas","    97,178 horas","    7,000 streamers","   21,089 espectadores",    243 canales,"  7,267 espectadores",   130 canales
45,Poker,Abril,2022,"  4,525,176 horas","    66,365 horas","    4,411 streamers","   25,078 espectadores",    243 canales,"  6,293 espectadores",    92 canales
26,Hearthstone,Marzo,2023," 11,389,572 horas","    96,347 horas","   10,592 streamers","   40,768 espectadores",    243 canales," 15,329 espectadores",NA
31,Hearthstone,Enero,2024," 10,899,914 horas","   101,802 horas","    9,651 streamers","   31,333 espectadores",    243 canales," 14,670 espectadores",   137 canales
96,Euro Truck Simulator 2,Mayo,2017,"    444,447 horas","    48,378 horas","    6,604 streamers","   10,525 espectadores",    244 canales,    598 espectadores,    65 canales
25,Rust,Febrero,2017,"  3,425,920 horas","    79,971 horas","    9,675 streamers","   50,790 espectadores",    245 canales,"  5,105 espectadores",NA
22,Magic: The Gathering,Noviembre,2018,"  7,080,953 horas","    93,919 horas","   11,102 streamers","   54,837 espectadores",    245 canales,"  9,848 espectadores",   130 canales
98,The Sims 4,Diciembre,2020,"  1,617,207 horas","    88,747 horas","   15,294 streamers","   33,657 espectadores",    245 canales,"  2,176 espectadores",NA
52,Poker,Junio,2023,"  3,942,743 horas","    65,792 horas","    4,176 streamers","   32,071 espectadores",    245 canales,"  5,483 espectadores",    91 canales
175,The Elder Scrolls Online,Octubre,2023,"    769,059 horas","    71,042 horas","    6,603 streamers","    4,824 espectadores",    245 canales,"  1,035 espectadores",    95 canales
180,The Elder Scrolls Online,Mayo,2024,"    751,186 horas","    76,352 horas","    6,971 streamers","    4,436 espectadores",    245 canales,"  1,011 espectadores",   102 canales
76,Warframe,Octubre,2019,"    944,033 horas","    81,768 horas","    8,299 streamers","   50,320 espectadores",    246 canales,"  1,270 espectadores",   110 canales
54,Poker,Junio,2021,"  4,350,567 horas","    65,734 horas","    3,550 streamers",NA,    246 canales,"  6,050 espectadores",    91 canales
96,The Sims 4,Mayo,2019,"    803,963 horas","    59,810 horas","   13,309 streamers","    9,742 espectadores",    247 canales,"  1,082 espectadores",    80 canales
73,MapleStory,Diciembre,2019,"  1,333,001 horas","    52,131 horas","    4,542 streamers","    8,756 espectadores",    247 canales,"  1,794 espectadores",    70 canales
172,7 Days to Die,Mayo,2020,"    703,934 horas","    93,498 horas","    7,066 streamers","    4,175 espectadores",    247 canales,NA,   125 canales
52,Poker,Julio,2021,"  4,481,058 horas","    70,464 horas","    3,731 streamers","   24,837 espectadores",    247 canales,"  6,031 espectadores",    94 canales
63,The Sims 4,Abril,2022,"  3,271,562 horas","    99,257 horas","   18,627 streamers","   87,543 espectadores",    247 canales,"  4,550 espectadores",   138 canales
120,The Elder Scrolls Online,Agosto,2022,"  1,459,246 horas","    74,356 horas","    8,246 streamers","   34,627 espectadores",    247 canales,"  1,963 espectadores",   100 canales
138,osu!,Julio,2024,"    952,811 horas","   105,223 horas","   20,130 streamers","   26,720 espectadores",    247 canales,"  1,282 espectadores",   141 canales
84,osu!,Febrero,2018,"    622,601 horas","    90,576 horas","   20,245 streamers","    9,940 espectadores",    248 canales,    927 espectadores,   134 canales
40,Talk Shows & Podcasts,Marzo,2020,"  3,743,993 horas","    76,960 horas","    9,903 streamers","   57,359 espectadores",    248 canales,NA,   103 canales
150,osu!,Junio,2024,"    844,337 horas","   101,043 horas","   19,609 streamers","    6,404 espectadores",    248 canales,"  1,174 espectadores",   140 canales
24,Music,Marzo,2018,"  4,356,688 horas","   134,935 horas","    9,143 streamers","   14,313 espectadores",    249 canales,"  5,863 espectadores",NA
67,SMITE,Agosto,2019,"  1,465,897 horas","    99,204 horas","   11,615 streamers","   10,497 espectadores",    249 canales,"  1,972 espectadores",   133 canales
54,Poker,Octubre,2021,"  4,197,311 horas","    74,072 horas","    3,504 streamers","   28,257 espectadores",    249 canales,"  5,649 espectadores",    99 canales
28,Heroes of the Storm,Mayo,2016,"  2,950,737 horas","    82,744 horas","   11,183 streamers","   26,765 espectadores",    250 canales,"  3,971 espectadores",   111 canales
14,Hearthstone,Julio,2019," 11,309,165 horas","    96,917 horas","   11,514 streamers","   70,561 espectadores",    250 canales," 15,220 espectadores",   130 canales
108,Euro Truck Simulator 2,Agosto,2019,"    546,525 horas","    63,617 horas","    9,040 streamers","   26,385 espectadores",    250 canales,NA,    85 canales
78,Path of Exile,Mayo,2024,"  2,797,320 horas","    77,626 horas","    4,495 streamers",NA,    250 canales,"  3,764 espectadores",   104 canales
29,SMITE,Junio,2017,"  2,797,609 horas","    99,337 horas","   13,585 streamers","   24,810 espectadores",    251 canales,"  3,890 espectadores",   138 canales
144,Euro Truck Simulator 2,Abril,2019,"    447,864 horas","    64,691 horas","    8,614 streamers",NA,    251 canales,    622 espectadores,    89 canales
79,The Elder Scrolls Online,Diciembre,2020,"  2,258,462 horas","    94,068 horas","    6,811 streamers","   29,125 espectadores",    251 canales,"  3,039 espectadores",   126 canales
52,Poker,Febrero,2022,"  4,443,009 horas","    67,442 horas","    4,762 streamers","   33,426 espectadores",    251 canales,"  6,621 espectadores",   100 canales
169,Warframe,Marzo,2022,"    751,701 horas","    84,613 horas","   11,063 streamers","   48,531 espectadores",    251 canales,"  1,011 espectadores",NA
62,Magic: The Gathering,Abril,2022,"  3,321,535 horas","    59,283 horas","    6,519 streamers","   27,522 espectadores",    251 canales,"  4,619 espectadores",    82 canales
23,Hearthstone,Octubre,2022," 13,437,631 horas","   105,587 horas","   10,937 streamers","   49,186 espectadores",    251 canales,NA,   142 canales
53,SMITE,Octubre,2018,"  1,557,084 horas","    92,020 horas","   11,146 streamers","    7,451 espectadores",    252 canales,"  2,095 espectadores",   123 canales
147,The Elder Scrolls Online,Noviembre,2023,"  1,087,322 horas","    75,950 horas","    7,097 streamers",NA,    252 canales,"  1,512 espectadores",   105 canales
19,Heroes of the Storm,Diciembre,2016,"  4,437,304 horas","   110,852 horas","    3,609 streamers",NA,    253 canales,NA,   149 canales
17,Heroes of the Storm,Enero,2017,"  5,488,695 horas","   111,925 horas","   11,915 streamers","   32,608 espectadores",    253 canales,"  7,387 espectadores",   150 canales
62,Warframe,Enero,2018,"    963,805 horas","   112,276 horas","   14,078 streamers","   37,283 espectadores",    253 canales,"  1,297 espectadores",   151 canales
68,Warframe,Marzo,2018,"    983,379 horas","   104,869 horas","   13,796 streamers","   32,493 espectadores",    253 canales,"  1,323 espectadores",   141 canales
127,Euro Truck Simulator 2,Septiembre,2019,"    472,285 horas","    57,687 horas","    8,075 streamers","   20,994 espectadores",    253 canales,    656 espectadores,    80 canales
83,The Elder Scrolls Online,Octubre,2020,"  2,000,336 horas","   101,350 horas","    6,569 streamers",NA,    253 canales,"  2,692 espectadores",   136 canales
115,The Elder Scrolls Online,Mayo,2021,"  1,560,438 horas","   101,685 horas","    7,296 streamers","   16,216 espectadores",    253 canales,"  2,100 espectadores",   136 canales
105,The Sims 4,Enero,2022,"  1,930,214 horas","    99,292 horas","   20,892 streamers","   24,017 espectadores",    253 canales,NA,   133 canales
40,Rust,Marzo,2017,"  1,677,769 horas","    74,797 horas","    7,058 streamers","   12,866 espectadores",    254 canales,"  2,258 espectadores",   100 canales
101,Euro Truck Simulator 2,Octubre,2018,"    721,184 horas","    60,499 horas","    8,460 streamers","   27,282 espectadores",    254 canales,    970 espectadores,    81 canales
43,Poker,Agosto,2021,"  6,260,508 horas","    73,530 horas","    3,932 streamers",NA,    254 canales,"  8,425 espectadores",    98 canales
105,Tibia,Diciembre,2021,"  1,791,966 horas","    80,584 horas","    3,483 streamers","   15,533 espectadores",    254 canales,"  2,411 espectadores",   108 canales
39,Poker,Septiembre,2022,"  6,467,187 horas","    68,637 horas","    4,472 streamers","   71,390 espectadores",    254 canales,"  8,994 espectadores",    95 canales
21,Rust,Julio,2016,"  3,139,888 horas","    59,514 horas","    7,159 streamers",NA,    255 canales,NA,    80 canales
49,SMITE,Septiembre,2018,"  1,485,138 horas","   100,920 horas","   12,035 streamers",NA,    255 canales,"  2,065 espectadores",   140 canales
51,Poker,Noviembre,2021,"  4,738,835 horas","    73,768 horas","    3,296 streamers","   26,500 espectadores",    255 canales,"  6,590 espectadores",NA
63,The Sims 4,Mayo,2022,"  3,283,310 horas","   100,643 horas","   18,992 streamers",NA,    255 canales,"  4,418 espectadores",   135 canales
129,The Elder Scrolls Online,Marzo,2023,"  1,142,741 horas","    78,631 horas","    7,676 streamers","    7,104 espectadores",    255 canales,"  1,538 espectadores",   105 canales
86,MapleStory,Mayo,2023,"  1,984,597 horas","    59,549 horas","    2,831 streamers",NA,    255 canales,"  2,671 espectadores",    80 canales
166,The Elder Scrolls Online,Febrero,2024,"    882,603 horas","    74,308 horas","    6,849 streamers","    5,813 espectadores",    255 canales,"  1,269 espectadores",   106 canales
20,Heroes of the Storm,Febrero,2016,"  3,206,091 horas","    98,591 horas","   12,483 streamers","   37,268 espectadores",    256 canales,"  4,613 espectadores",NA
27,SMITE,Julio,2017,"  2,608,455 horas","   114,792 horas","   14,294 streamers",NA,    256 canales,"  3,510 espectadores",   154 canales
126,The Elder Scrolls Online,Enero,2023,"  1,095,668 horas","    75,823 horas","    8,775 streamers","  108,479 espectadores",    256 canales,"  1,474 espectadores",   102 canales
58,Retro,Marzo,2020,"  2,022,025 horas","   112,050 horas","    7,641 streamers","   12,597 espectadores",    257 canales,"  2,721 espectadores",   150 canales
52,Magic: The Gathering,Marzo,2021,"  5,274,696 horas","   100,576 horas","    8,070 streamers","   41,709 espectadores",    257 canales,"  7,099 espectadores",   135 canales
97,Tibia,Enero,2022,"  2,100,129 horas","    92,375 horas","    4,999 streamers","    9,074 espectadores",    257 canales,"  2,826 espectadores",   124 canales
155,7 Days to Die,Marzo,2023,"    895,305 horas","   104,163 horas","   12,689 streamers","   15,456 espectadores",    257 canales,"  1,204 espectadores",NA
134,The Elder Scrolls Online,Enero,2024,"  1,115,279 horas","    82,335 horas","    8,115 streamers","  101,666 espectadores",    257 canales,"  1,501 espectadores",   110 canales
22,Heroes of the Storm,Marzo,2016,"  3,611,612 horas","   104,476 horas","   12,413 streamers","   43,138 espectadores",    258 canales,"  4,860 espectadores",   140 canales
76,Warframe,Septiembre,2019,"  1,015,175 horas","    98,019 horas","   10,659 streamers","   22,532 espectadores",    258 canales,"  1,411 espectadores",   136 canales
39,Poker,Noviembre,2022,"  5,546,299 horas","    64,731 horas","    4,208 streamers","   55,253 espectadores",    258 canales,NA,    90 canales
108,The Elder Scrolls Online,Abril,2023,"  1,461,911 horas","    94,820 horas","    9,468 streamers","   50,077 espectadores",    258 canales,NA,   131 canales
82,The Elder Scrolls Online,Julio,2021,"  2,441,553 horas","    98,655 horas","    7,232 streamers","   24,511 espectadores",    259 canales,NA,   132 canales
60,RimWorld,Octubre,2022,"  3,673,909 horas","    51,976 horas","    4,412 streamers","   44,934 espectadores",    259 canales,"  4,944 espectadores",    69 canales
47,MapleStory,Agosto,2023,"  5,816,772 horas","    93,752 horas","    4,781 streamers","   68,796 espectadores",    259 canales,"  7,828 espectadores",   126 canales
24,Music,Abril,2018,"  4,035,309 horas","   141,954 horas","    9,555 streamers","   29,341 espectadores",    260 canales,"  5,612 espectadores",   197 canales
60,Rust,Mayo,2018,"  1,310,796 horas","    67,873 horas","    8,261 streamers","   14,839 espectadores",    260 canales,"  1,764 espectadores",NA
79,The Sims 4,Junio,2019,"  1,084,276 horas","    65,081 horas","   12,273 streamers","   21,971 espectadores",    260 canales,"  1,508 espectadores",NA
36,Talk Shows & Podcasts,Abril,2020,"  5,169,699 horas","    98,350 horas","   10,272 streamers","   52,404 espectadores",    260 canales,"  7,190 espectadores",   136 canales
77,The Sims 4,Mayo,2023,"  2,289,616 horas","   103,248 horas","   19,627 streamers","   20,380 espectadores",    260 canales,"  3,081 espectadores",   138 canales
184,osu!,Septiembre,2024,"    732,886 horas","    97,713 horas","   18,357 streamers","    5,804 espectadores",    261 canales,"  1,019 espectadores",   135 canales
32,Rocket League,Julio,2016,"  1,790,879 horas","   110,279 horas","   34,945 streamers",NA,    262 canales,"  2,410 espectadores",   148 canales
34,Rust,Noviembre,2017,"  2,759,254 horas","    70,054 horas","    8,394 streamers","   56,947 espectadores",    262 canales,"  3,837 espectadores",    97 canales
26,Talk Shows & Podcasts,Diciembre,2018,"  6,316,500 horas","    73,117 horas","   15,229 streamers","   92,525 espectadores",    262 canales,"  8,501 espectadores",    98 canales
71,Warframe,Noviembre,2019,"  1,151,095 horas","    99,125 horas","   10,159 streamers","   52,932 espectadores",    262 canales,"  1,600 espectadores",   137 canales
162,Dungeons & Dragons,Diciembre,2023,"    858,790 horas","    44,731 horas","    5,532 streamers","   22,032 espectadores",    262 canales,"  1,155 espectadores",    60 canales
165,osu!,Mayo,2024,"    846,359 horas","   101,784 horas","   20,140 streamers","    8,456 espectadores",    262 canales,NA,NA
18,Hearthstone,Marzo,2022," 17,583,425 horas","   120,009 horas","   12,285 streamers",NA,    263 canales," 23,665 espectadores",   161 canales
157,Dungeons & Dragons,Agosto,2024,"    943,127 horas","    49,998 horas","    5,856 streamers","   15,248 espectadores",    263 canales,NA,    67 canales
89,osu!,Junio,2018,"    789,769 horas","   110,546 horas","   25,383 streamers","    9,140 espectadores",    264 canales,"  1,098 espectadores",   153 canales
38,Rust,Diciembre,2017,"  2,365,322 horas","    86,938 horas","   10,608 streamers",NA,    265 canales,"  3,183 espectadores",   117 canales
47,SMITE,Noviembre,2018,"  2,221,585 horas","    95,623 horas","   11,510 streamers","   29,167 espectadores",    265 canales,"  3,089 espectadores",   132 canales
45,World of Tanks,Julio,2024,"  5,828,565 horas","    95,112 horas","    7,857 streamers","   39,679 espectadores",    265 canales,"  7,844 espectadores",   128 canales
45,7 Days to Die,Julio,2017,"  1,574,763 horas","    94,377 horas","   10,547 streamers","   29,245 espectadores",    266 canales,"  2,119 espectadores",   127 canales
112,Euro Truck Simulator 2,Enero,2019,"    750,647 horas","    71,109 horas","   10,364 streamers","   31,468 espectadores",    266 canales,"  1,010 espectadores",    95 canales
23,Magic: The Gathering,Febrero,2019,"  6,103,659 horas","    87,031 horas","    8,979 streamers","   60,503 espectadores",    266 canales,"  9,096 espectadores",   129 canales
66,The Elder Scrolls Online,Septiembre,2020,"  2,609,523 horas","   101,938 horas","    6,986 streamers","   59,777 espectadores",    266 canales,"  3,629 espectadores",   141 canales
42,Magic: The Gathering,Octubre,2020,"  4,895,808 horas","    87,988 horas","    6,643 streamers","   31,687 espectadores",    266 canales,"  6,589 espectadores",   118 canales
89,The Sims 4,Junio,2023,"  1,606,174 horas","    97,794 horas","   18,836 streamers","   18,020 espectadores",    266 canales,"  2,233 espectadores",   136 canales
152,The Elder Scrolls Online,Agosto,2023,"    938,464 horas","    87,392 horas","    9,083 streamers","   22,275 espectadores",    266 canales,NA,   117 canales
138,osu!,Septiembre,2023,"    945,628 horas","   109,807 horas","   21,988 streamers",NA,    266 canales,"  1,315 espectadores",NA
146,osu!,Diciembre,2023,"  1,043,522 horas","   113,558 horas","   22,728 streamers","   29,955 espectadores",    266 canales,"  1,404 espectadores",   152 canales
66,SMITE,Diciembre,2019,"  1,601,116 horas","   102,314 horas","   11,483 streamers","    5,349 espectadores",    267 canales,"  2,154 espectadores",   137 canales
50,Magic: The Gathering,Noviembre,2020,"  4,130,657 horas","    81,771 horas","    6,453 streamers","   17,985 espectadores",    267 canales,"  5,745 espectadores",   113 canales
49,Magic: The Gathering,Mayo,2021,"  5,111,085 horas","    93,660 horas","    7,731 streamers","   31,456 espectadores",    267 canales,"  6,878 espectadores",   126 canales
123,7 Days to Die,Julio,2022,"  1,432,254 horas","   119,717 horas","   13,798 streamers",NA,    267 canales,"  1,927 espectadores",   161 canales
149,Dungeons & Dragons,Mayo,2024,"  1,006,576 horas","    52,411 horas","    5,995 streamers",NA,    267 canales,"  1,354 espectadores",    70 canales
133,Dungeons & Dragons,Julio,2024,"    998,435 horas","    50,181 horas","    5,839 streamers",NA,    267 canales,"  1,343 espectadores",    67 canales
29,SMITE,Agosto,2017,"  2,380,087 horas","   112,601 horas","   13,505 streamers","   20,349 espectadores",    268 canales,"  3,203 espectadores",   151 canales
69,Euro Truck Simulator 2,Diciembre,2017,"    834,983 horas","    74,740 horas","    9,315 streamers","   31,873 espectadores",    268 canales,"  1,123 espectadores",   100 canales
21,Music,Mayo,2018,"  4,721,308 horas","   150,433 horas","    9,876 streamers","   19,525 espectadores",    268 canales,"  6,354 espectadores",   202 canales
85,osu!,Mayo,2018,"    765,148 horas","   112,082 horas","   24,900 streamers",NA,    268 canales,NA,   150 canales
73,RimWorld,Abril,2024,"  3,341,108 horas","    62,391 horas","    4,653 streamers","   26,725 espectadores",    269 canales,"  4,646 espectadores",    86 canales
88,SMITE,Junio,2024,"  1,769,405 horas","    87,259 horas","    9,704 streamers","    7,344 espectadores",    269 canales,NA,   121 canales
21,Heroes of the Storm,Marzo,2017,"  4,766,619 horas","   113,655 horas","   10,014 streamers","   41,781 espectadores",    270 canales,"  6,415 espectadores",   152 canales
118,Euro Truck Simulator 2,Febrero,2019,"    542,484 horas","    62,439 horas","    8,385 streamers","    5,844 espectadores",    270 canales,NA,    93 canales
34,Path of Exile,Octubre,2019,"  3,322,353 horas","   108,311 horas","    6,876 streamers","   13,174 espectadores",    270 canales,"  4,471 espectadores",   145 canales
43,7 Days to Die,Octubre,2019,"  2,392,372 horas","    97,946 horas","    7,524 streamers","   19,611 espectadores",    270 canales,NA,   131 canales
82,The Sims 4,Enero,2023,"  1,930,358 horas","   101,105 horas","   21,955 streamers","   46,505 espectadores",    270 canales,"  2,598 espectadores",   136 canales
76,MapleStory,Febrero,2023,"  2,357,431 horas","    54,063 horas","    3,234 streamers","   26,751 espectadores",    270 canales,"  3,513 espectadores",NA
129,osu!,Julio,2023,"  1,177,698 horas","   117,310 horas","   24,127 streamers","   30,581 espectadores",    270 canales,"  1,585 espectadores",NA
8,Talk Shows & Podcasts,Diciembre,2016,"  8,466,074 horas","    75,155 horas","    4,732 streamers","  242,891 espectadores",    271 canales," 11,394 espectadores",NA
26,Talk Shows & Podcasts,Marzo,2019,"  5,548,386 horas","    75,737 horas","   14,001 streamers","  295,875 espectadores",    271 canales,"  7,467 espectadores",   101 canales
45,Poker,Febrero,2023,"  5,040,170 horas","    64,765 horas","    4,314 streamers","   55,674 espectadores",    271 canales,"  7,511 espectadores",    96 canales
109,The Sims 4,Febrero,2024,"  1,752,201 horas","    90,455 horas","   16,667 streamers","   31,436 espectadores",    271 canales,"  2,521 espectadores",   130 canales
168,osu!,Febrero,2024,"    864,179 horas","   107,779 horas","   21,493 streamers","   27,587 espectadores",    271 canales,"  1,243 espectadores",   155 canales
189,7 Days to Die,Febrero,2024,"    689,676 horas","    83,871 horas","    9,914 streamers","    7,989 espectadores",    271 canales,    992 espectadores,   120 canales
190,osu!,Abril,2024,"    724,128 horas","    98,503 horas","   19,819 streamers","    5,407 espectadores",    271 canales,"  1,007 espectadores",   137 canales
11,Dead by Daylight,Septiembre,2016,"  4,713,543 horas","   111,471 horas","   10,589 streamers","   24,700 espectadores",    272 canales,"  6,555 espectadores",   155 canales
162,7 Days to Die,Abril,2023,"    888,117 horas","   107,752 horas","   12,520 streamers","   14,036 espectadores",    272 canales,"  1,235 espectadores",   149 canales
71,Warframe,Febrero,2019,"  1,090,074 horas","   105,765 horas","   12,503 streamers","   47,085 espectadores",    273 canales,"  1,624 espectadores",   157 canales
87,DayZ,Marzo,2020,"  1,174,659 horas","    95,072 horas","    9,339 streamers","    9,120 espectadores",    273 canales,"  1,580 espectadores",   127 canales
45,Poker,Mayo,2021,"  5,623,616 horas","    80,399 horas","    4,416 streamers","   28,770 espectadores",    273 canales,"  7,568 espectadores",   108 canales
143,The Elder Scrolls Online,Mayo,2023,"  1,101,997 horas","    85,333 horas","    7,987 streamers","   10,385 espectadores",    273 canales,"  1,483 espectadores",   114 canales
76,MapleStory,Diciembre,2023,"  2,712,325 horas","    88,915 horas","    4,327 streamers","   35,982 espectadores",    273 canales,"  3,650 espectadores",   119 canales
26,SMITE,Septiembre,2016,"  1,975,136 horas","   108,497 horas","   16,773 streamers","   17,585 espectadores",    274 canales,"  2,747 espectadores",   150 canales
56,Retro,Junio,2020,"  2,715,304 horas","   120,347 horas","    8,118 streamers","   10,679 espectadores",    274 canales,"  3,776 espectadores",   167 canales
43,Poker,Octubre,2020,"  4,681,000 horas","    77,258 horas","    3,922 streamers","   36,036 espectadores",    274 canales,NA,   103 canales
21,Hearthstone,Julio,2022," 14,393,400 horas","   117,347 horas","   11,506 streamers","   63,532 espectadores",    274 canales," 19,372 espectadores",   157 canales
129,Dungeons & Dragons,Agosto,2023,"  1,145,728 horas","    55,154 horas","    6,132 streamers","   26,201 espectadores",    274 canales,"  1,542 espectadores",    74 canales
68,MapleStory,Noviembre,2023,"  3,074,349 horas","    89,442 horas","    4,116 streamers","   34,227 espectadores",    274 canales,"  4,275 espectadores",   124 canales
147,Dungeons & Dragons,Junio,2024,"    886,659 horas","    53,230 horas","    6,056 streamers","   16,985 espectadores",    274 canales,"  1,233 espectadores",    74 canales
25,Heroes of the Storm,Septiembre,2018,"  4,867,110 horas","   120,568 horas","   11,735 streamers","   32,096 espectadores",    275 canales,"  6,769 espectadores",   167 canales
38,Poker,Septiembre,2021,"  6,437,639 horas","    74,303 horas","    3,917 streamers","   53,586 espectadores",    275 canales,"  8,953 espectadores",   103 canales
91,Tibia,Marzo,2022,"  1,871,551 horas","    97,832 horas","    4,716 streamers","    6,825 espectadores",    275 canales,"  2,518 espectadores",   131 canales
23,Hearthstone,Noviembre,2022," 13,890,197 horas","   105,031 horas","   11,522 streamers",NA,    275 canales,NA,   146 canales
133,The Elder Scrolls Online,Abril,2024,"  1,254,447 horas","    87,281 horas","    8,294 streamers","   22,216 espectadores",    275 canales,NA,   121 canales
23,World of Tanks,Julio,2017,"  3,069,563 horas","   102,916 horas","    9,856 streamers","   15,429 espectadores",    276 canales,"  4,131 espectadores",   138 canales
11,Heroes of the Storm,Agosto,2017,"  5,158,911 horas","   124,747 horas","   13,678 streamers","   38,237 espectadores",    276 canales,"  6,943 espectadores",NA
75,osu!,Julio,2018,"  1,084,762 horas","   123,865 horas","   27,119 streamers","   24,897 espectadores",    276 canales,NA,   166 canales
25,Hearthstone,Mayo,2024," 13,006,503 horas","   113,626 horas","   10,369 streamers","   52,673 espectadores",    276 canales," 17,505 espectadores",   152 canales
91,osu!,Marzo,2018,"    635,557 horas","   103,424 horas","   22,513 streamers","   14,877 espectadores",    277 canales,    855 espectadores,   139 canales
45,Poker,Marzo,2022,"  4,467,608 horas","    66,904 horas","    4,484 streamers","   29,134 espectadores",    277 canales,"  6,012 espectadores",    90 canales
137,osu!,Agosto,2023,"  1,050,292 horas","   117,233 horas","   23,453 streamers","    7,188 espectadores",    277 canales,"  1,413 espectadores",   157 canales
135,osu!,Noviembre,2023,"  1,184,467 horas","   105,457 horas","   21,201 streamers","   17,113 espectadores",    277 canales,"  1,647 espectadores",   146 canales
163,Dungeons & Dragons,Septiembre,2024,"    850,378 horas","    50,772 horas","    5,967 streamers","   15,059 espectadores",    277 canales,"  1,182 espectadores",    70 canales
50,SMITE,Noviembre,2019,"  2,092,933 horas","    96,385 horas","   10,435 streamers","   46,442 espectadores",    278 canales,"  2,910 espectadores",   134 canales
30,Dead by Daylight,Febrero,2017,"  2,372,587 horas","   102,364 horas","    8,708 streamers","   33,609 espectadores",    279 canales,"  3,535 espectadores",   152 canales
17,Talk Shows & Podcasts,Septiembre,2017,"  4,570,403 horas","    43,728 horas","    9,154 streamers","   76,251 espectadores",    279 canales,"  6,356 espectadores",    60 canales
25,Heroes of the Storm,Octubre,2018,"  4,652,083 horas","   126,220 horas","   12,537 streamers","   50,214 espectadores",    279 canales,NA,   169 canales
112,The Sims 4,Septiembre,2021,"  1,613,632 horas","    94,972 horas","   14,459 streamers","   14,499 espectadores",    279 canales,NA,NA
102,Tibia,Octubre,2021,"  1,719,924 horas","    96,544 horas","    3,910 streamers",NA,    279 canales,"  2,314 espectadores",NA
98,The Sims 4,Agosto,2023,"  1,803,316 horas","    97,607 horas","   18,929 streamers",NA,    279 canales,"  2,427 espectadores",   131 canales
111,Warframe,Octubre,2021,"  1,516,360 horas","   114,141 horas","    8,483 streamers","   22,379 espectadores",    280 canales,"  2,040 espectadores",   153 canales
144,osu!,Junio,2023,"    801,171 horas","   110,386 horas","   23,811 streamers",NA,    280 canales,"  1,114 espectadores",NA
48,Poker,Abril,2023,"  5,198,860 horas","    72,956 horas","    4,456 streamers","   30,611 espectadores",    281 canales,"  7,230 espectadores",   101 canales
37,World of Tanks,Julio,2018,"  2,602,107 horas","   100,852 horas","    7,974 streamers","   13,833 espectadores",    282 canales,"  3,502 espectadores",   135 canales
185,Dungeons & Dragons,Enero,2024,"    723,391 horas","    51,868 horas","    5,983 streamers","   21,713 espectadores",    282 canales,    973 espectadores,NA
41,7 Days to Die,Agosto,2016,"  1,075,632 horas","   103,833 horas","   14,871 streamers",NA,    283 canales,"  1,447 espectadores",   139 canales
10,Talk Shows & Podcasts,Septiembre,2016,"  5,224,099 horas","    54,465 horas","   13,774 streamers","  321,911 espectadores",    283 canales,"  7,265 espectadores",    75 canales
61,Warframe,Octubre,2018,"  1,359,698 horas","   120,245 horas","   14,337 streamers",NA,    283 canales,NA,   161 canales
61,Retro,Abril,2020,"  2,452,026 horas","   123,415 horas","    7,677 streamers","   15,050 espectadores",    283 canales,"  3,410 espectadores",   171 canales
133,Warframe,Junio,2021,"  1,201,597 horas","   122,075 horas","    9,394 streamers","   22,785 espectadores",    283 canales,"  1,671 espectadores",   169 canales
130,7 Days to Die,Marzo,2022,"  1,165,823 horas","   116,384 horas","   11,752 streamers","    9,041 espectadores",    283 canales,"  1,569 espectadores",   156 canales
83,The Sims 4,Noviembre,2022,"  1,943,120 horas","    98,390 horas","   22,161 streamers","   34,551 espectadores",    283 canales,"  2,702 espectadores",   136 canales
139,osu!,Enero,2023,"    984,499 horas","   117,991 horas","   28,349 streamers","    8,047 espectadores",    283 canales,NA,NA
64,SMITE,Junio,2019,"  1,704,573 horas","   106,287 horas","   12,647 streamers","    9,604 espectadores",    284 canales,"  2,370 espectadores",NA
107,The Sims 4,Abril,2021,"  1,852,675 horas","   107,842 horas","   17,260 streamers","   16,238 espectadores",    284 canales,"  2,576 espectadores",   149 canales
81,MapleStory,Julio,2022,"  2,752,459 horas","    88,533 horas","    5,558 streamers","   14,644 espectadores",    284 canales,NA,   119 canales
165,osu!,Marzo,2023,"    818,870 horas","   111,086 horas","   26,224 streamers",NA,    284 canales,"  1,102 espectadores",   149 canales
27,Hearthstone,Diciembre,2023," 12,040,721 horas","   103,560 horas","    9,400 streamers","   44,348 espectadores",    284 canales," 16,205 espectadores",   139 canales
26,Path of Exile,Junio,2017,"  3,064,942 horas","    63,130 horas","    5,474 streamers","   24,993 espectadores",    285 canales,"  4,262 espectadores",    87 canales
17,Magic: The Gathering,Octubre,2018,"  8,257,006 horas","   122,814 horas","   13,859 streamers",NA,    285 canales,NA,   165 canales
28,Rust,Octubre,2018,"  4,069,048 horas","    96,657 horas","    9,939 streamers","   38,963 espectadores",    285 canales,"  5,476 espectadores",   130 canales
33,Magic: The Gathering,Marzo,2020,"  4,682,946 horas","    77,452 horas","    7,508 streamers","   16,717 espectadores",    285 canales,NA,   104 canales
137,The Elder Scrolls Online,Febrero,2023,"    911,948 horas","    72,897 horas","    8,085 streamers","    5,842 espectadores",    285 canales,"  1,359 espectadores",NA
66,Poker,Marzo,2024,"  3,362,764 horas","    52,958 horas","    3,621 streamers",NA,    285 canales,"  4,525 espectadores",    71 canales
97,SMITE,Mayo,2024,"  2,095,179 horas","   102,239 horas","   11,586 streamers","   13,053 espectadores",    285 canales,"  2,819 espectadores",   137 canales
60,Retro,Julio,2020,"  2,898,819 horas","   127,490 horas","    8,465 streamers","   16,095 espectadores",    286 canales,"  3,901 espectadores",   171 canales
10,Heroes of the Storm,Julio,2017,"  6,056,462 horas","   134,515 horas","   14,874 streamers",NA,    287 canales,"  8,151 espectadores",   181 canales
56,Rust,Febrero,2019,"  1,463,399 horas","    93,753 horas","   10,818 streamers","   12,044 espectadores",    287 canales,"  2,180 espectadores",   139 canales
144,7 Days to Die,Septiembre,2021,"  1,071,395 horas","   114,887 horas","    9,019 streamers","    9,869 espectadores",    287 canales,NA,   159 canales
33,Clash Royale,Diciembre,2021,"  8,454,142 horas","    86,022 horas","   14,763 streamers","  220,507 espectadores",    287 canales," 11,378 espectadores",   115 canales
24,Hearthstone,Junio,2022," 13,724,105 horas","   113,573 horas","   11,199 streamers","   41,070 espectadores",    287 canales," 19,087 espectadores",   157 canales
151,Dungeons & Dragons,Abril,2024,"    989,178 horas","    53,929 horas","    6,088 streamers","   22,747 espectadores",    287 canales,"  1,375 espectadores",    75 canales
54,Warframe,Febrero,2018,"    956,664 horas","   102,884 horas","   12,687 streamers","   31,539 espectadores",    288 canales,"  1,425 espectadores",   153 canales
44,Rust,Marzo,2018,"  1,802,803 horas","    85,117 horas","    8,995 streamers","   13,336 espectadores",    288 canales,"  2,426 espectadores",   114 canales
90,Tibia,Abril,2022,"  2,145,692 horas","   102,632 horas","    4,816 streamers","    6,007 espectadores",    288 canales,"  2,984 espectadores",   142 canales
73,osu!,Agosto,2018,"  1,004,550 horas","   134,145 horas","   29,110 streamers","    7,207 espectadores",    289 canales,"  1,352 espectadores",   180 canales
11,Hearthstone,Marzo,2019," 15,989,926 horas","   132,239 horas","   15,942 streamers","  107,496 espectadores",    289 canales,NA,   177 canales
67,Retro,Octubre,2020,"  2,752,494 horas","   131,218 horas","    8,684 streamers","   20,254 espectadores",    289 canales,NA,NA
97,The Sims 4,Mayo,2021,"  2,185,514 horas","   108,574 horas","   15,735 streamers","   24,831 espectadores",    289 canales,"  2,941 espectadores",   146 canales
138,7 Days to Die,Julio,2021,"  1,249,874 horas","   124,013 horas","    9,748 streamers","   28,696 espectadores",    289 canales,NA,   166 canales
26,World of Tanks,Septiembre,2017,"  3,291,809 horas","   103,379 horas","    8,820 streamers",NA,    290 canales,"  4,578 espectadores",   143 canales
84,Euro Truck Simulator 2,Diciembre,2018,"    945,336 horas","    75,785 horas","   10,889 streamers","   39,012 espectadores",    290 canales,"  1,272 espectadores",   101 canales
14,Hearthstone,Octubre,2019," 14,077,580 horas","    96,349 horas","   10,887 streamers","   75,525 espectadores",    290 canales," 18,946 espectadores",   129 canales
86,The Sims 4,Febrero,2023,"  1,751,992 horas","    92,418 horas","   20,869 streamers","   67,570 espectadores",    290 canales,"  2,611 espectadores",   137 canales
69,Path of Exile,Octubre,2023,"  3,815,680 horas","    96,462 horas","    5,500 streamers","   16,662 espectadores",    290 canales,"  5,135 espectadores",   129 canales
88,SMITE,Diciembre,2023,"  2,425,638 horas","   107,651 horas","   12,445 streamers","   15,777 espectadores",    290 canales,NA,   144 canales
47,World of Tanks,Agosto,2024,"  5,536,454 horas","   102,665 horas","    8,535 streamers","   42,070 espectadores",    290 canales,NA,   138 canales
53,RimWorld,Julio,2021,"  4,464,933 horas","    60,281 horas","    4,680 streamers","   34,657 espectadores",    291 canales,"  6,009 espectadores",    81 canales
27,SMITE,Octubre,2016,"  2,449,484 horas","   111,857 horas","   15,885 streamers","   22,475 espectadores",    292 canales,"  3,296 espectadores",   150 canales
10,Hearthstone,Febrero,2019," 13,694,403 horas","   125,334 horas","   15,298 streamers","   58,328 espectadores",    292 canales," 20,408 espectadores",   186 canales
184,Warframe,Agosto,2022,"    787,857 horas","   114,886 horas","   14,077 streamers","   73,801 espectadores",    292 canales,"  1,060 espectadores",   154 canales
39,MapleStory,Junio,2023,"  6,228,052 horas","    82,810 horas","    5,123 streamers",NA,    292 canales,"  8,662 espectadores",   115 canales
130,Dungeons & Dragons,Julio,2023,"  1,170,854 horas","    59,453 horas","    6,529 streamers","   29,524 espectadores",    292 canales,"  1,575 espectadores",    80 canales
82,SMITE,Octubre,2023,"  3,149,976 horas","   112,770 horas","   12,382 streamers","   28,689 espectadores",    292 canales,"  4,239 espectadores",   151 canales
180,Euro Truck Simulator 2,Septiembre,2024,"    776,126 horas","    75,025 horas","   12,673 streamers","   10,919 espectadores",    292 canales,"  1,079 espectadores",   104 canales
40,SMITE,Marzo,2018,"  1,971,352 horas","   121,466 horas","   14,035 streamers",NA,    293 canales,"  2,653 espectadores",   163 canales
76,7 Days to Die,Noviembre,2018,"  1,025,275 horas","    64,112 horas","    6,592 streamers",NA,    293 canales,"  1,425 espectadores",NA
60,The Elder Scrolls Online,Agosto,2020,"  2,925,711 horas","   121,683 horas","    8,929 streamers","   27,529 espectadores",    293 canales,"  3,937 espectadores",   163 canales
95,7 Days to Die,Septiembre,2020,"  1,468,032 horas","   118,790 horas","    8,873 streamers","    9,943 espectadores",    293 canales,"  2,041 espectadores",   165 canales
108,World of Warships,Marzo,2024,"  1,716,971 horas","    43,396 horas","    3,525 streamers","   10,946 espectadores",    293 canales,"  2,310 espectadores",    58 canales
29,SMITE,Julio,2016,"  1,886,918 horas","   124,370 horas","   20,195 streamers","   22,947 espectadores",    294 canales,"  2,539 espectadores",   167 canales
49,Rust,Julio,2017,"  1,391,382 horas","    70,620 horas","    8,579 streamers","   48,438 espectadores",    294 canales,"  1,872 espectadores",NA
22,World of Tanks,Agosto,2017,"  2,988,486 horas","   105,892 horas","    9,767 streamers","   16,174 espectadores",    294 canales,"  4,022 espectadores",   142 canales
46,SMITE,Mayo,2018,"  2,049,088 horas","   113,161 horas","   14,075 streamers","   15,719 espectadores",    294 canales,"  2,757 espectadores",   152 canales
18,Magic: The Gathering,Mayo,2019,"  7,561,593 horas","   112,916 horas","   12,038 streamers","   59,137 espectadores",    294 canales," 10,177 espectadores",NA
20,Heroes of the Storm,Octubre,2017,"  4,542,296 horas","   129,883 horas","   13,638 streamers","   32,701 espectadores",    295 canales,"  6,113 espectadores",   174 canales
24,Music,Junio,2018,"  4,287,989 horas","   159,590 horas","   10,203 streamers","   40,457 espectadores",    295 canales,"  5,963 espectadores",   221 canales
58,SMITE,Diciembre,2018,"  1,814,953 horas","   107,579 horas","   13,014 streamers","   11,260 espectadores",    295 canales,"  2,442 espectadores",   144 canales
52,Tibia,Marzo,2020,"  2,647,829 horas","   103,378 horas","    4,893 streamers",NA,    295 canales,NA,   139 canales
62,Magic: The Gathering,Noviembre,2021,"  3,968,298 horas","    69,069 horas","    5,552 streamers","   21,958 espectadores",    295 canales,"  5,519 espectadores",    96 canales
166,7 Days to Die,Octubre,2022,"    984,410 horas","   121,450 horas","   13,397 streamers","   14,564 espectadores",    295 canales,"  1,324 espectadores",   163 canales
27,Hearthstone,Febrero,2023," 11,209,502 horas","    91,930 horas","   10,174 streamers","   39,308 espectadores",    295 canales,NA,   137 canales
20,SMITE,Enero,2016,"  3,788,701 horas","   114,041 horas","   15,389 streamers","   70,542 espectadores",    296 canales,NA,   153 canales
14,World of Tanks,Agosto,2016,"  4,608,665 horas","   107,475 horas","   11,507 streamers","   31,836 espectadores",    296 canales,"  6,202 espectadores",   144 canales
26,Path of Exile,Abril,2018,"  3,983,655 horas","   117,897 horas","    8,834 streamers",NA,    296 canales,"  5,540 espectadores",   163 canales
32,Path of Exile,Octubre,2018,"  3,669,556 horas","   117,333 horas","    8,275 streamers","   15,276 espectadores",    297 canales,"  4,938 espectadores",   157 canales
39,The Elder Scrolls Online,Junio,2019,"  2,942,276 horas","   102,830 horas","   10,173 streamers","   25,689 espectadores",    297 canales,"  4,092 espectadores",   143 canales
36,Magic: The Gathering,Junio,2020,"  5,176,816 horas","    90,800 horas","    6,689 streamers","   27,473 espectadores",    297 canales,NA,NA
64,Retro,Agosto,2020,"  2,792,578 horas","   131,827 horas","    8,661 streamers",NA,    297 canales,"  3,758 espectadores",   177 canales
58,Magic: The Gathering,Febrero,2022,"  3,834,034 horas","    65,500 horas","    7,708 streamers",NA,    297 canales,"  5,713 espectadores",    97 canales
20,SMITE,Abril,2017,"  4,308,351 horas","   111,138 horas","   11,834 streamers","   38,214 espectadores",    298 canales,"  5,992 espectadores",   154 canales
46,Rust,Octubre,2017,"  1,535,890 horas","    63,654 horas","    7,357 streamers","   34,002 espectadores",    298 canales,NA,    85 canales
30,Path of Exile,Julio,2018,"  3,353,668 horas","   113,146 horas","    9,114 streamers","   26,718 espectadores",    298 canales,NA,   152 canales
43,The Elder Scrolls Online,Abril,2020,"  3,847,242 horas","   116,136 horas","    8,874 streamers","   39,160 espectadores",    298 canales,"  5,350 espectadores",   161 canales
91,The Sims 4,Marzo,2021,"  2,343,796 horas","   104,837 horas","   16,715 streamers","  167,496 espectadores",    298 canales,"  3,154 espectadores",   141 canales
27,SMITE,Agosto,2016,"  2,389,544 horas","   126,919 horas","   18,667 streamers","   22,448 espectadores",    299 canales,"  3,216 espectadores",   170 canales
45,Rust,Enero,2017,"  1,807,206 horas","    76,000 horas","    9,907 streamers","   37,539 espectadores",    299 canales,"  2,432 espectadores",   102 canales
19,Heroes of the Storm,Agosto,2018,"  5,673,050 horas","   130,827 horas","   13,432 streamers","   61,037 espectadores",    299 canales,"  7,635 espectadores",   176 canales
50,SMITE,Febrero,2019,"  1,684,535 horas","   103,751 horas","   12,248 streamers",NA,    299 canales,"  2,510 espectadores",NA
51,Tibia,Octubre,2020,"  3,869,197 horas","   120,166 horas","    4,930 streamers","   13,574 espectadores",    299 canales,"  5,207 espectadores",   161 canales
100,The Elder Scrolls Online,Junio,2023,"  1,419,079 horas","    84,836 horas","    8,194 streamers","   19,188 espectadores",    299 canales,NA,   117 canales
152,Dungeons & Dragons,Febrero,2024,"    967,893 horas","    52,724 horas","    6,081 streamers","   21,536 espectadores",    299 canales,"  1,392 espectadores",    75 canales
46,The Elder Scrolls Online,Junio,2022,"  5,837,404 horas","   103,336 horas","   10,046 streamers","   60,978 espectadores",    300 canales,"  8,118 espectadores",   143 canales
21,Heroes of the Storm,Noviembre,2017,"  4,703,380 horas","   131,400 horas","   13,956 streamers",NA,    301 canales,"  6,541 espectadores",NA
39,Poker,Junio,2020,"  4,705,595 horas","    75,504 horas","    4,097 streamers","   23,510 espectadores",    301 canales,"  6,544 espectadores",   105 canales
97,7 Days to Die,Agosto,2020,"  1,360,333 horas","   123,123 horas","    9,189 streamers","   12,154 espectadores",    301 canales,NA,   165 canales
32,World of Tanks,Octubre,2017,"  3,159,226 horas","   106,636 horas","    9,190 streamers","   29,215 espectadores",    302 canales,"  4,251 espectadores",   143 canales
40,SMITE,Abril,2018,"  1,834,729 horas","   116,750 horas","   14,234 streamers","   12,535 espectadores",    302 canales,"  2,551 espectadores",NA
42,World of Tanks,Julio,2019,"  2,804,371 horas","   106,652 horas","    8,434 streamers","   14,358 espectadores",    302 canales,"  3,774 espectadores",NA
150,7 Days to Die,Mayo,2024,"  1,002,787 horas","   119,020 horas","   11,773 streamers","    4,793 espectadores",    302 canales,"  1,349 espectadores",   160 canales
27,Heroes of the Storm,Mayo,2018,"  3,682,649 horas","   139,938 horas","   14,526 streamers","   27,139 espectadores",    303 canales,"  4,956 espectadores",   188 canales
33,World of Tanks,Mayo,2018,"  2,936,852 horas","   110,248 horas","    9,769 streamers","   17,373 espectadores",    303 canales,"  3,952 espectadores",   148 canales
44,The Elder Scrolls Online,Junio,2020,"  3,892,037 horas","   116,879 horas","    8,205 streamers","   40,295 espectadores",    303 canales,"  5,413 espectadores",   162 canales
121,osu!,Diciembre,2022,"  1,106,372 horas","   116,634 horas","   27,620 streamers","   10,101 espectadores",    303 canales,"  1,489 espectadores",   156 canales
81,SMITE,Noviembre,2023,"  2,530,635 horas","   105,235 horas","   11,879 streamers","   24,106 espectadores",    303 canales,"  3,519 espectadores",   146 canales
65,MapleStory,Enero,2024,"  3,597,858 horas","    90,569 horas","    4,574 streamers","   29,342 espectadores",    303 canales,"  4,842 espectadores",   121 canales
15,Heroes of the Storm,Abril,2018,"  5,618,801 horas","   134,943 horas","   14,453 streamers","   32,153 espectadores",    304 canales,"  7,814 espectadores",   187 canales
26,Clash Royale,Enero,2022," 12,413,268 horas","   116,880 horas","   80,090 streamers","  630,752 espectadores",    304 canales," 16,706 espectadores",   157 canales
130,Warframe,Mayo,2022,"  1,292,844 horas","   125,542 horas","   15,032 streamers","   43,240 espectadores",    304 canales,"  1,740 espectadores",   168 canales
33,Path of Exile,Julio,2017,"  2,238,340 horas","    59,807 horas","    4,750 streamers",NA,    305 canales,"  3,012 espectadores",    80 canales
23,Heroes of the Storm,Diciembre,2017,"  4,088,807 horas","   135,259 horas","   13,788 streamers","   17,821 espectadores",    305 canales,"  5,503 espectadores",NA
70,osu!,Julio,2019,"    997,308 horas","   143,522 horas","   29,538 streamers","    8,031 espectadores",    305 canales,"  1,342 espectadores",NA
72,DayZ,Febrero,2020,"  1,215,414 horas","   106,105 horas","   10,941 streamers","   20,476 espectadores",    305 canales,"  1,748 espectadores",   152 canales
82,MapleStory,Junio,2020,"  1,843,494 horas","    79,593 horas","    4,874 streamers","   23,399 espectadores",    305 canales,"  2,563 espectadores",   110 canales
28,Poker,Julio,2020,"  8,115,254 horas","    75,920 horas","    4,356 streamers","   88,133 espectadores",    305 canales," 10,922 espectadores",   102 canales
166,Euro Truck Simulator 2,Junio,2024,"    749,473 horas","    81,051 horas","   14,170 streamers",NA,    305 canales,"  1,042 espectadores",   112 canales
21,Talk Shows & Podcasts,Junio,2017,"  4,594,404 horas","    59,014 horas","   12,073 streamers","   70,935 espectadores",    306 canales,"  6,389 espectadores",    82 canales
40,Dead by Daylight,Junio,2017,"  1,402,021 horas","    99,140 horas","   12,175 streamers",NA,    306 canales,"  1,949 espectadores",   137 canales
53,Warframe,Abril,2018,"  1,193,392 horas","   115,151 horas","   14,643 streamers","   37,276 espectadores",    306 canales,"  1,659 espectadores",   160 canales
49,SMITE,Julio,2018,"  1,768,376 horas","   114,968 horas","   14,410 streamers","   10,535 espectadores",    306 canales,"  2,380 espectadores",   154 canales
82,osu!,Noviembre,2018,"    992,294 horas","   115,508 horas","   25,338 streamers",NA,    306 canales,"  1,380 espectadores",   160 canales
103,Euro Truck Simulator 2,Noviembre,2019,"    670,482 horas","    71,683 horas","    9,505 streamers","   11,739 espectadores",    306 canales,    932 espectadores,    99 canales
132,osu!,Octubre,2022,"  1,243,022 horas","   128,051 horas","   28,711 streamers","   12,886 espectadores",    306 canales,"  1,672 espectadores",   172 canales
153,7 Days to Die,Abril,2024,"    978,199 horas","    95,837 horas","   11,375 streamers","   16,283 espectadores",    306 canales,"  1,360 espectadores",   133 canales
174,Euro Truck Simulator 2,Agosto,2024,"    785,873 horas","    81,363 horas","   14,244 streamers","   11,350 espectadores",    306 canales,"  1,057 espectadores",   109 canales
56,7 Days to Die,Noviembre,2019,"  1,758,873 horas","    98,259 horas","    8,057 streamers","   20,463 espectadores",    307 canales,"  2,446 espectadores",   136 canales
96,DayZ,Abril,2020,"  1,276,640 horas","   118,617 horas","    9,306 streamers","    4,917 espectadores",    307 canales,"  1,775 espectadores",NA
118,osu!,Noviembre,2022,"  1,203,154 horas","   117,160 horas","   27,088 streamers",NA,    307 canales,"  1,673 espectadores",   162 canales
166,7 Days to Die,Diciembre,2023,"    820,064 horas","   112,387 horas","   12,431 streamers","   12,949 espectadores",    307 canales,"  1,103 espectadores",   151 canales
68,SMITE,Abril,2024,"  3,532,790 horas","   113,921 horas","   12,784 streamers","   37,701 espectadores",    307 canales,"  4,913 espectadores",   158 canales
87,osu!,Octubre,2018,"    888,720 horas","   122,317 horas","   26,747 streamers","    9,364 espectadores",    308 canales,"  1,196 espectadores",NA
43,Heroes of the Storm,Diciembre,2018,"  3,015,671 horas","   110,194 horas","   11,352 streamers","   15,716 espectadores",    308 canales,"  4,058 espectadores",   148 canales
40,The Elder Scrolls Online,Julio,2020,"  5,331,136 horas","   116,764 horas","    8,560 streamers","   57,057 espectadores",    308 canales,"  7,175 espectadores",   157 canales
38,Poker,Noviembre,2020,"  6,468,739 horas","    84,077 horas","    4,466 streamers","   62,779 espectadores",    308 canales,NA,   116 canales
96,7 Days to Die,Febrero,2023,"  1,422,587 horas","   104,345 horas","   12,894 streamers","   37,281 espectadores",    308 canales,"  2,120 espectadores",   155 canales
64,MapleStory,Enero,2021,"  3,028,698 horas","   107,564 horas","    6,319 streamers",NA,    309 canales,"  4,076 espectadores",   144 canales
135,osu!,Agosto,2022,"  1,284,056 horas","   141,408 horas","   33,100 streamers","   61,709 espectadores",    309 canales,"  1,728 espectadores",   190 canales
43,World of Tanks,Septiembre,2024,"  6,407,553 horas","   104,131 horas","    8,336 streamers",NA,    309 canales,NA,   144 canales
105,Dungeons & Dragons,Diciembre,2022,"  1,347,892 horas","    52,556 horas","    6,655 streamers","   31,840 espectadores",    310 canales,"  1,814 espectadores",    70 canales
23,Hearthstone,Mayo,2023," 14,433,583 horas","   113,028 horas","   10,426 streamers","   50,729 espectadores",    310 canales," 19,426 espectadores",   152 canales
114,Dungeons & Dragons,Junio,2023,"  1,177,113 horas","    57,918 horas","    6,595 streamers","   25,515 espectadores",    310 canales,"  1,637 espectadores",    80 canales
124,Euro Truck Simulator 2,Marzo,2019,"    541,083 horas","    74,406 horas","    8,931 streamers","   13,346 espectadores",    311 canales,NA,NA
21,Magic: The Gathering,Julio,2019,"  5,744,492 horas","    79,272 horas","    8,349 streamers","   32,612 espectadores",    311 canales,"  7,731 espectadores",   106 canales
43,Magic: The Gathering,Septiembre,2020,"  5,237,911 horas","    92,705 horas","    7,211 streamers","   39,159 espectadores",    311 canales,"  7,284 espectadores",   128 canales
139,Warframe,Enero,2021,"  1,062,294 horas","   126,643 horas","   10,055 streamers","   66,610 espectadores",    311 canales,"  1,429 espectadores",   170 canales
113,Warframe,Octubre,2022,"  1,453,290 horas","   117,155 horas","   13,619 streamers","   48,767 espectadores",    311 canales,"  1,955 espectadores",   157 canales
96,7 Days to Die,Septiembre,2023,"  1,735,814 horas","   119,465 horas","   12,290 streamers","   15,325 espectadores",    311 canales,"  2,414 espectadores",   166 canales
118,osu!,Febrero,2020,"    680,864 horas","   118,924 horas","   24,161 streamers","    8,433 espectadores",    312 canales,NA,NA
95,7 Days to Die,Agosto,2021,"  2,494,751 horas","   130,400 horas","   10,174 streamers","   26,935 espectadores",    312 canales,"  3,357 espectadores",   175 canales
18,Hearthstone,Septiembre,2022," 17,298,890 horas","   126,449 horas","   12,242 streamers",NA,    312 canales," 24,059 espectadores",   175 canales
146,7 Days to Die,Noviembre,2022,"    900,156 horas","   115,266 horas","   12,599 streamers","    8,299 espectadores",    312 canales,NA,NA
81,osu!,Diciembre,2018,"    990,500 horas","   129,544 horas","   28,433 streamers","   19,306 espectadores",    313 canales,"  1,333 espectadores",   174 canales
58,The Sims 4,Junio,2020,"  2,508,863 horas","    80,391 horas","   11,668 streamers","   45,055 espectadores",    313 canales,"  3,489 espectadores",   111 canales
51,Retro,Diciembre,2020,"  3,858,017 horas","   144,568 horas","    9,292 streamers","   25,701 espectadores",    313 canales,"  5,192 espectadores",   194 canales
136,7 Days to Die,Septiembre,2022,"  1,206,313 horas","   121,311 horas","   13,092 streamers","    9,744 espectadores",    313 canales,"  1,677 espectadores",   168 canales
132,7 Days to Die,Diciembre,2022,"  1,017,118 horas","   103,517 horas","   12,186 streamers","    6,557 espectadores",    313 canales,"  1,368 espectadores",NA
90,The Elder Scrolls Online,Julio,2023,"  1,832,486 horas","    98,493 horas","   11,326 streamers",NA,    313 canales,"  2,466 espectadores",   132 canales
128,osu!,Octubre,2023,"  1,237,285 horas","   116,724 horas","   22,397 streamers","   18,822 espectadores",    313 canales,"  1,665 espectadores",   157 canales
35,Rocket League,Octubre,2016,"  1,845,929 horas","   118,822 horas","   31,860 streamers","   16,169 espectadores",    314 canales,"  2,484 espectadores",   159 canales
19,Heroes of the Storm,Marzo,2018,"  5,337,993 horas","   138,729 horas","   13,757 streamers","   48,779 espectadores",    314 canales,"  7,184 espectadores",   186 canales
82,The Elder Scrolls Online,Febrero,2021,"  2,154,523 horas","   115,778 horas","    8,304 streamers","   24,024 espectadores",    314 canales,"  3,210 espectadores",   172 canales
107,Warframe,Diciembre,2022,"  1,278,022 horas","   132,033 horas","   16,645 streamers","   37,431 espectadores",    314 canales,"  1,720 espectadores",   177 canales
159,7 Days to Die,Enero,2024,"    888,046 horas","   118,177 horas","   13,231 streamers",NA,    314 canales,"  1,195 espectadores",NA
44,Rust,Enero,2018,"  1,851,961 horas","    94,072 horas","   10,712 streamers","   16,103 espectadores",    315 canales,NA,   126 canales
55,Warframe,Diciembre,2019,"  2,116,162 horas","   120,964 horas","   12,630 streamers","   64,366 espectadores",    315 canales,"  2,848 espectadores",   162 canales
132,Euro Truck Simulator 2,Febrero,2020,"    581,210 horas","    77,818 horas","    9,943 streamers","    5,441 espectadores",    315 canales,    836 espectadores,   111 canales
59,Retro,Mayo,2020,"  2,959,282 horas","   132,873 horas","    8,574 streamers","   12,242 espectadores",    315 canales,NA,   178 canales
161,Euro Truck Simulator 2,Agosto,2020,"    713,134 horas","    86,502 horas","    9,840 streamers","   18,716 espectadores",    315 canales,    959 espectadores,NA
101,7 Days to Die,Mayo,2021,"  2,021,678 horas","   129,747 horas","   10,609 streamers","   44,237 espectadores",    315 canales,NA,NA
113,osu!,Julio,2022,"  1,571,363 horas","   154,507 horas","   35,469 streamers","   24,018 espectadores",    315 canales,"  2,114 espectadores",   207 canales
107,Euro Truck Simulator 2,Octubre,2019,"    622,335 horas","    77,336 horas","    9,290 streamers","    9,017 espectadores",    316 canales,    837 espectadores,   104 canales
91,osu!,Diciembre,2019,"    912,228 horas","   132,428 horas","   28,163 streamers",NA,    316 canales,"  1,227 espectadores",   178 canales
85,Magic: The Gathering,Marzo,2024,"  2,453,973 horas","    49,795 horas","    5,112 streamers","   26,556 espectadores",    316 canales,"  3,302 espectadores",    67 canales
17,Heroes of the Storm,Enero,2018,"  5,773,901 horas","   152,306 horas","   15,462 streamers","   33,498 espectadores",    317 canales,"  7,771 espectadores",   204 canales
29,SMITE,Enero,2018,"  4,158,269 horas","   124,550 horas","   15,013 streamers","   94,811 espectadores",    317 canales,"  5,596 espectadores",   167 canales
10,Hearthstone,Noviembre,2018," 18,915,131 horas","   146,158 horas","   19,968 streamers","   96,121 espectadores",    317 canales," 26,307 espectadores",   203 canales
33,Poker,Agosto,2020,"  6,755,090 horas","    78,390 horas","    4,744 streamers","  124,617 espectadores",    317 canales,"  9,091 espectadores",NA
62,Retro,Noviembre,2020,"  2,802,480 horas","   132,839 horas","    8,670 streamers","   12,730 espectadores",    317 canales,"  3,897 espectadores",NA
186,Euro Truck Simulator 2,Agosto,2022,"    785,646 horas","    92,416 horas","   16,237 streamers","   12,999 espectadores",    317 canales,"  1,057 espectadores",   124 canales
127,Warframe,Septiembre,2023,"  1,128,879 horas","   123,544 horas","   15,001 streamers","   73,722 espectadores",    317 canales,NA,   171 canales
126,Warframe,Septiembre,2024,"  1,524,693 horas","   139,664 horas","   16,786 streamers","   43,901 espectadores",    317 canales,"  2,120 espectadores",   194 canales
147,osu!,Mayo,2023,"    959,618 horas","   118,892 horas","   24,937 streamers",NA,    318 canales,"  1,291 espectadores",   160 canales
67,Tibia,Mayo,2022,"  2,961,608 horas","   117,010 horas","    5,212 streamers","   12,704 espectadores",    319 canales,"  3,986 espectadores",   157 canales
82,The Sims 4,Agosto,2022,"  2,594,473 horas","   101,279 horas","   20,487 streamers","   51,122 espectadores",    319 canales,"  3,491 espectadores",   136 canales
78,osu!,Noviembre,2019,"  1,010,438 horas","   125,614 horas","   26,161 streamers","   17,387 espectadores",    320 canales,"  1,405 espectadores",NA
72,Euro Truck Simulator 2,Diciembre,2019,"  1,430,811 horas","    93,910 horas","   12,984 streamers","   30,098 espectadores",    320 canales,"  1,925 espectadores",   126 canales
114,Euro Truck Simulator 2,Enero,2020,"    744,559 horas","    89,138 horas","   11,508 streamers","   15,621 espectadores",    320 canales,"  1,002 espectadores",   119 canales
44,Magic: The Gathering,Febrero,2021,"  5,029,582 horas","   102,382 horas","    8,356 streamers",NA,    320 canales,"  7,495 espectadores",NA
125,Euro Truck Simulator 2,Julio,2024,"  1,104,601 horas","    97,232 horas","   17,435 streamers","   17,771 espectadores",    320 canales,"  1,486 espectadores",   130 canales
56,Warframe,Diciembre,2017,"  1,190,344 horas","   129,237 horas","   15,568 streamers","   37,820 espectadores",    321 canales,NA,   173 canales
48,SMITE,Agosto,2018,"  1,769,430 horas","   118,140 horas","   15,276 streamers","   15,783 espectadores",    321 canales,NA,   159 canales
24,Heroes of the Storm,Noviembre,2018,"  6,225,014 horas","   134,495 horas","   13,741 streamers","   64,502 espectadores",    321 canales,"  8,657 espectadores",   187 canales
83,Retro,Octubre,2021,"  2,484,523 horas","    97,914 horas","    8,118 streamers","   10,543 espectadores",    321 canales,"  3,343 espectadores",   131 canales
27,World of Tanks,Junio,2017,"  2,972,345 horas","   103,939 horas","    9,848 streamers","   15,464 espectadores",    322 canales,"  4,133 espectadores",NA
78,osu!,Agosto,2019,"    956,052 horas","   146,237 horas","   30,777 streamers","    6,752 espectadores",    322 canales,"  1,286 espectadores",   196 canales
182,7 Days to Die,Abril,2021,"    867,372 horas","   110,696 horas","    9,378 streamers","    7,781 espectadores",    322 canales,"  1,206 espectadores",   153 canales
28,SMITE,Junio,2016,"  2,378,637 horas","   135,056 horas","   20,945 streamers","   27,719 espectadores",    323 canales,"  3,308 espectadores",   187 canales
54,Warframe,Marzo,2019,"  1,811,886 horas","   138,906 horas","   14,504 streamers","   47,990 espectadores",    323 canales,NA,   186 canales
68,Warframe,Mayo,2019,"  1,401,274 horas","   120,175 horas","   13,553 streamers","   48,360 espectadores",    323 canales,"  1,885 espectadores",   161 canales
37,World of Tanks,Agosto,2019,"  3,093,600 horas","   114,584 horas","    8,974 streamers","   61,123 espectadores",    323 canales,"  4,163 espectadores",   154 canales
62,Warframe,Agosto,2019,"  1,564,993 horas","   133,858 horas","   14,035 streamers","   59,489 espectadores",    323 canales,"  2,106 espectadores",   180 canales
12,Hearthstone,Septiembre,2019," 16,646,994 horas","    98,984 horas","   11,793 streamers",NA,    323 canales," 23,152 espectadores",   137 canales
51,Magic: The Gathering,Julio,2021,"  4,593,181 horas","    83,889 horas","    7,301 streamers","   27,235 espectadores",    323 canales,"  6,181 espectadores",NA
85,Tibia,Septiembre,2021,"  2,279,072 horas","   117,251 horas","    4,635 streamers",NA,    323 canales,"  3,169 espectadores",   163 canales
16,Heroes of the Storm,Abril,2016,"  4,015,871 horas","   111,131 horas","   12,612 streamers","   45,892 espectadores",    325 canales,"  5,585 espectadores",   154 canales
13,World of Tanks,Mayo,2016,"  5,244,536 horas","   120,922 horas","   13,703 streamers","   28,415 espectadores",    325 canales,"  7,058 espectadores",   162 canales
110,Warframe,Julio,2020,"  1,252,221 horas","   129,890 horas","    9,821 streamers","   30,861 espectadores",    325 canales,"  1,685 espectadores",   174 canales
92,The Sims 4,Agosto,2021,"  2,563,973 horas","   121,032 horas","   18,492 streamers",NA,    325 canales,NA,   162 canales
70,Warframe,Abril,2019,"  1,300,975 horas","   133,078 horas","   14,433 streamers",NA,    326 canales,"  1,809 espectadores",   185 canales
96,The Elder Scrolls Online,Abril,2021,"  2,131,362 horas","   121,315 horas","    9,116 streamers","   24,078 espectadores",    326 canales,"  2,964 espectadores",   168 canales
65,7 Days to Die,Enero,2023,"  2,916,116 horas","   133,241 horas","   15,713 streamers","   45,559 espectadores",    326 canales,"  3,924 espectadores",   179 canales
140,7 Days to Die,Octubre,2023,"  1,036,904 horas","   126,975 horas","   13,697 streamers","   33,716 espectadores",    326 canales,"  1,395 espectadores",   170 canales
163,7 Days to Die,Noviembre,2023,"    900,816 horas","   130,028 horas","   14,152 streamers","    4,766 espectadores",    326 canales,"  1,252 espectadores",   180 canales
131,Warframe,Diciembre,2020,"  1,061,985 horas","   117,687 horas","    9,720 streamers","   31,573 espectadores",    327 canales,"  1,429 espectadores",   158 canales
142,osu!,Septiembre,2022,"  1,088,813 horas","   128,845 horas","   29,866 streamers","   13,521 espectadores",    327 canales,"  1,514 espectadores",   179 canales
138,Euro Truck Simulator 2,Julio,2023,"  1,107,800 horas","   103,789 horas","   17,618 streamers",NA,    328 canales,"  1,490 espectadores",NA
47,DayZ,Diciembre,2019,"  2,543,960 horas","   116,929 horas","   11,944 streamers",NA,    329 canales,"  3,423 espectadores",   157 canales
39,The Elder Scrolls Online,Mayo,2020,"  5,051,253 horas","   112,316 horas","    7,674 streamers","   48,995 espectadores",    329 canales,"  6,798 espectadores",NA
124,osu!,Junio,2022,"  1,352,150 horas","   145,374 horas","   34,262 streamers","   14,258 espectadores",    329 canales,NA,   202 canales
106,Dungeons & Dragons,Enero,2023,"  1,353,530 horas","    60,427 horas","    7,151 streamers","   36,920 espectadores",    329 canales,"  1,821 espectadores",    81 canales
139,Warframe,Febrero,2023,"    910,403 horas","   116,511 horas","   15,146 streamers","   25,878 espectadores",    329 canales,"  1,356 espectadores",   173 canales
15,Heroes of the Storm,Febrero,2018,"  4,527,128 horas","   128,692 horas","   13,493 streamers","   32,456 espectadores",    330 canales,"  6,746 espectadores",   191 canales
51,Retro,Marzo,2022,"  4,120,389 horas","   150,633 horas","   11,678 streamers","   20,124 espectadores",    330 canales,NA,   202 canales
26,SMITE,Marzo,2017,"  3,504,897 horas","   128,157 horas","   12,887 streamers","   26,354 espectadores",    331 canales,"  4,717 espectadores",   172 canales
16,World of Tanks,Mayo,2017,"  5,044,005 horas","   114,047 horas","   11,257 streamers","  109,108 espectadores",    331 canales,"  6,788 espectadores",   153 canales
48,SMITE,Enero,2019,"  2,161,454 horas","   124,939 horas","   14,319 streamers",NA,    331 canales,NA,NA
26,The Elder Scrolls Online,Mayo,2019,"  5,406,021 horas","   113,417 horas","   10,854 streamers",NA,    331 canales,"  7,275 espectadores",   152 canales
154,Euro Truck Simulator 2,Junio,2022,"    939,666 horas","    93,655 horas","   15,965 streamers","   12,993 espectadores",    331 canales,"  1,306 espectadores",   130 canales
22,Music,Octubre,2018,"  5,402,771 horas","   183,141 horas","   13,107 streamers","   21,394 espectadores",    332 canales,NA,   246 canales
42,Path of Exile,Marzo,2022,"  4,687,044 horas","   123,056 horas","    6,805 streamers",NA,    332 canales,"  6,308 espectadores",   165 canales
50,Retro,Julio,2022,"  4,750,773 horas","   160,534 horas","   11,445 streamers","   33,176 espectadores",    332 canales,NA,   216 canales
39,World of Tanks,Julio,2023,"  7,532,885 horas","   121,572 horas","   10,204 streamers","   53,319 espectadores",    332 canales," 10,138 espectadores",   163 canales
14,World of Tanks,Septiembre,2016,"  4,336,160 horas","   106,511 horas","   11,340 streamers","   32,139 espectadores",    333 canales,"  6,030 espectadores",   148 canales
20,World of Tanks,Noviembre,2016,"  4,209,451 horas","   114,939 horas","   10,411 streamers","   45,834 espectadores",    333 canales,NA,   159 canales
16,Heroes of the Storm,Junio,2018,"  8,765,697 horas","   144,847 horas","   15,134 streamers","   74,026 espectadores",    333 canales," 12,191 espectadores",   201 canales
68,osu!,Septiembre,2018,"    911,130 horas","   125,223 horas","   27,764 streamers","    8,855 espectadores",    333 canales,"  1,267 espectadores",   174 canales
42,World of Tanks,Junio,2019,"  2,754,608 horas","   110,528 horas","    8,922 streamers","   13,789 espectadores",    333 canales,"  3,831 espectadores",   153 canales
36,Talk Shows & Podcasts,Diciembre,2019,"  3,620,061 horas","    57,662 horas","    8,146 streamers","   62,718 espectadores",    333 canales,"  4,872 espectadores",    77 canales
53,Retro,Octubre,2022,"  4,233,884 horas","   160,979 horas","   10,994 streamers","   22,035 espectadores",    333 canales,"  5,698 espectadores",   216 canales
27,World of Tanks,Noviembre,2017,"  3,135,144 horas","   104,552 horas","    8,829 streamers","   47,012 espectadores",    334 canales,"  4,360 espectadores",   145 canales
52,Rust,Mayo,2019,"  2,108,831 horas","   102,762 horas","   11,248 streamers","   16,359 espectadores",    334 canales,"  2,838 espectadores",   138 canales
31,Path of Exile,Febrero,2020,"  4,293,192 horas","   106,347 horas","    8,251 streamers","   36,630 espectadores",    334 canales,"  6,177 espectadores",   153 canales
67,SMITE,Diciembre,2022,"  2,952,724 horas","   103,802 horas","   13,036 streamers","   12,885 espectadores",    334 canales,"  3,974 espectadores",   139 canales
72,SMITE,Septiembre,2023,"  2,970,185 horas","   114,154 horas","   13,088 streamers","   11,867 espectadores",    334 canales,"  4,130 espectadores",   158 canales
19,Rocket League,Junio,2017,"  4,698,990 horas","   135,730 horas","   37,620 streamers","  207,485 espectadores",    335 canales,"  6,535 espectadores",   188 canales
60,SMITE,Noviembre,2022,"  3,052,411 horas","   106,914 horas","   12,655 streamers","   11,690 espectadores",    335 canales,"  4,245 espectadores",   148 canales
117,Warframe,Noviembre,2023,"  1,436,911 horas","   140,250 horas","   15,317 streamers","   90,179 espectadores",    335 canales,NA,NA
29,Poker,Septiembre,2020,"  7,327,380 horas","    77,875 horas","    4,285 streamers","   77,415 espectadores",    336 canales,NA,   108 canales
43,Poker,Diciembre,2020,"  5,594,114 horas","    83,269 horas","    4,671 streamers","   92,878 espectadores",    336 canales,NA,   112 canales
4,Hearthstone,Junio,2017," 28,109,979 horas","   146,305 horas","   20,548 streamers","   86,315 espectadores",    337 canales," 39,095 espectadores",   203 canales
65,The Elder Scrolls Online,Junio,2021,"  3,295,774 horas","   115,167 horas","    8,257 streamers","   25,683 espectadores",    337 canales,"  4,583 espectadores",NA
163,Warframe,Enero,2022,"    943,009 horas","   129,510 horas","   16,307 streamers",NA,    337 canales,NA,   174 canales
113,Dungeons & Dragons,Febrero,2023,"  1,111,317 horas","    56,696 horas","    6,869 streamers",NA,    337 canales,"  1,656 espectadores",    84 canales
25,World of Tanks,Diciembre,2017,"  3,502,309 horas","   121,999 horas","   10,332 streamers","   28,501 espectadores",    338 canales,"  4,713 espectadores",   164 canales
50,Rust,Junio,2018,"  1,766,279 horas","    86,088 horas","   10,694 streamers","   34,699 espectadores",    338 canales,"  2,456 espectadores",   119 canales
25,Magic: The Gathering,Septiembre,2019,"  4,990,699 horas","    65,827 horas","    7,116 streamers","   39,180 espectadores",    338 canales,"  6,941 espectadores",    91 canales
39,World of Tanks,Octubre,2019,"  2,862,375 horas","   111,363 horas","    8,279 streamers","   13,439 espectadores",    338 canales,NA,   149 canales
63,SMITE,Enero,2020,"  1,839,608 horas","   121,506 horas","   12,954 streamers",NA,    338 canales,NA,   163 canales
38,World of Tanks,Abril,2024,"  6,376,250 horas","   109,197 horas","    9,028 streamers","   49,909 espectadores",    338 canales,"  8,868 espectadores",   151 canales
26,Hearthstone,Agosto,2024," 10,437,219 horas","    96,339 horas","    9,228 streamers",NA,    338 canales," 14,047 espectadores",   129 canales
116,osu!,Enero,2020,"    733,432 horas","   128,282 horas","   26,228 streamers","    7,065 espectadores",    339 canales,    987 espectadores,NA
10,Hearthstone,Febrero,2020," 19,173,902 horas","   135,829 horas","   12,881 streamers","   81,234 espectadores",    339 canales," 27,588 espectadores",NA
109,7 Days to Die,Diciembre,2020,"  1,389,434 horas","   129,851 horas","   10,519 streamers","    9,909 espectadores",    339 canales,"  1,870 espectadores",   174 canales
108,Warframe,Junio,2023,"  1,234,689 horas","   133,767 horas","   16,640 streamers","   41,026 espectadores",    339 canales,"  1,717 espectadores",   186 canales
134,Euro Truck Simulator 2,Mayo,2024,"  1,289,372 horas","    91,870 horas","   15,771 streamers","   38,804 espectadores",    339 canales,"  1,735 espectadores",   123 canales
49,Retro,Noviembre,2022,"  4,125,872 horas","   147,512 horas","   10,659 streamers","   18,458 espectadores",    340 canales,"  5,738 espectadores",   205 canales
36,World of Tanks,Noviembre,2023,"  7,246,043 horas","   116,296 horas","   10,025 streamers","   48,899 espectadores",    340 canales," 10,077 espectadores",   161 canales
11,World of Tanks,Abril,2016,"  6,332,479 horas","   122,163 horas","   12,836 streamers","  146,906 espectadores",    341 canales,"  8,807 espectadores",   169 canales
26,Path of Exile,Enero,2018,"  4,194,662 horas","   144,680 horas","   10,756 streamers","   20,854 espectadores",    341 canales,"  5,645 espectadores",   194 canales
13,Heroes of the Storm,Julio,2018,"  8,319,565 horas","   161,148 horas","   15,698 streamers","   40,790 espectadores",    341 canales," 11,197 espectadores",   216 canales
32,Path of Exile,Noviembre,2019,"  4,048,197 horas","    77,526 horas","    6,812 streamers","  257,319 espectadores",    341 canales,"  5,630 espectadores",   107 canales
49,SMITE,Marzo,2019,"  2,009,232 horas","   129,272 horas","   14,474 streamers","   12,159 espectadores",    342 canales,"  2,704 espectadores",   173 canales
39,World of Tanks,Septiembre,2019,"  2,792,577 horas","   107,518 horas","    8,486 streamers","   23,240 espectadores",    342 canales,"  3,883 espectadores",   149 canales
37,Talk Shows & Podcasts,Agosto,2020,"  5,438,614 horas","   110,165 horas","   10,535 streamers","   97,129 espectadores",    342 canales,"  7,319 espectadores",   148 canales
75,osu!,Abril,2019,"  1,074,604 horas","   139,518 horas","   29,400 streamers","   14,439 espectadores",    343 canales,NA,   194 canales
66,The Elder Scrolls Online,Enero,2021,"  2,898,143 horas","   114,003 horas","    8,218 streamers","  107,828 espectadores",    343 canales,"  3,900 espectadores",   153 canales
52,Retro,Abril,2023,"  4,711,141 horas","   169,381 horas","   11,752 streamers",NA,    343 canales,"  6,552 espectadores",   235 canales
46,Rust,Agosto,2018,"  1,912,930 horas","    89,919 horas","    9,678 streamers",NA,    344 canales,"  2,574 espectadores",   121 canales
36,World of Tanks,Octubre,2018,"  2,793,804 horas","   110,924 horas","    8,734 streamers","   15,562 espectadores",    344 canales,"  3,760 espectadores",NA
26,Magic: The Gathering,Enero,2020,"  5,518,102 horas","    76,362 horas","    7,595 streamers","   36,268 espectadores",    344 canales,"  7,426 espectadores",   102 canales
59,Retro,Noviembre,2021,"  4,089,249 horas","   152,814 horas","    9,787 streamers","   17,966 espectadores",    344 canales,"  5,687 espectadores",   212 canales
39,World of Tanks,Septiembre,2018,"  2,718,525 horas","   110,369 horas","    8,498 streamers","   16,132 espectadores",    345 canales,"  3,780 espectadores",   153 canales
64,Dungeons & Dragons,Marzo,2020,"  1,770,596 horas","    57,985 horas","    5,877 streamers","   74,864 espectadores",    345 canales,"  2,383 espectadores",    78 canales
128,osu!,Febrero,2023,"  1,006,249 horas","   104,723 horas","   25,247 streamers","   69,196 espectadores",    345 canales,NA,   156 canales
108,7 Days to Die,Noviembre,2020,"  1,320,899 horas","   137,202 horas","   10,520 streamers","   10,068 espectadores",    346 canales,"  1,837 espectadores",   190 canales
32,World of Tanks,Junio,2023,"  7,608,398 horas","   122,030 horas","   10,642 streamers","   74,936 espectadores",    346 canales," 10,581 espectadores",   169 canales
93,osu!,Enero,2019,"    897,193 horas","   139,498 horas","   28,872 streamers","    5,246 espectadores",    347 canales,"  1,207 espectadores",   187 canales
31,DayZ,Julio,2019,"  3,951,369 horas","   139,279 horas","   13,293 streamers","   47,011 espectadores",    347 canales,"  5,318 espectadores",   187 canales
43,Tibia,Junio,2020,"  4,020,740 horas","   140,429 horas","    5,420 streamers","   11,994 espectadores",    347 canales,"  5,592 espectadores",   195 canales
56,Retro,Junio,2022,"  4,045,415 horas","   152,791 horas","   11,816 streamers","   14,442 espectadores",    347 canales,"  5,626 espectadores",   212 canales
56,Retro,Junio,2023,"  3,853,399 horas","   156,818 horas","   10,504 streamers","    9,703 espectadores",    347 canales,"  5,359 espectadores",   218 canales
61,Tibia,Diciembre,2023,"  3,516,357 horas","   140,975 horas","    5,247 streamers",NA,    347 canales,"  4,732 espectadores",NA
50,SMITE,Abril,2019,"  1,877,327 horas","   128,841 horas","   14,557 streamers","   11,127 espectadores",    349 canales,NA,   179 canales
48,Rust,Noviembre,2019,"  2,273,826 horas","   117,877 horas","   12,086 streamers",NA,    349 canales,"  3,162 espectadores",   163 canales
97,Warframe,Marzo,2020,"  1,011,639 horas","   105,581 horas","   10,856 streamers","   52,982 espectadores",    349 canales,"  1,361 espectadores",   142 canales
102,Tibia,Agosto,2021,"  2,250,666 horas","   127,841 horas","    4,881 streamers","    9,706 espectadores",    349 canales,"  3,029 espectadores",   172 canales
56,Retro,Febrero,2022,"  3,923,604 horas","   147,480 horas","   11,756 streamers","   16,328 espectadores",    349 canales,"  5,847 espectadores",   219 canales
17,World of Tanks,Octubre,2016,"  4,216,872 horas","   117,178 horas","   11,398 streamers",NA,    350 canales,NA,NA
83,osu!,Mayo,2019,"    938,331 horas","   141,237 horas","   30,462 streamers","   11,856 espectadores",    350 canales,"  1,262 espectadores",   190 canales
78,DayZ,Junio,2020,"  1,936,338 horas","   124,395 horas","    9,241 streamers","   29,501 espectadores",    350 canales,"  2,693 espectadores",   173 canales
151,Euro Truck Simulator 2,Julio,2020,"    799,292 horas","   103,230 horas","   11,401 streamers","    7,279 espectadores",    350 canales,"  1,075 espectadores",NA
36,Path of Exile,Agosto,2020,"  5,706,876 horas","   125,666 horas","    5,688 streamers","   26,106 espectadores",    350 canales,"  7,680 espectadores",   169 canales
49,Poker,Diciembre,2021,"  5,258,705 horas","    72,060 horas","    3,543 streamers",NA,    350 canales,"  7,077 espectadores",    96 canales
119,Dungeons & Dragons,Abril,2023,"  1,308,605 horas","    66,745 horas","    7,324 streamers","   33,823 espectadores",    350 canales,"  1,820 espectadores",    92 canales
58,World of Tanks,Julio,2020,"  3,062,251 horas","   124,722 horas","    7,117 streamers","   30,277 espectadores",    351 canales,"  4,121 espectadores",   167 canales
123,Warframe,Marzo,2021,"  1,586,172 horas","   143,870 horas","   11,616 streamers","   51,367 espectadores",    351 canales,"  2,134 espectadores",   193 canales
19,Hearthstone,Julio,2021," 18,547,791 horas","   146,028 horas","   11,032 streamers",NA,    351 canales," 24,963 espectadores",   196 canales
113,Warframe,Marzo,2023,"  1,325,127 horas","   122,074 horas","   15,425 streamers","   81,478 espectadores",    351 canales,"  1,783 espectadores",   164 canales
14,World of Tanks,Junio,2016,"  4,520,878 horas","   111,473 horas","   12,127 streamers",NA,    352 canales,"  6,287 espectadores",   155 canales
4,Hearthstone,Julio,2017," 27,058,958 horas","   162,367 horas","   21,973 streamers","  141,493 espectadores",    352 canales," 36,418 espectadores",   218 canales
49,Tibia,Agosto,2020,"  4,061,417 horas","   132,770 horas","    5,226 streamers","   15,040 espectadores",    352 canales,"  5,466 espectadores",   178 canales
164,Euro Truck Simulator 2,Noviembre,2022,"    766,799 horas","    85,462 horas","   14,859 streamers","   23,786 espectadores",    352 canales,"  1,066 espectadores",   118 canales
87,The Sims 4,Julio,2024,"  1,934,178 horas","    90,162 horas","   16,799 streamers","   18,249 espectadores",    352 canales,"  2,603 espectadores",   121 canales
115,7 Days to Die,Octubre,2020,"  1,149,096 horas","   107,937 horas","    8,738 streamers",NA,    353 canales,"  1,546 espectadores",   145 canales
57,Retro,Junio,2021,"  4,096,152 horas","   160,158 horas","   10,973 streamers","   20,190 espectadores",    353 canales,"  5,697 espectadores",   222 canales
58,Retro,Diciembre,2021,"  4,288,699 horas","   162,017 horas","    9,604 streamers","   32,617 espectadores",    353 canales,"  5,772 espectadores",   218 canales
133,7 Days to Die,Febrero,2022,"  1,025,453 horas","   131,832 horas","   13,962 streamers","    4,540 espectadores",    353 canales,"  1,528 espectadores",   196 canales
159,The Elder Scrolls Online,Marzo,2024,"    976,427 horas","    77,741 horas","    7,147 streamers","    6,857 espectadores",    353 canales,NA,   104 canales
155,Euro Truck Simulator 2,Abril,2024,"    966,320 horas","    91,158 horas","   15,759 streamers","   30,406 espectadores",    353 canales,"  1,343 espectadores",   126 canales
32,World of Tanks,Febrero,2018,"  2,898,137 horas","   118,970 horas","   10,626 streamers","   15,399 espectadores",    354 canales,"  4,319 espectadores",   177 canales
21,Talk Shows & Podcasts,Junio,2018,"  4,928,430 horas","    50,579 horas","    9,348 streamers","   54,624 espectadores",    354 canales,"  6,854 espectadores",    70 canales
73,DayZ,Mayo,2019,"  1,188,138 horas","    69,149 horas","    8,262 streamers","   24,481 espectadores",    354 canales,"  1,599 espectadores",    93 canales
44,Rust,Octubre,2019,"  2,265,327 horas","   114,273 horas","   11,679 streamers","   13,815 espectadores",    354 canales,"  3,048 espectadores",NA
49,Tibia,Abril,2020,"  3,217,534 horas","   134,385 horas","    5,401 streamers","   14,649 espectadores",    354 canales,NA,   186 canales
55,Retro,Julio,2023,"  4,521,262 horas","   174,755 horas","   11,312 streamers","   11,478 espectadores",    355 canales,"  6,085 espectadores",   235 canales
31,Talk Shows & Podcasts,Septiembre,2019,"  3,906,782 horas","    55,499 horas","    7,541 streamers","   78,097 espectadores",    356 canales,"  5,433 espectadores",NA
44,Talk Shows & Podcasts,Julio,2020,"  4,933,427 horas","   108,621 horas","   10,918 streamers","   70,773 espectadores",    356 canales,"  6,639 espectadores",   146 canales
73,DayZ,Julio,2020,"  2,345,331 horas","   142,773 horas","   10,483 streamers","   34,790 espectadores",    356 canales,"  3,156 espectadores",   192 canales
106,Warframe,Octubre,2020,"  1,326,209 horas","   120,826 horas","    9,504 streamers","   61,550 espectadores",    356 canales,"  1,784 espectadores",   162 canales
55,Retro,Enero,2021,"  3,731,008 horas","   161,951 horas","   10,809 streamers","   18,468 espectadores",    356 canales,NA,   217 canales
35,World of Tanks,Junio,2022,"  7,865,801 horas","   128,167 horas","   11,249 streamers","   57,570 espectadores",    356 canales," 10,939 espectadores",   178 canales
103,Dungeons & Dragons,Noviembre,2022,"  1,407,290 horas","    62,933 horas","    7,416 streamers","   44,802 espectadores",    356 canales,"  1,957 espectadores",NA
45,Retro,Enero,2023,"  5,075,707 horas","   171,128 horas","   12,100 streamers","   60,657 espectadores",    356 canales,"  6,831 espectadores",NA
41,Clash Royale,Julio,2021,"  6,466,300 horas","    71,914 horas","   12,619 streamers","   72,981 espectadores",    357 canales,"  8,702 espectadores",    96 canales
147,7 Days to Die,Abril,2022,"  1,094,316 horas","   129,278 horas","   15,710 streamers","    8,634 espectadores",    357 canales,"  1,521 espectadores",   179 canales
52,Retro,Marzo,2023,"  4,267,659 horas","   165,775 horas","   11,957 streamers","   15,966 espectadores",    357 canales,"  5,743 espectadores",   223 canales
58,Retro,Septiembre,2020,"  3,270,501 horas","   131,433 horas","    8,811 streamers",NA,    358 canales,"  4,548 espectadores",   182 canales
30,Warframe,Julio,2019,"  3,993,527 horas","   152,835 horas","   17,442 streamers","  419,066 espectadores",    359 canales,"  5,374 espectadores",NA
90,Dungeons & Dragons,Junio,2020,"  1,416,882 horas","    65,987 horas","    6,195 streamers","   53,654 espectadores",    359 canales,"  1,970 espectadores",    91 canales
57,SMITE,Octubre,2022,"  3,870,371 horas","   122,082 horas","   14,222 streamers","   20,566 espectadores",    359 canales,"  5,209 espectadores",   164 canales
138,Euro Truck Simulator 2,Junio,2023,"    839,579 horas","    95,530 horas","   15,540 streamers","    8,699 espectadores",    359 canales,"  1,167 espectadores",   132 canales
51,Retro,Agosto,2023,"  4,932,962 horas","   178,292 horas","   11,358 streamers","   13,221 espectadores",    359 canales,"  6,639 espectadores",   239 canales
23,SMITE,Febrero,2016,"  2,760,980 horas","   113,862 horas","   16,537 streamers","   18,077 espectadores",    360 canales,"  3,972 espectadores",   163 canales
27,Music,Noviembre,2018,"  5,346,687 horas","   183,942 horas","   12,414 streamers","   22,400 espectadores",    360 canales,"  7,436 espectadores",   255 canales
37,Poker,Abril,2021,"  8,819,940 horas","    93,009 horas","    5,024 streamers","   59,393 espectadores",    360 canales," 12,266 espectadores",   129 canales
130,Euro Truck Simulator 2,Agosto,2023,"  1,144,024 horas","   101,664 horas","   17,741 streamers","   14,928 espectadores",    360 canales,"  1,539 espectadores",   136 canales
15,World of Tanks,Marzo,2016,"  5,046,078 horas","   126,849 horas","   14,125 streamers","   81,676 espectadores",    361 canales,"  6,791 espectadores",   170 canales
30,Talk Shows & Podcasts,Noviembre,2018,"  4,978,878 horas","    66,410 horas","   13,841 streamers","   63,169 espectadores",    361 canales,NA,    92 canales
29,Poker,Marzo,2020,"  5,475,198 horas","    77,681 horas","    4,990 streamers","   43,768 espectadores",    361 canales,"  7,369 espectadores",   104 canales
48,Magic: The Gathering,Septiembre,2021,"  4,935,854 horas","    82,984 horas","    6,904 streamers",NA,    361 canales,NA,   115 canales
106,Dungeons & Dragons,Octubre,2022,"  1,581,708 horas","    70,178 horas","    7,815 streamers","   54,827 espectadores",    361 canales,"  2,128 espectadores",    94 canales
21,Heroes of the Storm,Noviembre,2016,"  4,201,429 horas","   111,077 horas","   13,519 streamers","   86,526 espectadores",    362 canales,NA,   154 canales
38,World of Tanks,Mayo,2019,"  3,042,249 horas","   126,345 horas","    9,729 streamers","   17,737 espectadores",    362 canales,"  4,094 espectadores",NA
77,osu!,Octubre,2019,"    925,788 horas","   133,433 horas","   27,351 streamers",NA,    362 canales,"  1,246 espectadores",   179 canales
70,DayZ,Enero,2020,"  1,544,010 horas","   125,496 horas","   12,314 streamers","   27,652 espectadores",    362 canales,"  2,078 espectadores",   168 canales
169,7 Days to Die,Febrero,2021,"    786,041 horas","   117,774 horas","    9,989 streamers","    4,592 espectadores",    362 canales,"  1,171 espectadores",   175 canales
132,Warframe,Mayo,2021,"  1,297,450 horas","   140,753 horas","   11,324 streamers",NA,    362 canales,"  1,746 espectadores",   189 canales
21,Hearthstone,Noviembre,2021," 17,118,229 horas","   129,869 horas","    9,527 streamers","   55,211 espectadores",    362 canales," 23,808 espectadores",   180 canales
20,Hearthstone,Febrero,2022," 18,205,368 horas","   134,616 horas","   14,685 streamers",NA,    362 canales,NA,   200 canales
71,Tibia,Junio,2022,"  3,061,877 horas","   129,587 horas","    5,467 streamers","    9,047 espectadores",    362 canales,"  4,258 espectadores",   180 canales
68,Tibia,Octubre,2022,"  3,219,943 horas","   142,105 horas","    5,675 streamers","    9,674 espectadores",    362 canales,"  4,333 espectadores",   191 canales
23,Warcraft III,Febrero,2020,"  5,231,864 horas","    82,902 horas","    7,678 streamers","   48,265 espectadores",    363 canales,NA,   119 canales
12,Hearthstone,Julio,2020," 21,672,730 horas","   167,083 horas","   12,587 streamers","   72,440 espectadores",    363 canales," 29,169 espectadores",   224 canales
61,Tibia,Septiembre,2020,"  3,214,240 horas","   129,754 horas","    5,149 streamers","    9,301 espectadores",    363 canales,"  4,470 espectadores",   180 canales
42,World of Tanks,Octubre,2023,"  6,675,494 horas","   116,929 horas","    9,955 streamers","   50,276 espectadores",    363 canales,"  8,984 espectadores",NA
62,Path of Exile,Noviembre,2022,"  2,898,760 horas","    51,870 horas","    3,626 streamers","   36,363 espectadores",    364 canales,NA,    72 canales
72,Tibia,Febrero,2024,"  3,053,821 horas","   130,718 horas","    5,160 streamers",NA,    364 canales,"  4,393 espectadores",   188 canales
7,Hearthstone,Enero,2019," 24,477,856 horas","   172,747 horas","   21,526 streamers","   92,702 espectadores",    365 canales," 32,944 espectadores",   232 canales
52,Rust,Abril,2019,"  1,862,996 horas","   104,273 horas","   11,367 streamers","   14,509 espectadores",    365 canales,"  2,591 espectadores",   145 canales
59,Retro,Febrero,2021,"  3,370,690 horas","   154,958 horas","   10,671 streamers",NA,    365 canales,"  5,023 espectadores",   230 canales
34,World of Tanks,Noviembre,2022,"  7,457,889 horas","   115,906 horas","   10,014 streamers","   44,312 espectadores",    365 canales,NA,   161 canales
47,Retro,Noviembre,2023,"  4,232,419 horas","   173,492 horas","   10,803 streamers","   16,508 espectadores",    365 canales,"  5,886 espectadores",   241 canales
38,World of Tanks,Abril,2022,"  5,648,287 horas","   128,810 horas","   11,842 streamers","   48,509 espectadores",    366 canales,"  7,855 espectadores",   179 canales
44,World of Tanks,Agosto,2022,"  5,491,568 horas","   125,005 horas","   11,465 streamers","   40,548 espectadores",    366 canales,"  7,391 espectadores",   168 canales
57,Tibia,Enero,2023,"  3,721,407 horas","   138,882 horas","    5,646 streamers","   13,827 espectadores",    366 canales,NA,   186 canales
70,SMITE,Julio,2023,"  3,068,555 horas","   130,211 horas","   15,077 streamers","   11,091 espectadores",    366 canales,"  4,129 espectadores",   175 canales
6,Hearthstone,Julio,2018," 27,860,407 horas","   177,948 horas","   23,172 streamers","  115,029 espectadores",    367 canales," 37,497 espectadores",NA
105,Dungeons & Dragons,Marzo,2023,"  1,547,289 horas","    62,995 horas","    7,253 streamers","   41,144 espectadores",    367 canales,"  2,082 espectadores",    84 canales
62,Retro,Octubre,2023,"  4,538,116 horas","   179,201 horas","   11,193 streamers",NA,    367 canales,NA,   241 canales
15,World of Tanks,Enero,2016,"  4,993,627 horas","   128,356 horas","   16,121 streamers","   39,358 espectadores",    368 canales,"  6,720 espectadores",   172 canales
3,Hearthstone,Febrero,2017," 33,345,362 horas","   149,527 horas","   19,906 streamers","  142,596 espectadores",    368 canales," 49,695 espectadores",   222 canales
74,Tibia,Enero,2024,"  3,017,808 horas","   138,929 horas","    5,407 streamers","    9,620 espectadores",    368 canales,"  4,061 espectadores",NA
53,Rust,Junio,2019,"  2,062,296 horas","   120,575 horas","   14,463 streamers","   16,006 espectadores",    369 canales,NA,   167 canales
114,osu!,Abril,2020,"  1,077,344 horas","   160,039 horas","   24,954 streamers","    7,754 espectadores",    369 canales,"  1,498 espectadores",   222 canales
132,Euro Truck Simulator 2,Junio,2020,"    857,222 horas","   102,710 horas","   11,203 streamers","   10,255 espectadores",    369 canales,NA,   142 canales
107,Dungeons & Dragons,Diciembre,2021,"  1,726,609 horas","    62,247 horas","    6,546 streamers","   82,920 espectadores",    370 canales,"  2,323 espectadores",    83 canales
123,Dungeons & Dragons,Junio,2022,"  1,352,905 horas","    69,935 horas","    8,040 streamers","   41,417 espectadores",    370 canales,"  1,881 espectadores",    97 canales
73,Path of Exile,Julio,2022,"  3,179,236 horas","    76,257 horas","    5,073 streamers","   24,702 espectadores",    370 canales,"  4,278 espectadores",   102 canales
32,Path of Exile,Enero,2023,"  8,435,257 horas","   150,543 horas","    8,237 streamers",NA,    370 canales," 11,352 espectadores",   202 canales
76,SMITE,Agosto,2023,"  2,988,947 horas","   122,792 horas","   14,120 streamers","   12,426 espectadores",    370 canales,"  4,022 espectadores",   165 canales
173,Euro Truck Simulator 2,Octubre,2020,"    696,710 horas","   102,814 horas","   10,774 streamers",NA,    371 canales,    937 espectadores,   138 canales
37,World of Tanks,Julio,2022,"  6,981,131 horas","   130,672 horas","   11,014 streamers","   36,444 espectadores",    371 canales,"  9,395 espectadores",   175 canales
4,Hearthstone,Julio,2016," 31,656,051 horas","   164,588 horas","   24,532 streamers","  148,537 espectadores",    372 canales," 42,605 espectadores",   221 canales
18,Dead by Daylight,Noviembre,2016,"  4,637,237 horas","   124,216 horas","   10,247 streamers",NA,    372 canales,"  6,449 espectadores",   172 canales
27,Rocket League,Abril,2017,"  2,869,377 horas","   142,679 horas","   28,463 streamers","   43,757 espectadores",    372 canales,"  3,990 espectadores",   198 canales
37,World of Tanks,Marzo,2019,"  3,239,659 horas","   124,172 horas","    9,910 streamers",NA,    372 canales,"  4,360 espectadores",   167 canales
163,Euro Truck Simulator 2,Septiembre,2020,"    702,710 horas","    85,959 horas","    9,248 streamers","    9,812 espectadores",    372 canales,    977 espectadores,   119 canales
117,Warframe,Noviembre,2021,"  1,556,803 horas","   114,407 horas","    8,644 streamers","   78,305 espectadores",    372 canales,"  2,165 espectadores",   159 canales
58,SMITE,Junio,2023,"  3,839,573 horas","   124,302 horas","   15,128 streamers","   17,894 espectadores",    372 canales,NA,   172 canales
33,World of Tanks,Agosto,2023,"  9,089,816 horas","   129,684 horas","   10,980 streamers","   48,799 espectadores",    372 canales,NA,   174 canales
139,Euro Truck Simulator 2,Septiembre,2023,"    943,066 horas","    94,549 horas","   15,571 streamers","   13,337 espectadores",    372 canales,"  1,311 espectadores",   131 canales
38,Rust,Noviembre,2018,"  3,615,768 horas","   109,329 horas","   11,486 streamers","   30,749 espectadores",    373 canales,"  5,028 espectadores",   152 canales
34,Poker,Enero,2021,"  7,674,703 horas","   101,079 horas","    5,675 streamers","   62,257 espectadores",    373 canales," 10,329 espectadores",   136 canales
56,Retro,Mayo,2021,"  4,679,558 horas","   172,891 horas","   11,594 streamers",NA,    373 canales,"  6,298 espectadores",   232 canales
52,Retro,Febrero,2023,"  3,997,424 horas","   151,446 horas","   11,939 streamers",NA,    373 canales,"  5,957 espectadores",   225 canales
104,osu!,Febrero,2022,"  1,410,701 horas","   149,587 horas","   38,980 streamers","   20,273 espectadores",    375 canales,"  2,102 espectadores",   222 canales
40,Retro,Abril,2022,"  5,446,439 horas","   160,753 horas","   12,186 streamers","   28,868 espectadores",    375 canales,"  7,575 espectadores",   223 canales
120,osu!,Abril,2022,"  1,398,002 horas","   156,376 horas","   36,981 streamers","   18,019 espectadores",    375 canales,"  1,944 espectadores",NA
56,Retro,Septiembre,2022,"  4,272,853 horas","   157,901 horas","   11,409 streamers","   13,970 espectadores",    375 canales,NA,   219 canales
53,Retro,Mayo,2024,"  4,748,853 horas","   187,862 horas","   11,841 streamers","   14,212 espectadores",    375 canales,"  6,391 espectadores",   252 canales
46,DayZ,Junio,2019,"  2,398,065 horas","   137,150 horas","   14,674 streamers","   46,472 espectadores",    376 canales,"  3,335 espectadores",   190 canales
100,Dungeons & Dragons,Mayo,2020,"  1,376,853 horas","    77,668 horas","    6,860 streamers","   18,987 espectadores",    376 canales,"  1,853 espectadores",   104 canales
119,Warframe,Febrero,2021,"  1,241,519 horas","   128,364 horas","   10,538 streamers","   77,367 espectadores",    376 canales,"  1,850 espectadores",   191 canales
47,Tibia,Julio,2020,"  4,426,221 horas","   142,062 horas","    5,446 streamers","   17,516 espectadores",    377 canales,"  5,957 espectadores",   191 canales
139,Warframe,Noviembre,2022,"    949,942 horas","    96,959 horas","   11,521 streamers","   49,648 espectadores",    377 canales,"  1,321 espectadores",   134 canales
51,Retro,Mayo,2023,"  4,962,849 horas","   174,081 horas","   11,401 streamers","   23,402 espectadores",    377 canales,"  6,679 espectadores",   234 canales
50,SMITE,Marzo,2020,"  2,859,327 horas","   131,331 horas","   14,324 streamers",NA,    378 canales,"  3,848 espectadores",   176 canales
26,Poker,Mayo,2020,"  9,212,870 horas","    99,128 horas","    5,481 streamers","   66,482 espectadores",    378 canales," 12,399 espectadores",NA
128,7 Days to Die,Mayo,2022,"  1,315,149 horas","   144,367 horas","   18,112 streamers","   12,510 espectadores",    378 canales,"  1,770 espectadores",   194 canales
143,Euro Truck Simulator 2,Diciembre,2022,"    922,966 horas","    93,576 horas","   16,573 streamers","   13,031 espectadores",    378 canales,"  1,242 espectadores",   125 canales
17,World of Tanks,Diciembre,2016,"  5,132,198 horas","   134,055 horas","    3,798 streamers","   58,323 espectadores",    379 canales,"  6,907 espectadores",   180 canales
11,Hearthstone,Junio,2019," 20,975,309 horas","   130,206 horas","   16,294 streamers",NA,    379 canales," 29,172 espectadores",   181 canales
31,Talk Shows & Podcasts,Mayo,2020,"  6,970,052 horas","   111,589 horas","   11,278 streamers","  413,745 espectadores",    379 canales,NA,   150 canales
40,Poker,Febrero,2021,"  6,004,831 horas","   108,249 horas","    5,130 streamers","   82,555 espectadores",    379 canales,"  8,949 espectadores",NA
43,Path of Exile,Junio,2022,"  6,561,401 horas","   148,345 horas","    8,299 streamers",NA,    379 canales,"  9,125 espectadores",   206 canales
161,Euro Truck Simulator 2,Febrero,2023,"    692,372 horas","    88,791 horas","   15,938 streamers","    9,617 espectadores",    379 canales,"  1,031 espectadores",   132 canales
2,Hearthstone,Septiembre,2016," 33,618,619 horas","   165,899 horas","   24,349 streamers","  119,151 espectadores",    380 canales," 46,757 espectadores",   230 canales
2,Hearthstone,Octubre,2016," 35,799,234 horas","   168,565 horas","   23,322 streamers","  192,995 espectadores",    381 canales," 48,182 espectadores",   226 canales
20,Talk Shows & Podcasts,Marzo,2018,"  5,081,490 horas","    44,227 horas","    9,049 streamers","   77,922 espectadores",    381 canales,"  6,839 espectadores",    59 canales
168,Euro Truck Simulator 2,Septiembre,2022,"    866,955 horas","    92,837 horas","   16,109 streamers","   13,050 espectadores",    381 canales,"  1,205 espectadores",   129 canales
70,Tibia,Octubre,2023,"  3,800,264 horas","   161,238 horas","    5,793 streamers","   12,377 espectadores",    381 canales,"  5,114 espectadores",   217 canales
24,Dead by Daylight,Enero,2017,"  4,292,105 horas","   137,530 horas","   12,214 streamers","   21,384 espectadores",    382 canales,"  5,776 espectadores",   185 canales
44,Retro,Diciembre,2023,"  5,172,498 horas","   191,917 horas","   11,315 streamers","   15,829 espectadores",    382 canales,"  6,961 espectadores",   258 canales
34,World of Tanks,Enero,2018,"  3,525,484 horas","   143,535 horas","   12,107 streamers","   22,497 espectadores",    383 canales,"  4,744 espectadores",   193 canales
48,DayZ,Agosto,2020,"  4,118,950 horas","   140,663 horas","   10,369 streamers",NA,    383 canales,NA,   189 canales
92,The Sims 4,Enero,2021,"  1,858,854 horas","   112,933 horas","   18,640 streamers","   14,942 espectadores",    383 canales,"  2,501 espectadores",NA
71,Tibia,Julio,2022,"  3,334,078 horas","   144,611 horas","    5,592 streamers","   10,107 espectadores",    383 canales,"  4,487 espectadores",NA
79,osu!,Septiembre,2019,"    936,832 horas","   134,775 horas","   28,412 streamers",NA,    384 canales,"  1,302 espectadores",   187 canales
52,Tibia,Diciembre,2020,"  3,831,212 horas","   146,599 horas","    5,407 streamers","    9,912 espectadores",    384 canales,"  5,156 espectadores",   197 canales
69,Tibia,Agosto,2023,"  3,208,628 horas","   145,383 horas","    5,638 streamers","   10,388 espectadores",    384 canales,"  4,318 espectadores",   195 canales
30,Hearthstone,Julio,2024," 10,713,903 horas","   102,096 horas","    8,924 streamers","   45,038 espectadores",    384 canales,NA,   137 canales
8,Hearthstone,Septiembre,2018," 24,201,284 horas","   156,904 horas","   20,633 streamers",NA,    385 canales," 33,659 espectadores",   218 canales
62,World of Tanks,Julio,2021,"  3,697,632 horas","   130,470 horas","    7,931 streamers","   21,108 espectadores",    385 canales,"  4,976 espectadores",   175 canales
113,Dungeons & Dragons,Septiembre,2022,"  1,563,894 horas","    68,290 horas","    7,958 streamers","   62,226 espectadores",    385 canales,"  2,175 espectadores",    94 canales
65,Tibia,Abril,2023,"  3,282,157 horas","   147,010 horas","    5,909 streamers","   34,136 espectadores",    385 canales,"  4,564 espectadores",   204 canales
44,DayZ,Diciembre,2018,"  2,795,627 horas","    79,026 horas","   10,780 streamers","   58,655 espectadores",    386 canales,"  3,762 espectadores",   106 canales
78,osu!,Marzo,2019,"  1,007,134 horas","   145,147 horas","   29,671 streamers","   15,916 espectadores",    386 canales,"  1,355 espectadores",   195 canales
37,Path of Exile,Mayo,2020,"  5,447,251 horas","   134,392 horas","    6,467 streamers","   20,628 espectadores",    386 canales,NA,   180 canales
59,Tibia,Agosto,2024,"  4,343,530 horas","   157,070 horas","    5,254 streamers","   15,516 espectadores",    386 canales,"  5,845 espectadores",   211 canales
2,Hearthstone,Marzo,2017," 38,782,039 horas","   169,481 horas","   18,841 streamers",NA,    387 canales," 52,196 espectadores",   228 canales
12,Heroes of the Storm,Junio,2017,"  7,514,421 horas","   151,088 horas","   18,376 streamers","   63,642 espectadores",    387 canales," 10,451 espectadores",   210 canales
42,Rust,Julio,2018,"  2,294,350 horas","   107,121 horas","   11,926 streamers","   16,199 espectadores",    387 canales,"  3,087 espectadores",   144 canales
24,Music,Diciembre,2018,"  6,585,985 horas","   206,540 horas","   13,559 streamers","   50,673 espectadores",    387 canales,"  8,864 espectadores",   277 canales
63,Tibia,Abril,2024,"  4,140,989 horas","   137,506 horas","    5,288 streamers","   15,545 espectadores",    387 canales,"  5,759 espectadores",NA
50,Retro,Agosto,2024,"  5,217,684 horas","   195,114 horas","   11,650 streamers","   20,014 espectadores",    387 canales,"  7,022 espectadores",   262 canales
32,Rocket League,Diciembre,2016,"  2,275,921 horas","   135,824 horas","    8,345 streamers","   60,401 espectadores",    388 canales,"  3,063 espectadores",   182 canales
116,osu!,Marzo,2022,"  1,284,048 horas","   161,302 horas","   38,510 streamers","   13,425 espectadores",    388 canales,NA,   217 canales
65,Tibia,Mayo,2024,"  3,764,275 horas","   146,101 horas","    5,407 streamers","   10,889 espectadores",    388 canales,"  5,066 espectadores",   196 canales
47,Retro,Julio,2024,"  5,358,051 horas","   189,819 horas","   11,421 streamers","   21,947 espectadores",    388 canales,"  7,211 espectadores",   255 canales
46,Rust,Marzo,2019,"  2,281,670 horas","   108,990 horas","   11,714 streamers","   34,709 espectadores",    389 canales,"  3,070 espectadores",   146 canales
105,Warframe,Mayo,2020,"  1,328,803 horas","   136,208 horas","    9,830 streamers","   38,800 espectadores",    389 canales,"  1,788 espectadores",   183 canales
24,World of Tanks,Marzo,2017,"  4,234,471 horas","   135,666 horas","   10,300 streamers","   28,161 espectadores",    390 canales,"  5,699 espectadores",NA
93,Dungeons & Dragons,Abril,2020,"  1,343,705 horas","    73,559 horas","    6,508 streamers","   22,706 espectadores",    390 canales,"  1,868 espectadores",   102 canales
55,Retro,Enero,2022,"  4,494,595 horas","   165,110 horas","   12,300 streamers","   39,288 espectadores",    390 canales,"  6,049 espectadores",   222 canales
35,World of Tanks,Marzo,2022,"  5,971,642 horas","   133,034 horas","   12,738 streamers","   33,737 espectadores",    391 canales,"  8,037 espectadores",   179 canales
156,Euro Truck Simulator 2,Marzo,2022,"    891,350 horas","   102,937 horas","   17,239 streamers","   13,317 espectadores",    391 canales,NA,NA
183,Euro Truck Simulator 2,Octubre,2022,"    810,889 horas","    96,247 horas","   16,304 streamers","   12,437 espectadores",    391 canales,"  1,091 espectadores",   129 canales
23,Hearthstone,Noviembre,2023," 11,715,180 horas","    98,533 horas","    9,741 streamers","   47,824 espectadores",    391 canales," 16,293 espectadores",   137 canales
24,SMITE,Febrero,2017,"  3,949,798 horas","   132,455 horas","   16,980 streamers","   30,109 espectadores",    392 canales,NA,   197 canales
31,Rocket League,Mayo,2017,"  2,113,820 horas","   141,958 horas","   38,061 streamers","   47,147 espectadores",    392 canales,"  2,844 espectadores",   191 canales
58,Retro,Septiembre,2023,"  4,440,268 horas","   168,068 horas","   11,062 streamers","   16,727 espectadores",    392 canales,"  6,175 espectadores",   233 canales
47,Retro,Junio,2024,"  5,126,383 horas","   179,021 horas","   11,391 streamers","   13,280 espectadores",    392 canales,"  7,129 espectadores",   248 canales
34,Rocket League,Febrero,2017,"  2,179,407 horas","   136,327 horas","   34,920 streamers","   51,685 espectadores",    393 canales,NA,   203 canales
36,Magic: The Gathering,Mayo,2020,"  5,538,538 horas","   106,607 horas","    7,599 streamers","   19,364 espectadores",    393 canales,"  7,454 espectadores",   143 canales
35,World of Tanks,Septiembre,2022,"  7,208,152 horas","   123,147 horas","   11,167 streamers",NA,    393 canales," 10,025 espectadores",   171 canales
48,Poker,Enero,2022,"  5,867,690 horas","    78,827 horas","    5,838 streamers",NA,    395 canales,"  7,897 espectadores",   106 canales
97,Dungeons & Dragons,Marzo,2022,"  1,675,065 horas","    77,171 horas","    8,543 streamers","   53,842 espectadores",    395 canales,"  2,254 espectadores",   103 canales
112,Dungeons & Dragons,Mayo,2022,"  1,526,355 horas","    74,191 horas","    8,329 streamers","   50,553 espectadores",    395 canales,"  2,054 espectadores",    99 canales
52,Tibia,Junio,2024,"  4,461,830 horas","   147,556 horas","    5,310 streamers","   18,765 espectadores",    395 canales,"  6,205 espectadores",   205 canales
44,Rust,Septiembre,2019,"  2,193,726 horas","   115,415 horas","   12,163 streamers","   28,018 espectadores",    396 canales,"  3,051 espectadores",   160 canales
57,SMITE,Abril,2023,"  3,820,641 horas","   142,397 horas","   15,685 streamers",NA,    396 canales,"  5,313 espectadores",   198 canales
40,World of Tanks,Febrero,2024,"  6,336,077 horas","   127,901 horas","   11,357 streamers","   42,464 espectadores",    396 canales,"  9,116 espectadores",   184 canales
56,World of Tanks,Junio,2021,"  4,180,869 horas","   127,693 horas","    7,669 streamers",NA,    397 canales,"  5,814 espectadores",   177 canales
113,osu!,Diciembre,2021,"  1,594,126 horas","   180,642 horas","   28,625 streamers","  137,602 espectadores",    397 canales,"  2,145 espectadores",NA
44,Retro,Enero,2024,"  5,374,341 horas","   200,085 horas","   12,122 streamers","   55,237 espectadores",    397 canales,"  7,233 espectadores",   269 canales
79,Dungeons & Dragons,Octubre,2021,"  2,610,488 horas","    81,225 horas","    7,781 streamers","  214,433 espectadores",    398 canales,NA,   109 canales
118,Euro Truck Simulator 2,Enero,2023,"  1,151,916 horas","   105,434 horas","   19,273 streamers","   19,902 espectadores",    398 canales,"  1,550 espectadores",   141 canales
29,SMITE,Mayo,2016,"  2,946,881 horas","   152,509 horas","   24,184 streamers","   28,594 espectadores",    399 canales,"  3,966 espectadores",   205 canales
100,7 Days to Die,Junio,2020,"  1,210,455 horas","    75,019 horas","    6,309 streamers","   34,546 espectadores",    400 canales,"  1,683 espectadores",NA
40,Poker,Marzo,2021,"  7,011,830 horas","    96,550 horas","    5,429 streamers","   86,549 espectadores",    400 canales,NA,NA
160,Euro Truck Simulator 2,Marzo,2023,"    837,579 horas","    98,028 horas","   16,825 streamers","   65,354 espectadores",    400 canales,NA,   131 canales
40,World of Tanks,Noviembre,2019,"  3,024,941 horas","   111,692 horas","    8,570 streamers","   18,555 espectadores",    401 canales,"  4,207 espectadores",   155 canales
59,Dungeons & Dragons,Agosto,2020,"  2,991,049 horas","    78,632 horas","    7,105 streamers","   85,514 espectadores",    401 canales,"  4,025 espectadores",NA
153,Euro Truck Simulator 2,Septiembre,2021,"    962,200 horas","   106,786 horas","   12,867 streamers","    8,249 espectadores",    401 canales,"  1,338 espectadores",   148 canales
30,World of Tanks,Octubre,2022,"  8,502,788 horas","   132,395 horas","   11,396 streamers","   48,244 espectadores",    401 canales," 11,443 espectadores",   178 canales
121,Euro Truck Simulator 2,Diciembre,2023,"  1,337,433 horas","   112,910 horas","   19,195 streamers","   39,025 espectadores",    401 canales,"  1,800 espectadores",   151 canales
56,World of Tanks,Septiembre,2020,"  3,393,395 horas","   128,611 horas","    7,469 streamers","  131,606 espectadores",    402 canales,"  4,719 espectadores",   178 canales
173,Euro Truck Simulator 2,Noviembre,2021,"    797,994 horas","   102,628 horas","   12,354 streamers","   14,186 espectadores",    402 canales,"  1,109 espectadores",   142 canales
65,SMITE,Septiembre,2022,"  3,553,990 horas","   141,351 horas","   16,555 streamers","   14,743 espectadores",    402 canales,"  4,942 espectadores",   196 canales
69,Tibia,Septiembre,2022,"  3,384,603 horas","   143,778 horas","    5,816 streamers",NA,    402 canales,"  4,707 espectadores",   199 canales
59,Path of Exile,Febrero,2023,"  3,621,799 horas","    71,015 horas","    4,939 streamers","   28,993 espectadores",    402 canales,NA,   105 canales
50,Tibia,Noviembre,2023,"  3,985,925 horas","   146,426 horas","    5,642 streamers","   12,766 espectadores",    402 canales,"  5,543 espectadores",   203 canales
4,Hearthstone,Noviembre,2017," 27,488,520 horas","   187,988 horas","   23,373 streamers","  135,561 espectadores",    403 canales," 38,231 espectadores",   261 canales
97,Dungeons & Dragons,Febrero,2022,"  1,577,230 horas","    72,045 horas","    8,490 streamers","   66,968 espectadores",    403 canales,"  2,350 espectadores",   107 canales
105,7 Days to Die,Enero,2021,"  1,554,041 horas","   165,771 horas","   12,949 streamers","   26,704 espectadores",    404 canales,"  2,091 espectadores",   223 canales
113,Warframe,Agosto,2021,"  1,830,235 horas","   159,520 horas","   11,690 streamers","  106,550 espectadores",    404 canales,"  2,463 espectadores",   214 canales
105,osu!,Noviembre,2021,"  1,821,776 horas","   170,589 horas","   27,796 streamers","   34,946 espectadores",    404 canales,"  2,533 espectadores",NA
2,Hearthstone,Noviembre,2016," 41,273,855 horas","   181,727 horas","   23,170 streamers","  331,248 espectadores",    405 canales," 57,404 espectadores",   252 canales
14,SMITE,Enero,2017,"  5,997,773 horas","   149,152 horas","   21,572 streamers","  103,551 espectadores",    405 canales,"  8,072 espectadores",   200 canales
10,Hearthstone,Enero,2020," 21,222,953 horas","   163,061 horas","   16,330 streamers","   62,503 espectadores",    405 canales," 28,563 espectadores",   219 canales
35,World of Tanks,Mayo,2023,"  7,872,645 horas","   138,901 horas","   11,118 streamers","   47,293 espectadores",    405 canales," 10,595 espectadores",NA
23,Rocket League,Noviembre,2017,"  4,290,060 horas","   146,609 horas","   33,939 streamers","  180,582 espectadores",    406 canales,NA,   203 canales
47,World of Tanks,Junio,2020,"  3,442,776 horas","   130,301 horas","    7,454 streamers","   33,592 espectadores",    406 canales,"  4,788 espectadores",   181 canales
94,osu!,Julio,2020,"  1,467,955 horas","   190,266 horas","   28,354 streamers","   14,550 espectadores",    406 canales,"  1,975 espectadores",   256 canales
57,Tibia,Noviembre,2022,"  3,149,140 horas","   130,588 horas","    5,209 streamers","   10,002 espectadores",    406 canales,"  4,379 espectadores",   181 canales
19,Hearthstone,Junio,2021," 16,276,838 horas","   143,893 horas","   10,873 streamers","   58,014 espectadores",    407 canales," 22,638 espectadores",   200 canales
37,Dead by Daylight,Marzo,2017,"  2,042,315 horas","    96,753 horas","    7,570 streamers","   18,264 espectadores",    408 canales,"  2,748 espectadores",   130 canales
3,Hearthstone,Septiembre,2017," 38,277,477 horas","   185,610 horas","   24,288 streamers","  127,786 espectadores",    408 canales," 53,237 espectadores",   258 canales
109,Dungeons & Dragons,Enero,2022,"  1,802,658 horas","    73,507 horas","    8,382 streamers","   71,790 espectadores",    408 canales,NA,    98 canales
87,Warframe,Julio,2023,"  1,903,620 horas","   147,056 horas","   17,023 streamers","   21,006 espectadores",    408 canales,"  2,562 espectadores",   197 canales
26,Hearthstone,Agosto,2023," 13,570,411 horas","   107,678 horas","   10,658 streamers","   48,548 espectadores",    408 canales," 18,264 espectadores",   144 canales
32,Tom Clancy's Rainbow Six Siege,Abril,2016,"  1,649,119 horas","   143,717 horas","   22,162 streamers","   35,253 espectadores",    409 canales,NA,   199 canales
29,World of Tanks,Marzo,2018,"  3,455,118 horas","   134,293 horas","   11,954 streamers",NA,    409 canales,"  4,650 espectadores",   180 canales
24,Magic: The Gathering,Enero,2019,"  6,911,182 horas","   112,950 horas","   11,368 streamers","   37,326 espectadores",    409 canales,"  9,301 espectadores",   152 canales
60,Dungeons & Dragons,Septiembre,2020,"  3,241,146 horas","    76,033 horas","    7,196 streamers","   78,504 espectadores",    409 canales,"  4,507 espectadores",   105 canales
79,Tibia,Julio,2021,"  2,548,197 horas","   142,011 horas","    5,285 streamers","   11,672 espectadores",    409 canales,"  3,429 espectadores",   191 canales
36,World of Tanks,Abril,2023,"  8,307,134 horas","   143,045 horas","   11,811 streamers",NA,    409 canales,NA,   198 canales
127,Euro Truck Simulator 2,Abril,2022,"  1,236,304 horas","   104,841 horas","   17,378 streamers","   53,704 espectadores",    410 canales,"  1,719 espectadores",   145 canales
27,Talk Shows & Podcasts,Septiembre,2018,"  4,644,389 horas","    52,873 horas","   12,248 streamers","   75,803 espectadores",    411 canales,NA,    73 canales
76,7 Days to Die,Julio,2020,"  2,247,141 horas","   154,970 horas","   10,624 streamers","   23,930 espectadores",    411 canales,"  3,024 espectadores",NA
35,Talk Shows & Podcasts,Octubre,2020,"  6,327,946 horas","   133,341 horas","   12,560 streamers","  334,877 espectadores",    411 canales,"  8,516 espectadores",   179 canales
36,World of Tanks,Mayo,2022,"  7,047,066 horas","   132,081 horas","   11,571 streamers","   37,208 espectadores",    411 canales,"  9,484 espectadores",NA
52,Rust,Diciembre,2018,"  2,363,722 horas","   122,081 horas","   13,736 streamers",NA,    412 canales,"  3,181 espectadores",   164 canales
56,Retro,Julio,2021,"  4,329,793 horas","   181,753 horas","   11,025 streamers","   26,358 espectadores",    412 canales,"  5,827 espectadores",   244 canales
53,DayZ,Agosto,2019,"  1,874,398 horas","   123,442 horas","   11,633 streamers","   25,587 espectadores",    413 canales,"  2,522 espectadores",   166 canales
43,Rust,Diciembre,2019,"  2,727,133 horas","   145,530 horas","   16,167 streamers","   33,839 espectadores",    413 canales,"  3,670 espectadores",   195 canales
113,Dungeons & Dragons,Abril,2022,"  1,513,477 horas","    74,902 horas","    8,609 streamers","   48,397 espectadores",    414 canales,"  2,104 espectadores",   104 canales
59,Tibia,Marzo,2023,"  3,394,966 horas","   147,837 horas","    5,964 streamers","   13,430 espectadores",    414 canales,"  4,569 espectadores",   198 canales
49,Retro,Septiembre,2024,"  5,016,207 horas","   186,323 horas","   11,514 streamers","   13,816 espectadores",    414 canales,"  6,976 espectadores",   259 canales
4,Hearthstone,Enero,2017," 37,651,061 horas","   179,394 horas","   24,800 streamers","   97,854 espectadores",    415 canales," 50,674 espectadores",   241 canales
99,osu!,Junio,2020,"  1,213,640 horas","   179,390 horas","   27,334 streamers","    9,802 espectadores",    415 canales,NA,   249 canales
40,SMITE,Junio,2022,"  7,016,148 horas","   150,985 horas","   18,528 streamers","  150,372 espectadores",    415 canales,"  9,758 espectadores",   209 canales
65,The Sims 4,Junio,2022,"  3,189,713 horas","   100,790 horas","   19,645 streamers","   49,441 espectadores",    415 canales,NA,   140 canales
116,7 Days to Die,Agosto,2022,"  1,595,016 horas","   132,039 horas","   14,512 streamers",NA,    415 canales,"  2,146 espectadores",   177 canales
109,osu!,Agosto,2021,"  1,917,432 horas","   205,425 horas","   34,801 streamers","   20,448 espectadores",    416 canales,NA,NA
91,Dungeons & Dragons,Noviembre,2021,"  2,333,045 horas","    75,756 horas","    7,479 streamers","  107,179 espectadores",    416 canales,"  3,244 espectadores",   105 canales
6,Hearthstone,Junio,2018," 27,629,483 horas","   172,087 horas","   22,763 streamers","  101,753 espectadores",    417 canales," 38,427 espectadores",   239 canales
30,Poker,Abril,2020,"  7,200,393 horas","   100,546 horas","    6,024 streamers","   54,989 espectadores",    417 canales," 10,014 espectadores",   139 canales
49,SMITE,Mayo,2023,"  5,050,309 horas","   142,450 horas","   15,971 streamers","   32,483 espectadores",    417 canales,NA,   191 canales
3,Hearthstone,Mayo,2017," 39,409,029 horas","   183,267 horas","   25,786 streamers","  127,946 espectadores",    418 canales," 53,040 espectadores",   246 canales
15,Hearthstone,Junio,2020," 20,047,047 horas","   162,887 horas","   12,361 streamers","  126,693 espectadores",    419 canales," 27,881 espectadores",   226 canales
29,Magic: The Gathering,Septiembre,2018,"  4,116,836 horas","    48,249 horas","    5,940 streamers","   32,183 espectadores",    420 canales,"  5,725 espectadores",NA
106,7 Days to Die,Septiembre,2024,"  1,820,043 horas","   163,909 horas","   14,714 streamers","   21,316 espectadores",    420 canales,"  2,531 espectadores",   227 canales
41,World of Tanks,Noviembre,2018,"  3,001,707 horas","   114,788 horas","    9,308 streamers",NA,    421 canales,"  4,174 espectadores",NA
25,Music,Febrero,2019,"  5,275,627 horas","   200,037 horas","   13,490 streamers","   32,127 espectadores",    421 canales,"  7,862 espectadores",   298 canales
22,Hearthstone,Febrero,2021," 18,929,798 horas","   169,759 horas","   13,555 streamers",NA,    421 canales," 28,211 espectadores",   252 canales
60,Tibia,Septiembre,2024,"  3,885,537 horas","   156,160 horas","    5,528 streamers","   12,300 espectadores",    421 canales,"  5,404 espectadores",   217 canales
31,Rocket League,Mayo,2016,"  1,943,008 horas","   135,938 horas","   44,772 streamers","   23,064 espectadores",    422 canales,"  2,615 espectadores",   182 canales
29,Dead by Daylight,Mayo,2017,"  2,226,902 horas","   105,729 horas","    9,383 streamers",NA,    424 canales,"  2,997 espectadores",   142 canales
110,Dungeons & Dragons,Agosto,2021,"  1,897,523 horas","    86,177 horas","    8,304 streamers",NA,    424 canales,"  2,553 espectadores",   115 canales
72,Retro,Septiembre,2021,"  2,976,840 horas","   131,077 horas","    8,577 streamers","   20,554 espectadores",    424 canales,NA,   182 canales
101,osu!,Mayo,2020,"  1,363,402 horas","   182,838 horas","   27,399 streamers","   34,787 espectadores",    425 canales,"  1,834 espectadores",   246 canales
121,osu!,Enero,2022,"  1,478,702 horas","   173,625 horas","   44,185 streamers","   19,109 espectadores",    425 canales,"  1,990 espectadores",   233 canales
32,Rocket League,Enero,2017,"  2,360,842 horas","   151,291 horas","   42,155 streamers","   35,737 espectadores",    426 canales,"  3,177 espectadores",NA
57,Tibia,Enero,2021,"  3,606,365 horas","   157,611 horas","    5,809 streamers","   12,501 espectadores",    426 canales,"  4,853 espectadores",   212 canales
67,MapleStory,Diciembre,2020,"  2,785,839 horas","   101,260 horas","    6,435 streamers","   20,464 espectadores",    427 canales,"  3,749 espectadores",   136 canales
121,Euro Truck Simulator 2,Agosto,2021,"  1,558,495 horas","   118,738 horas","   13,441 streamers","   59,792 espectadores",    427 canales,"  2,097 espectadores",   159 canales
156,Euro Truck Simulator 2,Abril,2023,"    935,675 horas","   106,149 horas","   17,551 streamers",NA,    428 canales,"  1,301 espectadores",NA
151,Euro Truck Simulator 2,Febrero,2024,"    977,105 horas","    99,008 horas","   16,492 streamers","   25,826 espectadores",    428 canales,"  1,405 espectadores",   142 canales
13,Rocket League,Septiembre,2017,"  5,520,976 horas","   147,194 horas","   34,138 streamers","   85,291 espectadores",    429 canales,"  7,678 espectadores",   204 canales
30,Music,Octubre,2019,"  4,032,787 horas","   239,352 horas","   13,443 streamers","   25,986 espectadores",    429 canales,"  5,427 espectadores",   322 canales
69,Warframe,Septiembre,2020,"  2,383,092 horas","   168,983 horas","   13,228 streamers","  129,996 espectadores",    429 canales,"  3,314 espectadores",   235 canales
158,Dungeons & Dragons,Marzo,2024,"  1,001,819 horas","    55,221 horas","    6,239 streamers","   55,632 espectadores",    429 canales,"  1,348 espectadores",    74 canales
57,SMITE,Mayo,2022,"  4,264,815 horas","   153,045 horas","   18,810 streamers","   18,534 espectadores",    430 canales,"  5,739 espectadores",   205 canales
132,Dungeons & Dragons,Agosto,2022,"  1,324,272 horas","    70,651 horas","    8,144 streamers","   41,646 espectadores",    430 canales,"  1,782 espectadores",    95 canales
29,World of Tanks,Abril,2018,"  3,327,093 horas","   130,623 horas","   11,398 streamers","   16,180 espectadores",    431 canales,"  4,627 espectadores",NA
18,Magic: The Gathering,Abril,2019,"  6,916,495 horas","   102,356 horas","   11,202 streamers","   49,051 espectadores",    431 canales,NA,   142 canales
67,Tibia,Septiembre,2023,"  3,254,350 horas","   157,961 horas","    5,708 streamers","    9,010 espectadores",    431 canales,"  4,526 espectadores",   219 canales
49,Retro,Abril,2024,"  5,199,284 horas","   198,392 horas","   11,706 streamers","   20,529 espectadores",    431 canales,"  7,231 espectadores",   275 canales
60,Dungeons & Dragons,Octubre,2020,"  3,364,978 horas","    83,828 horas","    7,928 streamers","   83,226 espectadores",    432 canales,"  4,528 espectadores",   112 canales
115,Euro Truck Simulator 2,Enero,2022,"  1,611,002 horas","   125,558 horas","   21,859 streamers","   26,616 espectadores",    432 canales,"  2,168 espectadores",   168 canales
50,SMITE,Marzo,2022,"  4,183,694 horas","   153,624 horas","   18,220 streamers",NA,    433 canales,"  5,630 espectadores",   206 canales
56,SMITE,Marzo,2023,"  3,531,459 horas","   140,363 horas","   15,823 streamers","   22,585 espectadores",    433 canales,"  4,752 espectadores",   188 canales
125,Euro Truck Simulator 2,Enero,2024,"  1,244,017 horas","   115,045 horas","   19,978 streamers","   21,294 espectadores",    433 canales,"  1,674 espectadores",NA
53,World of Tanks,Octubre,2020,"  3,724,901 horas","   142,910 horas","    8,203 streamers","   25,144 espectadores",    434 canales,NA,   192 canales
69,Dungeons & Dragons,Julio,2021,"  2,908,319 horas","    88,265 horas","    8,810 streamers","   58,780 espectadores",    434 canales,NA,   118 canales
52,SMITE,Noviembre,2021,"  4,642,400 horas","   163,361 horas","   12,874 streamers","   63,028 espectadores",    434 canales,"  6,456 espectadores",   227 canales
101,osu!,Octubre,2020,"  1,368,102 horas","   182,478 horas","   29,366 streamers",NA,    435 canales,"  1,841 espectadores",NA
19,Hearthstone,Mayo,2022," 17,742,593 horas","   139,236 horas","   13,941 streamers","   58,099 espectadores",    435 canales," 23,879 espectadores",NA
32,World of Tanks,Diciembre,2018,"  3,982,683 horas","   154,225 horas","   12,328 streamers","   22,320 espectadores",    436 canales,"  5,360 espectadores",   207 canales
106,osu!,Diciembre,2020,"  1,420,666 horas","   202,204 horas","   32,173 streamers","   35,849 espectadores",    436 canales,"  1,912 espectadores",   272 canales
43,Path of Exile,Mayo,2023,"  5,598,683 horas","   153,363 horas","    8,840 streamers","   32,561 espectadores",    437 canales,"  7,535 espectadores",   206 canales
121,Warframe,Junio,2020,"  1,001,939 horas","   124,444 horas","    9,274 streamers","   16,284 espectadores",    438 canales,"  1,393 espectadores",   173 canales
71,Tibia,Julio,2023,"  3,037,476 horas","   151,766 horas","    5,800 streamers",NA,    438 canales,"  4,088 espectadores",   204 canales
22,Warframe,Diciembre,2018,"  6,712,168 horas","   167,511 horas","   20,325 streamers","   49,705 espectadores",    441 canales,"  9,033 espectadores",   225 canales
92,osu!,Agosto,2020,"  1,586,499 horas","   199,954 horas","   30,337 streamers","    9,576 espectadores",    441 canales,"  2,135 espectadores",   269 canales
101,osu!,Julio,2021,"  1,806,284 horas","   212,647 horas","   36,478 streamers","   16,030 espectadores",    441 canales,"  2,431 espectadores",   286 canales
37,World of Tanks,Enero,2023,"  7,017,617 horas","   150,383 horas","   13,841 streamers","   45,736 espectadores",    441 canales,"  9,444 espectadores",   202 canales
3,Hearthstone,Octubre,2017," 33,234,073 horas","   176,326 horas","   22,526 streamers","  202,918 espectadores",    442 canales," 44,729 espectadores",   237 canales
66,DayZ,Octubre,2021,"  3,200,092 horas","   173,044 horas","   11,688 streamers","   12,042 espectadores",    442 canales,"  4,306 espectadores",   232 canales
48,SMITE,Abril,2022,"  4,414,834 horas","   154,559 horas","   18,728 streamers","   32,929 espectadores",    443 canales,"  6,140 espectadores",   214 canales
127,Euro Truck Simulator 2,Noviembre,2020,"  1,081,559 horas","   101,940 horas","   11,261 streamers","   21,960 espectadores",    444 canales,"  1,504 espectadores",NA
80,SMITE,Febrero,2024,"  2,800,977 horas","   143,182 horas","   14,731 streamers","   16,384 espectadores",    444 canales,"  4,030 espectadores",   206 canales
13,Dead by Daylight,Diciembre,2016,"  5,479,016 horas","   138,826 horas","    3,384 streamers","   25,607 espectadores",    445 canales,"  7,374 espectadores",   186 canales
129,Euro Truck Simulator 2,Noviembre,2023,"  1,218,065 horas","   109,263 horas","   18,048 streamers","   39,082 espectadores",    445 canales,NA,   151 canales
7,Hearthstone,Febrero,2018," 27,966,290 horas","   190,562 horas","   26,634 streamers","   89,010 espectadores",    446 canales," 41,678 espectadores",   283 canales
32,Music,Septiembre,2019,"  3,858,561 horas","   228,944 horas","   12,796 streamers","   28,558 espectadores",    447 canales,"  5,366 espectadores",   318 canales
23,Music,Marzo,2019,"  5,766,956 horas","   240,590 horas","   14,865 streamers","   20,933 espectadores",    448 canales,"  7,761 espectadores",   323 canales
87,DayZ,Mayo,2020,"  1,911,441 horas","   150,150 horas","   12,404 streamers","   12,341 espectadores",    448 canales,"  2,572 espectadores",NA
146,Euro Truck Simulator 2,Mayo,2023,"  1,006,454 horas","   112,641 horas","   16,871 streamers","   14,088 espectadores",    448 canales,"  1,354 espectadores",   151 canales
27,Hearthstone,Marzo,2024," 13,306,862 horas","   102,741 horas","   10,304 streamers","   73,615 espectadores",    448 canales," 17,909 espectadores",   138 canales
19,SMITE,Abril,2016,"  3,524,821 horas","   173,748 horas","   25,390 streamers",NA,    449 canales,"  4,902 espectadores",   241 canales
21,Music,Mayo,2019,"  5,811,233 horas","   242,131 horas","   14,399 streamers","   22,161 espectadores",    449 canales,"  7,821 espectadores",   325 canales
33,Music,Noviembre,2019,"  4,024,331 horas","   231,062 horas","   13,739 streamers","   82,015 espectadores",    449 canales,"  5,597 espectadores",   321 canales
49,Magic: The Gathering,Enero,2021,"  4,633,784 horas","    96,536 horas","    7,859 streamers","   37,983 espectadores",    449 canales,NA,   129 canales
30,Path of Exile,Septiembre,2022," 10,174,763 horas","   159,760 horas","    8,253 streamers",NA,    451 canales," 14,151 espectadores",NA
64,Tibia,Junio,2023,"  2,875,372 horas","   147,628 horas","    5,773 streamers","   11,848 espectadores",    451 canales,"  3,999 espectadores",   205 canales
4,Hearthstone,Junio,2016," 35,460,014 horas","   185,031 horas","   26,446 streamers","  139,821 espectadores",    452 canales,NA,   257 canales
51,World of Tanks,Octubre,2021,"  4,486,237 horas","   134,139 horas","    8,089 streamers","   26,327 espectadores",    452 canales,NA,   180 canales
36,World of Tanks,Febrero,2023,"  7,640,951 horas","   130,937 horas","   12,767 streamers","   51,538 espectadores",    452 canales," 11,387 espectadores",   195 canales
29,Music,Julio,2019,"  4,184,515 horas","   246,274 horas","   13,127 streamers",NA,    454 canales,"  5,631 espectadores",   331 canales
37,World of Tanks,Marzo,2020,"  4,014,371 horas","   152,027 horas","   10,943 streamers","   23,233 espectadores",    454 canales,"  5,402 espectadores",   204 canales
97,osu!,Noviembre,2020,"  1,641,388 horas","   190,729 horas","   30,295 streamers","   24,096 espectadores",    454 canales,"  2,282 espectadores",NA
59,SMITE,Diciembre,2021,"  4,191,326 horas","   164,820 horas","   12,852 streamers",NA,    454 canales,"  5,641 espectadores",   221 canales
106,Warframe,Mayo,2024,"  1,752,460 horas","   164,011 horas","   18,461 streamers","   64,265 espectadores",    454 canales,"  2,358 espectadores",   220 canales
71,Tibia,Junio,2021,"  3,068,067 horas","   155,755 horas","    5,591 streamers","   12,609 espectadores",    455 canales,"  4,267 espectadores",   216 canales
27,World of Tanks,Diciembre,2022," 11,484,980 horas","   148,327 horas","   12,949 streamers","   68,851 espectadores",    455 canales," 15,457 espectadores",   199 canales
46,World of Tanks,Enero,2024,"  5,343,662 horas","   147,466 horas","   13,347 streamers","   44,612 espectadores",    455 canales,"  7,192 espectadores",   198 canales
15,Hearthstone,Septiembre,2021," 24,268,029 horas","   180,100 horas","   13,193 streamers","   82,797 espectadores",    456 canales," 33,752 espectadores",NA
100,osu!,Octubre,2021,"  1,766,303 horas","   185,162 horas","   29,739 streamers","   12,562 espectadores",    456 canales,"  2,377 espectadores",   249 canales
49,SMITE,Julio,2022,"  4,929,547 horas","   165,572 horas","   20,074 streamers","   28,961 espectadores",    456 canales,"  6,634 espectadores",NA
40,Talk Shows & Podcasts,Septiembre,2020,"  5,455,799 horas","   117,814 horas","   11,116 streamers","  125,286 espectadores",    457 canales,"  7,588 espectadores",   163 canales
137,Warframe,Abril,2021,"  1,293,535 horas","   141,460 horas","   12,131 streamers","   53,964 espectadores",    457 canales,"  1,799 espectadores",   196 canales
65,DayZ,Febrero,2022,"  3,501,750 horas","   176,299 horas","   20,391 streamers","   21,917 espectadores",    457 canales,"  5,218 espectadores",   262 canales
42,SMITE,Abril,2020,"  4,071,594 horas","   172,933 horas","   14,382 streamers","   22,708 espectadores",    459 canales,"  5,662 espectadores",   240 canales
106,Euro Truck Simulator 2,Mayo,2020,"  1,314,740 horas","   110,073 horas","   11,921 streamers","   34,580 espectadores",    459 canales,NA,   148 canales
42,World of Tanks,Febrero,2022,"  5,978,106 horas","   135,102 horas","   14,365 streamers","   35,255 espectadores",    459 canales,"  8,909 espectadores",   201 canales
60,Dungeons & Dragons,Junio,2021,"  3,784,591 horas","    90,387 horas","    9,096 streamers",NA,    460 canales,NA,   125 canales
33,Path of Exile,Abril,2019,"  4,152,340 horas","   165,354 horas","   13,510 streamers","   25,487 espectadores",    461 canales,"  5,775 espectadores",   229 canales
69,Tibia,Abril,2021,"  3,434,432 horas","   176,694 horas","    6,386 streamers","    9,733 espectadores",    461 canales,NA,   245 canales
61,DayZ,Octubre,2020,"  3,320,353 horas","   187,031 horas","   12,883 streamers","   11,828 espectadores",    463 canales,"  4,468 espectadores",   251 canales
88,Warframe,Abril,2024,"  2,436,830 horas","   190,238 horas","   20,819 streamers",NA,    463 canales,NA,   264 canales
4,Hearthstone,Marzo,2016," 39,270,352 horas","   208,497 horas","   29,672 streamers","  250,667 espectadores",    464 canales," 52,853 espectadores",   280 canales
32,Rocket League,Junio,2016,"  1,554,985 horas","   121,906 horas","   38,544 streamers","   16,903 espectadores",    464 canales,"  2,162 espectadores",   169 canales
51,Rust,Enero,2019,"  2,102,879 horas","   134,284 horas","   14,847 streamers","   21,863 espectadores",    464 canales,"  2,830 espectadores",   180 canales
68,Dungeons & Dragons,Diciembre,2020,"  2,764,052 horas","    76,445 horas","    7,672 streamers","   72,421 espectadores",    464 canales,"  3,720 espectadores",NA
144,Euro Truck Simulator 2,Julio,2021,"  1,194,187 horas","   122,958 horas","   14,434 streamers","   10,772 espectadores",    464 canales,"  1,607 espectadores",NA
23,Hearthstone,Abril,2023," 13,322,798 horas","   105,702 horas","   10,994 streamers","   47,728 espectadores",    465 canales,NA,   147 canales
32,World of Tanks,Febrero,2019,"  3,211,747 horas","   125,593 horas","   10,386 streamers","   15,421 espectadores",    466 canales,"  4,786 espectadores",   187 canales
95,osu!,Septiembre,2021,"  2,034,531 horas","   192,961 horas","   32,066 streamers","   18,592 espectadores",    466 canales,"  2,829 espectadores",   268 canales
51,Path of Exile,Septiembre,2021,"  4,702,386 horas","   103,462 horas","    4,652 streamers","   29,420 espectadores",    467 canales,"  6,540 espectadores",   143 canales
28,World of Tanks,Diciembre,2023," 12,016,690 horas","   162,177 horas","   13,220 streamers","   75,588 espectadores",    467 canales," 16,173 espectadores",   218 canales
46,Talk Shows & Podcasts,Enero,2023,"  4,956,775 horas","   153,153 horas","   15,593 streamers","   79,338 espectadores",    468 canales,"  6,671 espectadores",   206 canales
56,DayZ,Marzo,2022,"  3,847,572 horas","   177,432 horas","   19,655 streamers",NA,    469 canales,NA,   238 canales
25,Dead by Daylight,Marzo,2018,"  4,096,008 horas","   212,468 horas","   21,545 streamers","   16,458 espectadores",    470 canales,NA,NA
55,World of Tanks,Septiembre,2021,"  4,295,650 horas","   145,182 horas","    8,722 streamers","   53,473 espectadores",    470 canales,NA,   201 canales
76,The Sims 4,Junio,2021,"  2,785,369 horas","   112,041 horas","   16,798 streamers","  133,635 espectadores",    471 canales,"  3,873 espectadores",   155 canales
29,Music,Agosto,2019,"  4,016,707 horas","   252,484 horas","   13,232 streamers","   20,097 espectadores",    472 canales,"  5,406 espectadores",   339 canales
68,Dungeons & Dragons,Mayo,2021,"  3,445,331 horas","   100,171 horas","    9,454 streamers","   83,203 espectadores",    472 canales,"  4,637 espectadores",   134 canales
9,Dead by Daylight,Agosto,2016,"  8,124,026 horas","   147,501 horas","   14,161 streamers","   54,616 espectadores",    473 canales,NA,NA
45,Retro,Diciembre,2022,"  5,093,779 horas","   157,118 horas","   10,943 streamers","   20,084 espectadores",    474 canales,"  6,855 espectadores",   211 canales
26,Music,Junio,2019,"  5,189,211 horas","   247,791 horas","   13,219 streamers","   41,355 espectadores",    475 canales,"  7,217 espectadores",NA
70,Tibia,Mayo,2021,"  3,406,494 horas","   168,072 horas","    6,049 streamers","   14,092 espectadores",    475 canales,"  4,584 espectadores",   226 canales
127,Euro Truck Simulator 2,Octubre,2023,"  1,272,694 horas","   115,460 horas","   17,984 streamers",NA,    475 canales,"  1,712 espectadores",   155 canales
40,Rocket League,Diciembre,2017,"  2,286,209 horas","   172,061 horas","   39,635 streamers","   68,966 espectadores",    478 canales,"  3,076 espectadores",   231 canales
37,Rocket League,Enero,2018,"  2,516,996 horas","   199,446 horas","   47,379 streamers","   79,487 espectadores",    479 canales,"  3,387 espectadores",   268 canales
16,Hearthstone,Diciembre,2020," 25,720,299 horas","   195,280 horas","   14,402 streamers","   84,878 espectadores",    480 canales," 34,616 espectadores",NA
28,DayZ,Julio,2021," 11,185,731 horas","   179,726 horas","   13,496 streamers","  292,278 espectadores",    481 canales," 15,054 espectadores",   241 canales
33,World of Tanks,Enero,2019,"  3,970,015 horas","   154,710 horas","   13,146 streamers","   18,554 espectadores",    483 canales,"  5,343 espectadores",NA
14,Hearthstone,Mayo,2020," 22,611,511 horas","   206,674 horas","   15,434 streamers","   66,948 espectadores",    483 canales,NA,NA
56,DayZ,Mayo,2024,"  4,379,193 horas","   194,036 horas","   21,648 streamers","   21,536 espectadores",    483 canales,"  5,893 espectadores",   261 canales
43,DayZ,Julio,2024,"  5,912,999 horas","   200,866 horas","   22,849 streamers","   35,359 espectadores",    483 canales,"  7,958 espectadores",   270 canales
20,Rust,Agosto,2019,"  5,584,593 horas","   153,286 horas","   15,449 streamers",NA,    484 canales,"  7,516 espectadores",   206 canales
34,World of Tanks,Febrero,2020,"  4,029,702 horas","   144,066 horas","   10,672 streamers","   20,331 espectadores",    485 canales,"  5,798 espectadores",   207 canales
40,Talk Shows & Podcasts,Enero,2022,"  6,961,149 horas","   161,945 horas","   27,016 streamers","  100,997 espectadores",    485 canales,"  9,368 espectadores",   217 canales
29,Path of Exile,Enero,2024," 11,139,554 horas","   184,839 horas","    9,590 streamers","   52,592 espectadores",    485 canales," 14,992 espectadores",   248 canales
5,Hearthstone,Enero,2018," 35,066,069 horas","   240,711 horas","   31,766 streamers",NA,    487 canales," 47,195 espectadores",   323 canales
46,Magic: The Gathering,Abril,2021,"  5,816,455 horas","   109,662 horas","    9,254 streamers",NA,    488 canales,"  8,089 espectadores",NA
43,SMITE,Mayo,2020,"  4,679,979 horas","   186,584 horas","   15,103 streamers","   32,960 espectadores",    491 canales,"  6,298 espectadores",   251 canales
33,Magic: The Gathering,Abril,2020,"  6,607,126 horas","   116,677 horas","    8,446 streamers","   43,689 espectadores",    492 canales,"  9,189 espectadores",   162 canales
16,Hearthstone,Octubre,2020," 24,271,349 horas","   190,063 horas","   14,247 streamers","  142,885 espectadores",    492 canales," 32,666 espectadores",   255 canales
111,Warframe,Septiembre,2022,"  1,597,023 horas","   129,889 horas","   15,540 streamers","   65,782 espectadores",    492 canales,NA,   180 canales
66,DayZ,Septiembre,2023,"  3,508,045 horas","   183,276 horas","   21,246 streamers",NA,    492 canales,NA,   254 canales
61,Dungeons & Dragons,Abril,2021,"  3,779,877 horas","    97,477 horas","    9,407 streamers","   87,295 espectadores",    493 canales,"  5,257 espectadores",   135 canales
48,Talk Shows & Podcasts,Febrero,2023,"  4,488,454 horas","   151,388 horas","   15,699 streamers","   80,696 espectadores",    493 canales,NA,   225 canales
54,SMITE,Febrero,2023,"  3,937,968 horas","   150,994 horas","   17,034 streamers","   19,741 espectadores",    493 canales,"  5,868 espectadores",   225 canales
30,Rust,Marzo,2020,"  4,988,329 horas","   163,575 horas","   16,495 streamers","   24,070 espectadores",    494 canales,"  6,713 espectadores",   220 canales
56,World of Tanks,Noviembre,2021,"  4,244,286 horas","   138,054 horas","    8,232 streamers","   33,708 espectadores",    494 canales,"  5,903 espectadores",NA
59,Path of Exile,Febrero,2024,"  3,813,529 horas","    71,229 horas","    5,124 streamers",NA,    494 canales,"  5,487 espectadores",   102 canales
20,Path of Exile,Septiembre,2016,"  3,318,962 horas","    78,612 horas","    5,747 streamers","   23,319 espectadores",    495 canales,"  4,616 espectadores",   109 canales
19,Dead by Daylight,Agosto,2017,"  3,281,636 horas","   166,948 horas","   16,155 streamers","   18,843 espectadores",    497 canales,"  4,416 espectadores",   224 canales
4,Hearthstone,Febrero,2016," 39,982,412 horas","   200,632 horas","   29,785 streamers","  117,067 espectadores",    498 canales," 57,528 espectadores",   288 canales
39,Talk Shows & Podcasts,Enero,2021,"  6,649,443 horas","   162,573 horas","   15,929 streamers","   98,387 espectadores",    498 canales,"  8,949 espectadores",   218 canales
52,DayZ,Septiembre,2022,"  4,509,106 horas","   191,483 horas","   20,908 streamers","   14,823 espectadores",    498 canales,"  6,271 espectadores",   266 canales
31,World of Tanks,Diciembre,2019,"  4,293,112 horas","   156,063 horas","   11,764 streamers","   32,473 espectadores",    499 canales,"  5,778 espectadores",   210 canales
19,Dead by Daylight,Diciembre,2017,"  4,358,942 horas","   201,079 horas","   19,316 streamers","   39,703 espectadores",    500 canales,"  5,866 espectadores",   270 canales
59,DayZ,Septiembre,2024,"  3,938,875 horas","   194,778 horas","   21,690 streamers","   61,966 espectadores",    500 canales,"  5,478 espectadores",   270 canales
53,DayZ,Septiembre,2021,"  4,335,216 horas","   181,083 horas","   12,745 streamers","   30,464 espectadores",    501 canales,"  6,029 espectadores",   251 canales
27,Rocket League,Junio,2018,"  4,099,002 horas","   212,778 horas","   52,849 streamers","  173,257 espectadores",    502 canales,"  5,700 espectadores",   295 canales
17,Hearthstone,Enero,2021," 24,208,283 horas","   203,848 horas","   15,518 streamers","   71,807 espectadores",    502 canales," 32,581 espectadores",   274 canales
33,Tom Clancy's Rainbow Six Siege,Marzo,2016,"  1,912,821 horas","   152,463 horas","   26,653 streamers","   20,699 espectadores",    503 canales,"  2,574 espectadores",NA
122,Euro Truck Simulator 2,Diciembre,2020,"  1,198,546 horas","   126,271 horas","   14,023 streamers","   27,353 espectadores",    503 canales,"  1,613 espectadores",   169 canales
54,DayZ,Noviembre,2021,"  4,350,637 horas","   182,166 horas","   11,879 streamers",NA,    503 canales,"  6,050 espectadores",   253 canales
111,Warframe,Agosto,2024,"  1,707,185 horas","   154,356 horas","   18,924 streamers",NA,    503 canales,"  2,297 espectadores",   207 canales
80,The Sims 4,Julio,2023,"  2,165,512 horas","   114,057 horas","   21,730 streamers","   16,403 espectadores",    504 canales,"  2,914 espectadores",   153 canales
34,Rocket League,Marzo,2016,"  1,881,084 horas","   189,233 horas","   47,759 streamers","   21,120 espectadores",    505 canales,"  2,531 espectadores",   254 canales
51,DayZ,Noviembre,2020,"  4,027,702 horas","   186,618 horas","   13,146 streamers","   35,884 espectadores",    506 canales,"  5,601 espectadores",   259 canales
66,Tibia,Agosto,2022,"  3,514,786 horas","   140,492 horas","    5,651 streamers","   16,639 espectadores",    506 canales,"  4,730 espectadores",NA
48,World of Tanks,Mayo,2021,"  5,263,256 horas","   161,306 horas","    9,273 streamers",NA,    509 canales,"  7,083 espectadores",   217 canales
57,Talk Shows & Podcasts,Julio,2023,"  4,231,301 horas","   173,320 horas","   14,465 streamers","   20,576 espectadores",    511 canales,NA,   233 canales
27,Path of Exile,Junio,2016,"  2,382,288 horas","    67,495 horas","    4,645 streamers",NA,    513 canales,"  3,313 espectadores",    93 canales
45,SMITE,Junio,2020,"  3,855,806 horas","   176,255 horas","   14,889 streamers",NA,    514 canales,NA,   245 canales
22,Hearthstone,Abril,2024," 13,164,833 horas","   111,852 horas","   10,477 streamers","   67,519 espectadores",    514 canales," 18,309 espectadores",   155 canales
57,Retro,Agosto,2021,"  4,403,444 horas","   244,682 horas","   11,420 streamers",NA,    515 canales,"  5,926 espectadores",   329 canales
62,Talk Shows & Podcasts,Agosto,2023,"  4,014,278 horas","   172,470 horas","   14,110 streamers","   28,480 espectadores",    515 canales,"  5,402 espectadores",NA
44,Talk Shows & Podcasts,Noviembre,2023,"  4,915,522 horas","   180,877 horas","   14,197 streamers",NA,    515 canales,"  6,836 espectadores",   251 canales
117,Euro Truck Simulator 2,Abril,2020,"  1,029,087 horas","   133,837 horas","   13,334 streamers",NA,    516 canales,"  1,431 espectadores",NA
91,osu!,Febrero,2021,"  1,809,896 horas","   216,187 horas","   37,147 streamers","   16,755 espectadores",    516 canales,"  2,697 espectadores",   322 canales
4,Hearthstone,Enero,2016," 39,936,159 horas","   235,903 horas","   36,170 streamers","  131,357 espectadores",    517 canales," 53,749 espectadores",   317 canales
53,World of Tanks,Agosto,2021,"  4,978,095 horas","   150,448 horas","    8,946 streamers","   51,325 espectadores",    517 canales,"  6,699 espectadores",   202 canales
66,7 Days to Die,Julio,2023,"  3,342,960 horas","   241,800 horas","   22,431 streamers","   17,258 espectadores",    517 canales,"  4,499 espectadores",   325 canales
64,DayZ,Octubre,2023,"  4,136,106 horas","   197,792 horas","   22,324 streamers","   40,907 espectadores",    517 canales,"  5,566 espectadores",   266 canales
75,Dungeons & Dragons,Marzo,2021,"  2,989,220 horas","   103,712 horas","    9,645 streamers","   81,524 espectadores",    518 canales,"  4,023 espectadores",   139 canales
31,Path of Exile,Noviembre,2017,"  2,996,887 horas","    71,435 horas","    5,351 streamers","   29,389 espectadores",    519 canales,NA,    99 canales
48,World of Tanks,Abril,2021,"  5,271,236 horas","   160,272 horas","    9,720 streamers","   33,934 espectadores",    519 canales,"  7,331 espectadores",   222 canales
53,Talk Shows & Podcasts,Julio,2022,"  4,499,555 horas","   169,125 horas","   22,721 streamers","  110,483 espectadores",    519 canales,"  6,055 espectadores",NA
41,Talk Shows & Podcasts,Noviembre,2022,"  5,408,453 horas","   164,882 horas","   17,803 streamers","   83,880 espectadores",    519 canales,"  7,522 espectadores",   229 canales
163,osu!,Marzo,2024,"    936,878 horas","   105,575 horas","   21,173 streamers","   13,659 espectadores",    519 canales,"  1,260 espectadores",   142 canales
49,Talk Shows & Podcasts,Junio,2022,"  5,328,205 horas","   167,376 horas","   22,378 streamers","   98,184 espectadores",    521 canales,"  7,410 espectadores",   232 canales
95,osu!,Junio,2021,"  1,950,173 horas","   210,307 horas","   35,943 streamers","   28,096 espectadores",    522 canales,"  2,712 espectadores",   292 canales
40,Talk Shows & Podcasts,Febrero,2022,"  6,349,039 horas","   163,988 horas","   25,915 streamers","   79,956 espectadores",    522 canales,"  9,462 espectadores",NA
43,Talk Shows & Podcasts,Junio,2023,"  5,494,917 horas","   177,803 horas","   15,041 streamers","  196,189 espectadores",    523 canales,"  7,642 espectadores",   247 canales
36,Tom Clancy's Rainbow Six Siege,Junio,2016,"  1,437,619 horas","   187,356 horas","   34,609 streamers","   10,934 espectadores",    525 canales,"  1,999 espectadores",   260 canales
29,Dead by Daylight,Julio,2017,"  2,465,317 horas","   143,834 horas","   15,193 streamers","   24,199 espectadores",    526 canales,"  3,318 espectadores",   193 canales
27,Rust,Febrero,2020,"  4,776,194 horas","   152,886 horas","   14,473 streamers","   30,825 espectadores",    526 canales,"  6,872 espectadores",   219 canales
129,Euro Truck Simulator 2,Enero,2021,"  1,180,039 horas","   139,367 horas","   14,904 streamers","   16,386 espectadores",    526 canales,"  1,588 espectadores",   187 canales
15,Hearthstone,Septiembre,2020," 20,863,959 horas","   172,801 horas","   13,477 streamers","   86,009 espectadores",    527 canales," 29,018 espectadores",   240 canales
60,DayZ,Diciembre,2021,"  4,091,440 horas","   194,341 horas","   13,419 streamers","   32,021 espectadores",    527 canales,"  5,506 espectadores",NA
102,7 Days to Die,Enero,2022,"  1,974,907 horas","   200,059 horas","   19,814 streamers","   18,275 espectadores",    527 canales,"  2,658 espectadores",NA
53,DayZ,Marzo,2021,"  4,986,200 horas","   209,877 horas","   14,625 streamers","   46,770 espectadores",    528 canales,"  6,710 espectadores",   282 canales
56,Tibia,Marzo,2021,"  4,334,881 horas","   189,870 horas","    6,930 streamers","   15,832 espectadores",    528 canales,"  5,834 espectadores",   255 canales
121,Warframe,Septiembre,2021,"  1,488,429 horas","   142,190 horas","   10,358 streamers","   60,540 espectadores",    528 canales,"  2,070 espectadores",NA
47,Talk Shows & Podcasts,Septiembre,2022,"  5,164,890 horas","   172,565 horas","   20,707 streamers",NA,    528 canales,"  7,183 espectadores",   240 canales
142,Euro Truck Simulator 2,Marzo,2021,"  1,269,626 horas","   137,622 horas","   14,626 streamers","   12,224 espectadores",    530 canales,"  1,708 espectadores",   185 canales
18,Hearthstone,Diciembre,2021," 20,191,997 horas","   140,621 horas","    9,780 streamers","   74,749 espectadores",    530 canales," 27,176 espectadores",   189 canales
61,Path of Exile,Junio,2021,"  3,630,759 horas","    94,545 horas","    4,946 streamers",NA,    531 canales,"  5,049 espectadores",   131 canales
48,SMITE,Octubre,2020,"  4,025,077 horas","   193,068 horas","   15,667 streamers","   24,937 espectadores",    532 canales,NA,   259 canales
29,DayZ,Julio,2022," 10,686,252 horas","   225,689 horas","   25,537 streamers","   71,832 espectadores",    532 canales,NA,   303 canales
49,Talk Shows & Podcasts,Agosto,2022,"  5,065,719 horas","   170,108 horas","   21,593 streamers",NA,    532 canales,"  6,817 espectadores",   228 canales
62,Talk Shows & Podcasts,Agosto,2024,"  4,136,303 horas","   191,399 horas","   12,393 streamers",NA,    532 canales,"  5,567 espectadores",   257 canales
25,Path of Exile,Agosto,2021," 12,077,642 horas","   207,242 horas","    8,446 streamers","   71,993 espectadores",    533 canales," 16,255 espectadores",   278 canales
74,7 Days to Die,Junio,2023,"  2,362,400 horas","   159,452 horas","   16,323 streamers","   18,267 espectadores",    533 canales,NA,   221 canales
71,Dungeons & Dragons,Febrero,2021,"  2,710,310 horas","    92,486 horas","    8,983 streamers","   80,735 espectadores",    535 canales,"  4,039 espectadores",   137 canales
31,Talk Shows & Podcasts,Junio,2021,"  7,921,368 horas","   176,435 horas","   15,677 streamers","  161,517 espectadores",    535 canales,NA,   245 canales
28,Rocket League,Septiembre,2016,"  1,807,327 horas","   116,205 horas","   35,709 streamers","   32,962 espectadores",    536 canales,"  2,513 espectadores",   161 canales
29,Rocket League,Agosto,2018,"  3,884,332 horas","   237,630 horas","   63,782 streamers","   58,691 espectadores",    536 canales,NA,   319 canales
63,Dungeons & Dragons,Enero,2021,"  3,064,097 horas","    94,522 horas","    8,875 streamers","   88,232 espectadores",    536 canales,"  4,123 espectadores",   127 canales
48,World of Tanks,Marzo,2021,"  5,622,533 horas","   179,136 horas","   10,659 streamers","   29,685 espectadores",    536 canales,"  7,567 espectadores",   241 canales
55,DayZ,Abril,2024,"  4,552,900 horas","   202,629 horas","   22,471 streamers","   49,169 espectadores",    536 canales,"  6,332 espectadores",   281 canales
47,Talk Shows & Podcasts,Marzo,2023,"  4,863,746 horas","   178,761 horas","   16,463 streamers","   92,546 espectadores",    537 canales,"  6,546 espectadores",   240 canales
25,Talk Shows & Podcasts,Junio,2019,"  5,449,310 horas","    67,939 horas","   10,712 streamers","  105,859 espectadores",    538 canales,"  7,579 espectadores",    94 canales
52,SMITE,Septiembre,2020,"  4,062,484 horas","   199,425 horas","   16,135 streamers","   22,614 espectadores",    538 canales,"  5,650 espectadores",   277 canales
43,Talk Shows & Podcasts,Julio,2021,"  5,848,649 horas","   168,123 horas","   14,103 streamers","  141,308 espectadores",    538 canales,"  7,871 espectadores",   226 canales
33,Talk Shows & Podcasts,Marzo,2022,"  6,500,428 horas","   176,843 horas","   25,290 streamers","  129,432 espectadores",    539 canales,"  8,748 espectadores",   238 canales
55,Talk Shows & Podcasts,Diciembre,2022,"  4,048,411 horas","   152,072 horas","   15,271 streamers","   75,765 espectadores",    539 canales,"  5,448 espectadores",   204 canales
9,Hearthstone,Mayo,2019," 24,588,335 horas","   172,703 horas","   21,818 streamers","   86,318 espectadores",    541 canales," 33,093 espectadores",NA
65,DayZ,Enero,2022,"  3,850,328 horas","   222,431 horas","   26,029 streamers","   18,857 espectadores",    541 canales,"  5,182 espectadores",   299 canales
10,Hearthstone,Noviembre,2019," 26,372,825 horas","   167,754 horas","   17,606 streamers","   97,122 espectadores",    542 canales,NA,   233 canales
39,Talk Shows & Podcasts,Septiembre,2021,"  6,327,940 horas","   169,773 horas","   13,500 streamers","  192,745 espectadores",    542 canales,"  8,801 espectadores",   236 canales
38,World of Tanks,Abril,2020,"  4,498,709 horas","   178,288 horas","   10,399 streamers","   22,183 espectadores",    543 canales,"  6,256 espectadores",   247 canales
63,DayZ,Agosto,2024,"  4,036,437 horas","   203,838 horas","   23,291 streamers","   49,541 espectadores",    543 canales,NA,   274 canales
22,Dead by Daylight,Septiembre,2017,"  3,590,587 horas","   182,592 horas","   19,934 streamers","   34,493 espectadores",    544 canales,"  4,993 espectadores",   253 canales
32,Minecraft,Mayo,2018,"  3,074,493 horas","   213,467 horas","   38,700 streamers","   16,149 espectadores",    544 canales,"  4,137 espectadores",   287 canales
16,Hearthstone,Abril,2021," 23,090,076 horas","   205,813 horas","   16,526 streamers","   81,936 espectadores",    544 canales," 32,114 espectadores",   286 canales
41,Talk Shows & Podcasts,Mayo,2022,"  5,603,115 horas","   175,290 horas","   22,774 streamers","  125,330 espectadores",    544 canales,"  7,541 espectadores",   235 canales
37,SMITE,Febrero,2018,"  2,321,218 horas","   138,499 horas","   15,430 streamers","   20,432 espectadores",    546 canales,NA,   206 canales
37,Path of Exile,Septiembre,2023,"  9,280,325 horas","   194,581 horas","    9,486 streamers","   36,036 espectadores",    546 canales,NA,NA
57,Talk Shows & Podcasts,Octubre,2023,"  4,913,338 horas","   187,455 horas","   14,383 streamers","   94,762 espectadores",    546 canales,"  6,612 espectadores",   252 canales
7,Dead by Daylight,Junio,2016," 13,469,660 horas","   118,198 horas","   15,205 streamers",NA,    548 canales," 18,733 espectadores",   164 canales
48,World of Tanks,Mayo,2020,"  4,022,800 horas","   171,438 horas","    9,489 streamers","   22,401 espectadores",    548 canales,"  5,414 espectadores",   230 canales
46,SMITE,Septiembre,2021,"  5,061,198 horas","   185,960 horas","   14,859 streamers","   35,828 espectadores",    548 canales,"  7,039 espectadores",   258 canales
74,Path of Exile,Noviembre,2023,"  2,767,190 horas","    63,116 horas","    4,275 streamers","  275,776 espectadores",    549 canales,"  3,848 espectadores",    87 canales
36,Warframe,Agosto,2018,"  2,946,575 horas","   218,361 horas","   25,573 streamers","   72,775 espectadores",    551 canales,"  3,965 espectadores",   293 canales
44,Talk Shows & Podcasts,Mayo,2023,"  5,500,498 horas","   186,160 horas","   15,644 streamers","  137,998 espectadores",    551 canales,"  7,403 espectadores",   250 canales
52,Talk Shows & Podcasts,Mayo,2024,"  4,918,426 horas","   198,735 horas","   13,331 streamers","   75,904 espectadores",    551 canales,"  6,619 espectadores",NA
35,Minecraft,Junio,2018,"  3,079,644 horas","   234,185 horas","   43,784 streamers","   27,186 espectadores",    552 canales,"  4,283 espectadores",   325 canales
51,DayZ,Agosto,2021,"  5,102,121 horas","   194,801 horas","   13,839 streamers",NA,    553 canales,"  6,866 espectadores",   262 canales
43,Talk Shows & Podcasts,Octubre,2021,"  6,317,689 horas","   174,768 horas","   13,149 streamers","   77,349 espectadores",    553 canales,"  8,502 espectadores",   235 canales
25,DayZ,Junio,2022," 12,407,519 horas","   199,158 horas","   23,209 streamers","  109,745 espectadores",    553 canales,NA,   276 canales
74,Path of Exile,Marzo,2023,"  2,515,715 horas","    53,110 horas","    5,199 streamers","  288,235 espectadores",    553 canales,"  3,385 espectadores",    71 canales
57,Talk Shows & Podcasts,Septiembre,2023,"  4,598,976 horas","   173,194 horas","   14,268 streamers","  123,636 espectadores",    553 canales,NA,   240 canales
26,DayZ,Junio,2024," 11,509,296 horas","   197,801 horas","   21,955 streamers","   59,390 espectadores",    553 canales," 16,007 espectadores",   275 canales
51,DayZ,Abril,2021,"  4,590,955 horas","   202,421 horas","   14,354 streamers","   46,726 espectadores",    554 canales,"  6,385 espectadores",   281 canales
46,DayZ,Junio,2023,"  4,635,765 horas","   215,884 horas","   24,741 streamers",NA,    554 canales,"  6,447 espectadores",   300 canales
44,Talk Shows & Podcasts,Noviembre,2021,"  6,644,495 horas","   169,082 horas","   12,075 streamers","  188,079 espectadores",    555 canales,"  9,241 espectadores",   235 canales
55,Talk Shows & Podcasts,Marzo,2024,"  4,828,845 horas","   172,224 horas","   13,878 streamers","   89,685 espectadores",    555 canales,"  6,499 espectadores",   231 canales
37,Talk Shows & Podcasts,Octubre,2022,"  5,933,117 horas","   180,202 horas","   20,471 streamers","  135,573 espectadores",    556 canales,"  7,985 espectadores",   242 canales
24,Hearthstone,Diciembre,2022," 15,006,816 horas","   109,738 horas","   11,968 streamers","  137,028 espectadores",    558 canales," 20,197 espectadores",   147 canales
35,Rocket League,Julio,2017,"  2,106,069 horas","   168,192 horas","   44,697 streamers","   45,271 espectadores",    559 canales,"  2,834 espectadores",   226 canales
22,Warframe,Junio,2018,"  4,796,913 horas","   148,744 horas","   19,203 streamers","   38,079 espectadores",    559 canales,NA,NA
24,Music,Febrero,2020,"  5,076,685 horas","   293,678 horas","   14,177 streamers","   38,075 espectadores",    561 canales,"  7,304 espectadores",   422 canales
40,Talk Shows & Podcasts,Diciembre,2020,"  6,008,685 horas","   147,723 horas","   13,955 streamers","   83,184 espectadores",    563 canales,"  8,087 espectadores",   198 canales
116,Euro Truck Simulator 2,Febrero,2021,"  1,266,768 horas","   128,869 horas","   14,176 streamers","   18,014 espectadores",    563 canales,"  1,887 espectadores",   192 canales
42,SMITE,Junio,2021,"  5,909,967 horas","   198,588 horas","   16,082 streamers","   28,848 espectadores",    565 canales,"  8,219 espectadores",   276 canales
98,osu!,Marzo,2021,"  2,038,189 horas","   240,011 horas","   40,771 streamers","   17,344 espectadores",    566 canales,"  2,743 espectadores",   323 canales
103,Warframe,Enero,2024,"  1,874,833 horas","   220,664 horas","   25,121 streamers",NA,    566 canales,"  2,523 espectadores",   296 canales
54,DayZ,Agosto,2022,"  4,472,420 horas","   197,908 horas","   22,459 streamers","   47,845 espectadores",    567 canales,"  6,019 espectadores",   266 canales
17,Rocket League,Abril,2018,"  5,475,094 horas","   214,415 horas","   54,428 streamers",NA,    568 canales,"  7,614 espectadores",   298 canales
18,Hearthstone,Mayo,2021," 22,281,591 horas","   181,250 horas","   13,566 streamers","   88,763 espectadores",    568 canales," 29,988 espectadores",   243 canales
94,osu!,Mayo,2021,"  2,251,866 horas","   238,619 horas","   40,240 streamers","   20,317 espectadores",    569 canales,"  3,030 espectadores",   321 canales
22,Dead by Daylight,Febrero,2018,"  3,843,215 horas","   225,188 horas","   23,035 streamers","   26,853 espectadores",    570 canales,NA,   335 canales
43,SMITE,Enero,2023,"  5,422,451 horas","   159,792 horas","   19,178 streamers","   73,930 espectadores",    570 canales,"  7,298 espectadores",   215 canales
57,Talk Shows & Podcasts,Diciembre,2023,"  3,701,926 horas","   175,817 horas","   14,088 streamers","   74,812 espectadores",    571 canales,"  4,982 espectadores",   236 canales
64,Rust,Octubre,2020,"  3,181,307 horas","   164,491 horas","   13,628 streamers","   13,051 espectadores",    574 canales,NA,   221 canales
88,osu!,Abril,2021,"  2,398,217 horas","   241,119 horas","   41,605 streamers","   22,655 espectadores",    576 canales,"  3,335 espectadores",   335 canales
53,SMITE,Noviembre,2020,"  3,995,849 horas","   204,422 horas","   16,327 streamers","   24,941 espectadores",    579 canales,"  5,557 espectadores",NA
28,Rocket League,Noviembre,2018,"  5,303,333 horas","   225,248 horas","   53,794 streamers","  167,749 espectadores",    580 canales,"  7,375 espectadores",NA
18,Hearthstone,Agosto,2022," 18,831,493 horas","   131,763 horas","   13,360 streamers","   66,929 espectadores",    581 canales," 25,345 espectadores",   177 canales
39,DayZ,Diciembre,2023,"  6,695,723 horas","   222,485 horas","   25,717 streamers",NA,    583 canales,"  9,011 espectadores",   299 canales
41,Rocket League,Febrero,2018,"  1,748,450 horas","   190,166 horas","   47,050 streamers","   31,253 espectadores",    587 canales,"  2,605 espectadores",   283 canales
45,DayZ,Noviembre,2023,"  4,866,339 horas","   221,688 horas","   24,916 streamers","   41,886 espectadores",    587 canales,"  6,768 espectadores",   308 canales
27,7 Days to Die,Julio,2016,"  2,063,116 horas","   190,266 horas","   27,860 streamers","   36,862 espectadores",    588 canales,"  2,776 espectadores",   256 canales
69,Tibia,Diciembre,2022,"  2,922,081 horas","   128,786 horas","    5,107 streamers","   13,596 espectadores",    591 canales,"  3,932 espectadores",   173 canales
41,Rocket League,Mayo,2018,"  2,249,483 horas","   202,604 horas","   51,573 streamers","   56,942 espectadores",    594 canales,"  3,027 espectadores",   272 canales
39,SMITE,Agosto,2020,"  5,146,771 horas","   224,702 horas","   18,501 streamers","   25,241 espectadores",    595 canales,NA,NA
27,Minecraft,Marzo,2018,"  3,626,808 horas","   224,520 horas","   39,153 streamers","   30,679 espectadores",    596 canales,"  4,881 espectadores",   302 canales
49,SMITE,Agosto,2021,"  5,297,826 horas","   202,713 horas","   16,025 streamers","   29,015 espectadores",    596 canales,"  7,130 espectadores",   272 canales
80,SMITE,Marzo,2024,"  2,634,878 horas","   127,098 horas","   13,957 streamers","   13,661 espectadores",    597 canales,"  3,546 espectadores",   171 canales
26,Path of Exile,Abril,2020,"  9,404,140 horas","   239,978 horas","   10,489 streamers","   26,884 espectadores",    598 canales," 13,079 espectadores",   333 canales
60,SMITE,Agosto,2022,"  3,906,775 horas","   150,379 horas","   17,871 streamers","   30,874 espectadores",    598 canales,NA,   202 canales
35,Path of Exile,Noviembre,2021," 10,322,137 horas","   213,084 horas","    7,940 streamers","   37,588 espectadores",    600 canales," 14,356 espectadores",NA
149,Warframe,Abril,2022,"  1,090,162 horas","   112,354 horas","   14,273 streamers",NA,    600 canales,"  1,516 espectadores",   156 canales
50,Talk Shows & Podcasts,Septiembre,2024,"  4,893,383 horas","   193,974 horas","   12,803 streamers","  140,246 espectadores",    603 canales,"  6,805 espectadores",   269 canales
34,DayZ,Diciembre,2020,"  8,114,860 horas","   236,150 horas","   17,342 streamers",NA,    605 canales," 10,921 espectadores",   317 canales
38,Talk Shows & Podcasts,Mayo,2021,"  7,690,370 horas","   195,262 horas","   17,457 streamers","  330,203 espectadores",    605 canales," 10,350 espectadores",   262 canales
38,World of Tanks,Diciembre,2021,"  7,476,632 horas","   177,029 horas","   10,153 streamers","   48,576 espectadores",    605 canales," 10,062 espectadores",   238 canales
57,Rust,Septiembre,2020,"  3,296,832 horas","   156,037 horas","   13,205 streamers","   32,378 espectadores",    606 canales,"  4,585 espectadores",   217 canales
45,DayZ,Octubre,2022,"  5,003,318 horas","   212,542 horas","   24,121 streamers","   41,383 espectadores",    607 canales,"  6,733 espectadores",NA
25,Minecraft,Abril,2018,"  3,991,870 horas","   220,230 horas","   38,162 streamers",NA,    608 canales,NA,   306 canales
45,Talk Shows & Podcasts,Diciembre,2021,"  5,795,357 horas","   162,314 horas","   11,915 streamers",NA,    608 canales,"  7,799 espectadores",   218 canales
41,DayZ,Febrero,2023,"  6,652,882 horas","   196,374 horas","   23,947 streamers","   76,676 espectadores",    608 canales,"  9,914 espectadores",   292 canales
43,Retro,Febrero,2024,"  5,254,623 horas","   196,660 horas","   11,816 streamers","   17,843 espectadores",    608 canales,"  7,560 espectadores",   282 canales
101,The Sims 4,Marzo,2024,"  1,874,319 horas","    86,521 horas","   17,005 streamers","   29,658 espectadores",    608 canales,"  2,522 espectadores",   116 canales
26,Talk Shows & Podcasts,Febrero,2019,"  4,978,187 horas","    65,662 horas","   12,925 streamers","  126,696 espectadores",    609 canales,"  7,419 espectadores",    97 canales
80,Warframe,Agosto,2023,"  2,707,749 horas","   142,395 horas","   17,142 streamers","  375,549 espectadores",    609 canales,"  3,644 espectadores",   191 canales
58,DayZ,Agosto,2023,"  4,196,777 horas","   213,635 horas","   25,914 streamers","   51,693 espectadores",    610 canales,"  5,648 espectadores",   287 canales
25,Path of Exile,Julio,2020," 10,258,739 horas","   248,266 horas","   10,103 streamers",NA,    611 canales," 13,807 espectadores",   334 canales
46,SMITE,Julio,2021,"  5,131,103 horas","   198,075 horas","   16,122 streamers","   40,070 espectadores",    611 canales,"  6,905 espectadores",NA
63,DayZ,Febrero,2024,"  3,670,676 horas","   211,291 horas","   23,886 streamers","   13,355 espectadores",    612 canales,"  5,281 espectadores",   304 canales
35,DayZ,Abril,2022,"  6,599,603 horas","   216,154 horas","   23,997 streamers",NA,    614 canales,NA,   300 canales
48,DayZ,Mayo,2023,"  5,146,359 horas","   231,026 horas","   24,351 streamers",NA,    614 canales,"  6,926 espectadores",NA
2,Hearthstone,Mayo,2016," 49,474,945 horas","   232,247 horas","   36,024 streamers","  154,779 espectadores",    615 canales," 66,588 espectadores",   312 canales
59,Path of Exile,Julio,2023,"  4,043,135 horas","    46,249 horas","    4,216 streamers",NA,    616 canales,"  5,441 espectadores",    62 canales
26,Path of Exile,Octubre,2020," 11,720,630 horas","   248,166 horas","   10,170 streamers","   50,399 espectadores",    617 canales," 15,774 espectadores",NA
42,World of Tanks,Febrero,2021,"  5,456,803 horas","   177,623 horas","   10,654 streamers","   31,272 espectadores",    619 canales,"  8,132 espectadores",   264 canales
109,Euro Truck Simulator 2,Mayo,2021,"  1,731,551 horas","   151,111 horas","   16,272 streamers","   14,390 espectadores",    620 canales,"  2,330 espectadores",   203 canales
23,Minecraft,Octubre,2017,"  4,288,002 horas","   219,293 horas","   35,900 streamers","   38,970 espectadores",    622 canales,"  5,771 espectadores",   295 canales
20,Path of Exile,Enero,2019,"  9,575,782 horas","   217,870 horas","   15,886 streamers","   35,204 espectadores",    624 canales," 12,887 espectadores",NA
26,DayZ,Septiembre,2020,"  9,251,411 horas","   231,718 horas","   16,937 streamers",NA,    624 canales," 12,867 espectadores",   322 canales
71,Games + Demos,Mayo,2022,"  2,725,139 horas","   286,494 horas","   91,433 streamers","   49,601 espectadores",    625 canales,"  3,667 espectadores",NA
116,Warframe,Febrero,2024,"  1,641,820 horas","   194,234 horas","   23,252 streamers","   64,536 espectadores",    625 canales,"  2,362 espectadores",   279 canales
36,Talk Shows & Podcasts,Febrero,2021,"  6,923,576 horas","   166,414 horas","   17,053 streamers","  124,418 espectadores",    626 canales," 10,318 espectadores",   248 canales
47,SMITE,Enero,2022,"  6,116,372 horas","   194,627 horas","   23,860 streamers","   88,623 espectadores",    627 canales,"  8,231 espectadores",   261 canales
18,Tom Clancy's Rainbow Six Siege,Febrero,2016,"  3,237,323 horas","   219,127 horas","   36,759 streamers","   28,240 espectadores",    628 canales,"  4,658 espectadores",   315 canales
15,Warframe,Julio,2018,"  6,260,796 horas","   272,363 horas","   32,441 streamers","  402,554 espectadores",    629 canales,"  8,426 espectadores",   366 canales
45,SMITE,Abril,2021,"  6,298,557 horas","   224,634 horas","   18,181 streamers","   36,563 espectadores",    630 canales,"  8,760 espectadores",   312 canales
41,SMITE,Mayo,2021,"  6,284,626 horas","   226,595 horas","   17,342 streamers","   30,989 espectadores",    630 canales,"  8,458 espectadores",   304 canales
44,DayZ,Abril,2023,"  6,361,122 horas","   239,966 horas","   26,700 streamers","   34,096 espectadores",    631 canales,"  8,847 espectadores",   333 canales
27,Music,Enero,2020,"  5,165,455 horas","   342,005 horas","   15,975 streamers","   49,122 espectadores",    632 canales,"  6,952 espectadores",   460 canales
25,Rocket League,Noviembre,2019,"  5,659,680 horas","   254,760 horas","   50,438 streamers",NA,    633 canales,"  7,871 espectadores",   354 canales
55,DayZ,Enero,2024,"  4,396,324 horas","   241,450 horas","   27,753 streamers",NA,    633 canales,"  5,916 espectadores",   324 canales
32,Rocket League,Julio,2019,"  3,633,656 horas","   282,548 horas","   63,382 streamers","   56,243 espectadores",    634 canales,"  4,890 espectadores",   380 canales
44,DayZ,Enero,2023,"  5,102,897 horas","   227,672 horas","   27,821 streamers","   55,199 espectadores",    634 canales,"  6,867 espectadores",   306 canales
50,World of Tanks,Enero,2022,"  5,713,249 horas","   181,364 horas","   17,328 streamers","   46,683 espectadores",    635 canales,NA,NA
69,Games + Demos,Marzo,2022,"  2,806,915 horas","   294,305 horas","   89,531 streamers","   64,381 espectadores",    635 canales,"  3,777 espectadores",   396 canales
61,DayZ,Febrero,2021,"  3,259,000 horas","   220,244 horas","   15,926 streamers","   21,776 espectadores",    636 canales,"  4,856 espectadores",   328 canales
54,DayZ,Diciembre,2022,"  4,135,145 horas","   179,263 horas","   20,750 streamers","   32,579 espectadores",    636 canales,"  5,565 espectadores",   241 canales
26,Minecraft,Febrero,2018,"  3,334,973 horas","   217,642 horas","   36,610 streamers","   32,807 espectadores",    638 canales,"  4,970 espectadores",   324 canales
49,Rust,Enero,2020,"  2,851,099 horas","   165,956 horas","   16,879 streamers","   15,907 espectadores",    638 canales,"  3,837 espectadores",   223 canales
34,Rocket League,Marzo,2017,"  2,855,716 horas","   149,494 horas","   28,965 streamers","   49,982 espectadores",    639 canales,"  3,843 espectadores",   201 canales
37,Rocket League,Febrero,2016,"  1,842,858 horas","   185,207 horas","   45,485 streamers","   18,130 espectadores",    640 canales,NA,   266 canales
19,Dead by Daylight,Mayo,2018,"  4,870,909 horas","   234,818 horas","   24,224 streamers","   34,931 espectadores",    647 canales,"  6,555 espectadores",   316 canales
29,DayZ,Marzo,2023," 10,995,779 horas","   236,080 horas","   26,131 streamers","   61,727 espectadores",    648 canales," 14,799 espectadores",   317 canales
27,Minecraft,Octubre,2018,"  4,403,349 horas","   245,127 horas","   37,293 streamers","   35,072 espectadores",    649 canales,"  5,926 espectadores",NA
40,Rocket League,Diciembre,2018,"  3,078,473 horas","   260,284 horas","   56,693 streamers","   77,058 espectadores",    650 canales,NA,NA
79,Games + Demos,Octubre,2023,"  3,471,931 horas","   306,093 horas","   83,325 streamers","   49,895 espectadores",    651 canales,"  4,672 espectadores",   411 canales
49,Talk Shows & Podcasts,Abril,2023,"  4,912,034 horas","   179,255 horas","   16,209 streamers","  116,877 espectadores",    652 canales,"  6,831 espectadores",   249 canales
32,Tom Clancy's Rainbow Six Siege,Mayo,2016,"  1,856,155 horas","   185,962 horas","   33,339 streamers","   17,742 espectadores",    653 canales,"  2,498 espectadores",   250 canales
30,Rocket League,Agosto,2019,"  3,858,568 horas","   265,216 horas","   58,293 streamers","   41,865 espectadores",    653 canales,"  5,193 espectadores",   356 canales
37,Talk Shows & Podcasts,Abril,2022,"  5,741,750 horas","   171,935 horas","   23,979 streamers","  142,296 espectadores",    653 canales,"  7,985 espectadores",NA
14,Minecraft,Noviembre,2017,"  6,273,574 horas","   210,939 horas","   35,012 streamers","   63,658 espectadores",    654 canales,"  8,725 espectadores",   293 canales
37,Rocket League,Septiembre,2019,"  3,512,205 horas","   250,133 horas","   52,006 streamers","   70,148 espectadores",    654 canales,"  4,884 espectadores",NA
37,World of Tanks,Diciembre,2020,"  6,870,777 horas","   213,893 horas","   11,872 streamers","   38,278 espectadores",    655 canales,"  9,247 espectadores",   287 canales
51,Talk Shows & Podcasts,Abril,2024,"  5,013,691 horas","   191,911 horas","   13,695 streamers","   66,870 espectadores",    656 canales,"  6,973 espectadores",   266 canales
18,Dead by Daylight,Noviembre,2017,"  4,940,163 horas","   200,238 horas","   20,372 streamers","   42,683 espectadores",    657 canales,NA,   278 canales
47,Path of Exile,Noviembre,2020,"  4,768,549 horas","   136,899 horas","    6,058 streamers","   37,191 espectadores",    661 canales,"  6,632 espectadores",   190 canales
20,Minecraft,Diciembre,2017,"  4,343,532 horas","   230,126 horas","   39,357 streamers","   50,986 espectadores",    667 canales,"  5,845 espectadores",   309 canales
22,Rocket League,Mayo,2019,"  5,808,738 horas","   282,468 horas","   64,145 streamers","  116,136 espectadores",    667 canales,"  7,817 espectadores",   380 canales
44,Rust,Agosto,2020,"  4,384,160 horas","   183,250 horas","   15,124 streamers","   48,044 espectadores",    667 canales,"  5,900 espectadores",   246 canales
42,World of Tanks,Enero,2021,"  6,234,773 horas","   210,941 horas","   12,220 streamers","   36,501 espectadores",    672 canales,"  8,391 espectadores",NA
2,Dota 2,Junio,2016," 56,363,873 horas","   272,972 horas","   27,730 streamers","  483,285 espectadores",    675 canales," 78,392 espectadores",   379 canales
30,Grand Theft Auto V,Septiembre,2016,"  1,489,213 horas","   221,364 horas","   56,201 streamers","   16,962 espectadores",    677 canales,"  2,071 espectadores",   307 canales
11,Grand Theft Auto V,Noviembre,2017,"  9,899,556 horas","   242,948 horas","   38,178 streamers","   47,263 espectadores",    677 canales," 13,768 espectadores",NA
49,Path of Exile,Marzo,2021,"  5,439,201 horas","   154,609 horas","    7,425 streamers",NA,    677 canales,"  7,320 espectadores",   208 canales
21,Path of Exile,Marzo,2016,"  3,896,026 horas","    95,545 horas","    6,648 streamers","   22,761 espectadores",    678 canales,"  5,243 espectadores",   128 canales
28,Rocket League,Julio,2018,"  3,577,315 horas","   250,769 horas","   62,448 streamers","   42,127 espectadores",    679 canales,"  4,814 espectadores",   337 canales
32,Tom Clancy's Rainbow Six Siege,Octubre,2016,"  1,987,765 horas","   217,913 horas","   40,220 streamers",NA,    681 canales,"  2,675 espectadores",   293 canales
30,Minecraft,Enero,2018,"  3,998,724 horas","   257,452 horas","   42,756 streamers","   34,987 espectadores",    681 canales,"  5,381 espectadores",   346 canales
45,SMITE,Julio,2020,"  4,868,991 horas","   230,443 horas","   19,476 streamers","   28,440 espectadores",    681 canales,"  6,553 espectadores",NA
47,DayZ,Enero,2021,"  4,805,164 horas","   282,908 horas","   20,551 streamers","   65,761 espectadores",    682 canales,"  6,467 espectadores",   380 canales
43,SMITE,Marzo,2021,"  6,689,265 horas","   256,344 horas","   20,396 streamers","   30,367 espectadores",    683 canales,"  9,003 espectadores",   345 canales
79,7 Days to Die,Diciembre,2021,"  2,679,730 horas","   199,776 horas","   14,732 streamers","   16,537 espectadores",    683 canales,NA,   268 canales
42,World of Tanks,Marzo,2024,"  6,451,296 horas","   123,076 horas","   10,308 streamers","  184,888 espectadores",    683 canales,NA,   165 canales
19,Minecraft,Septiembre,2017,"  4,021,099 horas","   224,026 horas","   37,948 streamers","   51,860 espectadores",    684 canales,"  5,592 espectadores",   311 canales
20,Rocket League,Septiembre,2018,"  6,344,989 horas","   241,545 horas","   59,923 streamers","   77,098 espectadores",    684 canales,"  8,824 espectadores",   335 canales
61,Games + Demos,Mayo,2024,"  3,895,977 horas","   322,470 horas","   87,674 streamers",NA,    684 canales,"  5,243 espectadores",   434 canales
68,Warframe,Julio,2024,"  3,209,939 horas","   144,580 horas","   19,830 streamers","  467,504 espectadores",    684 canales,"  4,320 espectadores",   194 canales
78,The Sims 4,Julio,2021,"  2,576,902 horas","   128,251 horas","   19,715 streamers","   32,822 espectadores",    686 canales,"  3,468 espectadores",   172 canales
17,Minecraft,Julio,2018,"  5,193,371 horas","   288,429 horas","   48,608 streamers","   48,864 espectadores",    687 canales,"  6,989 espectadores",   388 canales
18,Hearthstone,Abril,2022," 22,198,387 horas","   143,511 horas","   15,086 streamers","   74,680 espectadores",    687 canales," 30,873 espectadores",   199 canales
2,Hearthstone,Diciembre,2016," 50,374,964 horas","   207,578 horas","   11,857 streamers","  226,842 espectadores",    691 canales," 67,799 espectadores",   279 canales
69,7 Days to Die,Junio,2024,"  2,758,049 horas","   141,692 horas","   14,708 streamers","   42,486 espectadores",    693 canales,"  3,835 espectadores",   197 canales
16,Tom Clancy's Rainbow Six Siege,Enero,2016,"  4,866,039 horas","   242,134 horas","   42,244 streamers","   25,742 espectadores",    694 canales,"  6,549 espectadores",   325 canales
79,Games + Demos,Mayo,2023,"  2,199,891 horas","   298,832 horas","   88,886 streamers",NA,    694 canales,"  2,960 espectadores",   402 canales
11,Talk Shows & Podcasts,Enero,2017,"  8,141,681 horas","    77,919 horas","   16,797 streamers","  314,999 espectadores",    697 canales," 10,957 espectadores",   104 canales
13,Path of Exile,Enero,2020," 14,629,734 horas","   282,855 horas","   17,101 streamers",NA,    697 canales," 19,690 espectadores",   380 canales
9,Heroes of the Storm,Mayo,2017," 10,386,926 horas","   264,633 horas","   36,453 streamers",NA,    703 canales,NA,   356 canales
41,Talk Shows & Podcasts,Abril,2021,"  7,560,003 horas","   197,650 horas","   18,751 streamers","   97,527 espectadores",    703 canales,NA,   274 canales
62,Games + Demos,Enero,2023,"  3,341,995 horas","   322,739 horas","   96,948 streamers","  168,193 espectadores",    704 canales,NA,   434 canales
22,Tom Clancy's Rainbow Six Siege,Septiembre,2016,"  2,835,752 horas","   227,208 horas","   43,205 streamers","   35,021 espectadores",    705 canales,NA,   316 canales
24,Rocket League,Abril,2019,"  5,366,151 horas","   263,789 horas","   60,861 streamers","   67,750 espectadores",    710 canales,"  7,463 espectadores",   366 canales
17,Minecraft,Junio,2017,"  5,211,026 horas","   286,168 horas","   55,027 streamers","   44,423 espectadores",    711 canales,"  7,247 espectadores",   398 canales
13,Grand Theft Auto V,Octubre,2017,"  7,545,910 horas","   245,367 horas","   39,006 streamers","   36,449 espectadores",    713 canales," 10,156 espectadores",   330 canales
31,Path of Exile,Diciembre,2021,"  8,737,170 horas","   122,866 horas","    5,029 streamers","   96,982 espectadores",    714 canales," 11,759 espectadores",   165 canales
24,Rocket League,Junio,2019,"  5,853,032 horas","   273,764 horas","   62,063 streamers","  186,198 espectadores",    715 canales,"  8,140 espectadores",NA
77,Games + Demos,Abril,2022,"  2,400,777 horas","   297,099 horas","   92,811 streamers","   51,063 espectadores",    717 canales,"  3,339 espectadores",   413 canales
15,Heroes of the Storm,Abril,2017,"  5,810,758 horas","   138,327 horas","   15,250 streamers","  126,179 espectadores",    718 canales,"  8,081 espectadores",   192 canales
4,Dota 2,Septiembre,2017," 29,046,828 horas","   301,995 horas","   26,486 streamers","  206,831 espectadores",    718 canales," 40,398 espectadores",   420 canales
9,Warframe,Octubre,2017," 14,855,223 horas","   222,729 horas","   25,376 streamers","   88,701 espectadores",    718 canales," 19,993 espectadores",   299 canales
36,Rocket League,Marzo,2019,"  3,634,355 horas","   265,268 horas","   60,668 streamers","   37,946 espectadores",    720 canales,"  4,891 espectadores",   357 canales
96,Games + Demos,Noviembre,2022,"  1,617,420 horas","   272,326 horas","   88,636 streamers",NA,    723 canales,"  2,249 espectadores",   378 canales
12,Minecraft,Agosto,2017,"  4,890,416 horas","   302,885 horas","   52,257 streamers","   45,352 espectadores",    724 canales,"  6,581 espectadores",   407 canales
42,Rust,Junio,2020,"  4,309,351 horas","   169,574 horas","   14,303 streamers","   44,671 espectadores",    725 canales,"  5,993 espectadores",   235 canales
40,Talk Shows & Podcasts,Junio,2020,"  4,536,769 horas","   108,525 horas","   11,447 streamers","   96,639 espectadores",    727 canales,NA,NA
30,Rocket League,Febrero,2019,"  3,768,118 horas","   233,398 horas","   53,636 streamers","   62,205 espectadores",    734 canales,"  5,615 espectadores",   347 canales
43,Rust,Julio,2020,"  4,936,238 horas","   204,538 horas","   17,294 streamers",NA,    741 canales,"  6,643 espectadores",   275 canales
45,Rust,Abril,2020,"  3,742,896 horas","   190,069 horas","   15,530 streamers","   40,997 espectadores",    742 canales,"  5,205 espectadores",   264 canales
75,Games + Demos,Julio,2023,"  2,552,974 horas","   295,427 horas","   91,439 streamers","   49,697 espectadores",    742 canales,"  3,436 espectadores",   397 canales
34,Minecraft,Noviembre,2018,"  4,162,500 horas","   245,158 horas","   39,969 streamers","   44,783 espectadores",    744 canales,"  5,789 espectadores",   340 canales
4,Dota 2,Octubre,2017," 31,623,627 horas","   315,955 horas","   27,120 streamers","  279,878 espectadores",    750 canales," 42,562 espectadores",   425 canales
40,Rust,Noviembre,2020,"  6,303,313 horas","   211,478 horas","   17,076 streamers","   50,077 espectadores",    752 canales,"  8,766 espectadores",NA
30,Tom Clancy's Rainbow Six Siege,Julio,2016,"  1,823,557 horas","   217,976 horas","   45,089 streamers",NA,    754 canales,"  2,454 espectadores",   293 canales
49,Rust,Mayo,2020,"  3,982,745 horas","   198,542 horas","   15,413 streamers","   40,436 espectadores",    755 canales,"  5,360 espectadores",   267 canales
23,Rocket League,Octubre,2019,"  6,705,348 horas","   272,336 horas","   51,378 streamers",NA,    756 canales,"  9,024 espectadores",   366 canales
13,Hearthstone,Agosto,2021," 23,392,208 horas","   172,623 horas","   12,654 streamers","  137,976 espectadores",    756 canales," 31,483 espectadores",   232 canales
14,Path of Exile,Diciembre,2016,"  5,400,738 horas","   116,640 horas","    2,616 streamers","   24,787 espectadores",    764 canales,"  7,268 espectadores",   156 canales
5,Dota 2,Septiembre,2016," 24,806,196 horas","   296,977 horas","   30,396 streamers","   99,044 espectadores",    768 canales," 34,500 espectadores",   413 canales
25,Minecraft,Diciembre,2018,"  6,397,637 horas","   296,581 horas","   49,820 streamers","   35,755 espectadores",    769 canales,NA,NA
44,Rust,Octubre,2021,"  5,644,041 horas","   227,141 horas","   16,815 streamers","   29,377 espectadores",    769 canales,NA,   305 canales
80,Games + Demos,Noviembre,2021,"  2,715,021 horas","   334,007 horas","   43,420 streamers","   35,483 espectadores",    770 canales,"  3,776 espectadores",   464 canales
41,Rust,Septiembre,2024,"  6,690,490 horas","   205,383 horas","   21,541 streamers","   86,672 espectadores",    772 canales,"  9,305 espectadores",   285 canales
3,Dota 2,Mayo,2016," 46,816,065 horas","   310,231 horas","   31,165 streamers","  321,688 espectadores",    778 canales," 63,009 espectadores",   417 canales
81,Games + Demos,Julio,2021,"  2,459,361 horas","   363,219 horas","   51,876 streamers","   41,607 espectadores",    780 canales,"  3,310 espectadores",NA
74,Games + Demos,Febrero,2023,"  2,402,781 horas","   279,357 horas","   86,672 streamers",NA,    782 canales,"  3,580 espectadores",   416 canales
48,7 Days to Die,Agosto,2024,"  5,420,267 horas","   298,170 horas","   24,730 streamers","   34,682 espectadores",    784 canales,"  7,295 espectadores",   401 canales
23,Tom Clancy's Rainbow Six Siege,Diciembre,2016,"  3,507,819 horas","   291,276 horas","   12,847 streamers","   24,180 espectadores",    787 canales,"  4,721 espectadores",NA
13,Minecraft,Abril,2017,"  6,508,772 horas","   263,337 horas","   37,623 streamers","   55,946 espectadores",    790 canales,NA,   366 canales
19,Path of Exile,Agosto,2024," 16,256,845 horas","   272,327 horas","   11,687 streamers",NA,    791 canales," 21,880 espectadores",   366 canales
7,Grand Theft Auto V,Mayo,2017," 19,879,433 horas","   304,565 horas","   61,165 streamers",NA,    792 canales," 26,755 espectadores",   409 canales
17,Dead by Daylight,Junio,2018,"  8,206,959 horas","   302,101 horas","   29,956 streamers",NA,    793 canales," 11,414 espectadores",   420 canales
29,Warcraft III,Enero,2020,"  4,740,268 horas","    68,570 horas","    8,638 streamers",NA,    793 canales,"  6,379 espectadores",    92 canales
2,Dota 2,Agosto,2016," 52,492,132 horas","   289,605 horas","   29,645 streamers","  623,824 espectadores",    796 canales," 70,648 espectadores",   389 canales
78,Games + Demos,Septiembre,2023,"  2,671,421 horas","   333,298 horas","   94,247 streamers","   46,569 espectadores",    800 canales,"  3,715 espectadores",   463 canales
3,Dota 2,Julio,2016," 32,509,829 horas","   277,739 horas","   29,653 streamers","  200,212 espectadores",    807 canales," 43,754 espectadores",   373 canales
76,Games + Demos,Diciembre,2022,"  2,488,152 horas","   320,383 horas","   97,065 streamers",NA,    807 canales,"  3,348 espectadores",   431 canales
43,Tom Clancy's Rainbow Six Siege,Noviembre,2022,"  5,186,288 horas","   303,481 horas","   67,899 streamers","   98,976 espectadores",    808 canales,NA,   422 canales
39,SMITE,Febrero,2021,"  6,148,540 horas","   263,254 horas","   20,975 streamers","   32,803 espectadores",    809 canales,"  9,163 espectadores",   392 canales
3,Dota 2,Abril,2016," 42,691,310 horas","   319,832 horas","   30,056 streamers","  341,103 espectadores",    815 canales," 59,375 espectadores",   444 canales
4,Dota 2,Diciembre,2017," 32,147,397 horas","   357,781 horas","   30,493 streamers",NA,    815 canales," 43,267 espectadores",   481 canales
3,Dota 2,Diciembre,2016," 44,984,545 horas","   302,113 horas","    8,792 streamers","  431,587 espectadores",    816 canales," 60,544 espectadores",   406 canales
18,Dead by Daylight,Octubre,2017,"  4,834,263 horas","   211,980 horas","   21,297 streamers",NA,    819 canales,"  6,506 espectadores",   285 canales
86,Games + Demos,Octubre,2022,"  2,406,383 horas","   316,221 horas","  104,713 streamers","   31,928 espectadores",    822 canales,"  3,238 espectadores",NA
5,Dota 2,Julio,2017," 24,378,147 horas","   322,095 horas","   29,425 streamers","  111,186 espectadores",    825 canales,NA,NA
3,Dota 2,Noviembre,2017," 39,629,718 horas","   342,701 horas","   28,991 streamers","  227,242 espectadores",    826 canales," 55,117 espectadores",   476 canales
36,7 Days to Die,Julio,2024,"  8,399,800 horas","   254,063 horas","   23,596 streamers","  270,575 espectadores",    826 canales," 11,305 espectadores",   341 canales
31,Grand Theft Auto V,Marzo,2017,"  3,078,141 horas","   268,592 horas","   43,191 streamers","   21,609 espectadores",    827 canales,"  4,142 espectadores",   361 canales
47,Warframe,Julio,2021,"  4,924,434 horas","   181,661 horas","   13,645 streamers","  554,440 espectadores",    829 canales,"  6,627 espectadores",   244 canales
104,Warframe,Junio,2024,"  1,513,926 horas","   164,013 horas","   20,526 streamers","   30,693 espectadores",    829 canales,"  2,105 espectadores",   228 canales
7,Grand Theft Auto V,Abril,2017," 15,428,827 horas","   276,137 horas","   43,573 streamers","  146,629 espectadores",    831 canales,NA,   384 canales
96,Warframe,Marzo,2024,"  2,148,734 horas","   186,753 horas","   22,432 streamers","   45,167 espectadores",    832 canales,"  2,891 espectadores",   251 canales
10,Grand Theft Auto V,Septiembre,2017,"  8,896,769 horas","   276,611 horas","   45,911 streamers","   48,385 espectadores",    835 canales," 12,373 espectadores",   384 canales
79,Games + Demos,Febrero,2022,"  2,563,020 horas","   341,613 horas","  105,058 streamers","   59,029 espectadores",    835 canales,NA,   509 canales
86,Games + Demos,Agosto,2022,"  2,510,238 horas","   393,719 horas","  162,811 streamers","  101,700 espectadores",    837 canales,"  3,378 espectadores",   529 canales
20,Path of Exile,Abril,2024," 14,168,387 horas","   223,676 horas","   10,256 streamers",NA,    840 canales," 19,705 espectadores",   311 canales
2,Hearthstone,Abril,2017," 53,390,683 horas","   222,096 horas","   26,529 streamers","  277,440 espectadores",    843 canales," 74,256 espectadores",   308 canales
21,Tom Clancy's Rainbow Six Siege,Octubre,2017,"  4,487,755 horas","   320,703 horas","   59,750 streamers",NA,    845 canales,"  6,040 espectadores",   431 canales
77,Warframe,Julio,2022,"  2,989,689 horas","   125,834 horas","   15,931 streamers","  424,261 espectadores",    846 canales,NA,   169 canales
13,Rust,Mayo,2024," 23,327,396 horas","   248,486 horas","   25,869 streamers","  255,215 espectadores",    851 canales,NA,   334 canales
4,Dota 2,Mayo,2017," 34,349,470 horas","   312,599 horas","   28,614 streamers","  215,761 espectadores",    860 canales," 46,230 espectadores",NA
55,Games + Demos,Julio,2024,"  4,581,051 horas","   359,890 horas","   99,807 streamers","   82,090 espectadores",    866 canales,NA,   484 canales
11,Grand Theft Auto V,Junio,2018," 12,183,806 horas","   309,499 horas","   46,694 streamers","   68,403 espectadores",    868 canales," 16,945 espectadores",   430 canales
67,Games + Demos,Junio,2021,"  3,269,821 horas","   377,962 horas","   53,557 streamers","  103,966 espectadores",    869 canales,NA,   525 canales
8,World of Warcraft,Julio,2016,"  9,957,230 horas","   304,908 horas","   32,835 streamers","   73,797 espectadores",    870 canales," 13,401 espectadores",   410 canales
65,Games + Demos,Agosto,2024,"  3,725,786 horas","   391,961 horas","  100,438 streamers","   77,883 espectadores",    871 canales,"  5,014 espectadores",   527 canales
32,SMITE,Enero,2021,"  7,767,850 horas","   259,115 horas","   20,972 streamers","   97,040 espectadores",    873 canales,NA,   348 canales
3,Dota 2,Enero,2017," 39,036,428 horas","   359,580 horas","   33,380 streamers","  231,960 espectadores",    877 canales," 52,538 espectadores",   483 canales
21,Minecraft,Agosto,2018,"  5,336,083 horas","   306,035 horas","   47,426 streamers","   44,143 espectadores",    877 canales,"  7,181 espectadores",   411 canales
18,Grand Theft Auto V,Noviembre,2018,"  9,626,848 horas","   282,564 horas","   41,074 streamers","   64,088 espectadores",    877 canales," 13,389 espectadores",   392 canales
20,Rust,Diciembre,2020," 19,209,195 horas","   251,897 horas","   21,980 streamers","  330,443 espectadores",    877 canales," 25,853 espectadores",NA
68,Games + Demos,Diciembre,2023,"  2,980,328 horas","   355,312 horas","   90,809 streamers","   50,637 espectadores",    877 canales,"  4,011 espectadores",   478 canales
20,Rust,Julio,2024," 16,848,001 horas","   254,893 horas","   28,171 streamers","  238,297 espectadores",    880 canales," 22,675 espectadores",   343 canales
10,Grand Theft Auto V,Mayo,2018," 11,678,663 horas","   306,957 horas","   44,093 streamers",NA,    881 canales," 15,718 espectadores",   413 canales
23,Rocket League,Diciembre,2019,"  6,177,142 horas","   311,157 horas","   64,297 streamers","  240,598 espectadores",    881 canales,"  8,313 espectadores",   418 canales
12,Minecraft,Octubre,2016,"  4,544,535 horas","   288,039 horas","   55,027 streamers","   39,662 espectadores",    884 canales,"  6,116 espectadores",   387 canales
63,Games + Demos,Junio,2024,"  3,384,385 horas","   351,985 horas","   96,189 streamers","   83,457 espectadores",    884 canales,"  4,707 espectadores",   489 canales
20,Rocket League,Febrero,2020,"  8,655,808 horas","   339,652 horas","   66,909 streamers","  152,454 espectadores",    885 canales," 12,454 espectadores",NA
20,Grand Theft Auto V,Agosto,2016,"  2,878,551 horas","   360,902 horas","   80,764 streamers",NA,    888 canales,"  3,874 espectadores",   485 canales
30,Grand Theft Auto V,Octubre,2016,"  2,260,843 horas","   287,165 horas","   63,714 streamers","   24,434 espectadores",    895 canales,NA,NA
38,Music,Septiembre,2024,"  7,149,896 horas","   418,452 horas","   36,724 streamers","   50,529 espectadores",    902 canales,"  9,944 espectadores",   581 canales
28,Path of Exile,Mayo,2018,"  3,556,915 horas","   104,096 horas","    7,994 streamers","   24,215 espectadores",    904 canales,"  4,787 espectadores",   140 canales
12,Hearthstone,Agosto,2019," 21,542,434 horas","   123,139 horas","   15,433 streamers","  112,249 espectadores",    905 canales," 28,993 espectadores",NA
85,Games + Demos,Enero,2022,"  2,752,489 horas","   406,022 horas","  121,564 streamers","   58,067 espectadores",    905 canales,"  3,704 espectadores",NA
7,Grand Theft Auto V,Julio,2017," 15,528,826 horas","   389,718 horas","   71,008 streamers","   71,728 espectadores",    906 canales," 20,900 espectadores",   524 canales
8,Grand Theft Auto V,Agosto,2017," 10,709,895 horas","   340,624 horas","   60,106 streamers","   62,151 espectadores",    906 canales," 14,414 espectadores",   458 canales
29,Rust,Octubre,2023," 11,089,532 horas","   253,645 horas","   25,524 streamers","   76,408 espectadores",    906 canales," 14,925 espectadores",   341 canales
23,Tom Clancy's Rainbow Six Siege,Junio,2017,"  3,635,168 horas","   336,562 horas","   63,014 streamers","   15,550 espectadores",    909 canales,"  5,055 espectadores",   468 canales
8,Dota 2,Enero,2018," 30,921,434 horas","   409,908 horas","   34,045 streamers",NA,    909 canales,NA,   551 canales
32,Grand Theft Auto V,Febrero,2017,"  2,268,502 horas","   273,933 horas","   60,225 streamers","   39,710 espectadores",    914 canales,"  3,380 espectadores",   408 canales
16,Dead by Daylight,Abril,2019,"  8,217,973 horas","   402,932 horas","   42,838 streamers",NA,    914 canales,NA,NA
17,Dead by Daylight,Julio,2019,"  8,587,261 horas","   440,768 horas","   46,790 streamers","   37,274 espectadores",    916 canales,NA,   593 canales
19,Tom Clancy's Rainbow Six Siege,Agosto,2016,"  3,505,497 horas","   319,737 horas","   58,182 streamers","   18,727 espectadores",    917 canales,"  4,718 espectadores",   430 canales
27,Grand Theft Auto V,Mayo,2016,"  3,062,883 horas","   298,872 horas","   69,649 streamers","   39,504 espectadores",    919 canales,NA,   402 canales
11,Grand Theft Auto V,Marzo,2018," 10,435,918 horas","   318,586 horas","   47,821 streamers","   50,916 espectadores",    920 canales," 14,045 espectadores",NA
13,Grand Theft Auto V,Septiembre,2018," 13,158,117 horas","   330,492 horas","   48,076 streamers","   56,935 espectadores",    922 canales," 18,300 espectadores",   459 canales
3,Dota 2,Abril,2017," 49,040,667 horas","   284,239 horas","   21,427 streamers","  671,452 espectadores",    923 canales," 68,206 espectadores",   395 canales
73,Games + Demos,Diciembre,2021,"  2,926,747 horas","   375,126 horas","   50,166 streamers","   78,624 espectadores",    923 canales,"  3,939 espectadores",   504 canales
75,Games + Demos,Abril,2024,"  3,087,616 horas","   356,478 horas","   99,137 streamers","   91,263 espectadores",    923 canales,"  4,294 espectadores",   495 canales
17,Minecraft,Marzo,2017,"  5,623,943 horas","   279,486 horas","   38,531 streamers","   39,172 espectadores",    925 canales,"  7,569 espectadores",   376 canales
3,Dota 2,Junio,2017," 41,458,911 horas","   303,654 horas","   28,415 streamers","  337,968 espectadores",    933 canales," 57,661 espectadores",   422 canales
21,Minecraft,Febrero,2019,"  6,267,012 horas","   332,266 horas","   52,021 streamers","   82,949 espectadores",    933 canales,"  9,339 espectadores",   495 canales
67,Warframe,Diciembre,2023,"  3,008,792 horas","   200,882 horas","   22,158 streamers","   71,463 espectadores",    933 canales,NA,   270 canales
30,Rust,Septiembre,2023," 12,098,015 horas","   235,847 horas","   25,436 streamers","  108,823 espectadores",    936 canales," 16,826 espectadores",   328 canales
10,Grand Theft Auto V,Febrero,2018," 14,628,223 horas","   312,072 horas","   43,582 streamers",NA,    937 canales," 21,800 espectadores",   465 canales
11,Rust,Diciembre,2023," 29,437,537 horas","   332,410 horas","   34,897 streamers",NA,    939 canales," 39,619 espectadores",   447 canales
10,Minecraft,Noviembre,2016,"  7,606,529 horas","   284,458 horas","   47,055 streamers","   82,474 espectadores",    943 canales," 10,579 espectadores",NA
9,Minecraft,Diciembre,2016,"  8,004,324 horas","   323,333 horas","   14,232 streamers",NA,    944 canales," 10,772 espectadores",   435 canales
26,Rust,Noviembre,2022," 10,719,686 horas","   235,947 horas","   26,418 streamers","   60,204 espectadores",    946 canales,NA,   328 canales
50,Path of Exile,Diciembre,2020,"  3,886,274 horas","   117,463 horas","    5,413 streamers","   30,439 espectadores",    949 canales,NA,   158 canales
83,7 Days to Die,Junio,2016,"    336,450 horas","    35,256 horas","    7,022 streamers","    5,047 espectadores",    950 canales,    467 espectadores,    49 canales
13,Minecraft,Septiembre,2016,"  4,368,646 horas","   280,169 horas","   60,021 streamers","   32,506 espectadores",    951 canales,"  6,076 espectadores",   389 canales
3,Dota 2,Marzo,2016," 42,565,423 horas","   363,215 horas","   34,612 streamers","  339,020 espectadores",    952 canales," 57,288 espectadores",   488 canales
25,Rocket League,Enero,2020,"  5,679,366 horas","   379,221 horas","   75,446 streamers","   54,967 espectadores",    953 canales,"  7,643 espectadores",   510 canales
87,Games + Demos,Marzo,2023,"  1,990,601 horas","   317,229 horas","  109,376 streamers","   90,795 espectadores",    954 canales,"  2,679 espectadores",   426 canales
34,Rust,Noviembre,2023,"  7,749,165 horas","   227,440 horas","   24,423 streamers","   45,016 espectadores",    954 canales,NA,   316 canales
14,Minecraft,Febrero,2017,"  6,380,643 horas","   296,730 horas","   52,097 streamers","  104,992 espectadores",    957 canales,"  9,509 espectadores",   442 canales
17,Dead by Daylight,Agosto,2019,"  8,059,395 horas","   446,681 horas","   46,565 streamers","   39,159 espectadores",    963 canales," 10,847 espectadores",   601 canales
15,Hearthstone,Noviembre,2020," 28,364,535 horas","   211,687 horas","   16,215 streamers","  113,301 espectadores",    964 canales," 39,449 espectadores",   294 canales
12,Dead by Daylight,Julio,2018," 12,035,467 horas","   405,482 horas","   37,508 streamers","   57,513 espectadores",    965 canales," 16,198 espectadores",   545 canales
5,Dota 2,Febrero,2018," 32,977,773 horas","   385,397 horas","   32,216 streamers","  285,802 espectadores",    966 canales,NA,   574 canales
9,Rust,Abril,2024," 27,600,149 horas","   241,966 horas","   25,957 streamers","  430,910 espectadores",    969 canales," 38,386 espectadores",   336 canales
10,Rust,Junio,2024," 29,020,340 horas","   272,276 horas","   28,788 streamers","  331,989 espectadores",    973 canales," 40,362 espectadores",   378 canales
21,Rust,Marzo,2022," 15,265,536 horas","   275,272 horas","   31,147 streamers","  136,869 espectadores",    979 canales," 20,545 espectadores",   370 canales
7,Hearthstone,Diciembre,2019," 26,159,827 horas","   174,544 horas","   18,693 streamers","  114,139 espectadores",    983 canales," 35,208 espectadores",   234 canales
21,Rust,Agosto,2024," 15,126,601 horas","   250,119 horas","   25,611 streamers","  358,588 espectadores",    985 canales," 20,358 espectadores",   336 canales
26,Grand Theft Auto V,Abril,2016,"  2,372,863 horas","   313,808 horas","   66,195 streamers",NA,    992 canales,"  3,300 espectadores",   436 canales
19,Tom Clancy's Rainbow Six Siege,Noviembre,2017,"  4,906,093 horas","   326,018 horas","   61,248 streamers","   82,332 espectadores",    993 canales,"  6,823 espectadores",   453 canales
39,Rust,Marzo,2023,"  8,488,685 horas","   264,256 horas","   31,147 streamers",NA,    996 canales," 11,424 espectadores",   355 canales
22,Tom Clancy's Rainbow Six Siege,Abril,2017,"  3,896,844 horas","   335,216 horas","   44,700 streamers","   22,865 espectadores",    998 canales,"  5,419 espectadores",   466 canales
17,Dead by Daylight,Mayo,2019,"  8,467,611 horas","   425,553 horas","   43,860 streamers","   56,597 espectadores",    998 canales,NA,   572 canales
18,Dead by Daylight,Febrero,2019,"  7,292,874 horas","   359,881 horas","   38,382 streamers","   50,797 espectadores",    999 canales," 10,868 espectadores",NA
17,Hearthstone,Marzo,2021," 22,340,994 horas","   196,721 horas","   15,772 streamers","   99,762 espectadores","  1,003 canales"," 30,068 espectadores",   264 canales
7,World of Warcraft,Mayo,2016,"  8,532,283 horas","   277,450 horas","   29,295 streamers","   57,379 espectadores","  1,008 canales",NA,   373 canales
18,Minecraft,Enero,2019," 10,827,913 horas","   398,412 horas","   60,229 streamers","   61,475 espectadores","  1,008 canales"," 14,573 espectadores",NA
7,World of Warcraft,Abril,2016,"  7,675,362 horas","   283,609 horas","   27,131 streamers","   55,342 espectadores","  1,011 canales"," 10,675 espectadores",NA
3,Dota 2,Febrero,2016," 41,174,229 horas","   384,500 horas","   36,912 streamers",NA,"  1,015 canales"," 59,243 espectadores",NA
16,Grand Theft Auto V,Diciembre,2018,"  9,374,254 horas","   332,127 horas","   55,273 streamers",NA,"  1,018 canales"," 12,616 espectadores",   447 canales
28,Grand Theft Auto V,Marzo,2016,"  2,665,320 horas","   333,677 horas","   71,496 streamers","   38,375 espectadores","  1,031 canales","  3,587 espectadores",NA
72,Games + Demos,Junio,2023,"  2,468,176 horas","   306,596 horas","   98,545 streamers","   32,933 espectadores","  1,035 canales","  3,432 espectadores",   426 canales
14,Tom Clancy's Rainbow Six Siege,Julio,2017,"  4,465,118 horas","   422,296 horas","   75,326 streamers","   27,820 espectadores","  1,038 canales","  6,009 espectadores",   568 canales
18,Dead by Daylight,Marzo,2019,"  8,316,951 horas","   399,755 horas","   39,926 streamers","   35,758 espectadores","  1,042 canales"," 11,193 espectadores",   538 canales
18,Tom Clancy's Rainbow Six Siege,Enero,2017,"  5,311,227 horas","   377,942 horas","   67,517 streamers","   31,152 espectadores","  1,043 canales","  7,148 espectadores",   508 canales
10,Grand Theft Auto V,Enero,2018," 12,936,876 horas","   384,142 horas","   58,405 streamers","   59,852 espectadores","  1,045 canales"," 17,411 espectadores",   517 canales
17,Rust,Abril,2022," 22,586,571 horas","   275,887 horas","   32,201 streamers","  391,822 espectadores","  1,045 canales"," 31,413 espectadores",NA
34,Tom Clancy's Rainbow Six Siege,Octubre,2022,"  6,475,283 horas","   402,097 horas","   86,250 streamers","   57,241 espectadores","  1,046 canales","  8,715 espectadores",NA
5,Dota 2,Enero,2020," 44,025,208 horas","   442,024 horas","   30,616 streamers","  364,279 espectadores","  1,055 canales"," 59,253 espectadores",   594 canales
9,Minecraft,Julio,2016,"  7,577,550 horas","   444,318 horas","   90,671 streamers","   47,731 espectadores","  1,056 canales"," 10,198 espectadores",   598 canales
15,Dead by Daylight,Diciembre,2018,"  9,894,513 horas","   439,208 horas","   45,644 streamers","   46,689 espectadores","  1,057 canales"," 13,316 espectadores",   591 canales
24,Rust,Octubre,2022," 13,261,168 horas","   253,462 horas","   26,922 streamers","  124,621 espectadores","  1,058 canales"," 17,848 espectadores",   341 canales
20,Rust,Septiembre,2021," 16,145,621 horas","   272,467 horas","   20,625 streamers","  154,424 espectadores","  1,060 canales"," 22,455 espectadores",   378 canales
77,Games + Demos,Agosto,2023,"  2,964,052 horas","   344,303 horas","   99,271 streamers","   51,463 espectadores","  1,064 canales","  3,989 espectadores",   463 canales
6,Dota 2,Diciembre,2019," 34,260,252 horas","   419,408 horas","   30,022 streamers","  200,393 espectadores","  1,072 canales"," 46,110 espectadores",   564 canales
9,World of Warcraft,Marzo,2016,"  6,873,120 horas","   295,301 horas","   28,167 streamers","   45,853 espectadores","  1,078 canales","  9,250 espectadores",   397 canales
22,Rust,Septiembre,2022," 14,047,749 horas","   274,655 horas","   28,582 streamers","   80,742 espectadores","  1,080 canales"," 19,537 espectadores",   381 canales
6,Dota 2,Julio,2019," 40,975,198 horas","   461,803 horas","   35,274 streamers","  278,581 espectadores","  1,081 canales",NA,   621 canales
16,Dead by Daylight,Febrero,2020," 10,475,445 horas","   497,495 horas","   45,723 streamers","   56,698 espectadores","  1,083 canales",NA,NA
17,Dead by Daylight,Enero,2019," 11,094,559 horas","   492,980 horas","   51,812 streamers","   61,337 espectadores","  1,087 canales"," 14,932 espectadores",   663 canales
11,Rust,Agosto,2022," 36,126,668 horas","   320,917 horas","   34,917 streamers","  384,738 espectadores","  1,097 canales"," 48,622 espectadores",   431 canales
23,Grand Theft Auto V,Enero,2017,"  4,293,651 horas","   384,895 horas","   88,229 streamers","   44,491 espectadores","  1,100 canales",NA,   518 canales
3,Dota 2,Agosto,2018," 69,776,434 horas","   439,437 horas","   36,075 streamers","  749,471 espectadores","  1,102 canales"," 93,911 espectadores",   591 canales
15,Rust,Julio,2021," 29,623,778 horas","   375,046 horas","   31,052 streamers","  402,922 espectadores","  1,103 canales",NA,   504 canales
82,Games + Demos,Julio,2022,"  2,746,902 horas","   519,862 horas","  245,056 streamers","   61,850 espectadores","  1,104 canales","  3,697 espectadores",   699 canales
12,Rust,Mayo,2023," 30,111,991 horas","   336,779 horas","   33,895 streamers","  342,239 espectadores","  1,112 canales"," 40,527 espectadores",   453 canales
19,Grand Theft Auto V,Febrero,2016,"  3,216,017 horas","   342,897 horas","   70,020 streamers","   40,319 espectadores","  1,113 canales","  4,627 espectadores",   493 canales
32,Rocket League,Junio,2020,"  6,200,876 horas","   465,670 horas","   76,014 streamers","   71,629 espectadores","  1,117 canales","  8,624 espectadores",   647 canales
5,Dota 2,Junio,2019," 42,929,219 horas","   440,912 horas","   35,018 streamers","  436,845 espectadores","  1,118 canales"," 59,706 espectadores",   613 canales
17,Rust,Enero,2023," 20,005,535 horas","   318,673 horas","   37,471 streamers","  177,259 espectadores","  1,123 canales"," 26,925 espectadores",   428 canales
33,Rocket League,Julio,2020,"  6,404,829 horas","   503,218 horas","   81,236 streamers","   37,288 espectadores","  1,125 canales",NA,NA
3,Dota 2,Junio,2018," 48,098,529 horas","   420,651 horas","   34,627 streamers","  341,454 espectadores","  1,126 canales"," 66,896 espectadores",   585 canales
40,Rust,Agosto,2023,"  7,420,074 horas","   269,923 horas","   30,516 streamers","   36,438 espectadores","  1,131 canales","  9,986 espectadores",   363 canales
26,Grand Theft Auto V,Diciembre,2016,"  2,939,916 horas","   362,906 horas","   13,275 streamers","   31,606 espectadores","  1,134 canales","  3,956 espectadores",   488 canales
23,Rocket League,Agosto,2020,"  9,773,161 horas","   484,991 horas","   82,809 streamers","  182,628 espectadores","  1,134 canales"," 13,153 espectadores",   652 canales
10,Rust,Abril,2023," 29,215,221 horas","   286,449 horas","   31,229 streamers","  230,288 espectadores","  1,136 canales"," 40,633 espectadores",   398 canales
35,Tom Clancy's Rainbow Six Siege,Julio,2022,"  7,616,902 horas","   559,774 horas","  118,256 streamers",NA,"  1,138 canales"," 10,251 espectadores",NA
9,Rust,Junio,2023," 38,994,444 horas","   329,283 horas","   35,291 streamers",NA,"  1,150 canales"," 54,234 espectadores",   457 canales
16,Path of Exile,Marzo,2017,"  5,697,175 horas","   152,138 horas","    8,320 streamers","   35,294 espectadores","  1,169 canales","  7,667 espectadores",   204 canales
3,Dota 2,Agosto,2019," 70,885,379 horas","   487,148 horas","   37,081 streamers","1,045,985 espectadores","  1,174 canales",NA,NA
7,Dota 2,Febrero,2020," 34,971,672 horas","   436,925 horas","   29,417 streamers","  236,718 espectadores","  1,176 canales"," 50,318 espectadores",   628 canales
52,Retro,Marzo,2024,"  5,339,031 horas","   198,236 horas","   11,911 streamers","   30,933 espectadores","  1,178 canales","  7,185 espectadores",   266 canales
31,Music,Agosto,2024,"  9,089,368 horas","   465,111 horas","   42,163 streamers","   59,554 espectadores","  1,178 canales"," 12,233 espectadores",   625 canales
10,World of Warcraft,Febrero,2016,"  6,330,745 horas","   289,330 horas","   28,060 streamers","   29,872 espectadores","  1,179 canales","  9,108 espectadores",   416 canales
29,Tom Clancy's Rainbow Six Siege,Mayo,2022,"  8,798,017 horas","   483,441 horas","   97,032 streamers","  108,780 espectadores","  1,179 canales"," 11,841 espectadores",   650 canales
7,World of Warcraft,Enero,2016,"  8,771,452 horas","   342,978 horas","   33,375 streamers","   46,130 espectadores","  1,180 canales",NA,   461 canales
5,Hearthstone,Diciembre,2018," 31,137,256 horas","   189,076 horas","   25,679 streamers","  205,322 espectadores","  1,181 canales"," 41,907 espectadores",   254 canales
26,Rust,Julio,2023," 11,839,834 horas","   328,731 horas","   36,553 streamers",NA,"  1,184 canales"," 15,935 espectadores",   442 canales
10,Grand Theft Auto V,Diciembre,2017," 10,773,689 horas","   368,062 horas","   61,016 streamers",NA,"  1,189 canales"," 14,500 espectadores",NA
11,Grand Theft Auto V,Febrero,2019," 12,816,268 horas","   356,112 horas","   46,978 streamers","   76,912 espectadores","  1,189 canales"," 19,100 espectadores",   530 canales
20,Dead by Daylight,Diciembre,2019," 10,210,545 horas","   477,824 horas","   46,360 streamers","   42,933 espectadores","  1,189 canales"," 13,742 espectadores",   643 canales
14,Tom Clancy's Rainbow Six Siege,Diciembre,2017,"  5,837,519 horas","   456,948 horas","   79,757 streamers","   64,807 espectadores","  1,196 canales","  7,856 espectadores",NA
12,Rust,Junio,2022," 33,274,213 horas","   284,112 horas","   33,161 streamers","  250,342 espectadores","  1,200 canales"," 46,278 espectadores",   395 canales
32,Rocket League,Mayo,2020,"  6,958,942 horas","   535,445 horas","   87,250 streamers","   92,615 espectadores","  1,202 canales","  9,366 espectadores",   720 canales
5,Dota 2,Mayo,2018," 39,064,436 horas","   427,341 horas","   33,916 streamers","  363,879 espectadores","  1,210 canales"," 52,576 espectadores",   575 canales
10,Grand Theft Auto V,Agosto,2018," 15,273,574 horas","   460,256 horas","   70,607 streamers","   60,680 espectadores","  1,214 canales"," 20,556 espectadores",   619 canales
9,Minecraft,Mayo,2016,"  6,848,639 horas","   407,008 horas","   77,629 streamers","   41,069 espectadores","  1,215 canales","  9,217 espectadores",   547 canales
7,Dota 2,Octubre,2019," 30,033,003 horas","   449,514 horas","   31,508 streamers",NA,"  1,218 canales"," 40,421 espectadores",   604 canales
17,Dead by Daylight,Enero,2020," 10,223,157 horas","   525,684 horas","   50,373 streamers","   30,565 espectadores","  1,219 canales"," 13,759 espectadores",NA
21,Minecraft,Abril,2019,"  6,147,358 horas","   429,837 horas","   70,852 streamers","   36,014 espectadores","  1,222 canales","  8,549 espectadores",   597 canales
34,Rust,Junio,2021,"  7,557,859 horas","   317,127 horas","   26,294 streamers","   73,289 espectadores","  1,226 canales"," 10,511 espectadores",NA
3,Dota 2,Marzo,2017," 38,381,634 horas","   333,056 horas","   24,240 streamers","  325,165 espectadores","  1,228 canales"," 51,657 espectadores",   448 canales
18,Rust,Enero,2024," 16,149,101 horas","   313,196 horas","   34,626 streamers","  125,524 espectadores","  1,229 canales"," 21,734 espectadores",   421 canales
10,Dota 2,Agosto,2020," 38,252,005 horas","   554,956 horas","   26,864 streamers","  170,474 espectadores","  1,247 canales"," 51,483 espectadores",   746 canales
58,Rocket League,Julio,2024,"  4,107,934 horas","   553,249 horas","  156,153 streamers",NA,"  1,255 canales","  5,528 espectadores",   744 canales
5,Dota 2,Mayo,2019," 46,710,399 horas","   490,819 horas","   37,723 streamers","  402,168 espectadores","  1,257 canales"," 62,867 espectadores",   660 canales
21,Rust,Mayo,2021," 16,960,026 horas","   357,485 horas","   29,675 streamers","  169,083 espectadores","  1,259 canales"," 22,826 espectadores",   481 canales
70,Games + Demos,Junio,2022,"  3,095,319 horas","   400,885 horas","  177,222 streamers","   59,785 espectadores","  1,263 canales","  4,305 espectadores",   557 canales
35,Rust,Agosto,2021,"  8,198,469 horas","   314,468 horas","   25,073 streamers","   48,474 espectadores","  1,264 canales",NA,   423 canales
5,Dota 2,Noviembre,2019," 34,770,932 horas","   428,219 horas","   30,472 streamers","  243,245 espectadores","  1,267 canales",NA,   595 canales
7,Dota 2,Septiembre,2019," 25,854,637 horas","   449,103 horas","   34,090 streamers","  126,517 espectadores","  1,269 canales"," 35,959 espectadores",NA
6,Dota 2,Septiembre,2018," 29,712,186 horas","   431,392 horas","   34,706 streamers","  161,988 espectadores","  1,271 canales"," 41,324 espectadores",NA
24,Music,Junio,2024," 12,652,177 horas","   563,555 horas","   43,690 streamers",NA,"  1,275 canales"," 17,596 espectadores",   783 canales
74,Games + Demos,Marzo,2024,"  2,842,859 horas","   344,876 horas","   98,448 streamers","   82,630 espectadores","  1,281 canales",NA,   464 canales
32,Tom Clancy's Rainbow Six Siege,Agosto,2022,"  9,095,497 horas","   521,622 horas","  110,786 streamers",NA,"  1,282 canales"," 12,241 espectadores",   702 canales
27,Music,Julio,2024," 12,384,404 horas","   546,080 horas","   43,372 streamers","   68,318 espectadores","  1,288 canales"," 16,668 espectadores",   734 canales
46,DayZ,Marzo,2024,"  6,162,322 horas","   221,581 horas","   25,723 streamers",NA,"  1,290 canales","  8,293 espectadores",   298 canales
12,Tom Clancy's Rainbow Six Siege,Septiembre,2017,"  5,989,945 horas","   396,763 horas","   69,176 streamers","   45,911 espectadores","  1,293 canales","  8,330 espectadores",   551 canales
18,Path of Exile,Septiembre,2018,"  8,513,998 horas","   219,377 horas","   12,925 streamers","   49,860 espectadores","  1,297 canales"," 11,841 espectadores",   305 canales
46,Rocket League,Noviembre,2023,"  4,610,972 horas","   508,266 horas","  146,243 streamers","   56,562 espectadores","  1,298 canales","  6,413 espectadores",NA
53,Rocket League,Agosto,2024,"  4,600,371 horas","   552,004 horas","  158,006 streamers","   66,385 espectadores","  1,298 canales","  6,191 espectadores",   742 canales
36,Tom Clancy's Rainbow Six Siege,Septiembre,2022,"  7,139,812 horas","   485,703 horas","  100,700 streamers",NA,"  1,299 canales","  9,930 espectadores",   675 canales
19,Dead by Daylight,Noviembre,2018,"  8,792,539 horas","   394,680 horas","   42,862 streamers","   49,502 espectadores","  1,300 canales"," 12,228 espectadores",   548 canales
9,Dota 2,Julio,2020," 35,906,928 horas","   571,211 horas","   27,565 streamers","  193,157 espectadores","  1,301 canales"," 48,326 espectadores",   768 canales
37,Rocket League,Junio,2024,"  7,098,036 horas","   533,386 horas","  147,936 streamers","  276,765 espectadores","  1,301 canales","  9,872 espectadores",   741 canales
12,Tom Clancy's Rainbow Six Siege,Mayo,2018,"  9,413,483 horas","   553,945 horas","   99,068 streamers","  181,907 espectadores","  1,310 canales"," 12,669 espectadores",   745 canales
4,Dota 2,Diciembre,2018," 32,966,244 horas","   465,590 horas","   37,524 streamers","  255,770 espectadores","  1,310 canales"," 44,369 espectadores",   626 canales
30,Tom Clancy's Rainbow Six Siege,Octubre,2021,"  9,926,370 horas","   553,131 horas","   66,372 streamers",NA,"  1,312 canales"," 13,359 espectadores",   744 canales
5,Dota 2,Octubre,2018," 35,260,281 horas","   451,820 horas","   34,965 streamers","  211,365 espectadores","  1,313 canales"," 47,456 espectadores",   608 canales
24,Rocket League,Septiembre,2024," 10,845,869 horas","   531,856 horas","  145,845 streamers",NA,"  1,317 canales"," 15,084 espectadores",   739 canales
8,Grand Theft Auto V,Junio,2017," 13,928,987 horas","   381,643 horas","   74,434 streamers","   76,057 espectadores","  1,320 canales"," 19,372 espectadores",   530 canales
27,Rocket League,Abril,2020,"  8,220,061 horas","   525,512 horas","   87,995 streamers","  141,539 espectadores","  1,322 canales"," 11,432 espectadores",   730 canales
60,Games + Demos,Febrero,2024,"  3,754,068 horas","   471,156 horas","  121,873 streamers","   94,540 espectadores","  1,325 canales",NA,   677 canales
18,Dead by Daylight,Junio,2019,"  8,651,417 horas","   455,335 horas","   49,326 streamers","   36,335 espectadores","  1,329 canales"," 12,032 espectadores",   633 canales
7,Dota 2,Abril,2019," 29,498,775 horas","   450,484 horas","   36,752 streamers","  146,659 espectadores","  1,330 canales"," 41,027 espectadores",   626 canales
4,Dota 2,Noviembre,2018," 44,638,253 horas","   451,289 horas","   36,356 streamers","  353,055 espectadores","  1,331 canales"," 62,083 espectadores",   627 canales
17,Tom Clancy's Rainbow Six Siege,Febrero,2022," 22,674,463 horas","   536,368 horas","  114,093 streamers","  267,799 espectadores","  1,336 canales"," 33,792 espectadores",   799 canales
25,Rocket League,Octubre,2022," 11,746,701 horas","   588,704 horas","  142,478 streamers",NA,"  1,344 canales",NA,   792 canales
35,Warframe,Agosto,2020,"  6,219,274 horas","   198,143 horas","   14,877 streamers","  433,443 espectadores","  1,352 canales","  8,370 espectadores",   266 canales
21,Rust,Febrero,2022," 17,650,440 horas","   300,431 horas","   36,486 streamers",NA,"  1,352 canales"," 26,304 espectadores",   447 canales
13,Dota 2,Marzo,2022," 34,738,690 horas","   568,148 horas","   43,660 streamers",NA,"  1,355 canales"," 46,754 espectadores",   764 canales
15,Dead by Daylight,Octubre,2018," 11,927,346 horas","   494,061 horas","   53,653 streamers","   79,461 espectadores","  1,360 canales"," 16,052 espectadores",   664 canales
8,Dota 2,Mayo,2022," 48,939,002 horas","   586,231 horas","   44,246 streamers","  449,377 espectadores","  1,361 canales"," 65,866 espectadores",   789 canales
18,Tom Clancy's Rainbow Six Siege,Enero,2018,"  5,483,250 horas","   546,065 horas","   91,977 streamers","   50,325 espectadores","  1,372 canales","  7,379 espectadores",   734 canales
12,Tom Clancy's Rainbow Six Siege,Abril,2018,"  8,041,028 horas","   547,067 horas","   93,235 streamers","   45,756 espectadores","  1,372 canales"," 11,183 espectadores",NA
37,Tom Clancy's Rainbow Six Siege,Enero,2022,"  7,236,746 horas","   619,214 horas","  138,029 streamers","   52,329 espectadores","  1,377 canales","  9,739 espectadores",   833 canales
27,Tom Clancy's Rainbow Six Siege,Abril,2022,"  9,981,861 horas","   562,385 horas","  111,213 streamers","   65,613 espectadores","  1,380 canales"," 13,882 espectadores",   782 canales
5,Dota 2,Abril,2018," 40,141,922 horas","   401,310 horas","   32,117 streamers","  310,168 espectadores","  1,386 canales"," 55,830 espectadores",   558 canales
29,Rust,Abril,2021," 12,773,408 horas","   295,481 horas","   23,343 streamers",NA,"  1,390 canales"," 17,765 espectadores",   410 canales
8,Minecraft,Abril,2016,"  7,605,339 horas","   416,176 horas","   72,014 streamers","   61,290 espectadores","  1,398 canales"," 10,577 espectadores",   578 canales
9,Dota 2,Septiembre,2020," 38,107,678 horas","   551,165 horas","   26,860 streamers","  269,456 espectadores","  1,402 canales"," 53,000 espectadores",NA
22,Music,Mayo,2024," 13,422,866 horas","   621,030 horas","   45,601 streamers","   59,113 espectadores","  1,402 canales"," 18,065 espectadores",   835 canales
24,Music,Marzo,2020," 10,049,112 horas","   409,115 horas","   29,752 streamers","  137,303 espectadores","  1,404 canales"," 13,525 espectadores",   550 canales
51,Rocket League,Octubre,2023,"  5,602,838 horas","   574,801 horas","  152,822 streamers",NA,"  1,407 canales","  7,540 espectadores",NA
13,Tom Clancy's Rainbow Six Siege,Febrero,2017,"  6,485,229 horas","   457,121 horas","   79,301 streamers","   78,882 espectadores","  1,409 canales","  9,665 espectadores",   681 canales
35,Rocket League,Mayo,2024,"  8,567,524 horas","   558,872 horas","  144,749 streamers","  166,775 espectadores","  1,413 canales"," 11,530 espectadores",   752 canales
9,Dota 2,Abril,2022," 37,597,240 horas","   554,415 horas","   41,780 streamers","  155,770 espectadores","  1,414 canales"," 52,291 espectadores",   771 canales
42,Rocket League,Abril,2024,"  5,870,394 horas","   589,244 horas","  155,064 streamers","  116,501 espectadores","  1,416 canales","  8,164 espectadores",   819 canales
68,Games + Demos,Octubre,2021,"  3,143,304 horas","   403,390 horas","   56,832 streamers","   82,554 espectadores","  1,417 canales",NA,   542 canales
7,Minecraft,Marzo,2016," 10,030,905 horas","   448,411 horas","   78,524 streamers","   90,527 espectadores","  1,438 canales",NA,   603 canales
37,Tom Clancy's Rainbow Six Siege,Junio,2022,"  7,638,507 horas","   522,080 horas","  105,044 streamers","   51,048 espectadores","  1,438 canales"," 10,623 espectadores",NA
15,Grand Theft Auto V,Junio,2016,"  4,359,684 horas","   429,032 horas","   89,270 streamers","   54,948 espectadores","  1,440 canales","  6,063 espectadores",   596 canales
32,Rocket League,Noviembre,2022,"  7,530,271 horas","   540,029 horas","  138,440 streamers","  122,215 espectadores","  1,440 canales"," 10,473 espectadores",   751 canales
6,Minecraft,Febrero,2016,"  8,965,231 horas","   440,549 horas","   77,621 streamers","   68,098 espectadores","  1,441 canales"," 12,899 espectadores",   633 canales
24,Rocket League,Mayo,2022," 12,684,532 horas","   601,730 horas","  141,529 streamers","  126,322 espectadores","  1,442 canales"," 17,072 espectadores",NA
6,Dota 2,Marzo,2019," 50,333,147 horas","   563,468 horas","   47,351 streamers","  357,971 espectadores","  1,456 canales"," 67,743 espectadores",   758 canales
20,Dead by Daylight,Marzo,2020," 11,911,331 horas","   596,711 horas","   55,228 streamers","   50,220 espectadores","  1,458 canales"," 16,031 espectadores",NA
16,Music,Julio,2020," 18,734,242 horas","   634,923 horas","   36,181 streamers","  123,955 espectadores","  1,461 canales"," 25,214 espectadores",   854 canales
4,Dota 2,Enero,2019," 46,512,393 horas","   546,394 horas","   42,722 streamers","  444,825 espectadores","  1,462 canales",NA,   735 canales
11,Tom Clancy's Rainbow Six Siege,Julio,2018," 13,106,837 horas","   675,463 horas","  113,149 streamers","   64,425 espectadores","  1,463 canales"," 17,640 espectadores",NA
4,Dota 2,Marzo,2018," 40,110,394 horas","   421,360 horas","   34,579 streamers","  397,940 espectadores","  1,473 canales",NA,   567 canales
84,Games + Demos,Septiembre,2021,"  2,451,705 horas","   399,798 horas","   57,567 streamers","   33,270 espectadores","  1,476 canales","  3,409 espectadores",   556 canales
79,Games + Demos,Enero,2024,"  2,915,544 horas","   448,852 horas","  114,723 streamers","   77,713 espectadores","  1,477 canales","  3,924 espectadores",   604 canales
24,Music,Abril,2024," 13,091,601 horas","   617,576 horas","   46,508 streamers","   78,450 espectadores","  1,478 canales"," 18,208 espectadores",   858 canales
25,Music,Febrero,2024," 12,746,055 horas","   608,949 horas","   49,920 streamers","   55,107 espectadores","  1,487 canales",NA,   876 canales
11,Path of Exile,Diciembre,2017,"  8,885,012 horas","   195,555 horas","   12,779 streamers","   46,710 espectadores","  1,490 canales"," 11,958 espectadores",   263 canales
14,Dead by Daylight,Septiembre,2018," 11,648,175 horas","   522,183 horas","   62,578 streamers","   59,528 espectadores","  1,490 canales"," 16,200 espectadores",   726 canales
7,Dota 2,Marzo,2020," 41,849,138 horas","   544,228 horas","   35,212 streamers","  164,524 espectadores","  1,490 canales"," 56,324 espectadores",   732 canales
9,Dota 2,Junio,2020," 41,177,114 horas","   569,147 horas","   27,354 streamers","  212,444 espectadores","  1,490 canales"," 57,269 espectadores",   791 canales
13,Dota 2,Diciembre,2020," 42,881,664 horas","   631,156 horas","   30,337 streamers","  243,589 espectadores","  1,506 canales"," 57,714 espectadores",   849 canales
16,Music,Agosto,2020," 21,495,258 horas","   651,423 horas","   35,380 streamers",NA,"  1,509 canales"," 28,930 espectadores",   876 canales
7,Dota 2,Agosto,2022," 56,810,142 horas","   651,161 horas","   49,178 streamers",NA,"  1,514 canales"," 76,460 espectadores",   876 canales
22,Rocket League,Marzo,2020," 10,498,059 horas","   422,375 horas","   83,660 streamers","  189,258 espectadores","  1,518 canales"," 14,129 espectadores",   568 canales
9,Path of Exile,Agosto,2017,"  9,993,986 horas","   243,592 horas","   19,258 streamers",NA,"  1,522 canales"," 13,450 espectadores",   327 canales
9,World of Warcraft,Abril,2017,"  9,155,878 horas","   436,828 horas","   32,234 streamers","   39,841 espectadores","  1,524 canales"," 12,734 espectadores",   607 canales
35,Rust,Marzo,2024,"  8,647,700 horas","   262,610 horas","   29,749 streamers","  113,015 espectadores","  1,536 canales"," 11,638 espectadores",   353 canales
3,Hearthstone,Diciembre,2017," 42,788,719 horas","   275,070 horas","   35,232 streamers","  201,846 espectadores","  1,538 canales"," 57,589 espectadores",   370 canales
38,Tom Clancy's Rainbow Six Siege,Noviembre,2021,"  8,893,528 horas","   487,259 horas","   59,928 streamers","  100,813 espectadores","  1,539 canales"," 12,369 espectadores",   677 canales
20,Tom Clancy's Rainbow Six Siege,Noviembre,2018,"  8,692,358 horas","   566,368 horas","   98,353 streamers","  164,174 espectadores","  1,542 canales"," 12,089 espectadores",   787 canales
8,Dota 2,Junio,2021," 62,316,260 horas","   653,133 horas","   31,893 streamers","  375,582 espectadores","  1,544 canales"," 86,670 espectadores",   908 canales
7,Dota 2,Enero,2023," 43,317,513 horas","   628,986 horas","   51,212 streamers","  238,148 espectadores","  1,544 canales"," 58,300 espectadores",NA
24,Tom Clancy's Rainbow Six Siege,Agosto,2021," 12,148,236 horas","   675,741 horas","   82,532 streamers","  131,162 espectadores","  1,548 canales"," 16,350 espectadores",   909 canales
13,Dota 2,Diciembre,2022," 30,478,967 horas","   585,331 horas","   47,284 streamers","  146,152 espectadores","  1,550 canales"," 41,021 espectadores",   787 canales
10,World of Warcraft,Mayo,2017,"  8,179,253 horas","   425,025 horas","   37,316 streamers","   30,738 espectadores","  1,551 canales"," 11,008 espectadores",   572 canales
23,Tom Clancy's Rainbow Six Siege,Julio,2021," 15,066,933 horas","   726,801 horas","   91,421 streamers","   75,729 espectadores","  1,556 canales"," 20,278 espectadores",   978 canales
19,Grand Theft Auto V,Julio,2016,"  4,371,420 horas","   444,433 horas","  105,674 streamers","   47,054 espectadores","  1,557 canales","  5,883 espectadores",   598 canales
16,Music,Septiembre,2020," 19,453,307 horas","   678,578 horas","   32,892 streamers","  125,133 espectadores","  1,560 canales"," 27,056 espectadores",NA
10,World of Warcraft,Agosto,2017,"  9,335,595 horas","   451,582 horas","   38,208 streamers","   51,350 espectadores","  1,565 canales"," 12,564 espectadores",   607 canales
10,Grand Theft Auto V,Julio,2018," 16,164,631 horas","   450,846 horas","   68,131 streamers","   67,222 espectadores","  1,572 canales"," 21,755 espectadores",   606 canales
5,Hearthstone,Abril,2019," 34,381,371 horas","   195,599 horas","   25,124 streamers","  278,075 espectadores","  1,572 canales",NA,   272 canales
12,Dota 2,Octubre,2020," 33,523,506 horas","   599,493 horas","   28,700 streamers","  155,576 espectadores","  1,573 canales",NA,   806 canales
79,Games + Demos,Mayo,2021,"  2,969,421 horas","   457,339 horas","   62,584 streamers","   36,290 espectadores","  1,574 canales",NA,   615 canales
13,Minecraft,Junio,2019," 17,073,543 horas","   679,219 horas","  110,794 streamers","  209,184 espectadores","  1,577 canales"," 23,746 espectadores",   944 canales
14,World of Warcraft,Julio,2024," 19,721,270 horas","   492,216 horas","   33,543 streamers","  105,398 espectadores","  1,583 canales"," 26,542 espectadores",   662 canales
20,Music,Septiembre,2022," 16,719,336 horas","   709,458 horas","   64,899 streamers","  148,147 espectadores","  1,585 canales",NA,NA
20,Music,Octubre,2022," 15,425,720 horas","   731,373 horas","   63,554 streamers","  115,010 espectadores","  1,585 canales",NA,   984 canales
36,Tom Clancy's Rainbow Six Siege,Diciembre,2021,"  7,688,187 horas","   567,817 horas","   69,242 streamers","   54,163 espectadores","  1,586 canales"," 10,347 espectadores",NA
3,Grand Theft Auto V,Marzo,2019," 61,516,480 horas","   535,486 horas","   66,347 streamers","  304,053 espectadores","  1,593 canales"," 82,794 espectadores",   720 canales
10,Dota 2,Marzo,2021," 39,978,562 horas","   659,629 horas","   31,292 streamers","  230,592 espectadores","  1,597 canales"," 53,806 espectadores",   887 canales
5,Dota 2,Febrero,2019," 50,259,236 horas","   528,057 horas","   43,882 streamers","  272,771 espectadores","  1,601 canales"," 74,901 espectadores",NA
37,Rocket League,Septiembre,2022,"  6,580,510 horas","   597,566 horas","  140,886 streamers","   46,233 espectadores","  1,603 canales","  9,152 espectadores",   831 canales
97,Warframe,Diciembre,2021,"  2,035,272 horas","   175,320 horas","   13,809 streamers","   34,248 espectadores","  1,605 canales","  2,739 espectadores",NA
31,Rocket League,Abril,2022,"  8,933,193 horas","   657,966 horas","  157,361 streamers",NA,"  1,605 canales",NA,   915 canales
9,World of Warcraft,Marzo,2017,"  9,118,258 horas","   456,697 horas","   31,735 streamers","   29,497 espectadores","  1,606 canales"," 12,272 espectadores",   614 canales
20,Dead by Daylight,Septiembre,2019,"  8,840,404 horas","   487,915 horas","   49,968 streamers","   50,535 espectadores","  1,606 canales",NA,   678 canales
22,Tom Clancy's Rainbow Six Siege,Noviembre,2019,"  8,832,329 horas","   628,954 horas","   98,687 streamers","   80,020 espectadores","  1,608 canales"," 12,284 espectadores",   874 canales
20,Music,Noviembre,2022," 16,228,236 horas","   681,416 horas","   56,948 streamers","   84,882 espectadores","  1,611 canales",NA,   947 canales
37,Path of Exile,Agosto,2018,"  2,920,852 horas","    84,838 horas","    7,826 streamers","   66,801 espectadores","  1,616 canales","  3,931 espectadores",   114 canales
51,Rocket League,Septiembre,2023,"  5,642,007 horas","   638,751 horas","  173,565 streamers","   48,507 espectadores","  1,626 canales","  7,847 espectadores",NA
23,Music,Diciembre,2023," 15,032,441 horas","   665,925 horas","   51,395 streamers","   84,260 espectadores","  1,626 canales"," 20,232 espectadores",   896 canales
21,Music,Enero,2024," 14,035,364 horas","   618,578 horas","   52,295 streamers","   68,236 espectadores","  1,629 canales"," 18,890 espectadores",   832 canales
21,Rocket League,Agosto,2023," 15,913,036 horas","   747,365 horas","  205,839 streamers","  408,512 espectadores","  1,638 canales"," 21,417 espectadores"," 1,005 canales"
17,Music,Julio,2022," 20,736,207 horas","   775,490 horas","   74,377 streamers","   87,160 espectadores","  1,650 canales",NA," 1,043 canales"
6,Grand Theft Auto V,Noviembre,2019," 33,148,853 horas","   567,027 horas","   60,014 streamers","  213,843 espectadores","  1,653 canales"," 46,104 espectadores",   788 canales
10,Dota 2,Abril,2021," 49,785,357 horas","   666,178 horas","   32,754 streamers","  372,593 espectadores","  1,658 canales"," 69,242 espectadores",   926 canales
19,Tom Clancy's Rainbow Six Siege,Octubre,2018,"  6,835,277 horas","   620,043 horas","  105,165 streamers","   46,967 espectadores","  1,676 canales","  9,199 espectadores",   834 canales
9,World of Warcraft,Septiembre,2017," 11,502,481 horas","   465,017 horas","   38,641 streamers","   66,513 espectadores","  1,677 canales"," 15,997 espectadores",   646 canales
7,World of Warcraft,Diciembre,2016," 12,099,784 horas","   455,806 horas","   14,620 streamers","   52,035 espectadores","  1,678 canales"," 16,285 espectadores",   613 canales
18,Dead by Daylight,Octubre,2019,"  9,307,698 horas","   474,289 horas","   48,078 streamers","   46,873 espectadores","  1,678 canales"," 12,527 espectadores",   638 canales
6,Dota 2,Julio,2023," 56,612,129 horas","   690,083 horas","   52,343 streamers","  491,483 espectadores","  1,678 canales"," 76,193 espectadores",   928 canales
12,World of Warcraft,Junio,2018," 12,006,116 horas","   503,814 horas","   45,116 streamers","  138,109 espectadores","  1,687 canales"," 16,698 espectadores",NA
39,Tom Clancy's Rainbow Six Siege,Enero,2023,"  6,140,298 horas","   705,057 horas","  153,739 streamers",NA,"  1,694 canales","  8,264 espectadores",   948 canales
23,Music,Octubre,2023," 13,339,955 horas","   746,422 horas","   49,293 streamers","   66,463 espectadores","  1,694 canales"," 17,954 espectadores"," 1,004 canales"
29,Rocket League,Julio,2023," 10,479,144 horas","   769,882 horas","  218,372 streamers","  292,169 espectadores","  1,698 canales"," 14,103 espectadores"," 1,036 canales"
7,Dota 2,Marzo,2023," 49,367,928 horas","   646,613 horas","   52,513 streamers","  400,531 espectadores","  1,711 canales"," 66,444 espectadores",   870 canales
22,Rocket League,Enero,2022," 14,265,020 horas","   775,245 horas","  201,627 streamers",NA,"  1,715 canales"," 19,199 espectadores"," 1,043 canales"
23,Music,Febrero,2023," 13,041,501 horas","   669,130 horas","   54,103 streamers","  100,884 espectadores","  1,721 canales"," 19,435 espectadores",NA
11,Dota 2,Febrero,2021," 38,907,873 horas","   614,150 horas","   29,522 streamers","  218,653 espectadores","  1,725 canales",NA,   915 canales
28,Rocket League,Junio,2023,"  9,814,793 horas","   705,071 horas","  199,079 streamers","  111,728 espectadores","  1,727 canales"," 13,650 espectadores",NA
4,Grand Theft Auto V,Junio,2019," 59,832,423 horas","   700,622 horas","   77,788 streamers","  176,008 espectadores","  1,734 canales"," 83,216 espectadores",   974 canales
21,Rocket League,Octubre,2021," 14,322,020 horas","   720,940 horas","  113,324 streamers","  131,916 espectadores","  1,747 canales"," 19,275 espectadores",   970 canales
30,Rocket League,Febrero,2024," 10,975,540 horas","   628,666 horas","  165,679 streamers","  337,680 espectadores","  1,748 canales"," 15,792 espectadores",   904 canales
25,Rocket League,Marzo,2022," 11,942,926 horas","   672,823 horas","  160,871 streamers","  241,879 espectadores","  1,762 canales"," 16,073 espectadores",   905 canales
22,Tom Clancy's Rainbow Six Siege,Septiembre,2021," 14,175,292 horas","   654,994 horas","   80,001 streamers","   68,568 espectadores","  1,763 canales"," 19,715 espectadores",   910 canales
26,Rocket League,Mayo,2023," 11,517,596 horas","   715,883 horas","  188,181 streamers",NA,"  1,768 canales"," 15,501 espectadores",   963 canales
17,Music,Mayo,2022," 18,571,833 horas","   828,094 horas","   72,559 streamers","   79,658 espectadores","  1,769 canales"," 24,995 espectadores"," 1,114 canales"
5,Grand Theft Auto V,Octubre,2019," 36,887,640 horas","   595,432 horas","   58,109 streamers","  136,460 espectadores","  1,775 canales"," 49,646 espectadores",   801 canales
20,Tom Clancy's Rainbow Six Siege,Octubre,2019,"  8,272,667 horas","   710,604 horas","  103,164 streamers","   47,273 espectadores","  1,785 canales"," 11,134 espectadores",   956 canales
12,Dota 2,Septiembre,2021," 34,807,412 horas","   682,811 horas","   33,889 streamers","  161,687 espectadores","  1,785 canales"," 48,410 espectadores",   949 canales
18,Music,Enero,2023," 18,896,923 horas","   743,395 horas","   57,239 streamers",NA,"  1,789 canales"," 25,433 espectadores"," 1,000 canales"
23,Dead by Daylight,Abril,2020," 12,971,551 horas","   673,816 horas","   55,513 streamers","   68,689 espectadores","  1,790 canales",NA,NA
15,Tom Clancy's Rainbow Six Siege,Abril,2019,"  8,271,980 horas","   729,483 horas","  122,071 streamers","   48,981 espectadores","  1,791 canales",NA," 1,014 canales"
29,Rocket League,Junio,2022,"  9,832,468 horas","   588,238 horas","  144,989 streamers",NA,"  1,794 canales"," 13,675 espectadores",   818 canales
15,Minecraft,Noviembre,2019," 15,763,839 horas","   617,092 horas","   99,507 streamers","  136,705 espectadores","  1,797 canales"," 21,924 espectadores",   858 canales
18,Rust,Marzo,2021," 20,138,055 horas","   375,331 horas","   29,571 streamers","  254,303 espectadores","  1,804 canales"," 27,103 espectadores",   505 canales
3,Grand Theft Auto V,Mayo,2019," 74,723,749 horas","   739,013 horas","   79,099 streamers","  184,274 espectadores","  1,806 canales",NA,   994 canales
16,Music,Junio,2020," 18,131,542 horas","   635,011 horas","   38,285 streamers","  173,802 espectadores","  1,806 canales",NA,   883 canales
18,Music,Diciembre,2022," 18,930,742 horas","   732,766 horas","   54,920 streamers","   90,881 espectadores","  1,807 canales"," 25,478 espectadores",   986 canales
11,Dota 2,Febrero,2022," 36,600,076 horas","   646,018 horas","   53,299 streamers","  185,278 espectadores","  1,808 canales"," 54,545 espectadores",   962 canales
13,Dota 2,Enero,2021," 39,545,934 horas","   721,543 horas","   33,400 streamers",NA,"  1,810 canales"," 53,224 espectadores",   971 canales
14,Path of Exile,Marzo,2018,"  8,732,880 horas","   232,397 horas","   14,567 streamers","   59,007 espectadores","  1,813 canales"," 11,753 espectadores",NA
26,Music,Septiembre,2023," 14,240,199 horas","   845,836 horas","   52,926 streamers","   74,638 espectadores","  1,816 canales"," 19,805 espectadores"," 1,176 canales"
5,Dota 2,Julio,2024," 47,807,855 horas","   740,308 horas","   57,753 streamers","  349,335 espectadores","  1,822 canales",NA,   996 canales
14,Music,Agosto,2021," 22,282,676 horas","   885,871 horas","   49,396 streamers",NA,"  1,825 canales",NA," 1,192 canales"
6,Grand Theft Auto V,Septiembre,2019," 39,488,952 horas","   643,978 horas","   67,389 streamers","  162,573 espectadores","  1,836 canales"," 54,922 espectadores",   895 canales
7,Dota 2,Septiembre,2022," 47,549,018 horas","   680,665 horas","   48,411 streamers","  290,187 espectadores","  1,838 canales",NA,   946 canales
9,World of Warcraft,Julio,2018," 22,008,322 horas","   624,059 horas","   56,431 streamers","  128,223 espectadores","  1,843 canales"," 29,620 espectadores",   839 canales
5,Dota 2,Octubre,2022," 83,032,166 horas","   656,224 horas","   50,170 streamers","1,037,857 espectadores","  1,845 canales","111,752 espectadores",   883 canales
16,Dota 2,Noviembre,2022," 26,828,596 horas","   646,136 horas","   51,053 streamers","   79,965 espectadores","  1,847 canales",NA,   898 canales
13,Minecraft,Diciembre,2019," 16,923,425 horas","   731,539 horas","  131,774 streamers","  164,241 espectadores","  1,852 canales"," 22,777 espectadores",   984 canales
16,Music,Septiembre,2021," 22,968,726 horas","   860,743 horas","   47,338 streamers","   86,480 espectadores","  1,853 canales"," 31,945 espectadores"," 1,197 canales"
9,World of Warcraft,Julio,2017," 11,158,771 horas","   508,288 horas","   41,261 streamers","   50,871 espectadores","  1,860 canales"," 15,018 espectadores",   684 canales
18,Music,Julio,2021," 21,205,238 horas","   890,989 horas","   49,773 streamers",NA,"  1,860 canales",NA," 1,199 canales"
3,Grand Theft Auto V,Abril,2019," 83,055,988 horas","   727,591 horas","   79,087 streamers","  256,096 espectadores","  1,868 canales","115,515 espectadores"," 1,011 canales"
8,World of Warcraft,Febrero,2017," 11,513,629 horas","   476,595 horas","   37,872 streamers","   36,882 espectadores","  1,879 canales"," 17,158 espectadores",   710 canales
15,Tom Clancy's Rainbow Six Siege,Septiembre,2018," 10,801,179 horas","   779,591 horas","  130,957 streamers","   48,590 espectadores","  1,880 canales"," 15,022 espectadores"," 1,084 canales"
24,Rocket League,Noviembre,2021," 14,404,278 horas","   707,964 horas","  111,657 streamers","  140,185 espectadores","  1,883 canales"," 20,033 espectadores",   984 canales
24,Rocket League,Agosto,2022," 15,207,707 horas","   613,084 horas","  146,106 streamers","  348,465 espectadores","  1,884 canales"," 20,467 espectadores",   825 canales
7,Dota 2,Abril,2023," 51,887,271 horas","   667,406 horas","   50,435 streamers","  264,011 espectadores","  1,889 canales"," 72,165 espectadores",   928 canales
8,Dota 2,Agosto,2024," 37,435,410 horas","   744,711 horas","   58,401 streamers","  197,289 espectadores","  1,892 canales"," 50,384 espectadores"," 1,002 canales"
4,Dota 2,Octubre,2021," 98,815,597 horas","   701,658 horas","   34,983 streamers","1,636,441 espectadores","  1,895 canales","132,995 espectadores",   944 canales
42,Tom Clancy's Rainbow Six Siege,Diciembre,2022,"  5,371,817 horas","   514,324 horas","  108,655 streamers","   34,761 espectadores","  1,899 canales","  7,229 espectadores",   692 canales
24,Tom Clancy's Rainbow Six Siege,Noviembre,2023," 11,143,008 horas","   659,634 horas","  145,997 streamers","  134,454 espectadores","  1,913 canales",NA,   917 canales
6,World of Warcraft,Noviembre,2016," 15,045,660 horas","   499,425 horas","   40,077 streamers","   89,235 espectadores","  1,926 canales"," 20,925 espectadores",   694 canales
19,Music,Octubre,2020," 20,193,138 horas","   723,991 horas","   40,428 streamers","  293,752 espectadores","  1,929 canales"," 27,177 espectadores",   974 canales
6,Hearthstone,Agosto,2018," 37,810,708 horas","   233,110 horas","   30,887 streamers",NA,"  1,932 canales",NA,   313 canales
10,Dota 2,Noviembre,2021," 37,073,193 horas","   747,851 horas","   36,951 streamers",NA,"  1,934 canales"," 51,562 espectadores"," 1,040 canales"
22,Music,Abril,2023," 14,687,109 horas","   843,998 horas","   56,235 streamers",NA,"  1,939 canales"," 20,427 espectadores"," 1,173 canales"
4,Dota 2,Octubre,2023," 73,160,383 horas","   754,966 horas","   55,726 streamers","1,105,363 espectadores","  1,946 canales"," 98,466 espectadores"," 1,016 canales"
28,Rocket League,Abril,2023," 10,047,394 horas","   772,809 horas","  212,598 streamers","  247,999 espectadores","  1,952 canales"," 13,974 espectadores"," 1,074 canales"
17,Music,Marzo,2022," 22,054,654 horas","   896,499 horas","   78,564 streamers","   73,874 espectadores","  1,962 canales"," 29,683 espectadores"," 1,206 canales"
4,Dota 2,Septiembre,2024," 66,060,227 horas","   690,073 horas","   55,675 streamers","1,528,106 espectadores","  1,971 canales"," 91,877 espectadores",   959 canales
10,Dota 2,Diciembre,2023," 35,182,601 horas","   772,904 horas","   58,699 streamers",NA,"  1,973 canales"," 47,352 espectadores"," 1,040 canales"
15,Tom Clancy's Rainbow Six Siege,Julio,2019," 10,735,223 horas","   902,912 horas","  140,104 streamers","   66,962 espectadores","  1,975 canales",NA," 1,215 canales"
17,Tom Clancy's Rainbow Six Siege,Diciembre,2019," 11,662,933 horas","   779,514 horas","  118,207 streamers","   68,913 espectadores","  1,976 canales"," 15,697 espectadores"," 1,049 canales"
15,Tom Clancy's Rainbow Six Siege,Junio,2018,"  8,861,426 horas","   609,834 horas","  106,227 streamers","   60,790 espectadores","  1,977 canales"," 12,324 espectadores",NA
19,Music,Abril,2022," 21,628,906 horas","   853,349 horas","   76,019 streamers","   90,587 espectadores","  1,980 canales"," 30,081 espectadores"," 1,186 canales"
8,Dota 2,Junio,2024," 39,751,204 horas","   754,055 horas","   57,547 streamers","  151,249 espectadores","  1,981 canales"," 55,286 espectadores"," 1,048 canales"
14,Path of Exile,Junio,2018,"  9,614,411 horas","   255,432 horas","   16,866 streamers","   84,219 espectadores","  1,987 canales"," 13,371 espectadores",NA
7,Dota 2,Septiembre,2023," 39,422,264 horas","   738,602 horas","   55,189 streamers",NA,"  1,995 canales"," 54,829 espectadores"," 1,027 canales"
10,Dota 2,Febrero,2023," 37,686,338 horas","   561,063 horas","   47,509 streamers","  322,405 espectadores","  1,998 canales"," 56,164 espectadores",NA
30,Tom Clancy's Rainbow Six Siege,Marzo,2022,"  8,781,402 horas","   590,736 horas","  117,323 streamers","   63,663 espectadores","  2,013 canales",NA,   795 canales
11,Tom Clancy's Rainbow Six Siege,Agosto,2018," 14,177,937 horas","   821,421 horas","  142,627 streamers","  211,067 espectadores","  2,018 canales"," 19,082 espectadores"," 1,105 canales"
9,World of Warcraft,Mayo,2018," 13,250,690 horas","   565,591 horas","   46,595 streamers","   70,073 espectadores","  2,032 canales"," 17,834 espectadores",   761 canales
26,Tom Clancy's Rainbow Six Siege,Abril,2023," 11,134,001 horas","   808,165 horas","  167,182 streamers","   56,474 espectadores","  2,033 canales"," 15,485 espectadores",NA
14,Tom Clancy's Rainbow Six Siege,Agosto,2019," 14,232,043 horas","   872,935 horas","  135,115 streamers","  194,684 espectadores","  2,034 canales",NA," 1,174 canales"
18,Music,Febrero,2022," 19,959,706 horas","   844,656 horas","   79,663 streamers","  228,912 espectadores","  2,043 canales"," 29,746 espectadores",NA
10,Dota 2,Agosto,2023," 36,716,464 horas","   801,058 horas","   59,771 streamers","  199,817 espectadores","  2,049 canales"," 49,416 espectadores"," 1,078 canales"
10,World of Warcraft,Abril,2018," 12,359,684 horas","   586,630 horas","   47,290 streamers",NA,"  2,054 canales"," 17,190 espectadores",NA
1,League of Legends,Julio,2016," 77,871,713 horas"," 1,004,238 horas","  105,041 streamers","  296,196 espectadores","  2,089 canales","104,807 espectadores"," 1,351 canales"
16,Tom Clancy's Rainbow Six Siege,Marzo,2019,"  9,049,788 horas","   792,698 horas","  122,920 streamers",NA,"  2,113 canales"," 12,180 espectadores"," 1,066 canales"
11,Dota 2,Noviembre,2023," 33,723,081 horas","   794,286 horas","   59,455 streamers","  135,782 espectadores","  2,125 canales"," 46,902 espectadores"," 1,104 canales"
8,Dota 2,Mayo,2023," 50,252,490 horas","   681,565 horas","   49,927 streamers",NA,"  2,133 canales"," 67,634 espectadores",NA
18,World of Warcraft,Junio,2024," 16,697,382 horas","   571,608 horas","   37,562 streamers","   67,124 espectadores","  2,137 canales"," 23,223 espectadores",   795 canales
15,Dead by Daylight,Julio,2020," 19,034,322 horas"," 1,018,117 horas","   81,765 streamers","   65,116 espectadores","  2,138 canales"," 25,618 espectadores"," 1,370 canales"
10,World of Warcraft,Marzo,2018," 11,303,385 horas","   628,242 horas","   48,940 streamers",NA,"  2,139 canales"," 15,213 espectadores",NA
32,Rocket League,Julio,2021,"  9,481,467 horas","   923,405 horas","  155,609 streamers",NA,"  2,143 canales"," 12,761 espectadores"," 1,242 canales"
6,Grand Theft Auto V,Agosto,2019," 64,717,903 horas","   887,662 horas","  101,665 streamers","  204,916 espectadores","  2,146 canales"," 87,103 espectadores"," 1,194 canales"
12,Minecraft,Octubre,2019," 15,065,040 horas","   729,787 horas","  116,877 streamers","  152,441 espectadores","  2,147 canales"," 20,275 espectadores",NA
12,Minecraft,Enero,2020," 18,707,737 horas","   842,914 horas","  142,141 streamers","  181,623 espectadores","  2,151 canales"," 25,178 espectadores"," 1,134 canales"
22,Music,Mayo,2023," 15,074,024 horas","   904,383 horas","   53,344 streamers",NA,"  2,159 canales"," 20,288 espectadores"," 1,217 canales"
31,Tom Clancy's Rainbow Six Siege,Marzo,2023," 10,559,362 horas","   849,134 horas","  167,088 streamers","  110,642 espectadores","  2,162 canales"," 14,211 espectadores"," 1,142 canales"
23,Path of Exile,Septiembre,2019,"  7,315,006 horas","   210,760 horas","   12,476 streamers","   77,271 espectadores","  2,171 canales"," 10,173 espectadores",   293 canales
1,League of Legends,Agosto,2016," 81,684,707 horas"," 1,097,258 horas","  105,795 streamers","  502,181 espectadores","  2,177 canales","109,939 espectadores"," 1,476 canales"
17,Dead by Daylight,Mayo,2020," 16,391,093 horas","   823,254 horas","   62,995 streamers","  128,138 espectadores","  2,183 canales"," 22,060 espectadores"," 1,108 canales"
17,Music,Agosto,2022," 18,981,007 horas","   737,230 horas","   69,988 streamers",NA,"  2,185 canales",NA,   992 canales
30,Rocket League,Enero,2023,"  9,187,070 horas","   831,245 horas","  238,855 streamers","  170,150 espectadores","  2,189 canales"," 12,364 espectadores"," 1,118 canales"
5,Grand Theft Auto V,Diciembre,2019," 37,868,145 horas","   751,436 horas","   93,082 streamers","  143,326 espectadores","  2,190 canales"," 50,966 espectadores"," 1,011 canales"
30,Tom Clancy's Rainbow Six Siege,Diciembre,2023,"  9,815,349 horas","   836,667 horas","  172,165 streamers","  123,740 espectadores","  2,200 canales"," 13,210 espectadores"," 1,126 canales"
6,Dota 2,Mayo,2024," 49,524,757 horas","   863,165 horas","   61,170 streamers","  356,874 espectadores","  2,203 canales",NA,NA
12,Minecraft,Febrero,2020," 17,225,482 horas","   797,537 horas","  129,650 streamers",NA,"  2,207 canales"," 24,784 espectadores"," 1,147 canales"
29,Tom Clancy's Rainbow Six Siege,Noviembre,2020," 11,429,341 horas","   850,246 horas","  103,334 streamers","   82,802 espectadores","  2,217 canales",NA," 1,182 canales"
12,World of Warcraft,Enero,2018," 12,127,995 horas","   633,951 horas","   49,035 streamers",NA,"  2,219 canales"," 16,323 espectadores",   853 canales
29,Rocket League,Septiembre,2021,"  9,691,864 horas","   759,162 horas","  125,139 streamers","  108,616 espectadores","  2,223 canales",NA," 1,055 canales"
26,Rocket League,Febrero,2023," 11,296,565 horas","   740,568 horas","  221,270 streamers","  144,337 espectadores","  2,234 canales"," 16,835 espectadores"," 1,103 canales"
6,World of Warcraft,Junio,2019," 31,345,561 horas","   647,822 horas","   49,401 streamers","  210,299 espectadores","  2,236 canales"," 43,596 espectadores",   901 canales
12,Tom Clancy's Rainbow Six Siege,Febrero,2019," 11,285,996 horas","   629,487 horas","  110,696 streamers","  223,099 espectadores","  2,244 canales"," 16,819 espectadores",   938 canales
15,Dead by Daylight,Agosto,2020," 22,216,259 horas"," 1,024,753 horas","   83,980 streamers","   86,217 espectadores","  2,261 canales"," 29,900 espectadores"," 1,379 canales"
9,World of Warcraft,Febrero,2018," 15,185,590 horas","   626,222 horas","   49,978 streamers","   85,439 espectadores","  2,268 canales"," 22,631 espectadores",NA
4,Hearthstone,Abril,2018," 43,002,088 horas","   265,242 horas","   37,164 streamers","  309,090 espectadores","  2,277 canales"," 59,808 espectadores",   368 canales
14,World of Warcraft,Diciembre,2018," 13,715,833 horas","   579,218 horas","   46,933 streamers","   63,603 espectadores","  2,291 canales"," 18,460 espectadores",   779 canales
22,Tom Clancy's Rainbow Six Siege,Junio,2021," 13,584,592 horas","   786,440 horas","   94,803 streamers",NA,"  2,291 canales"," 18,893 espectadores"," 1,093 canales"
15,Music,Junio,2021," 22,644,438 horas","   912,256 horas","   50,826 streamers","  156,321 espectadores","  2,300 canales"," 31,494 espectadores"," 1,268 canales"
34,Rocket League,Diciembre,2022,"  7,791,967 horas","   660,866 horas","  187,887 streamers","  169,232 espectadores","  2,322 canales",NA,   889 canales
31,Tom Clancy's Rainbow Six Siege,Mayo,2023,"  9,204,818 horas","   715,142 horas","  142,366 streamers","   99,517 espectadores","  2,322 canales"," 12,388 espectadores",   962 canales
5,World of Warcraft,Octubre,2016," 18,819,570 horas","   597,772 horas","   49,782 streamers","  105,419 espectadores","  2,324 canales"," 25,329 espectadores",NA
1,League of Legends,Junio,2017," 84,467,396 horas"," 1,149,523 horas","  116,484 streamers","  280,837 espectadores","  2,330 canales","117,478 espectadores"," 1,598 canales"
15,Tom Clancy's Rainbow Six Siege,Mayo,2021," 26,824,339 horas","   886,413 horas","  104,693 streamers",NA,"  2,353 canales"," 36,102 espectadores"," 1,193 canales"
12,Dota 2,Enero,2022," 44,366,090 horas","   756,545 horas","   56,783 streamers","  224,463 espectadores","  2,353 canales"," 59,712 espectadores"," 1,018 canales"
37,Tom Clancy's Rainbow Six Siege,Julio,2023,"  7,637,532 horas","   968,497 horas","  208,789 streamers","   55,279 espectadores","  2,363 canales"," 10,279 espectadores"," 1,303 canales"
26,Tom Clancy's Rainbow Six Siege,Octubre,2023," 11,522,667 horas","   901,228 horas","  187,628 streamers","   66,574 espectadores","  2,366 canales"," 15,508 espectadores"," 1,212 canales"
7,Dota 2,Febrero,2024," 44,810,945 horas","   832,398 horas","   64,932 streamers","  321,497 espectadores","  2,376 canales"," 64,476 espectadores"," 1,197 canales"
10,Dota 2,Enero,2024," 43,258,831 horas","   910,263 horas","   68,280 streamers","  190,051 espectadores","  2,380 canales"," 58,221 espectadores"," 1,225 canales"
11,Tom Clancy's Rainbow Six Siege,Febrero,2020," 17,681,666 horas","   886,577 horas","  124,016 streamers",NA,"  2,407 canales"," 25,441 espectadores"," 1,275 canales"
18,Tom Clancy's Rainbow Six Siege,Septiembre,2019," 10,901,350 horas","   854,160 horas","  130,459 streamers","   84,705 espectadores","  2,438 canales"," 15,161 espectadores"," 1,187 canales"
1,League of Legends,Marzo,2017," 90,835,130 horas"," 1,189,566 horas","   96,112 streamers","  325,835 espectadores","  2,465 canales","122,254 espectadores",NA
11,World of Warcraft,Abril,2019," 17,304,829 horas","   631,891 horas","   44,269 streamers","   99,545 espectadores","  2,475 canales",NA,   878 canales
16,Tom Clancy's Rainbow Six Siege,Enero,2020," 11,764,294 horas","   983,629 horas","  138,979 streamers","   54,126 espectadores","  2,483 canales"," 15,833 espectadores",NA
15,Tom Clancy's Rainbow Six Siege,Junio,2019," 12,099,971 horas","   909,556 horas","  141,668 streamers",NA,"  2,486 canales"," 16,828 espectadores"," 1,265 canales"
13,Tom Clancy's Rainbow Six Siege,Marzo,2018,"  9,420,334 horas","   700,213 horas","  119,029 streamers","   54,414 espectadores","  2,490 canales",NA,   942 canales
1,League of Legends,Septiembre,2016," 81,064,642 horas"," 1,087,244 horas","  110,946 streamers","  711,103 espectadores","  2,493 canales","112,746 espectadores"," 1,512 canales"
9,World of Warcraft,Diciembre,2017," 14,161,787 horas","   628,940 horas","   48,039 streamers","   54,073 espectadores","  2,497 canales"," 19,060 espectadores",NA
1,League of Legends,Mayo,2017," 87,929,525 horas"," 1,231,374 horas","  121,711 streamers","  647,413 espectadores","  2,498 canales",NA,NA
20,Dead by Daylight,Abril,2023," 16,647,287 horas"," 1,118,872 horas","  108,564 streamers","   46,290 espectadores","  2,499 canales"," 23,153 espectadores"," 1,556 canales"
10,World of Warcraft,Junio,2017," 10,237,012 horas","   453,104 horas","   38,995 streamers","   50,661 espectadores","  2,504 canales"," 14,237 espectadores",   630 canales
6,Grand Theft Auto V,Enero,2020," 42,646,840 horas","   936,367 horas","  110,069 streamers","  157,557 espectadores","  2,520 canales"," 57,398 espectadores",NA
12,World of Warcraft,Marzo,2019," 14,566,760 horas","   712,719 horas","   47,566 streamers","   83,100 espectadores","  2,527 canales"," 19,605 espectadores",   959 canales
29,Tom Clancy's Rainbow Six Siege,Octubre,2020," 10,915,005 horas"," 1,046,300 horas","  123,476 streamers","   55,139 espectadores","  2,528 canales",NA," 1,408 canales"
1,League of Legends,Abril,2017," 82,852,693 horas"," 1,179,314 horas","   97,370 streamers","  489,683 espectadores","  2,540 canales",NA," 1,640 canales"
16,World of Warcraft,Julio,2022," 22,417,006 horas","   694,490 horas","   49,156 streamers","  170,747 espectadores","  2,545 canales"," 30,170 espectadores",   934 canales
12,Minecraft,Julio,2019," 18,730,470 horas"," 1,096,565 horas","  172,853 streamers","  152,011 espectadores","  2,547 canales",NA," 1,475 canales"
7,Dota 2,Abril,2024," 46,690,093 horas","   823,388 horas","   59,666 streamers","  457,902 espectadores","  2,549 canales"," 64,937 espectadores"," 1,145 canales"
16,World of Warcraft,Julio,2023," 21,465,454 horas","   700,026 horas","   45,018 streamers","   93,232 espectadores","  2,581 canales"," 28,890 espectadores",NA
1,League of Legends,Marzo,2016," 94,514,511 horas"," 1,264,029 horas","  117,734 streamers","  599,114 espectadores","  2,585 canales","127,206 espectadores"," 1,701 canales"
29,Tom Clancy's Rainbow Six Siege,Diciembre,2020," 11,040,735 horas"," 1,049,311 horas","  124,865 streamers","   63,981 espectadores","  2,589 canales"," 14,859 espectadores"," 1,412 canales"
1,League of Legends,Octubre,2016,"104,305,242 horas"," 1,155,966 horas","  111,071 streamers","  952,308 espectadores","  2,591 canales","140,383 espectadores",NA
16,Dead by Daylight,Mayo,2023," 17,232,399 horas"," 1,178,229 horas","  110,466 streamers","   97,647 espectadores","  2,609 canales"," 23,193 espectadores"," 1,585 canales"
20,Rocket League,Junio,2021," 15,732,922 horas","   956,952 horas","  159,895 streamers","  187,081 espectadores","  2,614 canales"," 21,881 espectadores"," 1,330 canales"
1,League of Legends,Septiembre,2017," 74,422,199 horas"," 1,229,324 horas","  118,820 streamers","  377,429 espectadores","  2,620 canales","103,507 espectadores"," 1,709 canales"
9,World of Warcraft,Noviembre,2018," 19,390,576 horas","   670,937 horas","   54,828 streamers","  266,514 espectadores","  2,629 canales"," 26,968 espectadores",   933 canales
7,World of Warcraft,Enero,2017," 12,870,858 horas","   547,096 horas","   43,302 streamers","   45,003 espectadores","  2,634 canales"," 17,322 espectadores",   736 canales
1,League of Legends,Mayo,2016," 80,679,320 horas"," 1,196,096 horas","  118,593 streamers",NA,"  2,635 canales","108,585 espectadores"," 1,609 canales"
21,Path of Exile,Mayo,2022," 14,939,229 horas","   221,683 horas","   11,544 streamers",NA,"  2,639 canales"," 20,106 espectadores",   298 canales
22,Dead by Daylight,Febrero,2023," 16,057,093 horas"," 1,005,954 horas","  104,332 streamers","   91,573 espectadores","  2,640 canales"," 23,930 espectadores"," 1,499 canales"
23,Dead by Daylight,Febrero,2021," 18,129,050 horas"," 1,060,997 horas","   87,275 streamers","   62,534 espectadores","  2,641 canales",NA,NA
15,Music,Enero,2022," 25,862,371 horas","   911,851 horas","   85,774 streamers","  200,929 espectadores","  2,644 canales"," 34,808 espectadores"," 1,227 canales"
22,Dead by Daylight,Diciembre,2023," 16,113,647 horas"," 1,070,147 horas","  103,060 streamers","   46,465 espectadores","  2,658 canales"," 21,687 espectadores"," 1,440 canales"
6,Grand Theft Auto V,Febrero,2020," 43,423,533 horas","   917,355 horas","  100,907 streamers","  132,945 espectadores","  2,661 canales"," 62,479 espectadores"," 1,319 canales"
16,Music,Mayo,2021," 26,600,952 horas"," 1,029,252 horas","   57,320 streamers","  116,916 espectadores","  2,666 canales"," 35,802 espectadores"," 1,385 canales"
2,League of Legends,Agosto,2017," 72,054,710 horas"," 1,260,651 horas","  121,195 streamers","  343,402 espectadores","  2,668 canales"," 96,978 espectadores"," 1,696 canales"
30,Rocket League,Agosto,2021," 10,321,054 horas","   914,357 horas","  149,188 streamers","   90,265 espectadores","  2,668 canales"," 13,891 espectadores"," 1,230 canales"
14,Dead by Daylight,Septiembre,2020," 21,492,539 horas"," 1,026,560 horas","   85,128 streamers","   87,686 espectadores","  2,682 canales"," 29,892 espectadores"," 1,427 canales"
17,Music,Febrero,2021," 23,304,514 horas","   879,404 horas","   54,368 streamers","  161,030 espectadores","  2,709 canales"," 34,731 espectadores"," 1,310 canales"
1,League of Legends,Febrero,2016," 93,154,772 horas"," 1,266,715 horas","  117,996 streamers","  475,784 espectadores","  2,712 canales","134,035 espectadores"," 1,822 canales"
37,Path of Exile,Marzo,2024,"  8,084,809 horas","   104,518 horas","    8,599 streamers",NA,"  2,721 canales"," 10,881 espectadores",   140 canales
4,Grand Theft Auto V,Julio,2019," 62,716,588 horas","   902,463 horas","  108,065 streamers","  217,246 espectadores","  2,729 canales"," 84,409 espectadores"," 1,214 canales"
21,Dead by Daylight,Marzo,2023," 16,673,198 horas"," 1,117,397 horas","  114,285 streamers","   51,379 espectadores","  2,744 canales",NA,NA
8,World of Warcraft,Febrero,2019," 21,710,870 horas","   679,217 horas","   46,004 streamers","  211,037 espectadores","  2,747 canales"," 32,355 espectadores"," 1,012 canales"
1,League of Legends,Febrero,2017," 99,415,477 horas"," 1,209,135 horas","  114,317 streamers","  386,334 espectadores","  2,770 canales","148,160 espectadores"," 1,801 canales"
2,League of Legends,Julio,2018," 75,783,584 horas"," 1,363,386 horas","  138,178 streamers",NA,"  2,772 canales","101,996 espectadores"," 1,834 canales"
2,League of Legends,Agosto,2018," 81,349,939 horas"," 1,475,806 horas","  144,072 streamers","1,029,879 espectadores","  2,773 canales","109,488 espectadores"," 1,986 canales"
18,Dead by Daylight,Abril,2024," 16,768,595 horas"," 1,127,079 horas","  106,295 streamers","   47,832 espectadores","  2,773 canales",NA," 1,567 canales"
17,Dead by Daylight,Enero,2024," 16,629,058 horas"," 1,080,495 horas","  100,672 streamers","   73,342 espectadores","  2,782 canales"," 22,380 espectadores",NA
27,Path of Exile,Julio,2021," 12,196,528 horas","   162,960 horas","    8,966 streamers","  183,102 espectadores","  2,797 canales"," 16,415 espectadores",   219 canales
8,World of Warcraft,Septiembre,2023," 38,648,599 horas","   915,993 horas","   52,721 streamers",NA,"  2,802 canales"," 53,753 espectadores"," 1,273 canales"
15,Music,Abril,2021," 24,139,407 horas"," 1,008,771 horas","   58,338 streamers","   91,269 espectadores","  2,807 canales",NA," 1,403 canales"
2,League of Legends,Mayo,2018," 82,088,339 horas"," 1,442,403 horas","  140,412 streamers",NA,"  2,820 canales",NA," 1,941 canales"
29,Tom Clancy's Rainbow Six Siege,Agosto,2023," 11,355,089 horas"," 1,050,947 horas","  230,323 streamers","   92,703 espectadores","  2,836 canales"," 15,282 espectadores"," 1,414 canales"
1,League of Legends,Octubre,2017," 94,680,105 horas"," 1,322,094 horas","  125,262 streamers","  873,340 espectadores","  2,848 canales","127,429 espectadores"," 1,779 canales"
19,Dead by Daylight,Diciembre,2020," 19,981,739 horas"," 1,048,473 horas","   83,419 streamers","   79,655 espectadores","  2,857 canales"," 26,893 espectadores"," 1,411 canales"
21,Tom Clancy's Rainbow Six Siege,Julio,2020," 12,976,681 horas"," 1,365,588 horas","  144,626 streamers","   47,393 espectadores","  2,863 canales"," 17,465 espectadores"," 1,837 canales"
1,League of Legends,Enero,2017," 99,332,369 horas"," 1,363,324 horas","  129,423 streamers","  379,399 espectadores","  2,868 canales","133,690 espectadores"," 1,834 canales"
1,League of Legends,Noviembre,2017," 82,917,485 horas"," 1,342,443 horas","  130,486 streamers","1,084,257 espectadores","  2,869 canales","115,323 espectadores"," 1,867 canales"
16,Music,Enero,2021," 26,059,223 horas","   874,666 horas","   53,538 streamers","  139,051 espectadores","  2,873 canales"," 35,072 espectadores"," 1,177 canales"
24,Tom Clancy's Rainbow Six Siege,Septiembre,2023," 15,092,995 horas"," 1,053,339 horas","  218,994 streamers","   84,569 espectadores","  2,879 canales"," 20,991 espectadores",NA
4,League of Legends,Agosto,2024," 90,666,363 horas"," 1,531,072 horas","  137,707 streamers","1,138,708 espectadores","  2,882 canales","122,027 espectadores",NA
15,Music,Marzo,2021," 24,830,013 horas"," 1,008,245 horas","   57,902 streamers",NA,"  2,891 canales",NA,NA
18,Music,Diciembre,2020," 21,893,184 horas","   783,176 horas","   45,618 streamers","  152,685 espectadores","  2,892 canales"," 29,465 espectadores"," 1,054 canales"
1,League of Legends,Enero,2016," 94,377,226 horas"," 1,362,044 horas","  129,172 streamers",NA,"  2,903 canales","127,021 espectadores"," 1,833 canales"
12,World of Warcraft,Mayo,2024," 25,562,048 horas","   730,278 horas","   42,794 streamers",NA,"  2,908 canales"," 34,403 espectadores",   982 canales
20,Dead by Daylight,Abril,2022," 21,027,426 horas"," 1,256,967 horas","  122,461 streamers","  145,248 espectadores","  2,909 canales"," 29,245 espectadores"," 1,748 canales"
21,Dead by Daylight,Diciembre,2022," 16,803,010 horas"," 1,048,716 horas","  103,748 streamers",NA,"  2,910 canales"," 22,615 espectadores"," 1,411 canales"
17,Dead by Daylight,Junio,2020," 17,143,940 horas","   920,224 horas","   74,973 streamers","   83,669 espectadores","  2,915 canales"," 23,844 espectadores"," 1,279 canales"
15,Path of Exile,Marzo,2019," 11,866,972 horas","   279,445 horas","   19,000 streamers","   99,134 espectadores","  2,922 canales"," 15,971 espectadores",   376 canales
23,Path of Exile,Agosto,2022," 16,109,626 horas","   193,010 horas","   11,573 streamers","  257,112 espectadores","  2,927 canales",NA,   259 canales
9,World of Warcraft,Diciembre,2019," 20,198,621 horas","   819,153 horas","   55,256 streamers","   83,895 espectadores","  2,933 canales"," 27,185 espectadores"," 1,102 canales"
13,World of Warcraft,Enero,2024," 23,318,426 horas","   882,829 horas","   54,843 streamers","   65,973 espectadores","  2,933 canales"," 31,384 espectadores"," 1,188 canales"
1,League of Legends,Abril,2016," 88,389,049 horas"," 1,217,250 horas","  113,251 streamers","  553,165 espectadores","  2,945 canales","122,933 espectadores",NA
13,World of Warcraft,Agosto,2022," 25,666,800 horas","   804,784 horas","   52,733 streamers","  123,167 espectadores","  2,950 canales"," 34,544 espectadores"," 1,083 canales"
11,World of Warcraft,Abril,2023," 23,651,679 horas","   829,251 horas","   52,618 streamers","  125,509 espectadores","  2,952 canales"," 32,895 espectadores"," 1,153 canales"
18,Dead by Daylight,Abril,2021," 21,524,630 horas"," 1,221,415 horas","   99,018 streamers","  126,113 espectadores","  2,953 canales",NA,NA
8,Minecraft,Septiembre,2019," 23,589,113 horas"," 1,010,450 horas","  164,966 streamers","  176,485 espectadores","  2,955 canales"," 32,808 espectadores"," 1,405 canales"
14,Path of Exile,Junio,2019," 15,597,314 horas","   366,201 horas","   23,273 streamers","  112,232 espectadores","  2,968 canales"," 21,693 espectadores",   509 canales
23,Tom Clancy's Rainbow Six Siege,Mayo,2020," 11,483,497 horas"," 1,338,101 horas","  139,671 streamers","  106,988 espectadores","  2,972 canales"," 15,455 espectadores",NA
9,Minecraft,Agosto,2019," 32,739,148 horas"," 1,301,621 horas","  202,798 streamers","  233,472 espectadores","  2,979 canales"," 44,063 espectadores"," 1,751 canales"
19,Dead by Daylight,Febrero,2022," 19,759,203 horas"," 1,229,626 horas","  125,429 streamers",NA,"  3,006 canales",NA," 1,832 canales"
13,Path of Exile,Diciembre,2018," 16,102,110 horas","   332,498 horas","   21,982 streamers","  115,737 espectadores","  3,008 canales"," 21,671 espectadores",   447 canales
19,Dead by Daylight,Enero,2023," 18,295,955 horas"," 1,141,784 horas","  115,386 streamers","   47,071 espectadores","  3,012 canales"," 24,624 espectadores"," 1,536 canales"
17,Dead by Daylight,Mayo,2024," 19,325,285 horas"," 1,247,732 horas","  110,487 streamers","  141,864 espectadores","  3,019 canales"," 26,009 espectadores",NA
23,Tom Clancy's Rainbow Six Siege,Agosto,2024," 13,575,310 horas"," 1,165,827 horas","  231,025 streamers","  111,141 espectadores","  3,031 canales"," 18,270 espectadores"," 1,569 canales"
18,World of Warcraft,Junio,2022," 19,591,211 horas","   762,022 horas","   49,719 streamers","  122,452 espectadores","  3,036 canales",NA," 1,059 canales"
20,Tom Clancy's Rainbow Six Siege,Agosto,2020," 12,484,628 horas"," 1,236,678 horas","  137,891 streamers",NA,"  3,038 canales"," 16,802 espectadores"," 1,664 canales"
19,Tom Clancy's Rainbow Six Siege,Marzo,2020," 13,071,194 horas"," 1,143,568 horas","  152,219 streamers","   69,354 espectadores","  3,068 canales"," 17,592 espectadores"," 1,539 canales"
14,Dead by Daylight,Mayo,2022," 20,529,442 horas"," 1,277,418 horas","  122,497 streamers","  150,040 espectadores","  3,080 canales"," 27,630 espectadores"," 1,719 canales"
10,Rust,Febrero,2021," 44,335,563 horas","   599,060 horas","   47,558 streamers",NA,"  3,092 canales"," 66,073 espectadores",NA
22,Tom Clancy's Rainbow Six Siege,Julio,2024," 14,927,611 horas"," 1,224,750 horas","  242,436 streamers",NA,"  3,092 canales"," 20,090 espectadores"," 1,648 canales"
10,Path of Exile,Diciembre,2019," 19,374,693 horas","   324,264 horas","   19,897 streamers","  146,028 espectadores","  3,094 canales"," 26,076 espectadores",   436 canales
22,Path of Exile,Octubre,2021," 13,766,314 horas","   185,833 horas","    9,193 streamers","  231,491 espectadores","  3,098 canales"," 18,528 espectadores",   250 canales
2,League of Legends,Septiembre,2018," 76,553,910 horas"," 1,513,086 horas","  144,060 streamers","  412,412 espectadores","  3,123 canales","106,472 espectadores"," 2,104 canales"
25,Tom Clancy's Rainbow Six Siege,Abril,2020," 11,393,509 horas"," 1,293,668 horas","  136,957 streamers","   42,454 espectadores","  3,131 canales",NA," 1,799 canales"
19,Dead by Daylight,Septiembre,2024," 16,053,363 horas"," 1,217,591 horas","  115,782 streamers","   37,306 espectadores","  3,135 canales"," 22,327 espectadores"," 1,693 canales"
10,World of Warcraft,Noviembre,2017," 17,687,599 horas","   537,709 horas","   45,047 streamers","  114,050 espectadores","  3,142 canales"," 24,600 espectadores",   747 canales
6,Grand Theft Auto V,Septiembre,2020," 58,950,202 horas"," 1,228,347 horas","   98,039 streamers","  318,681 espectadores","  3,147 canales"," 81,989 espectadores"," 1,708 canales"
12,World of Warcraft,Agosto,2023," 28,002,057 horas","   732,389 horas","   48,226 streamers",NA,"  3,159 canales"," 37,687 espectadores",   985 canales
10,World of Warcraft,Octubre,2022," 33,151,997 horas","   913,813 horas","   61,314 streamers","  146,514 espectadores","  3,166 canales"," 44,619 espectadores"," 1,229 canales"
16,Tom Clancy's Rainbow Six Siege,Febrero,2021," 25,312,837 horas"," 1,115,909 horas","  135,002 streamers","  187,752 espectadores","  3,167 canales"," 37,724 espectadores"," 1,663 canales"
15,World of Warcraft,Diciembre,2021," 22,373,247 horas","   777,745 horas","   38,289 streamers","   76,285 espectadores","  3,177 canales"," 30,112 espectadores"," 1,046 canales"
14,Dead by Daylight,Septiembre,2022," 22,083,720 horas"," 1,243,980 horas","  125,937 streamers","  108,878 espectadores","  3,190 canales"," 30,714 espectadores",NA
24,Path of Exile,Julio,2024," 13,979,111 horas","   157,021 horas","   10,381 streamers","  306,066 espectadores","  3,191 canales"," 18,814 espectadores",   211 canales
3,League of Legends,Junio,2024," 93,546,536 horas"," 1,606,678 horas","  146,240 streamers","  503,077 espectadores","  3,218 canales","130,106 espectadores"," 2,234 canales"
14,World of Warcraft,Marzo,2023," 22,226,550 horas","   853,150 horas","   54,386 streamers","   95,917 espectadores","  3,229 canales"," 29,914 espectadores"," 1,148 canales"
25,World of Warcraft,Octubre,2021," 12,460,845 horas","   734,448 horas","   37,297 streamers","   44,862 espectadores","  3,233 canales"," 16,770 espectadores",   988 canales
19,Dead by Daylight,Febrero,2024," 16,697,757 horas"," 1,128,699 horas","  105,434 streamers","   88,981 espectadores","  3,234 canales"," 24,025 espectadores"," 1,624 canales"
1,League of Legends,Diciembre,2017," 68,756,773 horas"," 1,385,791 horas","  137,669 streamers","  324,792 espectadores","  3,235 canales"," 92,539 espectadores"," 1,865 canales"
16,Path of Exile,Marzo,2020," 13,926,308 horas","   292,398 horas","   17,070 streamers","  117,037 espectadores","  3,236 canales"," 18,743 espectadores",   393 canales
19,Dead by Daylight,Noviembre,2020," 19,286,691 horas","   995,939 horas","   84,563 streamers","   94,557 espectadores","  3,242 canales"," 26,824 espectadores"," 1,385 canales"
20,Rocket League,Noviembre,2020," 19,132,066 horas"," 1,160,498 horas","  248,683 streamers","  147,604 espectadores","  3,245 canales",NA," 1,614 canales"
9,World of Warcraft,Octubre,2023," 39,698,964 horas","   912,846 horas","   52,207 streamers","  302,578 espectadores","  3,251 canales"," 53,430 espectadores"," 1,228 canales"
22,World of Warcraft,Febrero,2022," 16,710,842 horas","   699,403 horas","   50,465 streamers","  132,968 espectadores","  3,271 canales"," 24,904 espectadores"," 1,042 canales"
15,Dead by Daylight,Julio,2022," 23,614,607 horas"," 1,296,045 horas","  140,960 streamers","   86,065 espectadores","  3,293 canales"," 31,782 espectadores"," 1,744 canales"
15,Minecraft,Abril,2024," 20,511,477 horas"," 1,306,710 horas","  260,745 streamers",NA,"  3,293 canales"," 28,527 espectadores"," 1,817 canales"
14,Tom Clancy's Rainbow Six Siege,Abril,2021," 24,165,335 horas"," 1,095,416 horas","  135,325 streamers","  138,589 espectadores","  3,308 canales"," 33,609 espectadores",NA
16,World of Warcraft,Abril,2022," 25,343,860 horas","   873,742 horas","   54,490 streamers","  514,105 espectadores","  3,335 canales"," 35,248 espectadores"," 1,215 canales"
12,World of Warcraft,Marzo,2024," 22,291,781 horas","   637,046 horas","   43,768 streamers","  175,971 espectadores","  3,349 canales"," 30,002 espectadores",NA
18,Dead by Daylight,Agosto,2024," 16,558,939 horas"," 1,208,039 horas","  122,582 streamers","   81,003 espectadores","  3,358 canales"," 22,286 espectadores"," 1,625 canales"
18,Dead by Daylight,Octubre,2023," 16,605,946 horas"," 1,123,565 horas","  105,875 streamers","   60,700 espectadores","  3,368 canales"," 22,349 espectadores"," 1,512 canales"
17,Rocket League,Diciembre,2020," 22,353,684 horas"," 1,246,148 horas","  265,728 streamers","  139,113 espectadores","  3,372 canales"," 30,085 espectadores"," 1,677 canales"
17,Dead by Daylight,Julio,2023," 20,311,456 horas"," 1,386,205 horas","  138,625 streamers","   56,972 espectadores","  3,382 canales"," 27,337 espectadores",NA
19,Dead by Daylight,Noviembre,2022," 17,363,401 horas"," 1,078,744 horas","  106,654 streamers","   72,502 espectadores","  3,387 canales",NA," 1,500 canales"
19,World of Warcraft,Enero,2022," 22,633,405 horas","   787,304 horas","   54,443 streamers","  129,626 espectadores","  3,400 canales"," 30,462 espectadores"," 1,059 canales"
20,Rocket League,Mayo,2021," 19,810,785 horas"," 1,221,957 horas","  197,580 streamers",NA,"  3,402 canales"," 26,663 espectadores"," 1,644 canales"
3,League of Legends,Julio,2019," 68,210,459 horas"," 1,803,517 horas","  179,936 streamers","  280,370 espectadores","  3,413 canales"," 91,804 espectadores"," 2,427 canales"
23,Tom Clancy's Rainbow Six Siege,Enero,2021," 17,494,442 horas"," 1,270,903 horas","  148,541 streamers","  106,881 espectadores","  3,415 canales"," 23,545 espectadores"," 1,710 canales"
2,League of Legends,Octubre,2018,"109,191,567 horas"," 1,632,742 horas","  152,293 streamers","  911,568 espectadores","  3,439 canales","146,960 espectadores"," 2,197 canales"
4,World of Warcraft,Septiembre,2016," 27,553,668 horas","   719,139 horas","   60,610 streamers","  111,546 espectadores","  3,452 canales"," 38,322 espectadores"," 1,000 canales"
16,Dead by Daylight,Marzo,2021," 22,897,007 horas"," 1,222,214 horas","   93,299 streamers","  115,771 espectadores","  3,487 canales"," 30,816 espectadores"," 1,644 canales"
23,Tom Clancy's Rainbow Six Siege,Septiembre,2024," 13,014,208 horas"," 1,077,258 horas","  208,716 streamers","  119,103 espectadores","  3,490 canales"," 18,100 espectadores"," 1,498 canales"
16,Tom Clancy's Rainbow Six Siege,Mayo,2024," 19,664,156 horas"," 1,164,339 horas","  224,674 streamers","  187,580 espectadores","  3,496 canales"," 26,465 espectadores"," 1,567 canales"
12,Minecraft,Mayo,2022," 24,505,796 horas"," 1,403,995 horas","  316,410 streamers","  413,359 espectadores","  3,500 canales",NA," 1,889 canales"
12,Path of Exile,Abril,2023," 20,351,641 horas","   339,367 horas","   17,413 streamers","  217,746 espectadores","  3,507 canales"," 28,305 espectadores",NA
25,Tom Clancy's Rainbow Six Siege,Septiembre,2020," 11,083,172 horas"," 1,222,013 horas","  137,597 streamers","   48,552 espectadores","  3,522 canales"," 15,414 espectadores"," 1,699 canales"
6,Grand Theft Auto V,Agosto,2020," 83,320,277 horas"," 1,515,588 horas","  125,748 streamers","  374,879 espectadores","  3,525 canales","112,140 espectadores"," 2,039 canales"
1,League of Legends,Febrero,2018," 81,115,898 horas"," 1,565,610 horas","  145,155 streamers","  305,040 espectadores","  3,531 canales","120,888 espectadores"," 2,333 canales"
9,Minecraft,Octubre,2022," 43,572,213 horas"," 1,363,609 horas","  284,660 streamers","  603,830 espectadores","  3,537 canales",NA," 1,835 canales"
16,World of Warcraft,Noviembre,2021," 20,714,195 horas","   791,707 horas","   38,257 streamers","  122,036 espectadores","  3,542 canales"," 28,809 espectadores"," 1,101 canales"
6,World of Warcraft,Octubre,2018," 25,504,161 horas","   899,771 horas","   66,777 streamers","  110,915 espectadores","  3,543 canales"," 34,325 espectadores"," 1,210 canales"
12,Dead by Daylight,Agosto,2021," 30,390,294 horas"," 1,635,924 horas","  130,295 streamers","  171,906 espectadores","  3,583 canales"," 40,902 espectadores"," 2,201 canales"
13,World of Warcraft,Mayo,2022," 22,437,537 horas","   873,079 horas","   55,681 streamers","  129,241 espectadores","  3,589 canales"," 30,198 espectadores",NA
17,Dead by Daylight,Diciembre,2021," 22,054,352 horas"," 1,460,164 horas","  120,934 streamers","  110,737 espectadores","  3,607 canales"," 29,682 espectadores"," 1,965 canales"
11,Minecraft,Mayo,2024," 26,173,189 horas"," 1,434,798 horas","  286,047 streamers","  199,246 espectadores","  3,608 canales"," 35,226 espectadores"," 1,931 canales"
2,League of Legends,Septiembre,2024," 99,734,071 horas"," 1,554,795 horas","  137,580 streamers","  796,676 espectadores","  3,609 canales","138,712 espectadores"," 2,162 canales"
19,Tom Clancy's Rainbow Six Siege,Marzo,2021," 19,542,906 horas"," 1,212,667 horas","  147,485 streamers","  149,283 espectadores","  3,623 canales"," 26,302 espectadores"," 1,632 canales"
10,Minecraft,Junio,2022," 39,983,135 horas"," 1,565,791 horas","  353,250 streamers","1,124,877 espectadores","  3,623 canales"," 55,609 espectadores"," 2,177 canales"
13,World of Warcraft,Febrero,2024," 22,170,225 horas","   760,662 horas","   47,339 streamers","  148,977 espectadores","  3,625 canales"," 31,899 espectadores",NA
8,Grand Theft Auto V,Octubre,2020," 55,833,045 horas"," 1,225,664 horas","   98,469 streamers","  202,629 espectadores","  3,627 canales"," 75,145 espectadores"," 1,649 canales"
17,Dead by Daylight,Mayo,2021," 24,916,466 horas"," 1,311,702 horas","  100,877 streamers",NA,"  3,644 canales"," 33,534 espectadores"," 1,765 canales"
6,Minecraft,Mayo,2023," 60,219,381 horas"," 1,506,114 horas","  296,471 streamers",NA,"  3,644 canales",NA," 2,027 canales"
8,Minecraft,Noviembre,2022," 44,286,836 horas"," 1,274,540 horas","  264,195 streamers","  358,027 espectadores","  3,663 canales"," 61,595 espectadores"," 1,772 canales"
9,World of Warcraft,Noviembre,2019," 26,848,994 horas","   949,764 horas","   62,881 streamers","  163,200 espectadores","  3,684 canales"," 37,342 espectadores"," 1,320 canales"
22,Path of Exile,Septiembre,2020," 12,514,422 horas","   254,794 horas","   12,906 streamers","  141,391 espectadores","  3,697 canales",NA,   354 canales
25,Music,Marzo,2024," 13,655,074 horas","   625,640 horas","   48,592 streamers","  122,734 espectadores","  3,700 canales"," 18,378 espectadores",   842 canales
13,World of Warcraft,Octubre,2020," 33,429,794 horas"," 1,121,230 horas","   67,486 streamers","  210,166 espectadores","  3,721 canales"," 44,992 espectadores"," 1,509 canales"
8,Minecraft,Octubre,2023," 40,960,118 horas"," 1,550,074 horas","  265,338 streamers","  324,005 espectadores","  3,731 canales"," 55,128 espectadores"," 2,086 canales"
9,Minecraft,Septiembre,2024," 41,880,532 horas"," 1,389,045 horas","  268,106 streamers","  349,083 espectadores","  3,731 canales"," 58,248 espectadores"," 1,931 canales"
10,World of Warcraft,Enero,2019," 18,179,362 horas","   703,606 horas","   49,517 streamers","  156,889 espectadores","  3,736 canales"," 24,467 espectadores",   946 canales
11,Minecraft,Marzo,2020," 22,970,430 horas"," 1,168,906 horas","  183,753 streamers","  225,095 espectadores","  3,744 canales"," 30,915 espectadores"," 1,573 canales"
4,Grand Theft Auto V,Julio,2020," 94,129,970 horas"," 1,614,402 horas","  130,521 streamers","  378,519 espectadores","  3,752 canales","126,689 espectadores"," 2,172 canales"
8,Minecraft,Septiembre,2020," 39,056,368 horas"," 1,549,038 horas","  203,417 streamers","  431,196 espectadores","  3,771 canales",NA," 2,154 canales"
7,Minecraft,Agosto,2024," 39,593,824 horas"," 1,756,935 horas","  342,156 streamers","  366,070 espectadores","  3,778 canales"," 53,289 espectadores"," 2,364 canales"
25,Tom Clancy's Rainbow Six Siege,Junio,2020," 12,013,893 horas"," 1,279,671 horas","  133,945 streamers","   49,198 espectadores","  3,779 canales"," 16,709 espectadores"," 1,779 canales"
13,World of Warcraft,Febrero,2023," 25,372,324 horas","   895,263 horas","   58,427 streamers",NA,"  3,829 canales",NA," 1,334 canales"
3,League of Legends,Julio,2024," 90,011,100 horas"," 1,614,871 horas","  145,951 streamers","  510,978 espectadores","  3,849 canales",NA," 2,173 canales"
3,League of Legends,Junio,2023," 95,391,662 horas"," 1,929,571 horas","  189,678 streamers","  433,090 espectadores","  3,855 canales","132,672 espectadores",NA
8,Minecraft,Junio,2023," 39,678,726 horas"," 1,736,047 horas","  354,699 streamers","  301,721 espectadores","  3,885 canales"," 55,185 espectadores",NA
12,World of Warcraft,Septiembre,2020," 28,332,755 horas"," 1,077,759 horas","   62,389 streamers","  114,189 espectadores","  3,889 canales",NA," 1,498 canales"
14,Minecraft,Junio,2024," 21,239,797 horas"," 1,707,712 horas","  346,507 streamers","  128,706 espectadores","  3,889 canales"," 29,540 espectadores",NA
22,Dead by Daylight,Junio,2023," 18,779,918 horas"," 1,303,719 horas","  126,563 streamers",NA,"  3,895 canales"," 26,119 espectadores"," 1,813 canales"
21,Path of Exile,Junio,2020," 13,049,473 horas","   261,238 horas","   13,311 streamers","  136,329 espectadores","  3,911 canales"," 18,149 espectadores",   363 canales
2,League of Legends,Junio,2019," 89,156,672 horas"," 1,982,483 horas","  184,010 streamers","  318,559 espectadores","  3,915 canales","124,000 espectadores"," 2,757 canales"
16,World of Warcraft,Agosto,2021," 19,746,958 horas","   981,434 horas","   48,563 streamers","   57,948 espectadores","  3,925 canales"," 26,577 espectadores"," 1,320 canales"
12,Minecraft,Abril,2022," 27,860,061 horas"," 1,575,874 horas","  356,281 streamers","  421,274 espectadores","  3,928 canales"," 38,748 espectadores"," 2,191 canales"
13,Rocket League,Abril,2021," 26,303,228 horas"," 1,326,664 horas","  241,744 streamers","  214,487 espectadores","  3,937 canales"," 36,583 espectadores"," 1,845 canales"
8,Minecraft,Agosto,2023," 43,863,287 horas"," 1,823,507 horas","  344,489 streamers","  405,622 espectadores","  3,944 canales"," 59,035 espectadores"," 2,454 canales"
1,League of Legends,Marzo,2019,"108,481,064 horas"," 1,966,064 horas","  172,418 streamers","  369,522 espectadores","  3,947 canales","146,004 espectadores"," 2,646 canales"
3,League of Legends,Abril,2024," 95,612,757 horas"," 1,724,083 horas","  160,924 streamers","  712,950 espectadores","  3,969 canales","132,980 espectadores",NA
15,Dead by Daylight,Noviembre,2021," 22,907,506 horas"," 1,439,147 horas","  106,571 streamers",NA,"  3,971 canales"," 31,860 espectadores"," 2,001 canales"
16,Dead by Daylight,Noviembre,2023," 17,627,817 horas"," 1,130,337 horas","  110,062 streamers","  102,418 espectadores","  3,997 canales"," 24,517 espectadores"," 1,572 canales"
13,Dead by Daylight,Septiembre,2021," 28,737,986 horas"," 1,617,065 horas","  126,846 streamers","  118,509 espectadores","  3,998 canales"," 39,969 espectadores"," 2,249 canales"
16,Dead by Daylight,Marzo,2022," 22,239,517 horas"," 1,366,165 horas","  131,831 streamers","  119,817 espectadores","  4,000 canales"," 29,932 espectadores"," 1,838 canales"
6,World of Warcraft,Octubre,2019," 36,044,063 horas"," 1,244,625 horas","   76,104 streamers",NA,"  4,003 canales"," 48,511 espectadores"," 1,675 canales"
2,League of Legends,Abril,2019," 92,428,052 horas"," 1,978,924 horas","  172,848 streamers","  548,157 espectadores","  4,008 canales","128,550 espectadores"," 2,752 canales"
9,Minecraft,Julio,2023," 39,368,079 horas"," 1,925,411 horas","  392,298 streamers",NA,"  4,008 canales"," 52,985 espectadores"," 2,591 canales"
7,Minecraft,Noviembre,2023," 46,205,134 horas"," 1,445,062 horas","  250,157 streamers","  407,493 espectadores","  4,022 canales"," 64,263 espectadores"," 2,009 canales"
9,Minecraft,Mayo,2020," 41,091,438 horas"," 1,782,172 horas","  210,206 streamers","  481,719 espectadores","  4,034 canales"," 55,304 espectadores"," 2,398 canales"
8,Minecraft,Diciembre,2023," 37,499,331 horas"," 1,465,139 horas","  261,957 streamers","  212,908 espectadores","  4,042 canales"," 50,470 espectadores"," 1,971 canales"
4,League of Legends,Agosto,2023," 94,213,289 horas"," 2,114,952 horas","  195,382 streamers","  468,659 espectadores","  4,051 canales","126,801 espectadores"," 2,846 canales"
12,World of Warcraft,Agosto,2020," 30,251,347 horas"," 1,227,978 horas","   66,062 streamers",NA,"  4,059 canales"," 40,715 espectadores"," 1,652 canales"
13,World of Warcraft,Marzo,2020," 20,337,340 horas"," 1,096,231 horas","   65,578 streamers","   73,509 espectadores","  4,060 canales"," 27,371 espectadores"," 1,475 canales"
21,Path of Exile,Abril,2021," 19,124,620 horas","   317,139 horas","   16,702 streamers",NA,"  4,075 canales"," 26,598 espectadores",   441 canales
2,League of Legends,Mayo,2019,"102,843,574 horas"," 2,119,997 horas","  181,289 streamers",NA,"  4,081 canales",NA,NA
5,Minecraft,Septiembre,2022," 62,701,361 horas"," 1,564,840 horas","  325,977 streamers",NA,"  4,085 canales"," 87,206 espectadores"," 2,176 canales"
14,Dead by Daylight,Octubre,2021," 25,103,532 horas"," 1,615,849 horas","  125,179 streamers","  106,217 espectadores","  4,100 canales"," 33,786 espectadores"," 2,174 canales"
6,Minecraft,Abril,2023," 66,397,678 horas"," 1,640,144 horas","  333,083 streamers","  510,301 espectadores","  4,124 canales"," 92,347 espectadores"," 2,281 canales"
9,Minecraft,Enero,2024," 45,840,958 horas"," 1,636,640 horas","  302,688 streamers","  651,220 espectadores","  4,136 canales"," 61,697 espectadores"," 2,202 canales"
6,Minecraft,Marzo,2023," 55,692,185 horas"," 1,553,855 horas","  337,046 streamers","1,621,931 espectadores","  4,140 canales",NA," 2,091 canales"
6,Minecraft,Septiembre,2023," 39,888,278 horas"," 1,529,564 horas","  261,014 streamers","  352,725 espectadores","  4,173 canales"," 55,477 espectadores"," 2,127 canales"
11,World of Warcraft,Junio,2020," 32,400,568 horas"," 1,119,802 horas","   59,924 streamers",NA,"  4,178 canales"," 45,063 espectadores"," 1,557 canales"
3,League of Legends,Noviembre,2022," 92,645,258 horas"," 1,851,622 horas","  195,040 streamers","3,145,012 espectadores","  4,184 canales","128,852 espectadores",NA
4,League of Legends,Diciembre,2023," 94,407,684 horas"," 2,117,961 horas","  198,073 streamers","  474,549 espectadores","  4,185 canales","127,062 espectadores"," 2,850 canales"
8,Grand Theft Auto V,Noviembre,2020," 51,712,871 horas"," 1,359,793 horas","  116,010 streamers",NA,"  4,209 canales"," 71,923 espectadores"," 1,891 canales"
16,Dead by Daylight,Junio,2022," 24,141,704 horas"," 1,498,062 horas","  147,155 streamers","   94,042 espectadores","  4,230 canales",NA," 2,083 canales"
3,League of Legends,Septiembre,2023," 84,406,260 horas"," 2,052,210 horas","  187,818 streamers","  632,419 espectadores","  4,231 canales","117,393 espectadores"," 2,854 canales"
7,Grand Theft Auto V,Abril,2020," 75,744,434 horas"," 1,450,376 horas","  122,286 streamers","  240,860 espectadores","  4,233 canales","105,346 espectadores"," 2,017 canales"
12,Tom Clancy's Rainbow Six Siege,Febrero,2024," 25,090,862 horas"," 1,366,948 horas","  264,550 streamers",NA,"  4,234 canales"," 36,101 espectadores"," 1,966 canales"
8,World of Warcraft,Febrero,2020," 31,740,780 horas"," 1,009,217 horas","   61,087 streamers","  293,197 espectadores","  4,240 canales"," 45,670 espectadores"," 1,452 canales"
14,Dead by Daylight,Julio,2021," 30,128,892 horas"," 1,721,062 horas","  137,795 streamers","   82,335 espectadores","  4,294 canales"," 40,550 espectadores"," 2,316 canales"
3,Grand Theft Auto V,Septiembre,2024," 90,977,913 horas"," 1,868,149 horas","  174,266 streamers","  292,971 espectadores","  4,305 canales","126,533 espectadores"," 2,598 canales"
10,Minecraft,Diciembre,2022," 33,978,183 horas"," 1,308,601 horas","  288,342 streamers","  323,874 espectadores","  4,347 canales"," 45,731 espectadores"," 1,761 canales"
10,Minecraft,Julio,2024," 26,954,837 horas"," 1,962,402 horas","  392,700 streamers","  207,747 espectadores","  4,354 canales"," 36,278 espectadores"," 2,641 canales"
14,Minecraft,Marzo,2022," 30,836,960 horas"," 1,613,715 horas","  361,526 streamers","  420,147 espectadores","  4,382 canales"," 41,503 espectadores"," 2,171 canales"
2,League of Legends,Octubre,2023,"128,782,068 horas"," 2,147,326 horas","  191,168 streamers","1,000,001 espectadores","  4,433 canales","173,327 espectadores"," 2,890 canales"
7,Minecraft,Julio,2020," 52,864,781 horas"," 2,081,006 horas","  248,121 streamers",NA,"  4,437 canales"," 71,150 espectadores"," 2,800 canales"
3,Grand Theft Auto V,Octubre,2023,"104,595,934 horas"," 1,914,846 horas","  194,656 streamers","  303,987 espectadores","  4,442 canales",NA," 2,577 canales"
3,League of Legends,Abril,2023,"107,070,100 horas"," 2,213,492 horas","  207,129 streamers",NA,"  4,453 canales","148,915 espectadores",NA
14,World of Warcraft,Mayo,2021," 34,319,608 horas"," 1,124,116 horas","   60,848 streamers","  144,825 espectadores","  4,476 canales"," 46,190 espectadores"," 1,512 canales"
2,League of Legends,Junio,2022,"118,681,394 horas"," 2,233,256 horas","  222,695 streamers","  487,688 espectadores","  4,476 canales","165,064 espectadores"," 3,106 canales"
9,Minecraft,Octubre,2020," 49,798,217 horas"," 1,802,763 horas","  235,174 streamers",NA,"  4,489 canales"," 67,023 espectadores"," 2,426 canales"
2,Grand Theft Auto V,Junio,2024,"110,824,886 horas"," 2,024,968 horas","  215,562 streamers","  308,020 espectadores","  4,497 canales","154,137 espectadores"," 2,816 canales"
4,Grand Theft Auto V,Junio,2020,"100,533,035 horas"," 1,681,199 horas","  145,049 streamers",NA,"  4,500 canales","139,823 espectadores",NA
2,League of Legends,Octubre,2022,"159,646,745 horas"," 2,036,314 horas","  204,092 streamers","1,594,928 espectadores","  4,506 canales",NA," 2,740 canales"
10,World of Warcraft,Abril,2020," 33,013,013 horas"," 1,326,196 horas","   68,562 streamers","  150,840 espectadores","  4,515 canales"," 45,915 espectadores"," 1,844 canales"
2,League of Legends,Febrero,2019," 94,991,296 horas"," 1,779,043 horas","  167,824 streamers",NA,"  4,518 canales","141,566 espectadores"," 2,651 canales"
6,Minecraft,Julio,2022," 53,738,426 horas"," 2,106,598 horas","  454,728 streamers","  775,386 espectadores","  4,520 canales"," 72,326 espectadores",NA
19,World of Warcraft,Septiembre,2021," 17,060,029 horas","   907,968 horas","   46,353 streamers","   97,202 espectadores","  4,534 canales"," 23,727 espectadores"," 1,262 canales"
2,Grand Theft Auto V,Julio,2024,"101,384,569 horas"," 2,149,845 horas","  234,384 streamers","  342,211 espectadores","  4,561 canales","136,452 espectadores",NA
2,Grand Theft Auto V,Agosto,2024," 95,653,056 horas"," 2,100,125 horas","  213,413 streamers","  289,566 espectadores","  4,566 canales","128,738 espectadores",NA
5,World of Warcraft,Agosto,2016," 20,187,726 horas","   478,771 horas","   47,423 streamers",NA,"  4,567 canales"," 27,170 espectadores",   644 canales
7,Dota 2,Marzo,2024," 47,797,282 horas","   848,840 horas","   65,345 streamers",NA,"  4,584 canales"," 64,330 espectadores"," 1,142 canales"
2,Grand Theft Auto V,Noviembre,2022," 99,456,990 horas"," 1,697,560 horas","  196,976 streamers","  550,680 espectadores","  4,642 canales","138,326 espectadores"," 2,361 canales"
5,World of Warcraft,Septiembre,2024," 57,125,824 horas"," 1,019,388 horas","   56,870 streamers","  231,770 espectadores","  4,685 canales"," 79,451 espectadores"," 1,417 canales"
2,Grand Theft Auto V,Septiembre,2023,"109,789,728 horas"," 1,901,879 horas","  205,932 streamers",NA,"  4,695 canales",NA,NA
13,World of Warcraft,Enero,2023," 34,357,942 horas"," 1,117,171 horas","   68,854 streamers","  106,922 espectadores","  4,704 canales"," 46,242 espectadores"," 1,503 canales"
10,Tom Clancy's Rainbow Six Siege,Abril,2024," 24,483,605 horas"," 1,481,542 horas","  279,450 streamers","  416,225 espectadores","  4,719 canales"," 34,052 espectadores"," 2,060 canales"
11,World of Warcraft,Mayo,2020," 36,702,327 horas"," 1,398,699 horas","   69,030 streamers","  123,076 espectadores","  4,731 canales"," 49,397 espectadores"," 1,882 canales"
4,Grand Theft Auto V,Octubre,2022," 96,510,973 horas"," 1,893,089 horas","  214,323 streamers","  365,285 espectadores","  4,770 canales","129,893 espectadores",NA
7,Minecraft,Octubre,2021," 67,619,774 horas"," 1,968,173 horas","  247,477 streamers","  757,774 espectadores","  4,799 canales"," 91,009 espectadores"," 2,648 canales"
1,League of Legends,Enero,2018," 89,024,896 horas"," 1,774,648 horas","  165,074 streamers","  435,859 espectadores","  4,809 canales","119,818 espectadores"," 2,388 canales"
8,Minecraft,Febrero,2023," 40,445,071 horas"," 1,558,034 horas","  341,356 streamers","1,702,513 espectadores","  4,820 canales"," 60,275 espectadores"," 2,321 canales"
6,Minecraft,Enero,2023," 72,872,812 horas"," 1,741,344 horas","  371,151 streamers",NA,"  4,833 canales"," 98,079 espectadores"," 2,343 canales"
3,World of Warcraft,Diciembre,2022," 75,048,722 horas"," 1,194,229 horas","   73,006 streamers",NA,"  4,857 canales","101,007 espectadores"," 1,607 canales"
2,Grand Theft Auto V,Mayo,2024,"137,890,450 horas"," 2,118,511 horas","  205,233 streamers","  453,586 espectadores","  4,872 canales","185,586 espectadores"," 2,851 canales"
4,Grand Theft Auto V,Mayo,2023," 95,303,559 horas"," 2,055,740 horas","  221,214 streamers","  319,512 espectadores","  4,894 canales","128,268 espectadores"," 2,766 canales"
3,Grand Theft Auto V,Junio,2022,"105,421,962 horas"," 1,882,418 horas","  230,655 streamers","  434,806 espectadores","  4,896 canales","146,623 espectadores"," 2,618 canales"
7,Minecraft,Noviembre,2021," 55,949,329 horas"," 1,768,233 horas","  227,396 streamers","  604,094 espectadores","  4,921 canales"," 77,815 espectadores"," 2,459 canales"
3,Grand Theft Auto V,Octubre,2021,"136,934,555 horas"," 1,813,736 horas","  126,104 streamers","  466,495 espectadores","  4,935 canales","184,299 espectadores"," 2,441 canales"
12,World of Warcraft,Abril,2021," 28,935,795 horas"," 1,174,589 horas","   61,988 streamers","  155,795 espectadores","  4,942 canales"," 40,244 espectadores"," 1,633 canales"
2,League of Legends,Noviembre,2018," 82,622,624 horas"," 1,664,025 horas","  164,208 streamers","1,147,825 espectadores","  4,981 canales",NA," 2,314 canales"
17,Dead by Daylight,Julio,2024," 17,927,823 horas"," 1,262,798 horas","  124,286 streamers","   83,340 espectadores","  5,003 canales"," 24,128 espectadores"," 1,699 canales"
2,League of Legends,Marzo,2022,"138,562,317 horas"," 2,475,818 horas","  242,170 streamers","  684,463 espectadores","  5,036 canales","186,490 espectadores"," 3,332 canales"
2,League of Legends,Abril,2022,"129,717,062 horas"," 2,521,545 horas","  239,721 streamers","1,051,564 espectadores","  5,044 canales","180,413 espectadores",NA
2,Grand Theft Auto V,Abril,2024,"129,108,886 horas"," 2,071,220 horas","  204,928 streamers","  647,468 espectadores","  5,050 canales","179,567 espectadores"," 2,880 canales"
2,Grand Theft Auto V,Septiembre,2021,"144,525,900 horas"," 1,891,853 horas","  139,075 streamers",NA,"  5,085 canales","201,009 espectadores"," 2,631 canales"
2,League of Legends,Mayo,2023,"125,468,867 horas"," 2,189,984 horas","  198,215 streamers","  941,712 espectadores","  5,141 canales","168,867 espectadores"," 2,947 canales"
13,Dead by Daylight,Junio,2021," 27,062,728 horas"," 1,491,480 horas","  118,689 streamers","  142,345 espectadores","  5,148 canales"," 37,639 espectadores"," 2,074 canales"
2,League of Legends,Mayo,2022,"159,489,005 horas"," 2,534,691 horas","  237,227 streamers",NA,"  5,157 canales","214,655 espectadores",NA
10,Minecraft,Febrero,2024," 26,926,173 horas"," 1,572,326 horas","  276,634 streamers","  228,830 espectadores","  5,228 canales"," 38,742 espectadores"," 2,262 canales"
2,Grand Theft Auto V,Diciembre,2023,"162,461,504 horas"," 2,224,021 horas","  267,817 streamers","  495,900 espectadores","  5,232 canales","218,656 espectadores"," 2,993 canales"
2,League of Legends,Agosto,2019," 86,094,493 horas"," 1,977,780 horas","  187,707 streamers","  455,329 espectadores","  5,256 canales","115,874 espectadores"," 2,661 canales"
3,League of Legends,Noviembre,2021,"102,612,188 horas"," 2,420,283 horas","  192,692 streamers",NA,"  5,280 canales","142,715 espectadores"," 3,366 canales"
4,League of Legends,Diciembre,2021," 95,180,552 horas"," 2,465,988 horas","  194,521 streamers","  591,381 espectadores","  5,291 canales","128,103 espectadores"," 3,318 canales"
3,Grand Theft Auto V,Marzo,2023,"111,560,661 horas"," 2,011,349 horas","  229,429 streamers","  510,842 espectadores","  5,299 canales",NA,NA
3,Grand Theft Auto V,Febrero,2023," 90,820,904 horas"," 1,820,356 horas","  219,688 streamers","  467,866 espectadores","  5,303 canales","135,351 espectadores"," 2,712 canales"
9,Minecraft,Enero,2022," 60,307,178 horas"," 2,161,237 horas","  482,723 streamers","2,189,881 espectadores","  5,310 canales"," 81,167 espectadores",NA
2,Grand Theft Auto V,Abril,2023,"109,635,774 horas"," 2,109,357 horas","  236,273 streamers","  453,152 espectadores","  5,342 canales","152,483 espectadores"," 2,933 canales"
3,Grand Theft Auto V,Abril,2022,"129,072,844 horas"," 2,047,790 horas","  251,245 streamers","  586,901 espectadores","  5,353 canales","179,517 espectadores"," 2,848 canales"
4,Grand Theft Auto V,Febrero,2022,"129,313,597 horas"," 1,919,879 horas","  258,590 streamers","  489,292 espectadores","  5,363 canales","192,717 espectadores"," 2,861 canales"
2,League of Legends,Octubre,2021,"208,574,800 horas"," 2,489,811 horas","  185,819 streamers","2,364,918 espectadores","  5,375 canales","280,719 espectadores",NA
4,League of Legends,Diciembre,2022," 69,883,580 horas"," 1,725,112 horas","  189,348 streamers","  232,769 espectadores","  5,404 canales"," 94,055 espectadores",NA
12,World of Warcraft,Marzo,2021," 34,198,319 horas"," 1,406,577 horas","   71,429 streamers","  196,676 espectadores","  5,486 canales"," 46,027 espectadores",NA
2,League of Legends,Febrero,2023,"112,897,378 horas"," 2,009,279 horas","  206,265 streamers","  621,379 espectadores","  5,544 canales","168,252 espectadores"," 2,994 canales"
3,League of Legends,Septiembre,2021,"107,406,590 horas"," 2,723,708 horas","  201,351 streamers","  618,086 espectadores","  5,548 canales","149,383 espectadores"," 3,788 canales"
2,Grand Theft Auto V,Agosto,2021,"144,558,823 horas"," 2,270,925 horas","  179,725 streamers","  500,974 espectadores","  5,598 canales","194,561 espectadores"," 3,056 canales"
3,Grand Theft Auto V,Enero,2022,"152,328,213 horas"," 2,219,509 horas","  305,652 streamers","  585,776 espectadores","  5,606 canales",NA," 2,987 canales"
3,League of Legends,Agosto,2021,"138,132,735 horas"," 2,964,379 horas","  215,239 streamers","  931,796 espectadores","  5,614 canales","185,912 espectadores"," 3,989 canales"
25,Music,Junio,2023," 13,624,697 horas","   941,042 horas","   57,540 streamers","   85,644 espectadores","  5,644 canales"," 18,949 espectadores"," 1,308 canales"
5,Minecraft,Septiembre,2021," 76,513,540 horas"," 2,120,032 horas","  275,316 streamers","  795,663 espectadores","  5,693 canales","106,416 espectadores"," 2,948 canales"
2,Grand Theft Auto V,Diciembre,2021,"117,017,755 horas"," 1,944,400 horas","  148,924 streamers","  415,255 espectadores","  5,737 canales","157,493 espectadores"," 2,616 canales"
4,Grand Theft Auto V,Julio,2022,"120,058,715 horas"," 2,138,080 horas","  279,154 streamers","  496,874 espectadores","  5,789 canales","161,586 espectadores"," 2,877 canales"
9,World of Warcraft,Julio,2021," 47,511,323 horas"," 1,222,339 horas","   60,203 streamers","  315,079 espectadores","  5,799 canales"," 63,945 espectadores"," 1,645 canales"
2,Grand Theft Auto V,Enero,2024,"180,310,854 horas"," 2,500,049 horas","  271,064 streamers","  617,783 espectadores","  5,829 canales",NA," 3,364 canales"
5,Grand Theft Auto V,Mayo,2020,"100,049,997 horas"," 2,101,914 horas","  197,660 streamers","  373,709 espectadores","  5,847 canales",NA," 2,828 canales"
5,World of Warcraft,Diciembre,2023," 49,542,189 horas"," 1,185,891 horas","   69,012 streamers","  438,880 espectadores","  5,881 canales"," 66,678 espectadores"," 1,596 canales"
2,Grand Theft Auto V,Junio,2021,"170,602,312 horas"," 2,134,054 horas","  165,667 streamers","  609,223 espectadores","  5,930 canales","237,277 espectadores"," 2,968 canales"
1,League of Legends,Octubre,2019,"125,658,644 horas"," 2,204,626 horas","  195,507 streamers","1,100,440 espectadores","  5,944 canales","169,123 espectadores"," 2,967 canales"
7,Minecraft,Agosto,2021," 75,945,145 horas"," 2,659,710 horas","  333,391 streamers",NA,"  6,024 canales","102,214 espectadores"," 3,579 canales"
3,League of Legends,Julio,2021,"134,363,514 horas"," 2,961,094 horas","  215,610 streamers",NA,"  6,029 canales","180,839 espectadores"," 3,985 canales"
2,League of Legends,Enero,2019," 98,976,171 horas"," 2,245,379 horas","  197,058 streamers",NA,"  6,079 canales","133,211 espectadores",NA
5,Minecraft,Noviembre,2020," 76,540,606 horas"," 2,231,010 horas","  282,145 streamers","  591,072 espectadores","  6,133 canales","106,454 espectadores"," 3,102 canales"
15,World of Warcraft,Febrero,2021," 29,403,463 horas"," 1,407,371 horas","   74,435 streamers","  139,533 espectadores","  6,182 canales"," 43,820 espectadores"," 2,097 canales"
3,League of Legends,Febrero,2022,"134,681,108 horas"," 2,540,382 horas","  269,108 streamers","  642,461 espectadores","  6,195 canales","200,717 espectadores"," 3,785 canales"
2,Grand Theft Auto V,Julio,2021,"142,539,300 horas"," 2,344,127 horas","  196,492 streamers","  476,100 espectadores","  6,212 canales","191,842 espectadores",NA
4,World of Warcraft,Septiembre,2018," 47,191,970 horas"," 1,314,172 horas","   88,373 streamers",NA,"  6,322 canales"," 65,635 espectadores",NA
2,League of Legends,Enero,2023,"126,494,155 horas"," 2,363,972 horas","  231,482 streamers","  640,837 espectadores","  6,356 canales","170,247 espectadores"," 3,181 canales"
2,Grand Theft Auto V,Marzo,2021,"184,577,838 horas"," 2,255,433 horas","  186,339 streamers","  589,654 espectadores","  6,387 canales",NA," 3,035 canales"
2,League of Legends,Diciembre,2019," 78,579,242 horas"," 2,302,186 horas","  211,766 streamers",NA,"  6,392 canales","105,759 espectadores",NA
3,League of Legends,Enero,2024,"143,008,800 horas"," 2,508,016 horas","  224,380 streamers","  782,121 espectadores","  6,395 canales","192,474 espectadores"," 3,375 canales"
5,World of Warcraft,Noviembre,2023," 81,543,837 horas"," 1,133,608 horas","   66,416 streamers","  579,740 espectadores","  6,405 canales",NA," 1,576 canales"
14,Dead by Daylight,Marzo,2024," 20,207,711 horas"," 1,365,317 horas","  124,764 streamers","  101,347 espectadores","  6,423 canales"," 27,197 espectadores"," 1,837 canales"
3,League of Legends,Junio,2021,"147,594,315 horas"," 3,053,763 horas","  220,621 streamers","  708,943 espectadores","  6,443 canales","205,277 espectadores"," 4,247 canales"
3,League of Legends,Febrero,2024,"127,453,804 horas"," 2,181,065 horas","  200,172 streamers","  892,673 espectadores","  6,477 canales","183,386 espectadores"," 3,138 canales"
8,Grand Theft Auto V,Diciembre,2020," 61,709,131 horas"," 1,807,602 horas","  172,265 streamers","  262,859 espectadores","  6,530 canales"," 83,054 espectadores"," 2,432 canales"
2,Grand Theft Auto V,Diciembre,2022," 96,945,210 horas"," 1,835,903 horas","  231,641 streamers","  426,230 espectadores","  6,649 canales","130,478 espectadores"," 2,470 canales"
22,Music,Julio,2023," 14,658,181 horas"," 1,096,093 horas","   62,423 streamers",NA,"  6,679 canales"," 19,728 espectadores"," 1,475 canales"
11,Tom Clancy's Rainbow Six Siege,Marzo,2024," 25,860,307 horas"," 1,771,093 horas","  326,305 streamers","  376,964 espectadores","  6,703 canales"," 34,805 espectadores"," 2,383 canales"
3,League of Legends,Septiembre,2020,"135,008,222 horas"," 3,174,675 horas","  230,335 streamers","  794,857 espectadores","  6,737 canales","187,772 espectadores"," 4,415 canales"
12,World of Warcraft,Enero,2021," 44,718,092 horas"," 1,906,856 horas","   91,451 streamers","  146,763 espectadores","  6,800 canales"," 60,185 espectadores"," 2,566 canales"
9,World of Warcraft,Agosto,2024," 33,972,493 horas","   734,308 horas","   48,330 streamers","  318,524 espectadores","  6,891 canales"," 45,723 espectadores",NA
2,Grand Theft Auto V,Mayo,2021,"253,419,456 horas"," 2,510,018 horas","  197,818 streamers","1,140,656 espectadores","  6,978 canales","341,075 espectadores"," 3,378 canales"
3,Grand Theft Auto V,Agosto,2022,"130,505,568 horas"," 2,301,954 horas","  290,234 streamers","  727,079 espectadores","  6,992 canales","175,646 espectadores"," 3,098 canales"
2,Grand Theft Auto V,Abril,2021,"239,438,984 horas"," 2,508,876 horas","  211,141 streamers","1,105,818 espectadores","  7,043 canales","333,016 espectadores"," 3,489 canales"
9,World of Warcraft,Septiembre,2022," 45,288,384 horas"," 1,052,474 horas","   64,551 streamers","  388,768 espectadores","  7,095 canales"," 62,988 espectadores",NA
2,Grand Theft Auto V,Febrero,2024,"153,358,429 horas"," 2,197,116 horas","  222,442 streamers",NA,"  7,149 canales","220,659 espectadores"," 3,161 canales"
2,League of Legends,Agosto,2022,"133,284,504 horas"," 2,224,676 horas","  222,853 streamers","  854,400 espectadores","  7,219 canales","179,386 espectadores"," 2,994 canales"
2,League of Legends,Julio,2020,"135,123,272 horas"," 3,248,650 horas","  223,201 streamers","  494,759 espectadores","  7,246 canales","181,861 espectadores"," 4,372 canales"
1,League of Legends,Febrero,2020,"121,635,889 horas"," 2,549,292 horas","  211,492 streamers",NA,"  7,253 canales","175,015 espectadores"," 3,668 canales"
76,Games + Demos,Septiembre,2022,"  2,654,883 horas","   579,273 horas","  216,252 streamers","   26,939 espectadores","  7,386 canales","  3,692 espectadores",NA
2,League of Legends,Agosto,2020,"142,551,572 horas"," 3,250,969 horas","  229,635 streamers","  707,347 espectadores","  7,440 canales",NA," 4,375 canales"
2,League of Legends,Junio,2020,"143,290,296 horas"," 2,997,392 horas","  215,394 streamers",NA,"  7,519 canales","199,291 espectadores"," 4,168 canales"
6,Minecraft,Junio,2021," 72,365,696 horas"," 2,841,782 horas","  362,028 streamers","  499,342 espectadores","  7,623 canales","100,647 espectadores",NA
3,League of Legends,Mayo,2021,"174,012,672 horas"," 3,516,137 horas","  251,261 streamers","1,257,320 espectadores","  7,697 canales","234,202 espectadores"," 4,732 canales"
7,Minecraft,Mayo,2021," 76,661,535 horas"," 2,829,132 horas","  357,562 streamers","  964,018 espectadores","  7,751 canales","103,178 espectadores"," 3,807 canales"
1,World of Warcraft,Septiembre,2019," 89,821,179 horas"," 2,264,059 horas","  126,563 streamers","  376,038 espectadores","  7,890 canales","124,925 espectadores"," 3,148 canales"
3,League of Legends,Diciembre,2020," 96,413,165 horas"," 3,297,197 horas","  247,003 streamers","  318,449 espectadores","  7,979 canales",NA,NA
3,League of Legends,Abril,2021,"156,994,170 horas"," 3,592,720 horas","  260,952 streamers","  906,631 espectadores","  8,333 canales","218,350 espectadores"," 4,996 canales"
1,League of Legends,Marzo,2020,"123,599,885 horas"," 3,062,720 horas","  252,555 streamers",NA,"  8,390 canales","166,352 espectadores"," 4,122 canales"
10,World of Warcraft,Junio,2021," 52,816,476 horas"," 1,323,880 horas","   64,312 streamers","  428,127 espectadores","  8,423 canales"," 73,458 espectadores"," 1,841 canales"
2,League of Legends,Octubre,2020,"171,613,067 horas"," 3,367,157 horas","  246,211 streamers","2,020,835 espectadores","  8,520 canales","230,973 espectadores"," 4,531 canales"
3,League of Legends,Abril,2020,"135,859,472 horas"," 3,461,495 horas","  243,651 streamers","  727,437 espectadores","  8,802 canales","188,956 espectadores"," 4,814 canales"
7,Minecraft,Abril,2021," 79,728,626 horas"," 3,112,654 horas","  405,918 streamers","  749,947 espectadores","  8,863 canales",NA," 4,329 canales"
2,League of Legends,Enero,2022,"184,282,005 horas"," 3,368,623 horas","  321,715 streamers","  669,460 espectadores","  8,924 canales","248,024 espectadores"," 4,533 canales"
3,League of Legends,Marzo,2021,"149,786,518 horas"," 3,766,997 horas","  268,051 streamers","  853,781 espectadores","  9,222 canales","201,596 espectadores"," 5,069 canales"
6,Minecraft,Marzo,2021," 87,784,445 horas"," 3,419,021 horas","  441,025 streamers","  663,533 espectadores","  9,509 canales","118,148 espectadores"," 4,601 canales"
2,League of Legends,Febrero,2021,"150,221,076 horas"," 3,665,750 horas","  268,439 streamers","  703,375 espectadores","  9,687 canales","223,876 espectadores"," 5,463 canales"
5,Minecraft,Febrero,2021," 82,415,310 horas"," 3,524,597 horas","  450,593 streamers","  647,145 espectadores","  9,853 canales","122,824 espectadores"," 5,252 canales"
6,Minecraft,Enero,2021," 80,076,090 horas"," 3,591,863 horas","  443,494 streamers","  931,417 espectadores","  9,865 canales","107,774 espectadores"," 4,834 canales"
3,League of Legends,Marzo,2024,"113,501,154 horas"," 1,900,520 horas","  178,742 streamers","  960,116 espectadores"," 10,243 canales",NA," 2,557 canales"
4,World of Warcraft,Diciembre,2020," 90,202,480 horas"," 2,343,848 horas","  108,723 streamers","  411,898 espectadores"," 11,273 canales","121,403 espectadores"," 3,154 canales"
3,League of Legends,Enero,2021,"170,781,975 horas"," 4,354,400 horas","  294,795 streamers","  689,503 espectadores"," 11,606 canales","229,854 espectadores",NA
9,World of Warcraft,Noviembre,2022," 43,377,335 horas","   904,646 horas","   65,545 streamers","  800,359 espectadores"," 12,297 canales"," 60,330 espectadores"," 1,258 canales"
2,Grand Theft Auto V,Marzo,2024,"150,427,238 horas"," 2,234,858 horas","  226,621 streamers","1,083,441 espectadores"," 13,835 canales","202,459 espectadores"," 3,007 canales"
4,World of Warcraft,Agosto,2018," 56,190,633 horas"," 1,424,162 horas","   95,903 streamers","  590,245 espectadores"," 15,619 canales"," 75,626 espectadores"," 1,916 canales"
4,World of Warcraft,Agosto,2019," 67,894,760 horas"," 1,594,116 horas","  111,263 streamers","1,103,295 espectadores"," 19,085 canales"," 91,379 espectadores"," 2,145 canales"
7,World of Warcraft,Noviembre,2020," 54,668,977 horas"," 1,708,742 horas","   93,850 streamers","  933,430 espectadores"," 25,791 canales"," 76,034 espectadores",NA
3,Dota 2,Enero,2016," 45,185,893 horas","   433,397 horas","   44,074 streamers","  315,083 espectadores",NA," 60,815 espectadores",   583 canales
6,Minecraft,Enero,2016," 10,231,056 horas","   490,002 horas","   88,820 streamers","   64,432 espectadores",NA," 13,769 espectadores",NA
19,Grand Theft Auto V,Enero,2016,"  4,014,296 horas","   407,172 horas","   85,441 streamers","   32,724 espectadores",NA,"  5,402 espectadores",   548 canales
24,Heroes of the Storm,Enero,2016,"  3,024,529 horas","   102,977 horas","   12,972 streamers","   34,216 espectadores",NA,NA,   138 canales
27,DayZ,Enero,2016,"  2,321,012 horas","    71,715 horas","    6,985 streamers",NA,NA,"  3,123 espectadores",    96 canales
35,Path of Exile,Enero,2016,"  1,701,987 horas","    63,038 horas","    5,160 streamers","    5,337 espectadores",NA,"  2,290 espectadores",    84 canales
37,Rocket League,Enero,2016,"  1,566,964 horas","   151,028 horas","   36,282 streamers",NA,NA,NA,   203 canales
55,osu!,Enero,2016,"    778,404 horas","    71,335 horas","   14,698 streamers","    9,349 espectadores",NA,NA,    96 canales
102,MapleStory,Enero,2016,"    330,133 horas","    14,881 horas","    1,425 streamers","   13,613 espectadores",NA,    444 espectadores,    20 canales
15,World of Tanks,Febrero,2016,"  4,580,600 horas","   128,860 horas","   15,359 streamers","   36,650 espectadores",NA,"  6,590 espectadores",   185 canales
46,Path of Exile,Febrero,2016,"  1,325,757 horas","    36,739 horas","    3,425 streamers","   25,344 espectadores",NA,NA,    52 canales
82,Super Mario 64,Febrero,2016,"    377,433 horas","     8,209 horas","    1,022 streamers","   10,589 espectadores",NA,    543 espectadores,NA
86,The Elder Scrolls Online,Febrero,2016,"    353,582 horas","    45,507 horas","    7,096 streamers","    2,373 espectadores",NA,NA,    65 canales
144,Retro,Febrero,2016,"    159,833 horas","    11,048 horas",      783 streamers,NA,NA,NA,    15 canales
159,7 Days to Die,Febrero,2016,"    139,365 horas","     8,921 horas",      887 streamers,NA,NA,NA,    12 canales
20,Music,Marzo,2016,"  4,255,087 horas","    33,139 horas","    4,832 streamers","  137,263 espectadores",NA,"  5,726 espectadores",    44 canales
26,SMITE,Marzo,2016,"  2,962,622 horas","   154,060 horas","   24,850 streamers","   26,556 espectadores",NA,"  3,987 espectadores",NA
41,DayZ,Marzo,2016,"  1,395,386 horas","    54,686 horas","    4,972 streamers","    9,739 espectadores",NA,"  1,878 espectadores",    73 canales
92,The Elder Scrolls Online,Marzo,2016,"    318,698 horas","    41,402 horas","    6,865 streamers","    5,387 espectadores",NA,    428 espectadores,    55 canales
4,Hearthstone,Abril,2016," 41,457,117 horas","   229,985 horas","   33,921 streamers","  280,643 espectadores",NA," 57,659 espectadores",   319 canales
18,Poker,Abril,2016,"  3,596,007 horas","    38,477 horas","    2,340 streamers","   18,731 espectadores",NA,"  5,001 espectadores",    53 canales
31,Rocket League,Abril,2016,"  1,927,872 horas","   172,514 horas","   46,316 streamers","   34,764 espectadores",NA,"  2,681 espectadores",NA
70,osu!,Abril,2016,"    509,016 horas","    64,151 horas","   12,579 streamers",NA,NA,    707 espectadores,    89 canales
51,Dungeons & Dragons,Mayo,2016,"    703,345 horas","     9,034 horas",      930 streamers,NA,NA,NA,    12 canales
1,League of Legends,Junio,2016," 81,348,505 horas"," 1,037,242 horas","  102,620 streamers","  346,059 espectadores",NA,"113,141 espectadores"," 1,442 canales"
9,World of Warcraft,Junio,2016,"  7,683,385 horas","   285,629 horas","   29,549 streamers","   43,534 espectadores",NA," 10,686 espectadores",   397 canales
10,Minecraft,Junio,2016,"  7,333,796 horas","   440,946 horas","   83,314 streamers","   54,277 espectadores",NA," 10,199 espectadores",NA
23,DayZ,Junio,2016,"  3,123,443 horas","    76,244 horas","    8,228 streamers","   38,426 espectadores",NA,"  4,344 espectadores",NA
67,The Elder Scrolls Online,Junio,2016,"    414,745 horas","    51,122 horas","    8,638 streamers","    2,713 espectadores",NA,    576 espectadores,NA
71,World of Warships,Junio,2016,"    378,260 horas","    23,974 horas","    2,608 streamers","    2,692 espectadores",NA,    526 espectadores,    33 canales
115,Euro Truck Simulator 2,Junio,2016,"    192,649 horas","    23,011 horas","    3,451 streamers","    9,253 espectadores",NA,NA,    32 canales
7,Dead by Daylight,Julio,2016," 10,180,914 horas","   136,616 horas","   14,656 streamers",NA,NA," 13,702 espectadores",   183 canales
17,World of Tanks,Julio,2016,"  4,426,798 horas","   107,371 horas","   12,233 streamers","   25,049 espectadores",NA,NA,   144 canales
57,Dungeons & Dragons,Julio,2016,"    633,315 horas","     9,541 horas",      946 streamers,"   23,401 espectadores",NA,    852 espectadores,NA
108,Tibia,Julio,2016,"    312,401 horas","    14,512 horas","    1,043 streamers","    2,184 espectadores",NA,NA,NA
3,Hearthstone,Agosto,2016," 35,713,094 horas","   172,547 horas","   24,739 streamers","  108,194 espectadores",NA," 48,066 espectadores",   232 canales
12,Minecraft,Agosto,2016,"  5,871,886 horas","   402,260 horas","   75,700 streamers","   36,111 espectadores",NA,"  7,902 espectadores",   541 canales
25,Rocket League,Agosto,2016,"  2,502,508 horas","   114,974 horas","   33,642 streamers","   82,917 espectadores",NA,"  3,368 espectadores",   154 canales
51,Dungeons & Dragons,Agosto,2016,"    786,912 horas","     9,645 horas","    1,021 streamers","   23,975 espectadores",NA,"  1,059 espectadores",    12 canales
52,RimWorld,Agosto,2016,"    783,297 horas","    21,198 horas","    2,286 streamers","    8,348 espectadores",NA,"  1,054 espectadores",    28 canales
61,World of Warships,Agosto,2016,"    557,259 horas","    27,974 horas","    3,087 streamers","    3,174 espectadores",NA,    750 espectadores,    37 canales
83,Warframe,Agosto,2016,"    361,022 horas","    68,456 horas","   11,344 streamers",NA,NA,NA,    92 canales
114,MapleStory,Agosto,2016,"    259,769 horas","    14,955 horas","    1,346 streamers","    1,273 espectadores",NA,    349 espectadores,    20 canales
34,Rust,Septiembre,2016,"  1,180,557 horas","    50,354 horas","    6,054 streamers","    7,049 espectadores",NA,"  1,641 espectadores",    70 canales
42,Music,Septiembre,2016,"    948,960 horas","    20,533 horas","    4,183 streamers","    5,063 espectadores",NA,"  1,319 espectadores",    28 canales
73,The Elder Scrolls Online,Septiembre,2016,"    372,883 horas","    34,518 horas","    5,518 streamers","    2,526 espectadores",NA,NA,    48 canales
4,Dota 2,Octubre,2016," 33,623,777 horas","   305,625 horas","   28,069 streamers","  217,120 espectadores",NA," 45,254 espectadores",   411 canales
16,Dead by Daylight,Octubre,2016,"  4,224,259 horas","   105,987 horas","   10,163 streamers","   25,113 espectadores",NA,"  5,685 espectadores",   142 canales
170,MapleStory,Octubre,2016,"    156,278 horas","    11,619 horas","    1,005 streamers",      703 espectadores,NA,NA,    15 canales
1,League of Legends,Noviembre,2016," 76,730,765 horas"," 1,127,714 horas","  103,085 streamers","  263,539 espectadores",NA,"106,718 espectadores"," 1,568 canales"
3,Dota 2,Noviembre,2016," 33,372,697 horas","   296,445 horas","   25,369 streamers","  173,538 espectadores",NA," 46,415 espectadores",   412 canales
23,Tom Clancy's Rainbow Six Siege,Noviembre,2016,"  3,810,746 horas","   248,170 horas","   41,319 streamers","   62,002 espectadores",NA,"  5,300 espectadores",   345 canales
28,SMITE,Noviembre,2016,"  2,741,914 horas","   105,160 horas","   13,774 streamers","   25,316 espectadores",NA,"  3,813 espectadores",NA
34,Grand Theft Auto V,Noviembre,2016,"  1,939,768 horas","   245,729 horas","   50,966 streamers","   26,332 espectadores",NA,"  2,697 espectadores",   341 canales
35,Magic: The Gathering,Noviembre,2016,"  1,896,089 horas","    11,861 horas",      849 streamers,"   21,502 espectadores",NA,"  2,637 espectadores",    16 canales
38,Rocket League,Noviembre,2016,"  1,622,268 horas","   114,674 horas","   27,591 streamers","   14,986 espectadores",NA,"  2,256 espectadores",   159 canales
64,Dungeons & Dragons,Noviembre,2016,"    721,315 horas","    11,510 horas","    1,203 streamers","   27,699 espectadores",NA,"  1,003 espectadores",    16 canales
83,Warframe,Noviembre,2016,"    479,147 horas","    55,490 horas","    8,144 streamers","   12,098 espectadores",NA,    666 espectadores,    77 canales
87,7 Days to Die,Noviembre,2016,"    461,632 horas","    64,540 horas","    7,934 streamers",NA,NA,    642 espectadores,    89 canales
128,RimWorld,Noviembre,2016,"    210,888 horas","     9,692 horas","    1,050 streamers",NA,NA,    293 espectadores,    13 canales
1,League of Legends,Diciembre,2016," 81,349,398 horas"," 1,241,696 horas","   36,118 streamers","  323,032 espectadores",NA,"109,487 espectadores"," 1,671 canales"
33,SMITE,Diciembre,2016,"  2,271,651 horas","   110,390 horas","    4,182 streamers",NA,NA,"  3,057 espectadores",   148 canales
36,Clash Royale,Diciembre,2016,"  1,793,858 horas","    28,640 horas","    1,390 streamers","   16,028 espectadores",NA,"  2,414 espectadores",    38 canales
41,Magic: The Gathering,Diciembre,2016,"  1,474,531 horas","    12,520 horas",      323 streamers,"   16,116 espectadores",NA,"  1,984 espectadores",    16 canales
71,7 Days to Die,Diciembre,2016,"    697,102 horas","    63,195 horas","    2,121 streamers","    3,956 espectadores",NA,    938 espectadores,    85 canales
157,The Sims 4,Diciembre,2016,"    180,654 horas","    11,154 horas",      576 streamers,"    3,938 espectadores",NA,    243 espectadores,    15 canales
9,Minecraft,Enero,2017," 10,054,852 horas","   360,769 horas","   68,114 streamers",NA,NA," 13,532 espectadores",   485 canales
15,World of Tanks,Enero,2017,"  5,768,422 horas","   151,666 horas","   15,530 streamers",NA,NA,"  7,763 espectadores",   204 canales
25,Poker,Enero,2017,"  4,121,682 horas","    43,662 horas","    2,779 streamers","   36,492 espectadores",NA,"  5,547 espectadores",    58 canales
29,Path of Exile,Enero,2017,"  3,029,024 horas","    80,142 horas","    6,110 streamers","   23,304 espectadores",NA,"  4,076 espectadores",   107 canales
64,RimWorld,Enero,2017,"    901,552 horas","    26,662 horas","    2,568 streamers","    9,807 espectadores",NA,"  1,213 espectadores",    35 canales
100,Euro Truck Simulator 2,Enero,2017,"    503,627 horas","    44,302 horas","    5,984 streamers","    7,738 espectadores",NA,    677 espectadores,    59 canales
4,Dota 2,Febrero,2017," 32,115,223 horas","   326,907 horas","   29,259 streamers",NA,NA," 47,861 espectadores",   487 canales
17,Heroes of the Storm,Febrero,2017,"  5,671,110 horas","   108,782 horas","   12,179 streamers","   42,144 espectadores",NA,NA,   162 canales
19,World of Tanks,Febrero,2017,"  4,769,005 horas","   134,017 horas","   13,122 streamers","   32,966 espectadores",NA,"  7,107 espectadores",   199 canales
54,Dungeons & Dragons,Febrero,2017,"    963,457 horas","    14,734 horas","    1,492 streamers","   33,178 espectadores",NA,"  1,435 espectadores",NA
60,Music,Febrero,2017,"    918,490 horas","    22,863 horas","    4,274 streamers","   21,308 espectadores",NA,NA,    34 canales
73,World of Warships,Febrero,2017,"    646,542 horas","    31,318 horas","    2,983 streamers","    3,305 espectadores",NA,NA,    46 canales
75,Tibia,Febrero,2017,"    621,068 horas","    18,818 horas","    1,476 streamers",NA,NA,    925 espectadores,    28 canales
82,Super Mario 64,Febrero,2017,"    580,180 horas","    12,336 horas","    1,311 streamers","    9,341 espectadores",NA,NA,    18 canales
114,Euro Truck Simulator 2,Febrero,2017,"    288,650 horas","    34,933 horas","    4,531 streamers",NA,NA,    430 espectadores,NA
22,Tom Clancy's Rainbow Six Siege,Marzo,2017,"  4,717,856 horas","   415,794 horas","   53,944 streamers","   26,077 espectadores",NA,"  6,349 espectadores",   559 canales
39,Magic: The Gathering,Marzo,2017,"  1,837,282 horas","    16,010 horas","    1,114 streamers","   16,692 espectadores",NA,"  2,472 espectadores",    21 canales
56,Dungeons & Dragons,Marzo,2017,"    929,769 horas","    16,354 horas","    1,556 streamers","   31,253 espectadores",NA,"  1,251 espectadores",NA
73,World of Warships,Marzo,2017,"    597,774 horas","    31,365 horas","    2,512 streamers","    3,304 espectadores",NA,    804 espectadores,    42 canales
76,Tibia,Marzo,2017,"    542,224 horas","    22,280 horas","    1,416 streamers","    2,914 espectadores",NA,    729 espectadores,NA
21,World of Tanks,Abril,2017,"  4,033,103 horas","   118,289 horas","    9,385 streamers","   46,388 espectadores",NA,"  5,609 espectadores",   164 canales
23,StarCraft II,Abril,2017,"  3,865,609 horas","    51,057 horas","    4,442 streamers","   37,126 espectadores",NA,"  5,376 espectadores",    71 canales
26,Poker,Abril,2017,"  3,053,531 horas","    35,940 horas","    2,136 streamers","   22,335 espectadores",NA,NA,    49 canales
40,Rust,Abril,2017,"  1,345,220 horas","    61,403 horas","    6,132 streamers","   48,109 espectadores",NA,NA,    85 canales
60,Tibia,Abril,2017,"    707,127 horas","    23,992 horas","    1,512 streamers","   10,898 espectadores",NA,    983 espectadores,    33 canales
77,osu!,Abril,2017,"    538,978 horas","    70,934 horas","   12,966 streamers","   15,398 espectadores",NA,NA,    98 canales
86,Warframe,Abril,2017,"    439,620 horas","    62,426 horas","    7,188 streamers","   13,658 espectadores",NA,NA,    86 canales
14,Minecraft,Mayo,2017,"  6,402,031 horas","   257,749 horas","   49,235 streamers",NA,NA,"  8,616 espectadores",   346 canales
21,Tom Clancy's Rainbow Six Siege,Mayo,2017,"  3,736,235 horas","   341,844 horas","   62,207 streamers","   42,521 espectadores",NA,"  5,028 espectadores",   460 canales
25,SMITE,Mayo,2017,"  3,081,369 horas","   113,737 horas","   15,295 streamers","   26,791 espectadores",NA,"  4,147 espectadores",   153 canales
39,Path of Exile,Mayo,2017,"  1,545,888 horas","    52,145 horas","    4,602 streamers","   12,773 espectadores",NA,NA,    70 canales
64,Tibia,Mayo,2017,"    788,118 horas","    26,861 horas","    1,815 streamers","    2,810 espectadores",NA,"  1,060 espectadores",    36 canales
76,Retro,Mayo,2017,"    642,712 horas","    35,065 horas","    2,580 streamers","    7,333 espectadores",NA,    865 espectadores,    47 canales
90,osu!,Mayo,2017,"    510,029 horas","    71,839 horas","   16,495 streamers","   15,234 espectadores",NA,NA,    96 canales
99,Warframe,Mayo,2017,"    424,764 horas","    59,388 horas","    9,296 streamers","   10,766 espectadores",NA,    571 espectadores,    79 canales
102,Super Mario 64,Mayo,2017,"    411,839 horas","    12,055 horas","    1,380 streamers","    3,832 espectadores",NA,    554 espectadores,    16 canales
106,RimWorld,Mayo,2017,"    392,348 horas","    16,368 horas","    1,858 streamers","    3,179 espectadores",NA,NA,    22 canales
47,The Elder Scrolls Online,Junio,2017,"  1,156,032 horas","    65,368 horas","    9,896 streamers","   28,769 espectadores",NA,NA,NA
1,League of Legends,Julio,2017," 84,734,733 horas"," 1,301,262 horas","  125,411 streamers","  326,063 espectadores",NA,"114,044 espectadores"," 1,751 canales"
11,Minecraft,Julio,2017,"  5,440,282 horas","   339,711 horas","   59,890 streamers","   34,758 espectadores",NA,"  7,322 espectadores",   457 canales
75,Warframe,Julio,2017,"    735,798 horas","    99,994 horas","   15,074 streamers","   30,897 espectadores",NA,    990 espectadores,   134 canales
93,Retro,Julio,2017,"    534,662 horas","    39,814 horas","    2,865 streamers","   12,275 espectadores",NA,    719 espectadores,    53 canales
95,World of Warships,Julio,2017,"    521,915 horas","    33,565 horas","    3,061 streamers","    4,233 espectadores",NA,    702 espectadores,    45 canales
3,Dota 2,Agosto,2017," 58,671,453 horas","   303,454 horas","   28,695 streamers","  845,577 espectadores",NA," 78,965 espectadores",   408 canales
4,Hearthstone,Agosto,2017," 43,216,654 horas","   223,822 horas","   30,196 streamers","  212,440 espectadores",NA," 58,165 espectadores",   301 canales
13,Tom Clancy's Rainbow Six Siege,Agosto,2017,"  4,540,326 horas","   444,348 horas","   78,690 streamers",NA,NA,"  6,110 espectadores",   598 canales
20,Rocket League,Agosto,2017,"  3,129,832 horas","   153,465 horas","   38,664 streamers","   67,219 espectadores",NA,"  4,212 espectadores",   206 canales
37,Magic: The Gathering,Agosto,2017,"  1,627,524 horas","    15,113 horas","    1,216 streamers","   18,433 espectadores",NA,"  2,190 espectadores",    20 canales
45,Rust,Agosto,2017,"  1,301,263 horas","    61,077 horas","    7,292 streamers","   10,242 espectadores",NA,"  1,751 espectadores",    82 canales
100,RimWorld,Agosto,2017,"    493,377 horas","    16,891 horas","    1,873 streamers","    6,136 espectadores",NA,    664 espectadores,    22 canales
14,Heroes of the Storm,Septiembre,2017,"  5,422,111 horas","   135,503 horas","   14,140 streamers","   29,333 espectadores",NA,"  7,541 espectadores",   188 canales
18,Path of Exile,Septiembre,2017,"  4,505,279 horas","   141,945 horas","   11,509 streamers","   25,862 espectadores",NA,NA,   197 canales
48,Super Mario 64,Septiembre,2017,"  1,092,319 horas","    17,103 horas","    2,294 streamers","    7,734 espectadores",NA,NA,    23 canales
72,Tibia,Septiembre,2017,"    687,327 horas","    24,103 horas","    1,740 streamers","    3,937 espectadores",NA,    955 espectadores,    33 canales
78,Games + Demos,Septiembre,2017,"    616,178 horas","    11,682 horas","    2,370 streamers","   21,637 espectadores",NA,NA,    16 canales
159,The Elder Scrolls Online,Septiembre,2017,"    216,116 horas","    29,261 horas","    4,228 streamers","    3,089 espectadores",NA,NA,NA
12,World of Warcraft,Octubre,2017,"  9,800,138 horas","   463,056 horas","   37,948 streamers","   79,204 espectadores",NA," 13,189 espectadores",   623 canales
22,Rocket League,Octubre,2017,"  4,409,833 horas","   163,101 horas","   35,597 streamers",NA,NA,NA,   219 canales
29,SMITE,Noviembre,2017,"  3,094,770 horas","    97,462 horas","   11,802 streamers","   29,029 espectadores",NA,"  4,304 espectadores",   135 canales
40,Warframe,Noviembre,2017,"  2,041,256 horas","   173,916 horas","   20,898 streamers","   43,831 espectadores",NA,"  2,839 espectadores",   241 canales
59,Clash Royale,Noviembre,2017,"    911,477 horas","    12,948 horas","    2,056 streamers","   24,354 espectadores",NA,"  1,267 espectadores",    18 canales
89,osu!,Noviembre,2017,"    621,198 horas","    75,777 horas","   17,337 streamers","   12,443 espectadores",NA,    863 espectadores,   105 canales
58,Retro,Diciembre,2017,"  1,148,639 horas","    50,569 horas","    3,508 streamers","   10,243 espectadores",NA,"  1,545 espectadores",    68 canales
83,Warcraft III,Diciembre,2017,"    683,462 horas","    20,176 horas","    1,308 streamers","   20,459 espectadores",NA,    919 espectadores,    27 canales
90,osu!,Diciembre,2017,"    630,058 horas","    85,603 horas","   19,512 streamers","   18,701 espectadores",NA,    847 espectadores,   115 canales
96,The Sims 4,Diciembre,2017,"    555,950 horas","    26,755 horas","    6,150 streamers","   16,221 espectadores",NA,    748 espectadores,    36 canales
136,MapleStory,Diciembre,2017,"    274,979 horas","    20,041 horas","    1,899 streamers","    2,088 espectadores",NA,    370 espectadores,    26 canales
153,Super Mario 64,Diciembre,2017,"    248,560 horas","    11,634 horas","    1,498 streamers","    5,863 espectadores",NA,    334 espectadores,    15 canales
21,Dead by Daylight,Enero,2018,"  4,737,625 horas","   232,556 horas","   23,369 streamers","   41,918 espectadores",NA,"  6,376 espectadores",   312 canales
24,Talk Shows & Podcasts,Enero,2018,"  4,336,850 horas","    44,988 horas","    8,894 streamers","   51,352 espectadores",NA,"  5,836 espectadores",NA
27,StarCraft II,Enero,2018,"  4,169,500 horas","    68,739 horas","    7,085 streamers","   52,008 espectadores",NA,NA,NA
28,Poker,Enero,2018,"  4,163,219 horas","    39,825 horas","    2,606 streamers","   46,473 espectadores",NA,"  5,603 espectadores",    53 canales
95,Euro Truck Simulator 2,Enero,2018,"    589,098 horas","    63,750 horas","    9,031 streamers",NA,NA,    792 espectadores,    85 canales
12,Tom Clancy's Rainbow Six Siege,Febrero,2018," 11,373,605 horas","   558,547 horas","   93,982 streamers","  253,151 espectadores",NA," 16,950 espectadores",   832 canales
20,StarCraft II,Febrero,2018,"  3,934,188 horas","    62,305 horas","    6,361 streamers","   37,355 espectadores",NA,"  5,863 espectadores",    92 canales
39,Rust,Febrero,2018,"  1,874,418 horas","    87,933 horas","   10,251 streamers","   44,150 espectadores",NA,"  2,793 espectadores",   131 canales
61,Clash Royale,Febrero,2018,"    870,478 horas","    14,540 horas","    2,400 streamers",NA,NA,"  1,297 espectadores",NA
63,Retro,Febrero,2018,"    832,333 horas","    55,721 horas","    3,907 streamers","    5,279 espectadores",NA,"  1,240 espectadores",NA
99,Tibia,Febrero,2018,"    490,732 horas","    33,294 horas","    2,300 streamers",NA,NA,    731 espectadores,    49 canales
126,The Elder Scrolls Online,Febrero,2018,"    303,992 horas","    38,582 horas","    4,631 streamers","    2,887 espectadores",NA,    453 espectadores,    57 canales
2,League of Legends,Marzo,2018," 88,820,363 horas"," 1,589,810 horas","  147,060 streamers","  362,400 espectadores",NA,"119,542 espectadores"," 2,139 canales"
8,Hearthstone,Marzo,2018," 28,074,224 horas","   189,812 horas","   26,716 streamers","  149,880 espectadores",NA," 37,784 espectadores",   255 canales
15,StarCraft II,Marzo,2018,"  8,336,814 horas","    78,187 horas","    7,480 streamers","   60,745 espectadores",NA," 11,220 espectadores",   105 canales
16,Rocket League,Marzo,2018,"  5,530,674 horas","   205,161 horas","   53,875 streamers","   96,377 espectadores",NA,"  7,443 espectadores",   276 canales
31,Magic: The Gathering,Marzo,2018,"  3,009,557 horas","    33,910 horas","    3,253 streamers","   19,451 espectadores",NA,NA,    45 canales
92,World of Warships,Marzo,2018,"    630,480 horas","    42,932 horas","    4,734 streamers","    9,546 espectadores",NA,    848 espectadores,    57 canales
120,Super Mario 64,Marzo,2018,"    385,176 horas","    14,756 horas","    1,787 streamers","    6,316 espectadores",NA,    518 espectadores,NA
2,League of Legends,Abril,2018," 74,263,170 horas"," 1,459,786 horas","  138,062 streamers",NA,NA,"103,286 espectadores"," 2,030 canales"
11,Grand Theft Auto V,Abril,2018,"  9,860,431 horas","   298,587 horas","   42,792 streamers",NA,NA,NA,   415 canales
19,Talk Shows & Podcasts,Abril,2018,"  5,003,687 horas","    42,963 horas","    8,442 streamers",NA,NA,"  6,959 espectadores",    59 canales
21,Dead by Daylight,Abril,2018,"  4,633,905 horas","   218,149 horas","   21,709 streamers","   45,790 espectadores",NA,"  6,444 espectadores",   303 canales
42,Rust,Abril,2018,"  1,627,728 horas","    76,436 horas","    8,552 streamers","   10,382 espectadores",NA,"  2,263 espectadores",   106 canales
44,Games + Demos,Abril,2018,"  1,593,215 horas","    23,604 horas","    4,147 streamers","   83,437 espectadores",NA,"  2,215 espectadores",    32 canales
77,Tibia,Abril,2018,"    817,460 horas","    39,693 horas","    2,638 streamers","    3,110 espectadores",NA,"  1,136 espectadores",    55 canales
83,osu!,Abril,2018,"    730,334 horas","   110,356 horas","   23,651 streamers","   10,314 espectadores",NA,"  1,015 espectadores",   153 canales
6,Hearthstone,Mayo,2018," 33,731,225 horas","   203,153 horas","   27,186 streamers","   95,676 espectadores",NA," 45,398 espectadores",   273 canales
15,Talk Shows & Podcasts,Mayo,2018,"  6,223,503 horas","    45,384 horas","    8,767 streamers","  167,421 espectadores",NA,"  8,376 espectadores",    61 canales
51,Dungeons & Dragons,Mayo,2018,"  1,591,552 horas","    37,525 horas","    3,304 streamers",NA,NA,"  2,142 espectadores",NA
64,Retro,Mayo,2018,"  1,289,557 horas","    68,138 horas","    4,885 streamers","   11,897 espectadores",NA,"  1,735 espectadores",    91 canales
69,Warframe,Mayo,2018,"  1,059,645 horas","   104,702 horas","   13,656 streamers","   32,053 espectadores",NA,"  1,426 espectadores",   140 canales
123,MapleStory,Mayo,2018,"    439,461 horas","    27,892 horas","    2,398 streamers","    2,813 espectadores",NA,    591 espectadores,    37 canales
2,League of Legends,Junio,2018," 72,491,544 horas"," 1,327,229 horas","  136,011 streamers","  241,343 espectadores",NA,"100,822 espectadores",NA
20,StarCraft II,Junio,2018,"  4,959,153 horas","    61,226 horas","    6,228 streamers","   61,872 espectadores",NA,"  6,897 espectadores",NA
41,World of Tanks,Junio,2018,"  2,295,311 horas","    95,627 horas","    8,589 streamers","   10,805 espectadores",NA,"  3,192 espectadores",   133 canales
52,Warcraft III,Junio,2018,"  1,619,974 horas","    26,950 horas","    1,665 streamers","   10,517 espectadores",NA,"  2,253 espectadores",NA
59,SMITE,Junio,2018,"  1,382,822 horas","   103,250 horas","   13,457 streamers","    9,590 espectadores",NA,"  1,923 espectadores",   143 canales
104,World of Warships,Junio,2018,"    635,516 horas","    40,755 horas","    4,099 streamers","    4,150 espectadores",NA,NA,NA
122,RimWorld,Junio,2018,"    489,702 horas","    18,055 horas","    2,069 streamers","    6,083 espectadores",NA,    681 espectadores,    25 canales
123,Super Mario 64,Junio,2018,"    473,918 horas","    14,330 horas","    1,721 streamers","  157,501 espectadores",NA,    659 espectadores,    19 canales
5,Dota 2,Julio,2018," 28,746,933 horas","   439,102 horas","   35,388 streamers","  150,725 espectadores",NA,NA,   590 canales
20,Music,Julio,2018,"  4,619,011 horas","   171,914 horas","   10,983 streamers","   23,620 espectadores",NA,NA,   231 canales
44,Games + Demos,Julio,2018,"  2,104,434 horas","    27,950 horas","    4,814 streamers","   31,173 espectadores",NA,"  2,832 espectadores",    37 canales
53,MapleStory,Julio,2018,"  1,469,665 horas","    52,860 horas","    4,376 streamers","   17,158 espectadores",NA,"  1,978 espectadores",    71 canales
81,Tibia,Julio,2018,"    999,063 horas","    47,777 horas","    3,134 streamers","    3,871 espectadores",NA,"  1,344 espectadores",    64 canales
13,Dead by Daylight,Agosto,2018," 10,187,588 horas","   556,829 horas","   82,430 streamers","  146,848 espectadores",NA," 13,711 espectadores",   749 canales
22,Music,Agosto,2018,"  5,242,745 horas","   187,250 horas","   11,441 streamers",NA,NA,"  7,056 espectadores",   252 canales
35,World of Tanks,Agosto,2018,"  3,010,692 horas","   114,512 horas","    9,067 streamers","   16,269 espectadores",NA,"  4,052 espectadores",   154 canales
49,Dungeons & Dragons,Agosto,2018,"  1,608,037 horas","    36,293 horas","    3,468 streamers","   40,680 espectadores",NA,"  2,164 espectadores",    48 canales
80,The Sims 4,Agosto,2018,"    920,909 horas","    39,363 horas","    7,994 streamers","   11,416 espectadores",NA,"  1,239 espectadores",    52 canales
84,MapleStory,Agosto,2018,"    890,551 horas","    42,894 horas","    3,309 streamers","   21,223 espectadores",NA,"  1,198 espectadores",    57 canales
112,Clash Royale,Agosto,2018,"    543,050 horas","    14,672 horas","    2,676 streamers","   55,232 espectadores",NA,    730 espectadores,    19 canales
26,Music,Septiembre,2018,"  4,675,509 horas","   183,431 horas","   11,764 streamers","   13,841 espectadores",NA,"  6,502 espectadores",   255 canales
30,Minecraft,Septiembre,2018,"  4,038,129 horas","   243,973 horas","   38,489 streamers","   65,539 espectadores",NA,"  5,616 espectadores",NA
51,Warframe,Septiembre,2018,"  1,436,193 horas","   131,477 horas","   15,956 streamers","   61,147 espectadores",NA,"  1,997 espectadores",   182 canales
9,Hearthstone,Octubre,2018," 22,217,280 horas","   157,677 horas","   19,632 streamers","   82,400 espectadores",NA," 29,902 espectadores",   212 canales
16,Grand Theft Auto V,Octubre,2018," 11,902,910 horas","   306,630 horas","   41,759 streamers","   55,457 espectadores",NA," 16,020 espectadores",   412 canales
23,Rocket League,Octubre,2018,"  5,347,616 horas","   227,718 horas","   53,748 streamers","   78,727 espectadores",NA,"  7,197 espectadores",NA
63,RimWorld,Octubre,2018,"  1,353,881 horas","    40,667 horas","    4,005 streamers","   21,041 espectadores",NA,NA,    54 canales
76,Tibia,Octubre,2018,"  1,011,217 horas","    57,003 horas","    3,561 streamers","    3,856 espectadores",NA,"  1,360 espectadores",NA
107,DayZ,Octubre,2018,"    650,399 horas","    27,268 horas","    2,770 streamers","   21,671 espectadores",NA,    875 espectadores,    36 canales
187,MapleStory,Octubre,2018,"    239,464 horas","    21,917 horas","    1,734 streamers","    1,251 espectadores",NA,    322 espectadores,    29 canales
14,Warframe,Noviembre,2018," 15,236,214 horas","   188,624 horas","   21,842 streamers","  162,653 espectadores",NA," 21,190 espectadores",   262 canales
69,Tibia,Noviembre,2018,"  1,153,152 horas","    55,694 horas","    3,457 streamers","    4,885 espectadores",NA,"  1,603 espectadores",    77 canales
95,Euro Truck Simulator 2,Noviembre,2018,"    813,362 horas","    54,644 horas","    8,129 streamers",NA,NA,"  1,131 espectadores",    76 canales
96,World of Warships,Noviembre,2018,"    806,416 horas","    38,093 horas","    3,716 streamers","   18,204 espectadores",NA,"  1,121 espectadores",    52 canales
2,League of Legends,Diciembre,2018," 72,074,851 horas"," 1,762,468 horas","  174,717 streamers","  341,821 espectadores",NA," 97,005 espectadores"," 2,372 canales"
17,Tom Clancy's Rainbow Six Siege,Diciembre,2018,"  9,290,975 horas","   745,405 horas","  124,937 streamers",NA,NA," 12,504 espectadores"," 1,003 canales"
140,MapleStory,Diciembre,2018,"    474,266 horas","    26,282 horas","    2,245 streamers","   15,309 espectadores",NA,    638 espectadores,    35 canales
14,Grand Theft Auto V,Enero,2019," 12,142,875 horas","   401,455 horas","   57,405 streamers","   70,951 espectadores",NA," 16,343 espectadores",NA
16,Tom Clancy's Rainbow Six Siege,Enero,2019," 12,104,301 horas","   923,985 horas","  141,494 streamers","  106,550 espectadores",NA," 16,291 espectadores"," 1,243 canales"
26,Music,Enero,2019,"  6,097,879 horas","   211,897 horas","   14,140 streamers","   22,348 espectadores",NA,"  8,207 espectadores",   285 canales
27,Poker,Enero,2019,"  5,807,128 horas","    63,457 horas","    4,032 streamers","   52,745 espectadores",NA,"  7,815 espectadores",NA
29,StarCraft II,Enero,2019,"  4,703,666 horas","    73,993 horas","    6,822 streamers","   47,228 espectadores",NA,"  6,330 espectadores",    99 canales
35,Rocket League,Enero,2019,"  3,717,864 horas","   296,047 horas","   62,082 streamers","   65,788 espectadores",NA,"  5,003 espectadores",   398 canales
61,Warframe,Enero,2019,"  1,576,325 horas","   154,972 horas","   18,142 streamers","   51,269 espectadores",NA,"  2,121 espectadores",   208 canales
63,DayZ,Enero,2019,"  1,557,870 horas","    61,505 horas","    6,649 streamers","   29,263 espectadores",NA,NA,    82 canales
89,7 Days to Die,Enero,2019,"    989,160 horas","    76,728 horas","    6,786 streamers","   14,526 espectadores",NA,"  1,331 espectadores",NA
90,osu!,Febrero,2019,"    806,153 horas","   123,578 horas","   26,457 streamers",NA,NA,"  1,201 espectadores",   184 canales
27,Minecraft,Marzo,2019,"  5,431,901 horas","   391,789 horas","   61,985 streamers","   38,962 espectadores",NA,"  7,310 espectadores",NA
131,MapleStory,Marzo,2019,"    489,484 horas","    33,154 horas","    2,454 streamers",NA,NA,    658 espectadores,    44 canales
133,Super Mario 64,Marzo,2019,"    486,983 horas","    14,194 horas","    1,685 streamers",NA,NA,    655 espectadores,    19 canales
22,Music,Abril,2019,"  5,643,083 horas","   234,755 horas","   14,476 streamers","   24,250 espectadores",NA,"  7,848 espectadores",NA
40,World of Tanks,Abril,2019,"  2,728,814 horas","   117,798 horas","    9,549 streamers","   14,132 espectadores",NA,"  3,795 espectadores",   163 canales
45,Games + Demos,Abril,2019,"  2,033,558 horas","    37,102 horas","    6,534 streamers","   39,016 espectadores",NA,NA,NA
134,MapleStory,Abril,2019,"    505,935 horas","    31,947 horas","    2,440 streamers","    4,079 espectadores",NA,    703 espectadores,    44 canales
6,World of Warcraft,Mayo,2019," 40,716,238 horas","   713,266 horas","   53,664 streamers","  207,693 espectadores",NA,NA,   959 canales
14,Tom Clancy's Rainbow Six Siege,Mayo,2019,"  9,522,903 horas","   747,799 horas","  122,817 streamers","  135,807 espectadores",NA," 12,816 espectadores",NA
15,Minecraft,Mayo,2019,"  8,918,471 horas","   571,032 horas","   95,355 streamers","   75,748 espectadores",NA," 12,003 espectadores",   768 canales
35,Path of Exile,Mayo,2019,"  3,668,004 horas","   130,477 horas","   10,312 streamers","   25,129 espectadores",NA,"  4,936 espectadores",   175 canales
50,Games + Demos,Mayo,2019,"  2,294,008 horas","    38,024 horas","    6,906 streamers","   41,501 espectadores",NA,"  3,087 espectadores",    51 canales
56,Heroes of the Storm,Mayo,2019,"  1,920,252 horas","    83,520 horas","    7,766 streamers","   22,708 espectadores",NA,"  2,584 espectadores",   112 canales
58,SMITE,Mayo,2019,"  1,797,457 horas","   122,679 horas","   14,956 streamers",NA,NA,NA,   165 canales
130,7 Days to Die,Mayo,2019,"    538,330 horas","    47,376 horas","    4,674 streamers","    9,592 espectadores",NA,NA,    63 canales
81,osu!,Junio,2019,"  1,049,836 horas","   138,392 horas","   30,019 streamers","    9,740 espectadores",NA,"  1,460 espectadores",   192 canales
92,Warframe,Junio,2019,"    939,075 horas","   104,888 horas","   11,552 streamers","   26,108 espectadores",NA,"  1,306 espectadores",   145 canales
8,World of Warcraft,Julio,2019," 36,942,422 horas","   704,873 horas","   47,346 streamers","  218,084 espectadores",NA," 49,720 espectadores",   948 canales
18,Path of Exile,Julio,2019,"  7,776,743 horas","   203,520 horas","   13,183 streamers","   29,067 espectadores",NA," 10,466 espectadores",NA
26,Rust,Julio,2019,"  4,377,764 horas","   159,769 horas","   18,145 streamers","   41,730 espectadores",NA,"  5,892 espectadores",   215 canales
48,Warcraft III,Julio,2019,"  1,774,904 horas","    31,985 horas","    1,993 streamers","   21,305 espectadores",NA,"  2,388 espectadores",    43 canales
53,SMITE,Julio,2019,"  1,604,701 horas","   103,011 horas","   11,937 streamers","    8,757 espectadores",NA,"  2,159 espectadores",   138 canales
65,The Sims 4,Julio,2019,"  1,102,713 horas","    52,699 horas","   10,092 streamers","   20,376 espectadores",NA,"  1,484 espectadores",    70 canales
104,Euro Truck Simulator 2,Julio,2019,"    610,056 horas","    66,269 horas","    9,657 streamers","   24,254 espectadores",NA,    821 espectadores,NA
40,Talk Shows & Podcasts,Agosto,2019,"  3,028,931 horas","    56,424 horas","    7,622 streamers","   72,689 espectadores",NA,"  4,076 espectadores",    75 canales
58,World of Warships,Agosto,2019,"  1,786,750 horas","    57,828 horas","    4,457 streamers",NA,NA,NA,NA
2,League of Legends,Septiembre,2019," 77,579,176 horas"," 1,977,556 horas","  182,545 streamers","  650,591 espectadores",NA,"107,898 espectadores"," 2,750 canales"
60,Retro,Septiembre,2019,"  1,498,293 horas","    82,586 horas","    6,283 streamers",NA,NA,"  2,083 espectadores",   114 canales
74,Heroes of the Storm,Septiembre,2019,"  1,089,912 horas","    55,318 horas","    5,333 streamers","    5,319 espectadores",NA,"  1,515 espectadores",    76 canales
114,Super Mario 64,Septiembre,2019,"    516,296 horas","    12,926 horas","    1,576 streamers","   50,106 espectadores",NA,    718 espectadores,NA
38,Poker,Octubre,2019,"  2,873,253 horas","    50,930 horas","    2,838 streamers","   17,929 espectadores",NA,"  3,867 espectadores",    68 canales
57,The Elder Scrolls Online,Octubre,2019,"  1,533,889 horas","    53,765 horas","    4,284 streamers","   15,574 espectadores",NA,"  2,064 espectadores",NA
1,League of Legends,Noviembre,2019," 95,436,703 horas"," 2,126,093 horas","  200,004 streamers","1,782,765 espectadores",NA,"132,735 espectadores"," 2,957 canales"
21,Dead by Daylight,Noviembre,2019,"  9,635,123 horas","   470,634 horas","   45,355 streamers","   56,086 espectadores",NA," 13,400 espectadores",   654 canales
28,Magic: The Gathering,Noviembre,2019,"  4,941,093 horas","    62,324 horas","    6,072 streamers","   32,584 espectadores",NA,"  6,872 espectadores",    86 canales
64,The Elder Scrolls Online,Noviembre,2019,"  1,348,450 horas","    49,629 horas","    4,333 streamers","   15,115 espectadores",NA,"  1,875 espectadores",    69 canales
107,MapleStory,Noviembre,2019,"    660,479 horas","    34,083 horas","    2,885 streamers","    6,713 espectadores",NA,    918 espectadores,    47 canales
113,Clash Royale,Noviembre,2019,"    585,761 horas","     9,548 horas","    1,709 streamers","   12,154 espectadores",NA,    814 espectadores,    13 canales
137,Super Mario 64,Noviembre,2019,"    414,276 horas","    12,483 horas","    1,506 streamers","    8,646 espectadores",NA,    576 espectadores,NA
27,Music,Diciembre,2019,"  5,103,430 horas","   267,555 horas","   15,296 streamers","   37,049 espectadores",NA,"  6,868 espectadores",   360 canales
53,Warcraft III,Diciembre,2019,"  2,187,258 horas","    40,482 horas","    3,043 streamers","   31,105 espectadores",NA,"  2,943 espectadores",    54 canales
75,Dungeons & Dragons,Diciembre,2019,"  1,281,861 horas","    32,615 horas","    3,497 streamers","   58,134 espectadores",NA,"  1,725 espectadores",    43 canales
1,League of Legends,Enero,2020," 99,657,869 horas"," 2,953,365 horas","  237,426 streamers","  349,964 espectadores",NA,"134,129 espectadores"," 3,974 canales"
8,World of Warcraft,Enero,2020," 27,563,181 horas","   940,687 horas","   59,799 streamers","  167,799 espectadores",NA," 37,097 espectadores",NA
33,World of Tanks,Enero,2020,"  4,530,893 horas","   161,046 horas","   12,196 streamers","   19,734 espectadores",NA,"  6,098 espectadores",NA
105,The Sims 4,Enero,2020,"    801,912 horas","    50,066 horas","    9,364 streamers","   14,070 espectadores",NA,"  1,079 espectadores",    67 canales
29,Talk Shows & Podcasts,Febrero,2020,"  4,554,476 horas","    59,907 horas","    7,049 streamers",NA,NA,"  6,553 espectadores",    86 canales
48,SMITE,Febrero,2020,"  2,361,816 horas","   118,510 horas","   12,791 streamers","   25,843 espectadores",NA,"  3,398 espectadores",   170 canales
60,Heroes of the Storm,Febrero,2020,"  1,796,824 horas","    64,126 horas","    5,819 streamers","   12,423 espectadores",NA,"  2,585 espectadores",NA
6,Grand Theft Auto V,Marzo,2020," 56,174,067 horas"," 1,056,098 horas","  110,705 streamers",NA,NA," 75,604 espectadores"," 1,421 canales"
10,Hearthstone,Marzo,2020," 23,909,476 horas","   175,493 horas","   17,509 streamers","  108,476 espectadores",NA," 32,179 espectadores",   236 canales
111,osu!,Marzo,2020,"    874,783 horas","   138,699 horas","   26,592 streamers","    7,016 espectadores",NA,"  1,177 espectadores",   186 canales
150,Euro Truck Simulator 2,Marzo,2020,"    608,468 horas","    92,264 horas","   11,763 streamers","    6,022 espectadores",NA,    818 espectadores,   124 canales
8,Dota 2,Abril,2020," 54,477,072 horas","   673,933 horas","   34,147 streamers","  360,147 espectadores",NA," 75,767 espectadores",   937 canales
9,Minecraft,Abril,2020," 41,127,736 horas"," 1,669,376 horas","  196,386 streamers","  317,297 espectadores",NA,NA,NA
11,Hearthstone,Abril,2020," 29,294,664 horas","   252,286 horas","   20,427 streamers","  159,643 espectadores",NA," 40,743 espectadores",NA
17,Music,Abril,2020," 18,532,544 horas","   631,257 horas","   43,889 streamers","  185,533 espectadores",NA," 25,775 espectadores",   877 canales
106,Warframe,Abril,2020,"  1,152,123 horas","   128,456 horas","   10,063 streamers","   34,756 espectadores",NA,"  1,602 espectadores",   178 canales
3,League of Legends,Mayo,2020,"127,698,472 horas"," 3,517,695 horas","  245,122 streamers",NA,NA,"171,868 espectadores"," 4,734 canales"
8,Dota 2,Mayo,2020," 51,023,847 horas","   717,401 horas","   33,057 streamers","  199,291 espectadores",NA," 68,672 espectadores",   965 canales
13,Music,Mayo,2020," 26,675,053 horas","   775,422 horas","   50,281 streamers","  170,584 espectadores",NA,NA,NA
40,StarCraft II,Mayo,2020,"  4,983,021 horas","    85,283 horas","    5,740 streamers","   30,027 espectadores",NA,"  6,706 espectadores",   114 canales
52,Tibia,Mayo,2020,"  3,497,920 horas","   147,323 horas","    5,649 streamers",NA,NA,"  4,707 espectadores",   198 canales
58,World of Warships,Mayo,2020,"  3,032,785 horas","    81,788 horas","    4,789 streamers",NA,NA,"  4,081 espectadores",   110 canales
77,Heroes of the Storm,Mayo,2020,"  2,167,893 horas","    91,168 horas","    6,096 streamers","   12,825 espectadores",NA,"  2,917 espectadores",   122 canales
10,Minecraft,Junio,2020," 38,878,256 horas"," 1,728,072 horas","  214,199 streamers","  397,172 espectadores",NA," 54,072 espectadores"," 2,403 canales"
112,Clash Royale,Junio,2020,"  1,075,200 horas","    23,396 horas","    2,771 streamers","   19,667 espectadores",NA,"  1,495 espectadores",    32 canales
10,World of Warcraft,Julio,2020," 35,243,547 horas"," 1,199,477 horas","   64,159 streamers",NA,NA," 47,434 espectadores"," 1,614 canales"
37,StarCraft II,Julio,2020,"  5,831,241 horas","    76,458 horas","    5,457 streamers","   53,544 espectadores",NA,"  7,848 espectadores",   102 canales
55,Dungeons & Dragons,Julio,2020,"  3,527,577 horas","    70,562 horas","    6,460 streamers","  116,840 espectadores",NA,"  4,747 espectadores",    94 canales
59,Games + Demos,Julio,2020,"  2,953,677 horas","    59,016 horas","    8,708 streamers","   55,936 espectadores",NA,"  3,975 espectadores",    79 canales
96,Super Mario 64,Julio,2020,"  1,452,400 horas","    37,718 horas","    4,016 streamers","   30,989 espectadores",NA,"  1,954 espectadores",    50 canales
9,Minecraft,Agosto,2020," 40,361,660 horas"," 1,942,298 horas","  244,197 streamers","  374,683 espectadores",NA," 54,322 espectadores"," 2,614 canales"
14,Hearthstone,Agosto,2020," 25,341,485 horas","   190,670 horas","   14,666 streamers","  115,789 espectadores",NA," 34,106 espectadores",NA
50,World of Tanks,Agosto,2020,"  3,990,758 horas","   134,306 horas","    7,545 streamers","   33,817 espectadores",NA,"  5,371 espectadores",NA
76,Heroes of the Storm,Agosto,2020,"  2,127,267 horas","    79,462 horas","    5,543 streamers",NA,NA,NA,   106 canales
19,Rocket League,Septiembre,2020," 14,067,732 horas","   705,274 horas","  151,620 streamers","  136,304 espectadores",NA," 19,565 espectadores",   980 canales
104,osu!,Septiembre,2020,"  1,329,748 horas","   185,111 horas","   29,504 streamers",NA,NA,"  1,849 espectadores",   257 canales
114,The Sims 4,Septiembre,2020,"  1,186,842 horas","    69,758 horas","   10,921 streamers","   17,336 espectadores",NA,"  1,650 espectadores",    97 canales
17,Rocket League,Octubre,2020," 22,032,826 horas"," 1,210,744 horas","  263,835 streamers","  243,644 espectadores",NA," 29,653 espectadores"," 1,629 canales"
20,Dead by Daylight,Octubre,2020," 18,857,061 horas","   941,861 horas","   83,571 streamers","   96,000 espectadores",NA," 25,379 espectadores"," 1,267 canales"
63,World of Warships,Octubre,2020,"  3,226,354 horas","    79,571 horas","    4,485 streamers","   23,881 espectadores",NA,NA,   107 canales
2,League of Legends,Noviembre,2020,"121,085,351 horas"," 3,392,709 horas","  254,028 streamers","  345,045 espectadores",NA,"168,407 espectadores",NA
14,Dota 2,Noviembre,2020," 40,955,503 horas","   626,431 horas","   30,556 streamers","  222,257 espectadores",NA," 56,961 espectadores",   871 canales
18,Music,Noviembre,2020," 19,822,282 horas","   719,705 horas","   42,173 streamers","  156,258 espectadores",NA," 27,569 espectadores"," 1,000 canales"
36,Talk Shows & Podcasts,Noviembre,2020,"  6,967,035 horas","   139,649 horas","   13,696 streamers","  103,551 espectadores",NA,"  9,689 espectadores",   194 canales
49,World of Tanks,Noviembre,2020,"  4,260,512 horas","   160,965 horas","    9,312 streamers","   40,132 espectadores",NA,"  5,925 espectadores",   223 canales
55,Tibia,Noviembre,2020,"  3,448,632 horas","   126,263 horas","    5,219 streamers","   10,291 espectadores",NA,"  4,796 espectadores",   175 canales
60,Dungeons & Dragons,Noviembre,2020,"  2,997,021 horas","    86,496 horas","    8,359 streamers","   84,210 espectadores",NA,"  4,168 espectadores",   120 canales
87,The Sims 4,Noviembre,2020,"  1,841,878 horas","    88,756 horas","   14,756 streamers","   82,565 espectadores",NA,"  2,561 espectadores",   123 canales
102,Clash Royale,Noviembre,2020,"  1,504,195 horas","    24,545 horas","    3,095 streamers","   27,474 espectadores",NA,"  2,092 espectadores",    34 canales
105,Warframe,Noviembre,2020,"  1,355,076 horas","   116,308 horas","    9,360 streamers","   46,086 espectadores",NA,"  1,884 espectadores",   161 canales
5,Minecraft,Diciembre,2020," 72,142,619 horas"," 2,736,322 horas","  346,527 streamers","  591,932 espectadores",NA," 97,096 espectadores"," 3,682 canales"
55,SMITE,Diciembre,2020,"  3,510,922 horas","   200,209 horas","   16,680 streamers","   12,971 espectadores",NA,"  4,725 espectadores",   269 canales
88,Warcraft III,Diciembre,2020,"  1,876,591 horas","    35,060 horas","    1,830 streamers","   24,979 espectadores",NA,"  2,525 espectadores",    47 canales
2,Rust,Enero,2021,"190,468,488 horas"," 1,147,089 horas","   91,592 streamers","1,373,791 espectadores",NA,"256,350 espectadores"," 1,543 canales"
8,Grand Theft Auto V,Enero,2021," 74,060,698 horas"," 2,032,778 horas","  185,072 streamers","  327,587 espectadores",NA," 99,677 espectadores"," 2,735 canales"
18,Rocket League,Enero,2021," 23,152,587 horas"," 1,395,752 horas","  293,877 streamers","  147,234 espectadores",NA," 31,160 espectadores"," 1,878 canales"
19,Path of Exile,Enero,2021," 21,259,181 horas","   360,277 horas","   16,957 streamers","  295,628 espectadores",NA,NA,   484 canales
20,Dead by Daylight,Enero,2021," 20,368,547 horas"," 1,164,712 horas","   94,512 streamers","   70,745 espectadores",NA," 27,413 espectadores"," 1,567 canales"
52,StarCraft II,Enero,2021,"  3,964,940 horas","    66,001 horas","    4,723 streamers",NA,NA,NA,    88 canales
93,osu!,Enero,2021,"  1,841,116 horas","   222,899 horas","   36,322 streamers","   16,913 espectadores",NA,"  2,477 espectadores",   299 canales
3,Grand Theft Auto V,Febrero,2021,"137,704,722 horas"," 2,006,058 horas","  175,699 streamers","  506,815 espectadores",NA,"205,223 espectadores"," 2,989 canales"
20,Rocket League,Febrero,2021," 19,693,087 horas"," 1,170,093 horas","  254,500 streamers","  227,721 espectadores",NA," 29,348 espectadores"," 1,743 canales"
26,Path of Exile,Febrero,2021," 13,332,160 horas","   284,633 horas","   11,971 streamers",NA,NA," 19,869 espectadores",   424 canales
46,StarCraft II,Febrero,2021,"  4,923,188 horas","    58,100 horas","    4,428 streamers","   84,674 espectadores",NA,"  7,337 espectadores",    86 canales
56,Tibia,Febrero,2021,"  3,579,591 horas","   152,910 horas","    5,845 streamers","   15,116 espectadores",NA,"  5,334 espectadores",   227 canales
86,The Sims 4,Febrero,2021,"  2,016,133 horas","   101,853 horas","   16,903 streamers","   25,382 espectadores",NA,"  3,004 espectadores",   151 canales
90,Heroes of the Storm,Febrero,2021,"  1,819,899 horas","    73,639 horas","    5,576 streamers","   11,349 espectadores",NA,"  2,712 espectadores",   109 canales
14,Rocket League,Marzo,2021," 25,444,384 horas"," 1,192,179 horas","  247,798 streamers","  196,842 espectadores",NA," 34,245 espectadores"," 1,604 canales"
36,Talk Shows & Podcasts,Marzo,2021,"  8,071,577 horas","   195,244 horas","   18,796 streamers","  101,320 espectadores",NA,NA,   262 canales
63,Retro,Marzo,2021,"  3,667,480 horas","   170,619 horas","   11,409 streamers","   29,204 espectadores",NA,"  4,936 espectadores",   229 canales
76,The Elder Scrolls Online,Marzo,2021,"  2,896,516 horas","   118,576 horas","    8,248 streamers","   46,484 espectadores",NA,"  3,898 espectadores",   159 canales
185,7 Days to Die,Marzo,2021,"    842,696 horas","   100,094 horas","    8,310 streamers","   15,201 espectadores",NA,"  1,134 espectadores",NA
57,Retro,Abril,2021,"  3,913,550 horas","   170,587 horas","   11,446 streamers","   13,775 espectadores",NA,"  5,443 espectadores",   237 canales
84,World of Warships,Abril,2021,"  2,548,919 horas","    67,218 horas","    4,484 streamers","   17,882 espectadores",NA,"  3,545 espectadores",    93 canales
87,Games + Demos,Abril,2021,"  2,406,775 horas","   278,114 horas","   46,876 streamers","   34,185 espectadores",NA,"  3,347 espectadores",   386 canales
89,Euro Truck Simulator 2,Abril,2021,"  2,368,702 horas","   161,066 horas","   17,581 streamers","   56,965 espectadores",NA,"  3,294 espectadores",   224 canales
129,Warcraft III,Abril,2021,"  1,483,437 horas","    33,617 horas","    1,941 streamers","   34,353 espectadores",NA,NA,    46 canales
186,RimWorld,Abril,2021,"    856,442 horas","    36,788 horas","    2,682 streamers","    8,621 espectadores",NA,"  1,191 espectadores",NA
11,Dota 2,Mayo,2021," 48,762,361 horas","   692,413 horas","   33,157 streamers","  269,874 espectadores",NA," 65,629 espectadores",   931 canales
32,Path of Exile,Mayo,2021," 10,343,013 horas","   253,729 horas","   11,055 streamers",NA,NA," 13,920 espectadores",   341 canales
37,DayZ,Mayo,2021,"  8,555,283 horas","   211,674 horas","   15,030 streamers",NA,NA,NA,   284 canales
40,Clash Royale,Junio,2021,"  6,208,591 horas","    62,000 horas","   10,941 streamers",NA,NA,NA,    86 canales
62,DayZ,Junio,2021,"  3,576,018 horas","   168,977 horas","   11,779 streamers","   31,503 espectadores",NA,"  4,973 espectadores",   235 canales
114,Euro Truck Simulator 2,Junio,2021,"  1,511,405 horas","   116,222 horas","   13,595 streamers",NA,NA,"  2,102 espectadores",   161 canales
148,7 Days to Die,Junio,2021,"    971,682 horas","   124,726 horas","    9,857 streamers","   13,911 espectadores",NA,"  1,351 espectadores",NA
8,Minecraft,Julio,2021," 53,624,353 horas"," 2,819,049 horas","  353,450 streamers","  903,466 espectadores",NA,NA," 3,794 canales"
11,Dota 2,Julio,2021," 42,539,578 horas","   677,045 horas","   33,330 streamers","  403,938 espectadores",NA," 57,253 espectadores",   911 canales
59,StarCraft II,Julio,2021,"  4,038,126 horas","    55,081 horas","    3,985 streamers","   35,091 espectadores",NA,"  5,434 espectadores",    74 canales
77,World of Warships,Julio,2021,"  2,611,862 horas","    60,656 horas","    3,917 streamers","   24,199 espectadores",NA,"  3,515 espectadores",    81 canales
109,Heroes of the Storm,Julio,2021,"  1,591,849 horas","    61,140 horas","    4,241 streamers","    9,992 espectadores",NA,NA,    82 canales
10,Dota 2,Agosto,2021," 42,716,591 horas","   731,191 horas","   35,607 streamers","  218,368 espectadores",NA," 57,492 espectadores",   984 canales
45,Talk Shows & Podcasts,Agosto,2021,"  5,972,000 horas","   168,965 horas","   13,715 streamers","   45,738 espectadores",NA,"  8,037 espectadores",   227 canales
59,StarCraft II,Agosto,2021,"  4,339,923 horas","    57,359 horas","    3,991 streamers","   35,929 espectadores",NA,"  5,841 espectadores",    77 canales
67,RimWorld,Agosto,2021,"  3,560,934 horas","    65,991 horas","    4,454 streamers","   24,705 espectadores",NA,"  4,792 espectadores",NA
84,Games + Demos,Agosto,2021,"  2,741,880 horas","   422,889 horas","   65,461 streamers","   50,911 espectadores",NA,"  3,690 espectadores",   569 canales
93,The Elder Scrolls Online,Agosto,2021,"  2,522,235 horas","   101,213 horas","    7,787 streamers","   26,130 espectadores",NA,NA,   136 canales
100,Warcraft III,Agosto,2021,"  2,339,096 horas","    34,009 horas","    1,806 streamers","   38,248 espectadores",NA,"  3,148 espectadores",    45 canales
120,Retro,Septiembre,2021,"  1,511,016 horas","    56,192 horas","    6,430 streamers",NA,NA,"  2,101 espectadores",    78 canales
143,Dungeons & Dragons,Septiembre,2021,"  1,077,237 horas","    78,388 horas","    7,821 streamers","   21,606 espectadores",NA,"  1,498 espectadores",NA
15,Music,Octubre,2021," 20,440,544 horas","   856,313 horas","   46,261 streamers","  144,613 espectadores",NA," 27,510 espectadores"," 1,152 canales"
16,Hearthstone,Octubre,2021," 19,705,900 horas","   151,526 horas","   11,772 streamers","  101,280 espectadores",NA," 26,522 espectadores",   203 canales
50,SMITE,Octubre,2021,"  4,644,039 horas","   167,122 horas","   12,854 streamers","   19,292 espectadores",NA,"  6,250 espectadores",   224 canales
58,Clash Royale,Octubre,2021,"  4,013,335 horas","    58,870 horas","    9,330 streamers",NA,NA,"  5,401 espectadores",NA
103,Retro,Octubre,2021,"  1,719,684 horas","    65,164 horas","    6,159 streamers",NA,NA,"  2,314 espectadores",    87 canales
141,Euro Truck Simulator 2,Octubre,2021,"  1,001,108 horas","   109,627 horas","   12,057 streamers","   10,989 espectadores",NA,NA,   147 canales
2,Grand Theft Auto V,Noviembre,2021,"129,608,680 horas"," 1,752,977 horas","  123,262 streamers","  442,304 espectadores",NA,"180,262 espectadores"," 2,438 canales"
19,Music,Noviembre,2021," 18,857,856 horas","   827,468 horas","   44,507 streamers","   88,158 espectadores",NA," 26,227 espectadores"," 1,150 canales"
36,Rust,Noviembre,2021,"  9,376,880 horas","   235,094 horas","   17,565 streamers",NA,NA," 13,041 espectadores",   326 canales
46,Clash Royale,Noviembre,2021,"  6,454,911 horas","    80,556 horas","   14,456 streamers","   94,939 espectadores",NA,"  8,977 espectadores",   112 canales
115,MapleStory,Noviembre,2021,"  1,579,298 horas","    52,787 horas","    2,370 streamers","   20,302 espectadores",NA,"  2,196 espectadores",    73 canales
166,7 Days to Die,Noviembre,2021,"    884,544 horas","   103,636 horas","    8,079 streamers","   12,544 espectadores",NA,"  1,230 espectadores",   144 canales
7,Minecraft,Diciembre,2021," 54,665,157 horas"," 2,159,925 horas","  273,288 streamers","  649,098 espectadores",NA," 73,573 espectadores"," 2,907 canales"
11,Dota 2,Diciembre,2021," 43,235,580 horas","   714,724 horas","   35,356 streamers","  210,062 espectadores",NA,NA,   961 canales
14,Music,Diciembre,2021," 23,072,468 horas","   906,163 horas","   48,464 streamers",NA,NA," 31,053 espectadores"," 1,219 canales"
26,Rocket League,Diciembre,2021," 11,762,122 horas","   693,610 horas","  114,708 streamers","  262,428 espectadores",NA," 15,830 espectadores",   933 canales
39,Rust,Diciembre,2021,"  7,019,783 horas","   255,313 horas","   20,424 streamers","   41,718 espectadores",NA,"  9,447 espectadores",   343 canales
145,Euro Truck Simulator 2,Diciembre,2021,"  1,032,590 horas","   101,922 horas","   12,265 streamers",NA,NA,"  1,389 espectadores",   137 canales
8,Rust,Enero,2022," 63,615,081 horas","   387,133 horas","   48,196 streamers","  917,741 espectadores",NA,NA,NA
17,Hearthstone,Enero,2022," 23,783,202 horas","   159,306 horas","   16,849 streamers","  106,267 espectadores",NA," 32,009 espectadores",   214 canales
18,Dead by Daylight,Enero,2022," 22,966,524 horas"," 1,439,407 horas","  146,440 streamers","  108,448 espectadores",NA," 30,910 espectadores"," 1,937 canales"
72,Path of Exile,Enero,2022,"  3,426,214 horas","    57,149 horas","    5,137 streamers","  260,801 espectadores",NA,"  4,611 espectadores",    76 canales
81,World of Warships,Enero,2022,"  3,002,693 horas","    69,577 horas","    5,688 streamers","   20,572 espectadores",NA,"  4,041 espectadores",    93 canales
86,StarCraft II,Enero,2022,"  2,727,008 horas","    45,501 horas","    4,365 streamers","   31,403 espectadores",NA,"  3,670 espectadores",NA
92,MapleStory,Enero,2022,"  2,389,757 horas","    71,313 horas","    4,693 streamers","   35,358 espectadores",NA,"  3,216 espectadores",NA
155,Warcraft III,Enero,2022,"  1,011,197 horas","    28,902 horas","    1,994 streamers",NA,NA,"  1,360 espectadores",    38 canales
13,Minecraft,Febrero,2022," 33,954,303 horas"," 1,745,091 horas","  404,721 streamers","  662,095 espectadores",NA," 50,602 espectadores"," 2,600 canales"
23,Path of Exile,Febrero,2022," 15,845,314 horas","   265,335 horas","   14,656 streamers","  180,658 espectadores",NA," 23,614 espectadores",   395 canales
26,Rocket League,Febrero,2022," 13,785,255 horas","   674,291 horas","  170,115 streamers","  110,385 espectadores",NA," 20,544 espectadores"," 1,004 canales"
43,Clash Royale,Febrero,2022,"  5,716,209 horas","    96,784 horas","   68,032 streamers","  103,918 espectadores",NA,"  8,518 espectadores",   144 canales
54,SMITE,Febrero,2022,"  4,180,175 horas","   163,734 horas","   20,487 streamers","   21,942 espectadores",NA,"  6,229 espectadores",   244 canales
81,The Sims 4,Febrero,2022,"  2,490,726 horas","    98,932 horas","   20,002 streamers","   44,979 espectadores",NA,NA,   147 canales
119,Euro Truck Simulator 2,Febrero,2022,"  1,199,619 horas","   105,634 horas","   18,762 streamers","   50,319 espectadores",NA,NA,   157 canales
144,Warcraft III,Febrero,2022,"    910,451 horas","    25,936 horas","    1,841 streamers","   21,347 espectadores",NA,"  1,356 espectadores",    38 canales
4,Grand Theft Auto V,Marzo,2022,"127,932,833 horas"," 2,025,468 horas","  260,867 streamers","  465,143 espectadores",NA,"172,184 espectadores"," 2,726 canales"
9,World of Warcraft,Marzo,2022," 55,904,658 horas","   955,532 horas","   52,850 streamers","  284,679 espectadores",NA," 75,241 espectadores"," 1,286 canales"
43,Clash Royale,Marzo,2022,"  4,529,626 horas","    79,504 horas","   53,852 streamers","   76,588 espectadores",NA,NA,   107 canales
80,The Sims 4,Marzo,2022,"  2,313,409 horas","   104,663 horas","   19,774 streamers","   56,594 espectadores",NA,"  3,113 espectadores",   140 canales
64,Path of Exile,Abril,2022,"  3,218,736 horas","    66,517 horas","    4,477 streamers",NA,NA,"  4,476 espectadores",    92 canales
152,Super Mario 64,Abril,2022,"  1,067,570 horas","    30,054 horas","    4,046 streamers","   33,736 espectadores",NA,"  1,484 espectadores",    41 canales
3,Grand Theft Auto V,Mayo,2022,"122,147,595 horas"," 1,942,357 horas","  223,537 streamers","  514,531 espectadores",NA,"164,397 espectadores"," 2,614 canales"
15,Rust,Mayo,2022," 20,523,931 horas","   262,857 horas","   29,195 streamers","  217,217 espectadores",NA,NA,   353 canales
43,Retro,Mayo,2022,"  5,406,402 horas","   169,802 horas","   12,582 streamers","   30,665 espectadores",NA,"  7,276 espectadores",   228 canales
49,DayZ,Mayo,2022,"  4,796,063 horas","   196,862 horas","   21,576 streamers","   34,153 espectadores",NA,"  6,454 espectadores",   264 canales
126,osu!,Mayo,2022,"  1,336,597 horas","   149,576 horas","   35,012 streamers","   27,414 espectadores",NA,"  1,798 espectadores",   201 canales
158,Euro Truck Simulator 2,Mayo,2022,"    949,882 horas","    99,306 horas","   16,294 streamers","   15,721 espectadores",NA,NA,NA
9,Dota 2,Junio,2022," 40,045,116 horas","   590,825 horas","   45,672 streamers","  167,501 espectadores",NA," 55,695 espectadores",   821 canales
19,Music,Junio,2022," 19,305,553 horas","   780,800 horas","   71,094 streamers","  114,185 espectadores",NA," 26,850 espectadores"," 1,085 canales"
59,Poker,Junio,2022,"  3,606,480 horas","    62,014 horas","    4,149 streamers","   26,643 espectadores",NA,"  5,015 espectadores",    86 canales
76,MapleStory,Junio,2022,"  2,663,816 horas","    71,596 horas","    4,751 streamers",NA,NA,"  3,704 espectadores",NA
133,7 Days to Die,Junio,2022,"  1,226,801 horas","   118,518 horas","   14,040 streamers","   19,287 espectadores",NA,"  1,706 espectadores",   164 canales
135,Heroes of the Storm,Junio,2022,"  1,186,105 horas","    48,065 horas","    3,964 streamers","   12,202 espectadores",NA,"  1,649 espectadores",    66 canales
2,League of Legends,Julio,2022,"121,287,274 horas"," 2,287,292 horas","  229,473 streamers","  546,382 espectadores",NA,"163,239 espectadores"," 3,078 canales"
9,Dota 2,Julio,2022," 45,268,112 horas","   618,363 horas","   47,049 streamers","  337,927 espectadores",NA," 60,926 espectadores",   832 canales
20,Rust,Julio,2022," 16,853,106 horas","   301,467 horas","   34,011 streamers","  109,641 espectadores",NA,NA,   405 canales
31,Rocket League,Julio,2022,"  9,411,357 horas","   627,360 horas","  155,714 streamers",NA,NA," 12,666 espectadores",NA
76,The Sims 4,Julio,2022,"  3,037,235 horas","   109,683 horas","   21,946 streamers","   62,660 espectadores",NA,"  4,087 espectadores",NA
85,Clash Royale,Julio,2022,"  2,629,273 horas","    46,665 horas","   31,569 streamers","   75,117 espectadores",NA,"  3,538 espectadores",    62 canales
119,Dungeons & Dragons,Julio,2022,"  1,488,345 horas","    72,073 horas","    8,169 streamers","   39,188 espectadores",NA,"  2,003 espectadores",    97 canales
146,Euro Truck Simulator 2,Julio,2022,"  1,027,575 horas","    94,592 horas","   16,758 streamers","   15,909 espectadores",NA,"  1,383 espectadores",   127 canales
5,Minecraft,Agosto,2022," 92,029,077 horas"," 2,156,558 horas","  440,525 streamers","  813,879 espectadores",NA,NA," 2,902 canales"
14,Dead by Daylight,Agosto,2022," 24,382,639 horas"," 1,245,661 horas","  129,163 streamers","  127,542 espectadores",NA," 32,816 espectadores"," 1,676 canales"
55,Retro,Agosto,2022,"  4,367,161 horas","   163,527 horas","   11,513 streamers",NA,NA,"  5,877 espectadores",   220 canales
77,Clash Royale,Agosto,2022,"  2,723,433 horas","    39,217 horas","   25,091 streamers","   32,636 espectadores",NA,NA,    52 canales
92,World of Warships,Agosto,2022,"  2,243,209 horas","    55,974 horas","    4,698 streamers","   15,085 espectadores",NA,"  3,019 espectadores",    75 canales
95,StarCraft II,Agosto,2022,"  2,066,395 horas","    42,108 horas","    4,070 streamers","   26,994 espectadores",NA,"  2,781 espectadores",NA
146,Super Mario 64,Agosto,2022,"  1,170,809 horas","    28,049 horas","    3,743 streamers","   26,830 espectadores",NA,"  1,575 espectadores",    37 canales
3,League of Legends,Septiembre,2022,"114,539,360 horas"," 2,152,783 horas","  214,447 streamers","1,026,764 espectadores",NA,"159,303 espectadores",NA
4,Grand Theft Auto V,Septiembre,2022,"104,592,542 horas"," 1,963,917 horas","  222,758 streamers","  411,106 espectadores",NA,"145,469 espectadores"," 2,731 canales"
87,World of Warships,Septiembre,2022,"  2,191,427 horas","    54,535 horas","    4,411 streamers","   15,445 espectadores",NA,"  3,047 espectadores",    75 canales
16,Dead by Daylight,Octubre,2022," 18,862,733 horas"," 1,274,977 horas","  127,555 streamers","   52,569 espectadores",NA," 25,387 espectadores"," 1,715 canales"
67,Magic: The Gathering,Octubre,2022,"  3,229,404 horas","    52,511 horas","    5,790 streamers","   22,507 espectadores",NA,"  4,346 espectadores",    70 canales
101,The Sims 4,Octubre,2022,"  1,732,674 horas","   100,021 horas","   24,119 streamers","   48,275 espectadores",NA,"  2,331 espectadores",   134 canales
146,Super Mario 64,Octubre,2022,"  1,119,380 horas","    24,704 horas","    3,291 streamers","   64,515 espectadores",NA,"  1,506 espectadores",    33 canales
38,DayZ,Noviembre,2022,"  5,642,651 horas","   194,619 horas","   20,698 streamers","   49,656 espectadores",NA,NA,   270 canales
68,Clash Royale,Noviembre,2022,"  2,663,176 horas","    33,701 horas","   19,102 streamers",NA,NA,"  3,704 espectadores",    46 canales
22,Path of Exile,Diciembre,2022," 16,758,335 horas","   223,554 horas","   11,203 streamers","  249,260 espectadores",NA,NA,   300 canales
33,Rust,Diciembre,2022,"  7,881,228 horas","   253,174 horas","   31,429 streamers","   45,524 espectadores",NA," 10,607 espectadores",   340 canales
93,The Sims 4,Diciembre,2022,"  1,685,386 horas","    82,185 horas","   18,472 streamers",NA,NA,"  2,268 espectadores",   110 canales
119,Super Mario 64,Diciembre,2022,"  1,117,817 horas","    26,364 horas","    3,172 streamers",NA,NA,"  1,504 espectadores",    35 canales
4,Grand Theft Auto V,Enero,2023,"111,789,032 horas"," 2,132,991 horas","  256,128 streamers","  528,554 espectadores",NA,"150,456 espectadores"," 2,870 canales"
22,Hearthstone,Enero,2023," 14,337,831 horas","   117,570 horas","   12,402 streamers","   51,513 espectadores",NA,NA,   158 canales
67,Magic: The Gathering,Enero,2023,"  2,824,114 horas","    51,056 horas","    5,642 streamers","   17,835 espectadores",NA,"  3,800 espectadores",    68 canales
128,Warframe,Enero,2023,"  1,094,672 horas","   128,381 horas","   16,328 streamers","   66,641 espectadores",NA,"  1,473 espectadores",NA
20,Tom Clancy's Rainbow Six Siege,Febrero,2023," 20,617,870 horas","   653,301 horas","  143,977 streamers","  216,741 espectadores",NA," 30,727 espectadores",   973 canales
34,Rust,Febrero,2023,"  8,866,962 horas","   263,742 horas","   31,264 streamers","   48,753 espectadores",NA," 13,214 espectadores",   393 canales
64,Tibia,Febrero,2023,"  3,127,738 horas","   127,354 horas","    5,653 streamers",NA,NA,"  4,661 espectadores",   189 canales
90,Super Mario 64,Febrero,2023,"  1,619,693 horas","    25,333 horas","    3,574 streamers",NA,NA,"  2,413 espectadores",NA
141,Warcraft III,Febrero,2023,"    885,394 horas","    20,530 horas","    1,629 streamers","   11,445 espectadores",NA,"  1,319 espectadores",    30 canales
2,League of Legends,Marzo,2023,"123,088,070 horas"," 2,204,299 horas","  214,209 streamers","  565,937 espectadores",NA,"165,663 espectadores"," 2,966 canales"
22,Music,Marzo,2023," 14,991,144 horas","   799,082 horas","   57,073 streamers","   84,759 espectadores",NA," 20,176 espectadores",NA
32,Rocket League,Marzo,2023," 10,219,790 horas","   791,395 horas","  222,391 streamers","   93,540 espectadores",NA," 13,754 espectadores"," 1,065 canales"
37,World of Tanks,Marzo,2023,"  8,671,828 horas","   144,541 horas","   13,063 streamers","   52,448 espectadores",NA," 11,671 espectadores",NA
45,Poker,Marzo,2023,"  6,587,714 horas","    69,776 horas","    4,489 streamers","   67,236 espectadores",NA,"  8,866 espectadores",    93 canales
67,The Sims 4,Marzo,2023,"  2,870,674 horas","   125,585 horas","   24,409 streamers","   49,966 espectadores",NA,"  3,863 espectadores",   169 canales
106,Warcraft III,Marzo,2023,"  1,520,896 horas","    24,448 horas","    1,738 streamers","   18,959 espectadores",NA,"  2,046 espectadores",    32 canales
84,Games + Demos,Abril,2023,"  2,116,012 horas","   328,395 horas","   99,104 streamers","   52,273 espectadores",NA,"  2,942 espectadores",   456 canales
85,MapleStory,Abril,2023,"  2,099,114 horas","    58,796 horas","    2,944 streamers","   23,107 espectadores",NA,"  2,919 espectadores",NA
87,Warframe,Abril,2023,"  1,993,615 horas","   170,486 horas","   20,972 streamers","   40,433 espectadores",NA,"  2,772 espectadores",   237 canales
91,Clash Royale,Abril,2023,"  1,908,627 horas","    24,568 horas","   13,618 streamers","   24,544 espectadores",NA,"  2,654 espectadores",    34 canales
98,The Sims 4,Abril,2023,"  1,761,575 horas","   109,517 horas","   21,252 streamers","   10,586 espectadores",NA,"  2,450 espectadores",   152 canales
139,osu!,Abril,2023,"  1,068,480 horas","   121,542 horas","   26,158 streamers","   13,597 espectadores",NA,NA,   169 canales
7,World of Warcraft,Mayo,2023," 53,185,999 horas"," 1,122,269 horas","   61,778 streamers",NA,NA," 71,582 espectadores"," 1,510 canales"
60,Tibia,Mayo,2023,"  3,753,409 horas","   152,561 horas","    5,980 streamers","   13,988 espectadores",NA,"  5,051 espectadores",   205 canales
78,StarCraft II,Mayo,2023,"  2,235,109 horas","    34,555 horas","    3,212 streamers","   30,004 espectadores",NA,"  3,008 espectadores",    46 canales
93,Super Mario 64,Mayo,2023,"  1,776,477 horas","    27,668 horas","    3,808 streamers","   24,735 espectadores",NA,"  2,390 espectadores",    37 canales
98,Warframe,Mayo,2023,"  1,665,593 horas","   191,300 horas","   21,653 streamers",NA,NA,"  2,241 espectadores",   257 canales
126,Dungeons & Dragons,Mayo,2023,"  1,254,041 horas","    63,834 horas","    6,993 streamers","   32,199 espectadores",NA,"  1,687 espectadores",NA
132,RimWorld,Mayo,2023,"  1,186,496 horas","    32,240 horas","    2,786 streamers","   13,910 espectadores",NA,"  1,596 espectadores",NA
5,Grand Theft Auto V,Junio,2023," 91,552,666 horas"," 2,073,776 horas","  255,041 streamers",NA,NA,"127,333 espectadores",NA
7,Dota 2,Junio,2023," 43,510,932 horas","   638,145 horas","   49,776 streamers",NA,NA," 60,515 espectadores",   887 canales
18,World of Warcraft,Junio,2023," 19,396,410 horas","   719,231 horas","   47,973 streamers","   60,750 espectadores",NA,NA," 1,000 canales"
42,Tom Clancy's Rainbow Six Siege,Junio,2023,"  5,861,971 horas","   820,950 horas","  170,417 streamers","   33,487 espectadores",NA,"  8,152 espectadores",NA
2,Grand Theft Auto V,Julio,2023,"140,830,057 horas"," 2,312,326 horas","  295,498 streamers","  450,417 espectadores",NA,NA," 3,112 canales"
3,League of Legends,Julio,2023,"109,733,623 horas"," 2,143,284 horas","  201,992 streamers","  451,932 espectadores",NA,"147,689 espectadores"," 2,884 canales"
28,MapleStory,Julio,2023," 11,304,558 horas","   110,750 horas","    6,628 streamers","  107,397 espectadores",NA," 15,214 espectadores",   149 canales
51,DayZ,Julio,2023,"  4,987,217 horas","   229,376 horas","   27,217 streamers","   58,437 espectadores",NA,"  6,712 espectadores",   308 canales
61,Poker,Julio,2023,"  3,942,074 horas","    68,457 horas","    4,240 streamers","   25,804 espectadores",NA,"  5,305 espectadores",    92 canales
2,Grand Theft Auto V,Agosto,2023,"104,033,836 horas"," 2,151,158 horas","  261,648 streamers","  321,279 espectadores",NA,"140,018 espectadores"," 2,895 canales"
18,Dead by Daylight,Agosto,2023," 16,842,394 horas"," 1,244,143 horas","  130,877 streamers","  100,997 espectadores",NA," 22,668 espectadores"," 1,674 canales"
24,Music,Agosto,2023," 14,662,158 horas","   968,058 horas","   52,368 streamers","   71,801 espectadores",NA," 19,733 espectadores"," 1,302 canales"
25,Path of Exile,Agosto,2023," 14,431,636 horas","   227,747 horas","   12,502 streamers","  174,866 espectadores",NA," 19,423 espectadores",   306 canales
70,7 Days to Die,Agosto,2023,"  3,169,381 horas","   171,278 horas","   16,429 streamers","   41,674 espectadores",NA,"  4,265 espectadores",   230 canales
29,Dead by Daylight,Septiembre,2023," 13,099,656 horas","   981,695 horas","  104,037 streamers","   50,817 espectadores",NA," 18,219 espectadores"," 1,365 canales"
50,World of Tanks,Septiembre,2023,"  6,325,428 horas","   115,843 horas","    9,796 streamers","   49,132 espectadores",NA,"  8,797 espectadores",NA
133,Dungeons & Dragons,Septiembre,2023,"  1,055,861 horas","    54,081 horas","    6,203 streamers","   29,501 espectadores",NA,"  1,468 espectadores",    75 canales
104,Warframe,Octubre,2023,"  1,882,977 horas","   140,842 horas","   15,640 streamers","   43,597 espectadores",NA,"  2,534 espectadores",NA
134,Dungeons & Dragons,Octubre,2023,"  1,154,680 horas","    55,677 horas","    6,168 streamers","   28,521 espectadores",NA,"  1,554 espectadores",    74 canales
2,League of Legends,Noviembre,2023,"120,768,657 horas"," 2,134,955 horas","  196,176 streamers","2,597,522 espectadores",NA,"167,967 espectadores",NA
4,Grand Theft Auto V,Noviembre,2023,"102,270,036 horas"," 1,793,635 horas","  185,811 streamers","  260,756 espectadores",NA,"142,239 espectadores"," 2,494 canales"
21,Music,Noviembre,2023," 13,587,184 horas","   674,793 horas","   48,443 streamers","   90,484 espectadores",NA,NA,   938 canales
64,Games + Demos,Noviembre,2023,"  3,144,341 horas","   308,969 horas","   82,502 streamers",NA,NA,"  4,373 espectadores",   429 canales
75,Magic: The Gathering,Noviembre,2023,"  2,719,730 horas","    50,459 horas","    5,390 streamers","   16,249 espectadores",NA,"  3,782 espectadores",    70 canales
157,Dungeons & Dragons,Noviembre,2023,"    940,595 horas","    51,847 horas","    6,078 streamers","   24,623 espectadores",NA,"  1,308 espectadores",    72 canales
17,Path of Exile,Diciembre,2023," 22,568,071 horas","   294,282 horas","   13,595 streamers","  252,986 espectadores",NA," 30,374 espectadores",   396 canales
48,Rocket League,Diciembre,2023,"  4,679,530 horas","   554,508 horas","  164,317 streamers","   45,521 espectadores",NA,"  6,298 espectadores",NA
79,Magic: The Gathering,Diciembre,2023,"  2,669,870 horas","    47,388 horas","    5,077 streamers","   26,235 espectadores",NA,"  3,593 espectadores",    63 canales
99,The Sims 4,Diciembre,2023,"  2,080,479 horas","    95,668 horas","   17,876 streamers",NA,NA,"  2,800 espectadores",   128 canales
160,The Elder Scrolls Online,Diciembre,2023,"    884,667 horas","    70,381 horas","    6,743 streamers","    7,440 espectadores",NA,"  1,190 espectadores",    94 canales
22,Tom Clancy's Rainbow Six Siege,Enero,2024," 13,943,000 horas"," 1,214,945 horas","  247,741 streamers",NA,NA," 18,765 espectadores",NA
43,Rocket League,Enero,2024,"  5,569,250 horas","   646,495 horas","  177,240 streamers","   62,996 espectadores",NA,"  7,495 espectadores",   870 canales
56,Talk Shows & Podcasts,Enero,2024,"  4,351,451 horas","   182,562 horas","   14,078 streamers","   63,217 espectadores",NA,"  5,856 espectadores",   245 canales
59,SMITE,Enero,2024,"  4,158,775 horas","   154,379 horas","   17,042 streamers",NA,NA,"  5,597 espectadores",   207 canales
85,Magic: The Gathering,Enero,2024,"  2,620,934 horas","    50,140 horas","    5,285 streamers","   23,766 espectadores",NA,"  3,527 espectadores",    67 canales
97,The Sims 4,Enero,2024,"  2,059,793 horas","   105,189 horas","   19,556 streamers","   14,359 espectadores",NA,NA,   141 canales
126,Warcraft III,Enero,2024,"  1,226,759 horas","    21,449 horas","    1,582 streamers",NA,NA,NA,    28 canales
156,osu!,Enero,2024,"    921,368 horas","   116,280 horas","   23,247 streamers","    8,882 espectadores",NA,NA,   156 canales
37,Rust,Febrero,2024,"  7,586,295 horas","   255,768 horas","   27,453 streamers","   72,450 espectadores",NA," 10,915 espectadores",   368 canales
53,Talk Shows & Podcasts,Febrero,2024,"  4,228,851 horas","   178,627 horas","   14,059 streamers","   75,252 espectadores",NA,"  6,084 espectadores",   257 canales
118,World of Warships,Febrero,2024,"  1,621,683 horas","    44,253 horas","    3,844 streamers","   12,148 espectadores",NA,"  2,333 espectadores",    63 canales
13,Minecraft,Marzo,2024," 21,434,785 horas"," 1,461,713 horas","  290,735 streamers","  204,284 espectadores",NA," 28,848 espectadores",NA
29,Rocket League,Marzo,2024," 11,791,411 horas","   636,431 horas","  173,857 streamers","  382,874 espectadores",NA,NA,   856 canales
60,Tibia,Marzo,2024,"  3,984,288 horas","   145,433 horas","    5,316 streamers","   30,884 espectadores",NA,"  5,362 espectadores",   195 canales
125,Super Mario 64,Marzo,2024,"  1,445,635 horas","    26,474 horas","    3,556 streamers","   14,708 espectadores",NA,"  1,945 espectadores",    35 canales
155,Euro Truck Simulator 2,Marzo,2024,"  1,034,224 horas","    99,474 horas","   17,363 streamers","   35,241 espectadores",NA,"  1,391 espectadores",   133 canales
184,7 Days to Die,Marzo,2024,"    835,837 horas","    92,604 horas","   10,743 streamers","   16,108 espectadores",NA,"  1,124 espectadores",   124 canales
14,World of Warcraft,Abril,2024," 20,780,487 horas","   627,487 horas","   41,504 streamers","  108,696 espectadores",NA,NA,   872 canales
103,StarCraft II,Abril,2024,"  1,866,343 horas","    28,744 horas","    2,508 streamers",NA,NA,"  2,595 espectadores",    39 canales
105,Clash Royale,Abril,2024,"  1,843,751 horas","    24,528 horas","   12,166 streamers",NA,NA,"  2,564 espectadores",    34 canales
108,The Sims 4,Abril,2024,"  1,730,074 horas","    84,867 horas","   15,792 streamers","   26,898 espectadores",NA,"  2,406 espectadores",   118 canales
110,MapleStory,Abril,2024,"  1,603,234 horas","    48,751 horas","    2,155 streamers","   23,905 espectadores",NA,"  2,229 espectadores",    67 canales
3,League of Legends,Mayo,2024,"112,942,948 horas"," 1,795,633 horas","  159,076 streamers","  908,794 espectadores",NA,"152,009 espectadores"," 2,416 canales"
58,World of Tanks,Mayo,2024,"  4,172,737 horas","   101,688 horas","    8,640 streamers",NA,NA,"  5,616 espectadores",   136 canales
116,Super Mario 64,Mayo,2024,"  1,526,163 horas","    28,447 horas","    3,674 streamers","   32,289 espectadores",NA,"  2,054 espectadores",    38 canales
125,Clash Royale,Mayo,2024,"  1,419,399 horas","    22,456 horas","   10,746 streamers","   12,529 espectadores",NA,NA,    30 canales
17,Dead by Daylight,Junio,2024," 17,772,985 horas"," 1,298,827 horas","  119,898 streamers",NA,NA," 24,719 espectadores"," 1,806 canales"
21,Tom Clancy's Rainbow Six Siege,Junio,2024," 16,275,657 horas"," 1,152,162 horas","  225,129 streamers","  125,780 espectadores",NA," 22,636 espectadores"," 1,602 canales"
30,Hearthstone,Junio,2024," 10,321,380 horas","    94,564 horas","    8,881 streamers",NA,NA,NA,   131 canales
38,World of Tanks,Junio,2024,"  6,807,496 horas","    96,807 horas","    7,954 streamers","   55,822 espectadores",NA,"  9,468 espectadores",   134 canales
49,Talk Shows & Podcasts,Junio,2024,"  4,827,374 horas","   178,630 horas","   12,846 streamers","   83,222 espectadores",NA,"  6,714 espectadores",NA
92,MapleStory,Junio,2024,"  1,741,032 horas","    51,131 horas","    2,338 streamers","   14,062 espectadores",NA,"  2,421 espectadores",NA
111,The Elder Scrolls Online,Junio,2024,"  1,338,111 horas","    81,085 horas","    7,411 streamers","   13,053 espectadores",NA,"  1,861 espectadores",   112 canales
56,Tibia,Julio,2024,"  4,407,359 horas","   158,162 horas","    5,410 streamers","   13,109 espectadores",NA,"  5,931 espectadores",NA
57,Talk Shows & Podcasts,Julio,2024,"  4,135,063 horas","   185,618 horas","   12,592 streamers","   57,806 espectadores",NA,"  5,565 espectadores",   249 canales
79,Magic: The Gathering,Julio,2024,"  2,468,333 horas","    48,932 horas","    5,589 streamers","   16,080 espectadores",NA,"  3,322 espectadores",    65 canales
92,SMITE,Julio,2024,"  1,729,847 horas","    86,498 horas","    9,309 streamers","    5,344 espectadores",NA,"  2,328 espectadores",   116 canales
144,Warcraft III,Julio,2024,"    917,836 horas","    16,881 horas","    1,211 streamers","   17,825 espectadores",NA,"  1,235 espectadores",    22 canales
121,SMITE,Agosto,2024,"  1,448,531 horas","    83,422 horas","    9,246 streamers",NA,NA,"  1,949 espectadores",   112 canales
171,Heroes of the Storm,Agosto,2024,"    804,213 horas","    26,888 horas","    1,932 streamers",NA,NA,"  1,082 espectadores",    36 canales
172,osu!,Agosto,2024,"    800,935 horas","   103,966 horas","   19,790 streamers","    8,179 espectadores",NA,"  1,077 espectadores",   139 canales
45,Path of Exile,Septiembre,2024,"  5,756,025 horas","   119,169 horas","    6,140 streamers","   41,096 espectadores",NA,"  8,005 espectadores",   165 canales
55,Games + Demos,Septiembre,2024,"  3,995,622 horas","   360,606 horas","   92,096 streamers","   80,141 espectadores",NA,"  5,557 espectadores",   501 canales
115,The Sims 4,Septiembre,2024,"  1,709,935 horas","    81,973 horas","   14,440 streamers","   26,879 espectadores",NA,"  2,378 espectadores",NA
133,Warcraft III,Septiembre,2024,"  1,339,034 horas","    19,079 horas","    1,314 streamers","   14,254 espectadores",NA,"  1,862 espectadores",    26 canales
145,StarCraft II,Septiembre,2024,"  1,125,190 horas","    24,339 horas","    2,101 streamers","   10,943 espectadores",NA,"  1,564 espectadores",    33 canales
