age,job,marital,education,default,balance,housing,loan,contact,day,month,duration,campaign,previous,y
30,unemployed,married,primary,no,6787,no,no,cellular,19,oct,79,1,0,no
33,services,married,secondary,no,9789,yes,yes,cellular,11,may,220,1,4,no
35,management,single,tertiary,no,6350,yes,no,cellular,16,apr,185,1,1,no
30,management,married,tertiary,no,6476,yes,yes,,3,jun,199,4,0,no
59,blue-collar,married,secondary,no,5000,yes,no,,5,may,226,1,0,no
35,management,single,tertiary,no,5747,no,no,cellular,23,feb,141,2,3,no
36,self-employed,married,tertiary,no,5307,yes,no,cellular,14,may,341,1,2,no
39,technician,married,secondary,no,5147,yes,no,cellular,6,may,151,2,0,no
41,entrepreneur,married,tertiary,no,5221,yes,no,,14,may,57,2,0,no
43,services,married,primary,no,4912,yes,yes,cellular,17,apr,313,1,2,no
39,services,married,secondary,no,14374,yes,no,,20,may,273,1,0,no
43,admin.,married,secondary,no,5264,yes,no,cellular,17,apr,113,2,0,no
36,technician,married,tertiary,no,6109,no,no,cellular,13,aug,328,2,0,no
20,student,single,secondary,no,5502,no,no,cellular,30,apr,261,1,0,yes
31,blue-collar,married,secondary,no,5360,yes,yes,cellular,29,jan,89,1,1,no
40,management,married,tertiary,no,5194,no,yes,cellular,29,aug,189,2,0,no
56,technician,married,secondary,no,9073,no,no,cellular,27,aug,239,5,0,no
37,admin.,single,tertiary,no,7317,yes,no,cellular,20,apr,114,1,2,no
25,blue-collar,single,primary,no,4779,yes,no,,23,may,250,1,0,no
31,services,married,secondary,no,5132,no,no,cellular,7,jul,148,1,1,no
38,management,divorced,,no,5000,yes,no,cellular,18,nov,96,2,0,no
42,management,divorced,tertiary,no,5016,no,no,cellular,19,nov,140,3,0,no
44,services,single,secondary,no,5106,no,no,,12,jun,109,2,0,no
44,entrepreneur,married,secondary,no,5093,no,no,cellular,7,jul,125,2,0,no
26,housemaid,married,tertiary,no,5543,no,no,cellular,30,jan,169,3,0,no
41,management,married,tertiary,no,10883,no,no,cellular,20,nov,182,2,0,no
55,blue-collar,married,primary,no,5627,yes,no,,5,may,247,1,0,no
67,retired,married,,no,5696,no,no,telephone,17,aug,119,1,2,no
56,self-employed,married,secondary,no,5784,no,yes,cellular,30,jul,149,2,0,no
53,admin.,married,secondary,no,5105,no,yes,cellular,21,aug,74,2,0,no
68,retired,divorced,secondary,no,9189,no,no,telephone,14,jul,897,2,0,yes
31,technician,married,secondary,no,5171,no,no,cellular,27,aug,81,3,0,no
59,management,married,secondary,no,5042,no,no,cellular,21,nov,40,1,0,no
32,management,single,tertiary,no,7536,yes,no,cellular,26,aug,958,6,0,yes
49,technician,married,tertiary,no,6235,no,no,cellular,13,aug,354,3,0,yes
42,admin.,divorced,secondary,no,6811,yes,no,,14,may,150,1,0,no
78,retired,divorced,primary,no,5229,no,no,telephone,22,oct,97,1,0,yes
32,blue-collar,married,secondary,no,7089,yes,no,cellular,14,nov,132,1,0,yes
33,management,married,secondary,no,8935,yes,no,cellular,6,may,765,1,2,yes
23,services,single,tertiary,no,5363,yes,no,,30,may,,18,0,no
38,management,single,tertiary,no,,yes,no,,17,nov,609,2,3,no
36,management,single,tertiary,no,5553,no,no,cellular,11,aug,106,2,0,no
52,blue-collar,married,secondary,no,6117,yes,no,cellular,13,may,365,1,0,no
32,technician,married,tertiary,no,5396,yes,no,cellular,13,may,205,3,0,no
32,technician,single,tertiary,no,7204,yes,no,cellular,21,nov,,4,0,no
34,management,single,tertiary,no,5872,yes,no,,7,may,105,2,0,no
55,blue-collar,married,primary,no,5145,no,no,telephone,2,feb,59,3,2,no
26,blue-collar,married,primary,no,5000,yes,no,,21,may,425,1,0,no
32,entrepreneur,single,primary,yes,4151,yes,yes,cellular,4,feb,204,1,0,no
61,admin.,married,,no,9629,yes,no,cellular,27,jan,181,1,1,yes
45,blue-collar,divorced,primary,no,5844,no,no,,5,jun,1018,3,0,yes
37,technician,single,secondary,no,5228,yes,no,cellular,20,aug,,2,0,no
38,technician,single,secondary,no,5050,no,no,cellular,29,aug,98,2,0,no
34,technician,married,tertiary,no,6539,yes,no,cellular,15,jun,441,1,1,yes
53,blue-collar,married,secondary,no,7231,yes,no,cellular,14,jul,272,3,0,no
48,admin.,married,secondary,no,8064,yes,no,telephone,15,jul,159,2,0,no
57,management,married,secondary,no,5082,no,yes,telephone,4,feb,140,1,0,no
33,self-employed,single,tertiary,no,7155,no,no,cellular,17,nov,295,1,0,no
36,retired,single,secondary,no,5101,yes,yes,,26,may,314,1,0,no
54,technician,divorced,secondary,no,5784,yes,yes,,15,may,579,1,0,no
41,blue-collar,married,primary,no,4484,no,yes,telephone,8,jul,554,3,0,no
63,retired,married,secondary,no,5415,yes,no,cellular,7,oct,323,1,0,no
48,management,married,tertiary,no,10887,no,no,cellular,13,aug,227,2,0,no
48,services,married,secondary,no,6355,no,no,cellular,4,jul,134,2,0,no
56,admin.,married,secondary,no,,no,no,cellular,7,oct,223,1,0,no
51,blue-collar,divorced,secondary,no,5203,yes,no,cellular,8,may,134,1,5,no
31,services,married,secondary,no,5338,yes,no,cellular,28,jan,155,1,0,no
29,technician,married,secondary,no,5444,yes,no,cellular,21,jul,130,4,0,no
41,management,married,secondary,no,5000,no,yes,cellular,7,jul,630,3,0,no
32,technician,single,tertiary,no,5360,no,no,cellular,19,nov,164,2,0,no
37,management,married,tertiary,no,5000,no,no,cellular,16,jul,268,2,3,yes
42,entrepreneur,divorced,tertiary,yes,5002,yes,no,,5,may,380,1,0,no
31,management,single,tertiary,no,11248,yes,no,,9,may,154,2,0,no
41,services,married,tertiary,no,5412,yes,no,,3,jun,154,5,0,no
56,retired,married,secondary,no,5344,yes,no,,15,may,221,1,0,no
54,management,divorced,tertiary,no,8222,no,no,cellular,14,aug,67,2,0,no
41,blue-collar,divorced,secondary,no,5174,yes,no,cellular,14,may,367,2,1,no
40,technician,single,secondary,no,5591,no,yes,cellular,14,aug,87,6,0,no
50,blue-collar,divorced,primary,no,5388,no,no,cellular,5,feb,701,1,0,no
40,unemployed,married,secondary,no,5219,yes,no,cellular,17,nov,204,2,1,no
27,admin.,divorced,secondary,no,5451,yes,no,cellular,16,jul,652,1,0,yes
60,retired,married,primary,no,5005,no,no,cellular,26,aug,63,2,0,no
28,admin.,single,secondary,no,5177,yes,yes,cellular,6,may,150,1,0,no
52,services,married,secondary,no,5657,no,no,telephone,7,jul,398,2,2,yes
37,management,married,tertiary,no,6315,no,no,cellular,30,jun,224,1,0,yes
51,blue-collar,married,primary,no,6466,yes,no,,7,may,406,2,0,no
41,technician,single,secondary,no,5879,no,yes,cellular,7,jul,60,4,0,no
35,blue-collar,single,primary,no,5293,yes,no,,30,may,521,2,0,no
38,admin.,married,secondary,no,5424,yes,no,cellular,17,apr,279,1,0,no
34,blue-collar,married,secondary,no,6831,yes,no,,20,may,203,2,0,no
39,blue-collar,married,primary,no,5111,no,no,cellular,18,nov,201,2,0,no
34,blue-collar,married,primary,no,5455,yes,no,,20,jun,372,3,0,no
27,services,single,secondary,no,4805,yes,no,cellular,18,may,391,1,0,yes
32,management,single,tertiary,no,8616,no,no,cellular,14,aug,165,2,0,no
57,blue-collar,married,secondary,no,,no,no,cellular,11,aug,231,5,0,no
41,blue-collar,single,tertiary,no,6567,no,no,cellular,1,jul,291,2,0,no
41,admin.,married,tertiary,no,10426,yes,no,,14,may,149,2,0,no
30,admin.,single,tertiary,no,5261,no,no,cellular,19,oct,233,1,20,no
36,blue-collar,divorced,secondary,no,7843,no,no,cellular,12,feb,473,1,1,no
31,unemployed,single,primary,no,,no,no,cellular,4,feb,736,1,0,yes
36,blue-collar,married,secondary,no,5000,yes,no,,6,may,337,1,0,no
38,management,single,tertiary,no,5493,yes,no,cellular,11,may,553,1,7,no
49,technician,married,secondary,no,10996,no,no,telephone,21,nov,345,2,0,no
57,services,single,primary,no,8777,yes,no,telephone,13,may,65,2,0,no
34,management,single,secondary,no,5524,no,no,,13,aug,,1,0,no
32,management,single,tertiary,no,5574,yes,no,cellular,14,apr,259,2,3,no
37,blue-collar,married,secondary,no,5427,yes,yes,,9,jun,371,3,0,no
33,self-employed,married,tertiary,no,5483,yes,no,cellular,3,feb,280,2,0,no
56,unemployed,married,primary,no,8391,no,no,cellular,21,apr,243,1,0,yes
27,housemaid,married,primary,no,5000,yes,no,cellular,23,jul,435,3,0,no
21,student,single,secondary,no,7488,no,no,cellular,30,jun,258,6,3,yes
58,management,married,tertiary,no,6517,yes,no,telephone,29,jul,,5,0,no
32,self-employed,married,secondary,no,5217,yes,yes,cellular,15,jul,317,5,0,no
33,blue-collar,single,secondary,no,5022,no,no,cellular,30,jan,76,2,1,no
25,student,single,secondary,no,5331,no,no,telephone,26,aug,170,4,0,yes
25,technician,single,secondary,no,5505,no,yes,cellular,17,nov,386,2,0,yes
30,services,married,secondary,no,6808,yes,no,cellular,18,may,83,2,0,no
22,admin.,single,secondary,no,9111,no,yes,cellular,19,aug,65,1,0,no
39,blue-collar,married,primary,no,5052,no,no,cellular,13,aug,69,1,0,no
46,management,divorced,tertiary,no,5025,no,no,,17,jun,564,2,0,no
31,admin.,divorced,secondary,no,6890,yes,no,cellular,21,jul,588,1,0,no
45,blue-collar,married,primary,no,5419,no,no,cellular,18,aug,113,4,0,no
32,technician,married,secondary,no,7693,yes,no,,21,may,,1,0,no
36,blue-collar,married,secondary,no,4769,no,yes,cellular,15,jul,779,2,0,no
51,management,single,tertiary,yes,4945,yes,no,cellular,11,may,281,2,6,no
34,self-employed,single,tertiary,no,5462,no,no,cellular,21,aug,,3,0,yes
24,unemployed,single,secondary,no,5119,no,no,,15,sep,51,1,0,no
45,technician,single,secondary,no,5586,no,yes,cellular,28,jul,32,3,0,no
32,blue-collar,single,secondary,no,5228,no,no,telephone,5,feb,176,1,3,no
77,retired,divorced,tertiary,no,9659,no,no,cellular,14,apr,161,1,0,yes
41,blue-collar,married,primary,no,5168,yes,no,cellular,18,nov,187,3,0,no
37,blue-collar,married,primary,no,5000,yes,no,,26,may,24,1,0,no
43,blue-collar,married,,yes,4285,yes,no,,30,may,67,3,0,no
48,admin.,married,,no,5000,yes,no,cellular,8,may,85,1,2,no
27,technician,single,secondary,no,5769,yes,no,,9,may,317,2,0,no
33,management,single,tertiary,no,5000,no,no,cellular,28,aug,236,10,0,no
29,admin.,single,secondary,no,5428,yes,yes,cellular,7,may,54,1,2,no
34,management,single,tertiary,no,5000,no,no,cellular,5,feb,71,1,0,no
52,management,married,tertiary,no,4030,yes,no,cellular,4,feb,489,1,0,yes
60,management,married,,no,11313,no,no,,19,jun,39,2,0,no
32,management,divorced,tertiary,no,5948,no,no,cellular,12,aug,204,2,0,no
32,management,single,tertiary,no,5000,yes,no,cellular,22,jul,455,2,0,no
56,services,divorced,,no,6877,yes,no,,30,may,86,1,0,no
31,management,single,tertiary,no,5874,yes,no,cellular,18,nov,190,2,0,no
42,admin.,married,secondary,no,5323,yes,yes,,8,may,280,2,0,no
35,management,married,tertiary,no,5106,no,yes,cellular,11,aug,588,2,0,no
56,retired,married,primary,no,6906,no,yes,,19,jun,45,9,0,no
48,technician,married,secondary,no,6152,yes,no,cellular,21,jul,168,5,0,no
46,admin.,married,secondary,no,5179,yes,no,cellular,29,jan,194,4,1,no
37,technician,single,,no,5391,yes,no,,8,may,103,3,0,no
41,entrepreneur,married,,no,5089,yes,no,,6,may,333,2,0,no
36,management,single,tertiary,no,5442,yes,yes,cellular,29,jul,102,3,0,no
45,unemployed,divorced,primary,yes,4751,yes,yes,,1,jul,92,1,0,no
55,entrepreneur,married,secondary,no,13104,no,no,cellular,6,feb,213,2,0,no
39,technician,married,secondary,no,5501,no,no,,26,may,289,1,0,no
35,technician,divorced,secondary,no,5308,no,no,cellular,22,aug,77,2,0,no
55,admin.,married,secondary,no,5602,no,no,cellular,1,jun,324,3,2,yes
55,technician,married,secondary,no,5273,yes,no,cellular,29,jan,84,3,3,no
27,self-employed,single,secondary,no,5050,no,no,cellular,29,jan,168,1,0,no
34,technician,married,secondary,no,6641,yes,no,cellular,17,apr,380,1,0,no
34,blue-collar,married,tertiary,no,5020,no,no,,4,oct,,1,0,no
25,admin.,single,secondary,no,9590,yes,no,,28,may,199,2,0,no
41,admin.,single,secondary,no,4744,no,yes,,9,may,35,3,0,no
43,services,married,secondary,no,5978,yes,yes,,26,may,82,2,0,no
28,management,single,tertiary,no,5080,no,no,cellular,20,oct,676,2,2,yes
31,admin.,single,secondary,no,7104,yes,no,,3,jun,455,1,0,no
78,housemaid,married,secondary,no,5499,no,no,telephone,16,mar,80,4,0,no
45,blue-collar,divorced,secondary,no,6269,yes,no,cellular,29,jan,549,2,0,no
48,technician,married,tertiary,no,5310,no,no,,6,may,135,1,0,no
32,blue-collar,single,secondary,no,6143,yes,yes,cellular,10,jul,412,1,0,no
42,technician,married,secondary,no,7980,no,no,,20,jun,101,3,0,no
37,management,single,tertiary,no,5037,no,no,cellular,28,jan,253,2,0,no
40,admin.,single,secondary,no,5462,yes,yes,cellular,6,apr,272,1,4,no
32,admin.,married,secondary,no,6031,yes,no,cellular,17,jul,84,1,0,no
42,management,married,tertiary,no,14009,no,no,cellular,20,nov,135,2,0,no
43,admin.,married,secondary,no,4535,yes,yes,cellular,23,jul,166,1,0,no
44,admin.,married,secondary,no,10181,yes,yes,cellular,31,jul,,7,0,no
37,admin.,married,secondary,no,5176,yes,no,cellular,5,may,147,2,1,no
37,blue-collar,married,,no,6699,no,no,,9,jun,63,1,0,no
37,admin.,married,tertiary,no,5000,yes,no,cellular,17,nov,65,2,1,no
28,technician,single,tertiary,no,5172,yes,yes,cellular,2,feb,194,2,0,no
32,services,single,secondary,no,5000,no,yes,cellular,11,jul,333,2,0,no
34,admin.,single,secondary,no,11979,yes,no,cellular,15,may,,5,0,no
40,admin.,divorced,secondary,no,5006,no,no,,11,jun,140,1,0,no
34,services,married,secondary,no,4938,yes,no,,16,jun,109,3,0,no
34,self-employed,married,tertiary,no,6972,yes,no,cellular,23,jul,61,2,0,no
34,admin.,married,tertiary,no,5899,yes,no,telephone,19,nov,377,3,4,no
37,services,single,secondary,no,5021,yes,no,cellular,2,feb,96,1,2,no
36,technician,married,secondary,no,5023,yes,no,cellular,8,may,152,2,1,no
56,retired,married,secondary,no,3794,yes,no,cellular,15,jun,382,2,0,yes
49,blue-collar,married,primary,no,5000,yes,yes,telephone,23,jul,97,6,0,no
33,self-employed,married,secondary,no,5215,yes,no,cellular,29,jul,543,12,0,no
30,management,single,tertiary,no,6372,no,no,cellular,20,nov,240,2,0,no
36,services,married,secondary,no,6981,no,no,,17,jun,48,2,0,no
23,student,single,secondary,no,14216,no,no,cellular,5,jun,471,2,0,no
57,retired,divorced,secondary,no,5039,yes,no,cellular,30,jul,354,3,0,no
27,blue-collar,single,secondary,no,10563,yes,no,,30,may,435,2,0,no
38,services,married,secondary,no,5001,no,yes,cellular,21,nov,152,2,0,no
42,technician,married,tertiary,no,5782,no,no,cellular,3,apr,285,1,0,no
75,retired,married,secondary,no,,no,no,telephone,15,apr,185,1,2,yes
34,technician,single,tertiary,no,5992,yes,no,cellular,4,may,301,1,2,no
48,technician,married,secondary,no,6526,no,no,cellular,6,aug,273,2,0,no
35,technician,single,tertiary,no,7658,yes,no,cellular,19,aug,768,2,3,yes
39,management,divorced,tertiary,no,6315,yes,no,cellular,19,nov,1337,4,1,no
29,blue-collar,single,tertiary,no,5455,no,no,telephone,21,apr,403,1,0,yes
45,technician,single,tertiary,no,5000,yes,no,cellular,18,nov,139,2,0,no
42,technician,married,secondary,no,7030,yes,yes,cellular,9,jul,196,1,0,no
29,technician,married,secondary,no,6599,yes,no,cellular,8,jul,115,1,1,no
38,services,single,secondary,no,4804,yes,no,cellular,2,feb,60,1,1,no
56,retired,married,secondary,no,6333,no,no,cellular,28,aug,,14,0,no
36,technician,single,secondary,no,14149,yes,no,cellular,13,aug,141,3,0,no
25,blue-collar,single,secondary,no,4650,yes,no,,23,jun,95,3,0,no
38,technician,married,tertiary,no,5432,yes,no,cellular,15,may,,2,1,no
57,self-employed,married,secondary,no,,no,no,cellular,19,nov,198,1,0,no
31,management,married,tertiary,yes,4747,no,no,cellular,12,aug,220,4,0,no
42,management,married,tertiary,no,5372,yes,no,cellular,3,aug,654,2,0,yes
45,technician,married,secondary,no,6410,no,no,cellular,11,aug,71,2,0,no
30,blue-collar,married,secondary,no,5975,yes,no,cellular,13,may,256,2,2,no
49,blue-collar,married,primary,no,5305,yes,yes,telephone,10,jul,834,10,0,no
49,services,married,secondary,no,5400,no,no,cellular,21,aug,151,3,0,no
53,retired,married,tertiary,no,4978,yes,no,cellular,31,jul,20,3,0,no
37,technician,married,secondary,no,9030,yes,no,,26,may,178,5,0,no
49,blue-collar,married,primary,no,5365,no,no,,26,may,59,2,0,no
41,self-employed,married,primary,no,5204,no,no,cellular,13,aug,111,7,0,no
54,management,married,primary,no,6691,yes,no,cellular,20,nov,186,1,0,no
32,services,single,secondary,no,5406,yes,no,,6,may,227,1,0,no
33,technician,married,secondary,no,4796,no,no,cellular,15,may,297,3,0,no
33,technician,married,secondary,no,5359,yes,no,cellular,20,apr,210,1,1,no
36,blue-collar,married,primary,no,5123,yes,no,cellular,18,may,,1,0,no
35,technician,married,tertiary,no,5000,yes,yes,cellular,23,sep,112,1,6,no
52,blue-collar,married,secondary,no,5142,no,no,cellular,25,aug,112,6,0,no
40,entrepreneur,married,tertiary,no,8571,no,no,,9,jun,222,3,0,no
44,technician,single,secondary,no,5033,yes,no,cellular,13,may,195,3,10,no
45,blue-collar,single,secondary,no,5000,yes,no,cellular,26,jul,768,2,5,no
30,student,single,secondary,no,8096,no,no,cellular,26,jan,123,1,0,no
48,technician,divorced,secondary,yes,5020,no,no,cellular,27,aug,145,3,0,no
33,blue-collar,married,secondary,no,8576,yes,no,cellular,2,apr,124,1,2,no
57,technician,married,,no,5206,yes,no,,5,may,216,3,0,no
57,housemaid,married,primary,no,12082,no,no,,6,jun,69,3,0,no
51,unemployed,married,tertiary,no,6634,yes,no,cellular,22,jul,168,4,0,no
34,admin.,single,secondary,no,5001,yes,no,cellular,22,jul,483,7,0,no
50,self-employed,married,tertiary,no,9012,no,no,cellular,19,nov,690,3,0,no
44,management,married,tertiary,no,8762,no,no,cellular,28,aug,125,12,0,no
27,admin.,married,secondary,no,4753,yes,yes,,4,jun,344,2,0,no
50,blue-collar,married,secondary,no,5606,yes,no,,14,may,673,2,0,no
36,management,married,tertiary,no,5000,yes,no,cellular,28,jan,60,1,1,no
42,management,married,secondary,no,4811,yes,no,,12,may,247,2,0,no
32,unemployed,single,secondary,no,5000,no,no,cellular,27,may,123,2,0,no
42,management,married,tertiary,no,5484,yes,no,cellular,11,jul,144,2,0,no
43,technician,married,secondary,no,5000,no,yes,cellular,8,may,,2,5,no
31,management,married,tertiary,no,5395,yes,no,cellular,9,feb,155,3,0,no
32,management,married,tertiary,no,7349,no,no,cellular,14,aug,134,5,0,no
55,blue-collar,divorced,primary,no,5410,no,yes,cellular,11,jul,221,2,0,no
58,retired,married,primary,no,8401,yes,no,cellular,3,feb,84,3,2,no
46,blue-collar,married,primary,no,5222,no,no,cellular,8,aug,71,2,0,no
55,blue-collar,married,secondary,no,5989,yes,yes,,23,may,246,4,0,no
34,management,married,tertiary,no,5415,no,yes,cellular,23,jul,361,2,0,no
28,unemployed,single,secondary,no,5016,no,no,cellular,12,aug,119,4,0,no
42,technician,divorced,tertiary,no,12190,yes,no,cellular,29,jul,375,2,0,no
29,blue-collar,single,secondary,no,5482,no,yes,cellular,10,jul,1097,3,0,yes
54,housemaid,married,secondary,no,5209,yes,yes,cellular,25,jul,97,1,0,no
32,technician,single,secondary,no,5000,no,no,cellular,26,aug,181,2,0,no
39,technician,single,tertiary,no,10803,no,no,cellular,2,feb,83,3,0,no
53,entrepreneur,married,tertiary,no,5624,no,yes,cellular,21,jul,180,4,0,no
58,technician,married,tertiary,no,5883,no,no,cellular,18,aug,543,1,2,no
40,self-employed,married,secondary,no,6516,yes,yes,,23,may,373,1,0,no
29,student,single,secondary,no,5872,yes,no,,7,may,230,1,0,no
33,technician,married,tertiary,no,4012,yes,yes,cellular,15,jul,83,3,0,no
38,admin.,single,secondary,no,5902,yes,no,telephone,31,jul,58,13,0,no
56,services,divorced,secondary,no,6007,no,no,cellular,29,jul,88,6,0,no
40,services,married,secondary,no,5000,yes,no,cellular,2,jun,297,1,3,no
24,blue-collar,single,secondary,no,5174,yes,yes,cellular,18,may,487,1,0,yes
46,management,married,secondary,no,,no,no,,20,jun,29,3,0,no
35,self-employed,married,secondary,no,5524,yes,no,cellular,21,nov,484,4,0,no
35,blue-collar,single,tertiary,no,5000,yes,no,cellular,21,jul,262,4,0,no
34,technician,married,secondary,no,5004,yes,no,,15,may,644,1,0,no
35,housemaid,married,tertiary,no,,no,no,cellular,12,aug,699,2,1,no
38,technician,single,tertiary,no,5000,no,no,cellular,28,aug,247,2,0,no
50,blue-collar,married,primary,no,10776,no,no,cellular,18,nov,49,3,0,no
51,blue-collar,divorced,primary,no,5037,yes,no,cellular,13,may,341,1,0,no
59,self-employed,married,tertiary,no,5593,no,no,,13,may,64,2,0,no
32,blue-collar,married,secondary,no,6148,yes,no,cellular,20,apr,121,1,0,no
37,blue-collar,single,secondary,no,8561,yes,no,,2,jun,98,1,0,no
42,admin.,divorced,secondary,no,5063,no,no,,16,may,88,6,0,no
40,student,married,secondary,no,5260,no,no,,20,jun,197,6,0,no
28,technician,single,tertiary,no,7269,yes,no,,9,may,331,1,0,no
47,admin.,married,secondary,no,6060,yes,no,,6,jun,83,3,0,no
27,self-employed,married,secondary,no,4780,yes,no,,26,may,138,2,0,no
41,management,married,tertiary,no,5049,yes,no,cellular,17,jul,312,5,0,no
34,admin.,married,tertiary,no,5069,no,yes,cellular,4,aug,120,3,6,yes
50,blue-collar,married,primary,no,9108,yes,no,cellular,7,aug,526,2,0,yes
47,blue-collar,married,secondary,no,5480,yes,no,,28,may,211,2,0,no
53,services,married,secondary,no,9994,no,no,cellular,18,aug,62,6,0,no
53,technician,divorced,secondary,no,5000,yes,yes,cellular,15,jul,135,5,0,no
47,management,married,tertiary,no,8681,no,no,cellular,14,aug,101,2,0,no
49,entrepreneur,divorced,,yes,4299,yes,no,cellular,30,jul,988,2,0,yes
29,management,married,tertiary,no,5451,no,no,cellular,28,jan,451,1,0,no
45,blue-collar,divorced,primary,no,4689,yes,no,,23,may,1030,1,0,yes
38,entrepreneur,married,secondary,no,5593,yes,yes,cellular,24,jul,1484,24,0,yes
32,blue-collar,married,secondary,no,,yes,no,cellular,9,apr,317,5,0,yes
70,retired,divorced,primary,no,9531,no,no,cellular,18,may,445,1,0,no
65,retired,divorced,primary,no,6840,no,no,cellular,1,jun,383,2,5,no
56,blue-collar,married,secondary,no,5345,yes,no,telephone,22,jul,605,1,0,no
35,blue-collar,married,secondary,no,6287,yes,no,cellular,14,jul,330,2,0,no
56,management,married,,no,5353,no,yes,cellular,25,jul,171,2,0,no
56,technician,married,secondary,no,5205,no,yes,cellular,23,jul,442,2,0,no
49,entrepreneur,married,secondary,no,5687,yes,no,cellular,17,apr,772,1,0,yes
38,unemployed,married,primary,no,6147,yes,yes,,8,may,249,5,0,no
35,management,married,tertiary,no,9286,yes,no,,9,may,357,1,0,no
38,admin.,married,tertiary,no,5605,no,no,cellular,18,nov,147,2,0,no
49,blue-collar,married,secondary,no,13545,yes,yes,cellular,6,may,199,7,1,no
55,management,married,,no,5559,no,no,cellular,28,jan,271,2,0,no
43,blue-collar,single,primary,no,5002,yes,no,cellular,30,jul,783,3,0,no
43,management,married,tertiary,no,5002,no,yes,cellular,20,aug,472,2,0,no
25,admin.,single,tertiary,no,5760,yes,no,cellular,27,may,223,3,2,yes
30,blue-collar,married,primary,no,6317,yes,no,,21,may,395,2,0,no
46,blue-collar,married,secondary,no,5182,no,no,cellular,4,feb,56,1,0,no
50,admin.,married,primary,no,5276,no,yes,,17,jun,641,6,0,no
35,entrepreneur,married,secondary,no,7971,no,no,cellular,4,may,429,4,2,yes
26,unemployed,single,secondary,no,6064,no,no,,31,may,113,1,0,no
45,admin.,married,,no,6783,no,no,,20,jun,,11,0,no
37,blue-collar,married,secondary,no,4933,no,no,cellular,2,feb,157,1,0,no
60,self-employed,single,tertiary,no,5179,no,yes,cellular,29,jul,79,4,0,no
38,management,married,tertiary,no,6199,no,no,cellular,4,aug,178,1,1,yes
47,blue-collar,married,primary,no,5214,yes,yes,,9,jun,168,1,0,no
33,technician,married,secondary,no,11699,no,no,cellular,9,nov,425,1,1,no
51,unemployed,married,secondary,no,6760,no,yes,cellular,19,nov,162,1,0,no
35,entrepreneur,single,tertiary,no,5145,yes,no,cellular,18,jul,799,2,0,yes
35,unemployed,married,secondary,no,5978,no,no,cellular,29,dec,1370,3,3,yes
48,admin.,single,secondary,no,6150,yes,no,,28,may,357,1,0,no
37,admin.,married,secondary,no,5121,no,no,cellular,22,jul,22,6,0,no
29,technician,single,tertiary,no,5828,yes,no,cellular,16,apr,215,3,3,no
34,admin.,married,secondary,no,5244,yes,no,cellular,31,jul,56,4,0,no
32,services,married,primary,no,5228,yes,no,cellular,21,jul,1017,6,0,yes
30,management,single,tertiary,no,5424,no,no,cellular,16,apr,298,4,0,yes
47,management,divorced,tertiary,no,5447,no,yes,,7,may,126,1,0,no
33,blue-collar,married,primary,no,4805,no,no,,20,sep,,1,0,no
33,management,single,tertiary,no,6410,yes,no,cellular,5,feb,,1,5,no
63,retired,married,primary,no,6084,no,no,cellular,14,oct,201,1,1,no
51,self-employed,divorced,primary,no,,no,no,cellular,6,may,106,2,0,no
41,management,married,tertiary,no,5832,yes,yes,cellular,21,nov,164,1,1,no
56,retired,married,tertiary,no,5478,no,no,cellular,5,feb,97,1,0,no
60,management,single,tertiary,no,5000,no,yes,cellular,23,jul,151,1,0,no
41,self-employed,single,tertiary,no,8950,yes,no,,30,may,96,2,0,no
37,management,single,,no,5504,yes,no,cellular,16,apr,555,1,0,no
36,blue-collar,single,secondary,no,5219,yes,yes,cellular,11,may,270,2,1,no
57,management,married,tertiary,no,6602,no,no,cellular,29,jul,339,3,0,no
55,management,married,primary,no,7587,no,no,cellular,4,sep,328,2,2,yes
44,admin.,married,secondary,no,5000,yes,yes,,16,may,159,1,0,no
47,self-employed,married,tertiary,no,7303,yes,no,cellular,6,may,323,2,1,no
31,blue-collar,married,secondary,no,6660,yes,no,cellular,20,apr,342,1,0,no
35,management,married,tertiary,yes,5032,yes,no,cellular,21,nov,180,1,0,no
39,management,married,tertiary,no,5278,no,yes,cellular,28,jul,60,3,0,no
50,management,married,tertiary,no,5004,no,no,cellular,17,nov,223,1,2,no
29,management,married,tertiary,no,5318,yes,no,cellular,18,may,1434,2,4,no
30,services,single,secondary,no,5209,yes,no,,6,may,30,2,0,no
46,services,married,secondary,no,5271,yes,no,,16,may,134,4,0,no
27,management,single,,no,8196,no,no,cellular,9,feb,,2,0,no
48,admin.,divorced,secondary,no,9099,no,no,cellular,2,apr,397,2,0,yes
26,student,single,secondary,no,7572,yes,no,cellular,5,may,620,1,0,no
36,management,single,tertiary,no,5339,no,no,cellular,21,nov,,6,0,no
42,blue-collar,married,primary,no,5000,yes,yes,cellular,7,may,209,2,0,no
50,housemaid,married,primary,no,5395,yes,no,,15,may,419,2,0,no
49,blue-collar,married,secondary,no,7039,yes,no,cellular,18,nov,283,2,0,no
45,management,married,tertiary,no,10450,no,no,cellular,8,aug,188,2,0,no
23,student,single,secondary,no,5780,no,no,cellular,16,sep,267,1,0,no
38,technician,single,secondary,no,5000,yes,no,cellular,7,apr,196,2,0,no
32,management,single,tertiary,no,13436,yes,no,cellular,17,apr,245,1,2,no
60,technician,single,primary,no,,no,no,cellular,26,aug,323,1,0,yes
30,entrepreneur,married,secondary,no,5946,yes,no,cellular,19,nov,1065,1,1,no
58,housemaid,married,tertiary,no,5497,no,no,,11,jun,138,5,0,no
60,retired,married,primary,no,5055,no,no,cellular,4,jun,207,1,0,no
38,services,married,secondary,no,4860,no,no,,25,jun,456,3,0,no
51,technician,married,secondary,no,4621,yes,no,cellular,5,aug,261,1,0,no
42,admin.,married,secondary,no,4604,yes,no,cellular,11,may,80,1,4,no
30,services,single,secondary,no,5000,yes,no,cellular,18,may,131,6,9,no
40,management,married,primary,no,5733,yes,no,,6,jun,94,7,0,no
37,management,married,tertiary,no,5393,yes,no,cellular,14,may,567,3,4,yes
53,technician,divorced,primary,no,12290,yes,no,,30,may,153,1,0,no
27,services,single,secondary,no,5468,yes,no,cellular,13,may,109,1,0,no
39,blue-collar,married,secondary,no,5000,yes,no,cellular,30,apr,53,1,1,no
39,blue-collar,married,primary,no,8705,yes,no,,16,jun,77,1,0,no
59,retired,married,tertiary,no,14676,no,no,telephone,27,mar,234,2,0,yes
37,services,married,secondary,no,6328,yes,no,telephone,13,may,121,2,4,no
41,blue-collar,married,primary,no,5008,yes,no,cellular,15,jul,155,2,0,no
45,blue-collar,married,primary,no,5061,no,no,cellular,17,apr,108,1,0,no
48,management,married,tertiary,no,11613,no,no,,17,jun,159,3,0,no
48,technician,married,secondary,no,5302,yes,no,,26,may,208,3,0,no
32,blue-collar,married,secondary,no,6005,no,no,cellular,12,may,215,1,0,no
35,services,married,secondary,no,5109,yes,no,,6,may,597,3,0,no
33,management,single,tertiary,no,6240,yes,no,cellular,4,feb,505,2,1,no
28,blue-collar,single,primary,no,5000,yes,yes,,3,jun,380,4,0,no
64,retired,married,,no,7923,no,no,cellular,12,mar,120,1,0,no
35,technician,married,secondary,no,5000,no,no,cellular,27,aug,106,4,0,no
33,blue-collar,married,secondary,no,5043,yes,no,cellular,14,may,332,2,2,no
41,technician,married,secondary,no,5288,yes,no,,15,may,221,4,0,no
34,admin.,married,secondary,no,5613,yes,no,cellular,4,jun,80,1,0,no
37,technician,single,tertiary,no,11101,no,no,cellular,4,may,60,5,1,no
38,blue-collar,married,primary,no,5168,yes,yes,telephone,13,may,212,3,0,no
39,blue-collar,married,primary,no,,yes,no,cellular,14,apr,493,3,0,no
35,technician,divorced,tertiary,no,9515,yes,no,cellular,19,nov,98,2,0,no
28,blue-collar,single,secondary,no,5517,no,yes,cellular,8,jul,681,1,0,yes
27,blue-collar,single,secondary,no,5148,no,no,cellular,22,jul,203,1,0,no
48,retired,married,primary,yes,4715,no,yes,cellular,19,nov,157,1,0,no
50,blue-collar,married,secondary,no,5887,no,no,,16,jun,287,1,0,no
45,self-employed,married,secondary,no,8098,yes,no,cellular,7,aug,159,2,0,no
41,technician,married,tertiary,no,5744,yes,no,,14,may,125,1,0,no
39,technician,married,secondary,no,5130,no,no,cellular,8,jul,202,2,0,no
44,management,married,secondary,no,5438,yes,no,telephone,8,may,37,3,1,no
54,admin.,married,secondary,no,5000,no,no,cellular,28,jan,161,1,2,yes
49,management,married,tertiary,no,5322,no,no,cellular,6,aug,72,4,0,no
34,blue-collar,single,secondary,no,5186,no,no,cellular,2,feb,342,1,0,no
75,retired,divorced,tertiary,no,8810,yes,no,cellular,16,nov,262,1,1,yes
42,management,married,tertiary,no,5000,no,no,cellular,13,aug,325,2,0,no
53,blue-collar,married,secondary,no,9380,no,no,telephone,19,aug,223,7,0,no
49,management,divorced,tertiary,no,5755,no,no,cellular,31,jul,1212,4,0,yes
31,services,single,secondary,no,7070,no,no,cellular,29,aug,319,2,0,no
45,blue-collar,single,primary,no,5999,no,no,cellular,29,jan,182,2,0,no
39,self-employed,married,secondary,no,5167,yes,yes,cellular,17,jul,330,1,0,no
46,technician,married,secondary,no,6322,yes,yes,cellular,19,nov,514,1,0,no
42,admin.,divorced,secondary,no,6076,yes,no,,14,may,213,1,0,no
37,management,married,tertiary,no,5502,yes,no,cellular,7,may,551,1,1,no
26,technician,single,tertiary,no,6216,yes,no,cellular,16,apr,472,2,0,no
37,management,single,tertiary,no,5876,yes,no,cellular,15,apr,140,4,2,no
36,services,single,secondary,no,5342,yes,no,,7,may,142,1,0,no
29,blue-collar,single,primary,no,5950,yes,no,,4,jun,135,3,0,no
36,blue-collar,married,primary,no,5973,yes,yes,,23,may,293,1,0,no
26,technician,married,tertiary,no,8825,yes,no,,13,may,107,1,0,no
32,blue-collar,married,secondary,no,7366,yes,no,,20,may,127,2,0,no
40,management,married,tertiary,no,5542,yes,no,cellular,20,nov,,1,0,no
53,management,married,primary,no,5995,no,no,cellular,4,feb,200,3,0,no
29,management,married,tertiary,no,5020,yes,no,cellular,12,may,418,1,0,no
34,technician,single,tertiary,no,5228,yes,no,cellular,22,jul,387,4,0,no
43,blue-collar,married,secondary,no,5130,no,no,cellular,5,may,156,1,3,no
56,management,married,tertiary,no,5217,no,yes,cellular,21,jul,121,2,0,no
55,entrepreneur,divorced,tertiary,no,5000,no,no,,6,jun,108,2,0,no
31,self-employed,married,tertiary,no,5259,yes,no,cellular,7,may,47,1,0,no
27,admin.,single,secondary,no,5619,yes,no,cellular,20,apr,,5,4,no
36,management,married,secondary,no,5644,yes,no,cellular,18,nov,54,2,0,no
44,management,married,tertiary,no,5022,yes,no,cellular,6,aug,265,2,0,no
37,admin.,divorced,tertiary,no,9303,yes,no,,23,may,168,1,0,no
30,admin.,single,secondary,no,5239,yes,no,cellular,7,may,115,3,0,no
42,technician,single,secondary,no,5275,no,no,cellular,26,aug,31,8,0,no
30,management,married,tertiary,no,6221,yes,no,telephone,25,jul,279,4,0,yes
62,retired,married,secondary,no,5816,no,no,cellular,1,sep,28,2,0,no
24,blue-collar,married,secondary,no,6222,yes,no,cellular,20,apr,369,1,0,no
31,technician,married,secondary,no,7363,yes,no,,13,may,247,1,0,no
66,retired,married,tertiary,no,7262,no,no,cellular,22,apr,155,1,0,no
47,admin.,married,secondary,no,5002,no,no,cellular,10,jul,89,1,0,no
39,entrepreneur,married,tertiary,no,5002,yes,no,cellular,17,nov,180,1,0,no
35,technician,married,secondary,no,9508,yes,no,cellular,18,nov,854,1,0,yes
35,admin.,divorced,secondary,no,4598,yes,no,cellular,17,apr,46,1,0,no
27,technician,married,secondary,no,6577,yes,yes,,28,may,266,2,0,no
32,blue-collar,married,secondary,no,5034,yes,no,cellular,5,may,321,2,0,no
44,management,married,tertiary,no,5795,no,no,cellular,28,aug,99,24,0,no
42,blue-collar,married,secondary,no,5117,yes,no,,9,may,147,1,0,no
34,self-employed,single,tertiary,no,10462,no,no,cellular,30,apr,430,1,0,yes
25,services,single,secondary,no,5402,no,yes,cellular,7,jul,264,1,0,no
40,technician,single,secondary,no,5641,no,no,cellular,16,jul,156,6,0,no
43,management,divorced,tertiary,no,5036,no,no,cellular,26,may,118,1,2,no
55,unemployed,married,tertiary,no,5383,no,no,,6,may,343,3,0,no
50,blue-collar,married,secondary,no,5283,yes,no,cellular,7,aug,226,3,0,no
45,management,divorced,tertiary,no,5000,no,no,,1,jun,,1,0,no
35,blue-collar,divorced,secondary,no,8102,yes,no,cellular,20,nov,138,1,0,no
32,blue-collar,married,secondary,no,5889,yes,no,cellular,10,sep,185,1,5,yes
59,housemaid,married,secondary,no,5000,no,no,telephone,3,feb,722,1,4,no
34,self-employed,married,secondary,no,4630,yes,no,,21,may,748,1,0,no
39,management,married,tertiary,no,4394,yes,no,,26,may,142,1,0,no
40,management,single,secondary,no,,yes,no,cellular,17,nov,523,3,0,no
36,blue-collar,single,primary,no,6313,yes,no,,20,jun,,10,0,no
40,management,married,tertiary,no,13969,yes,no,cellular,17,nov,153,1,0,no
55,self-employed,married,secondary,no,4804,yes,no,,20,may,210,2,0,no
38,entrepreneur,married,secondary,yes,5015,yes,no,cellular,10,jul,121,1,0,no
61,admin.,married,secondary,no,9608,no,no,cellular,12,mar,212,1,0,yes
41,management,married,tertiary,no,5666,yes,no,,21,may,253,3,0,no
57,blue-collar,married,primary,no,5452,yes,no,,13,may,139,4,0,no
48,blue-collar,married,secondary,no,5149,yes,no,,9,may,71,1,0,no
77,retired,married,tertiary,no,12802,no,no,telephone,4,may,421,1,2,yes
35,services,married,secondary,no,6453,yes,no,,28,may,199,1,0,no
54,blue-collar,married,secondary,no,6480,yes,no,,14,may,108,1,0,no
37,management,single,,no,5715,yes,no,,20,may,247,2,0,no
56,management,single,secondary,no,5237,yes,no,telephone,9,jul,236,4,0,no
40,technician,married,secondary,no,5694,yes,no,cellular,4,feb,97,4,5,no
40,management,married,tertiary,no,5000,no,no,cellular,14,jul,109,8,0,no
54,management,married,tertiary,no,5055,yes,no,cellular,2,jun,112,2,0,no
55,housemaid,married,primary,no,5136,yes,no,,19,jun,,10,0,no
55,services,divorced,secondary,yes,4596,yes,no,cellular,22,jul,502,3,0,no
52,blue-collar,married,primary,no,5779,yes,no,,16,may,30,3,0,no
55,blue-collar,single,primary,no,6187,yes,no,,2,jun,193,2,0,no
33,management,married,tertiary,no,5641,yes,no,cellular,13,aug,347,2,0,no
52,blue-collar,married,,no,5826,yes,no,,15,may,468,2,0,no
33,services,divorced,secondary,no,5991,yes,no,,27,may,148,1,0,no
53,admin.,married,secondary,no,6796,no,no,telephone,16,mar,295,1,2,yes
46,admin.,married,secondary,no,5022,no,no,cellular,26,aug,388,6,0,yes
44,technician,single,secondary,no,5244,yes,no,cellular,12,aug,,4,0,yes
48,management,divorced,tertiary,no,6328,yes,no,,6,may,339,1,0,no
50,housemaid,married,secondary,no,12317,yes,no,cellular,13,may,172,1,1,no
34,technician,single,secondary,no,9943,yes,yes,cellular,19,nov,117,2,0,no
38,technician,single,secondary,no,5258,no,yes,,20,jun,587,2,0,no
42,management,single,tertiary,no,,yes,no,cellular,19,nov,501,2,0,no
32,management,single,tertiary,no,,no,no,cellular,14,aug,203,5,1,no
58,admin.,married,secondary,no,5002,yes,yes,telephone,25,jul,282,9,0,no
31,management,married,tertiary,no,5013,no,no,cellular,28,aug,110,5,0,no
19,student,single,primary,no,5103,no,no,cellular,10,jul,104,2,0,yes
41,management,married,tertiary,no,8872,no,no,cellular,15,oct,231,1,0,no
31,unemployed,married,secondary,no,5296,yes,no,,20,may,378,3,0,no
52,self-employed,single,primary,no,5217,no,yes,cellular,15,jul,193,6,0,no
42,self-employed,divorced,tertiary,no,5360,yes,no,,24,jun,110,5,0,no
41,blue-collar,single,secondary,no,5428,yes,no,cellular,12,may,92,1,0,no
30,blue-collar,single,secondary,no,5315,no,no,cellular,23,jun,1407,1,0,yes
38,blue-collar,married,secondary,no,5121,yes,yes,cellular,6,feb,168,1,2,no
32,management,married,tertiary,no,5820,yes,no,cellular,17,jul,738,3,0,no
52,technician,married,secondary,no,5195,yes,no,cellular,18,feb,220,1,5,yes
48,management,divorced,tertiary,no,5108,yes,no,,27,may,89,2,0,no
36,management,married,tertiary,no,4619,yes,no,cellular,31,jul,30,29,0,no
45,unemployed,divorced,primary,no,5757,no,no,cellular,20,apr,103,1,4,no
34,technician,married,tertiary,no,5691,yes,yes,,2,jun,70,1,0,no
36,blue-collar,married,primary,no,6925,yes,no,cellular,20,apr,904,2,0,yes
34,management,married,tertiary,no,5902,yes,no,cellular,14,may,159,1,2,no
61,retired,married,secondary,no,10207,no,no,cellular,11,sep,336,1,2,no
54,services,married,secondary,no,5000,no,no,,19,jun,220,1,0,no
50,entrepreneur,married,secondary,no,5665,no,no,telephone,17,nov,238,1,0,no
43,admin.,divorced,secondary,no,5738,yes,no,cellular,21,nov,585,4,4,no
47,blue-collar,married,primary,no,5233,no,no,cellular,8,aug,293,3,0,no
45,services,married,secondary,no,4161,yes,no,,28,may,68,1,0,no
57,retired,married,primary,no,10799,no,no,,17,jun,97,1,0,no
27,admin.,married,secondary,no,6033,yes,no,,9,may,,1,0,no
49,unemployed,divorced,secondary,no,5066,no,no,cellular,9,jul,218,3,0,no
43,services,married,primary,no,7567,yes,no,cellular,14,may,109,1,2,no
40,management,married,tertiary,no,6584,yes,no,telephone,21,nov,661,1,0,no
32,services,single,secondary,no,5182,yes,no,cellular,6,may,145,1,0,no
58,management,married,primary,no,5076,yes,no,telephone,18,may,54,4,0,no
34,admin.,single,secondary,no,5663,yes,no,cellular,20,apr,111,1,0,no
46,technician,divorced,secondary,no,8455,yes,no,,14,may,566,2,0,no
29,blue-collar,married,secondary,no,5015,no,no,cellular,3,jun,136,1,0,no
52,blue-collar,married,primary,no,6054,no,no,cellular,4,aug,273,1,0,no
45,management,married,tertiary,no,6529,no,no,cellular,30,jun,160,1,0,no
26,management,single,secondary,no,5063,no,no,cellular,28,jul,76,4,0,no
40,technician,married,tertiary,no,5000,no,no,cellular,19,aug,44,1,0,no
41,admin.,married,secondary,no,5920,yes,yes,,27,may,239,1,0,no
47,admin.,single,secondary,no,8696,no,no,cellular,12,jul,250,2,4,yes
27,technician,single,,no,5059,no,no,cellular,15,jul,792,4,0,no
27,services,married,secondary,no,5000,yes,no,cellular,23,jul,198,13,0,no
48,blue-collar,married,secondary,no,5157,yes,no,,6,may,73,1,0,no
49,admin.,married,secondary,no,7465,no,no,cellular,20,aug,157,3,0,no
35,blue-collar,married,primary,no,5000,yes,no,cellular,24,jul,90,6,0,no
47,self-employed,married,secondary,yes,5002,no,no,cellular,5,feb,236,2,0,no
54,management,married,tertiary,no,5000,no,no,cellular,16,jul,118,5,0,no
39,management,single,tertiary,no,,no,no,telephone,18,nov,40,1,0,no
28,student,single,secondary,no,5378,yes,no,cellular,17,apr,346,1,0,no
54,blue-collar,married,primary,no,5211,no,no,,19,jun,200,2,0,no
34,technician,married,secondary,no,4772,yes,no,cellular,20,apr,187,3,3,no
63,retired,married,secondary,no,7747,no,no,cellular,11,sep,113,1,1,no
42,self-employed,married,tertiary,no,6932,yes,no,,16,may,192,32,0,no
43,technician,single,secondary,no,,no,no,,29,may,92,1,0,no
37,admin.,married,secondary,no,6314,yes,no,cellular,8,may,682,2,7,no
55,blue-collar,married,primary,no,7275,no,no,cellular,25,aug,139,9,0,no
43,management,single,tertiary,no,6304,no,no,cellular,6,aug,501,2,0,yes
41,blue-collar,married,secondary,yes,5720,no,yes,cellular,24,jul,651,1,0,yes
47,technician,divorced,secondary,no,7914,yes,no,cellular,18,aug,405,13,0,no
34,technician,married,secondary,no,6464,yes,no,,23,may,350,1,0,no
28,student,single,secondary,no,,no,no,cellular,8,apr,125,2,0,no
36,services,married,secondary,no,4698,yes,no,cellular,13,may,36,2,0,no
50,technician,married,secondary,no,7497,yes,no,cellular,21,nov,35,1,1,no
35,blue-collar,married,secondary,no,4661,yes,no,,8,may,389,2,0,no
40,technician,married,secondary,no,5056,yes,yes,cellular,29,jan,194,1,1,no
26,self-employed,single,tertiary,no,5211,no,no,cellular,29,jan,168,3,0,no
36,management,divorced,tertiary,no,8611,yes,no,,4,jun,347,3,0,no
59,unemployed,married,primary,no,5000,no,no,cellular,30,jan,,2,0,no
28,student,single,secondary,no,5459,no,no,cellular,16,mar,83,13,0,no
46,entrepreneur,married,,no,5242,yes,no,,9,may,332,2,0,no
50,self-employed,married,secondary,no,6138,no,no,cellular,14,aug,219,10,0,no
53,management,married,tertiary,no,6319,yes,no,cellular,16,apr,427,1,1,no
81,retired,married,secondary,no,5001,no,no,cellular,19,aug,65,5,0,no
35,services,divorced,secondary,no,5067,yes,no,cellular,5,may,192,2,0,no
58,retired,married,,no,5937,no,no,cellular,5,aug,155,1,0,no
44,services,married,secondary,no,5000,yes,yes,cellular,11,may,161,1,0,no
38,management,married,tertiary,no,4442,yes,no,cellular,21,jul,533,1,0,no
49,blue-collar,married,secondary,no,5171,no,no,cellular,4,feb,,3,2,no
33,technician,single,tertiary,no,5696,no,yes,cellular,5,feb,193,1,8,no
29,management,married,tertiary,no,5361,yes,yes,cellular,28,jul,819,3,0,no
28,technician,single,secondary,no,5227,no,no,cellular,30,apr,278,1,0,yes
31,admin.,married,secondary,no,5236,yes,yes,telephone,4,may,211,3,0,no
33,management,single,tertiary,no,4947,no,no,cellular,29,jan,617,2,0,no
52,technician,married,secondary,no,5192,yes,no,cellular,23,jul,61,2,0,no
43,management,divorced,tertiary,no,5038,yes,no,cellular,25,jul,197,6,0,no
32,self-employed,single,secondary,no,5518,yes,no,cellular,18,may,34,7,0,no
36,self-employed,married,tertiary,no,5016,yes,yes,cellular,18,jul,95,4,0,no
41,blue-collar,married,secondary,no,4744,yes,no,,3,jun,147,2,0,no
43,blue-collar,married,secondary,no,5105,no,yes,cellular,4,jul,668,2,0,no
45,self-employed,married,tertiary,no,5334,no,no,,5,jun,87,2,0,no
39,technician,married,secondary,no,6048,no,yes,cellular,21,jul,405,1,0,no
41,services,married,secondary,no,5108,yes,yes,,13,may,83,7,0,no
31,technician,married,secondary,no,5660,no,no,cellular,22,jun,115,1,0,no
37,unemployed,single,tertiary,yes,5000,yes,no,cellular,10,jul,108,1,0,no
28,entrepreneur,married,,no,6034,no,no,cellular,29,jan,113,1,0,no
47,housemaid,married,primary,no,5201,yes,no,cellular,7,aug,58,2,1,no
37,housemaid,married,primary,no,5189,no,no,cellular,8,aug,148,4,0,no
60,retired,divorced,,no,4951,yes,no,cellular,29,jan,188,1,2,no
43,technician,divorced,secondary,no,,yes,no,telephone,28,jul,75,3,0,no
58,retired,divorced,tertiary,no,5264,yes,yes,cellular,8,jul,523,3,0,no
52,entrepreneur,married,tertiary,no,5054,yes,yes,telephone,18,nov,103,1,0,no
50,blue-collar,married,primary,no,,yes,no,cellular,17,apr,146,2,4,no
32,services,single,secondary,no,7881,no,no,cellular,2,jul,356,1,0,yes
42,blue-collar,married,primary,no,5000,yes,no,cellular,17,jul,71,1,0,no
31,admin.,married,secondary,no,5088,yes,yes,cellular,8,aug,189,2,0,no
28,blue-collar,married,secondary,no,6020,yes,no,,28,may,251,1,0,no
36,technician,divorced,tertiary,no,5119,no,no,cellular,23,jul,127,8,0,no
51,unemployed,single,tertiary,no,6594,no,no,telephone,4,feb,197,1,0,no
46,technician,married,tertiary,no,5342,yes,yes,cellular,5,may,84,1,0,no
50,services,single,secondary,no,5072,no,no,,8,may,141,2,0,no
32,blue-collar,married,secondary,no,5014,yes,no,,2,jun,171,1,0,no
26,entrepreneur,single,tertiary,no,5081,no,no,cellular,21,jul,262,3,0,no
41,self-employed,married,tertiary,no,5231,no,no,cellular,7,aug,352,2,0,yes
39,technician,married,tertiary,no,6161,yes,no,cellular,9,apr,236,1,1,no
31,blue-collar,married,secondary,no,4955,yes,no,,2,jun,184,1,0,no
28,management,single,tertiary,no,5231,yes,yes,cellular,25,jul,568,2,0,no
31,management,single,secondary,no,5036,no,no,cellular,27,aug,105,2,0,no
30,technician,married,tertiary,no,6570,yes,no,cellular,26,may,260,1,0,no
35,technician,married,tertiary,no,12050,no,no,cellular,11,aug,222,3,4,yes
33,blue-collar,married,primary,no,8704,yes,no,,6,jun,447,2,0,no
30,technician,single,tertiary,no,11619,yes,no,cellular,21,aug,239,8,0,no
32,blue-collar,single,secondary,no,4916,yes,no,cellular,11,may,426,1,0,no
40,management,single,tertiary,no,6509,no,no,cellular,12,may,333,1,3,no
31,self-employed,married,tertiary,no,6134,no,no,cellular,6,feb,174,2,0,no
36,technician,married,secondary,no,5146,yes,yes,,15,may,284,2,0,no
33,management,single,tertiary,no,14449,yes,no,cellular,8,may,428,1,0,no
57,retired,married,secondary,no,5374,yes,yes,cellular,16,jul,236,1,0,no
45,technician,married,secondary,no,5088,no,no,cellular,29,aug,150,2,0,no
59,management,married,tertiary,no,7764,no,no,cellular,24,dec,237,1,2,no
30,management,single,tertiary,no,5002,yes,yes,cellular,25,jul,1031,8,0,yes
33,technician,married,tertiary,no,13023,no,no,cellular,30,nov,107,1,3,no
52,blue-collar,married,secondary,no,5289,yes,no,,21,may,45,13,0,no
83,retired,married,secondary,no,5000,no,no,cellular,18,mar,140,10,0,no
58,self-employed,divorced,tertiary,no,6382,no,no,,9,jun,700,1,0,yes
33,management,divorced,tertiary,yes,5280,no,yes,cellular,18,nov,155,1,0,no
41,blue-collar,divorced,primary,no,7195,yes,no,,3,jun,211,5,0,no
31,self-employed,married,secondary,no,5033,no,no,cellular,6,aug,165,4,0,no
35,blue-collar,divorced,secondary,no,5275,no,yes,cellular,10,jul,144,5,0,no
27,management,single,tertiary,no,5703,yes,no,,5,jun,590,3,0,yes
57,admin.,divorced,,no,5887,no,no,,20,jun,43,8,0,no
56,blue-collar,married,,no,5000,no,no,,20,jun,471,2,0,no
53,admin.,single,secondary,no,6178,yes,no,,15,may,295,2,0,no
39,management,married,tertiary,no,7763,yes,no,,2,jun,526,2,0,yes
32,entrepreneur,single,tertiary,no,5890,yes,yes,cellular,28,aug,27,10,0,no
46,self-employed,married,secondary,no,5548,no,no,cellular,12,aug,1181,4,0,yes
56,technician,married,tertiary,no,5272,no,no,cellular,26,aug,103,2,0,no
46,management,divorced,tertiary,no,11269,yes,no,telephone,18,nov,249,3,2,no
29,entrepreneur,married,secondary,no,5178,yes,no,cellular,5,may,231,4,0,no
60,management,married,primary,no,5252,yes,yes,cellular,13,apr,123,2,3,no
33,housemaid,single,tertiary,no,,yes,no,cellular,16,apr,199,2,2,no
27,entrepreneur,single,tertiary,no,5081,no,no,cellular,5,feb,197,1,3,no
50,self-employed,divorced,tertiary,no,5059,yes,no,,28,may,67,2,0,no
45,services,married,secondary,no,6343,no,yes,cellular,8,jul,220,1,0,no
58,retired,married,secondary,no,5225,no,no,cellular,7,aug,122,6,0,no
59,retired,married,primary,no,5000,yes,no,,26,may,104,7,0,no
58,retired,divorced,primary,no,7538,yes,no,cellular,31,jul,307,6,0,no
64,retired,married,primary,no,5043,no,no,cellular,11,mar,117,1,1,no
47,technician,married,secondary,no,5057,no,no,cellular,5,may,253,1,1,no
40,management,married,tertiary,no,4883,yes,no,cellular,17,jul,770,2,0,no
36,technician,divorced,secondary,no,5666,yes,yes,cellular,3,apr,190,1,1,no
28,management,single,tertiary,no,5000,yes,no,cellular,16,jul,767,5,0,yes
38,technician,single,tertiary,no,5025,yes,no,cellular,1,jun,232,2,0,yes
53,entrepreneur,married,primary,no,6034,yes,no,cellular,19,nov,854,2,3,no
46,blue-collar,single,secondary,no,5324,yes,no,,30,may,293,6,0,no
54,technician,married,secondary,no,5000,no,no,telephone,16,nov,986,1,8,no
32,management,married,tertiary,no,5000,no,no,cellular,19,nov,66,1,0,no
55,management,married,primary,no,5621,no,yes,cellular,2,feb,114,1,1,no
55,retired,divorced,secondary,no,5138,no,no,cellular,17,jul,205,1,0,no
56,technician,married,secondary,no,9063,no,yes,telephone,28,jul,31,4,0,no
40,blue-collar,married,secondary,no,,no,no,,11,jun,113,1,0,no
44,technician,married,secondary,no,5310,yes,no,cellular,6,feb,200,1,1,no
32,entrepreneur,married,,no,5073,yes,no,cellular,21,nov,158,1,1,no
33,management,married,tertiary,no,6808,yes,no,,4,jun,99,4,0,no
41,unemployed,divorced,secondary,no,6281,no,no,cellular,31,jul,45,3,0,no
37,technician,married,secondary,no,5064,yes,no,cellular,12,may,239,4,2,no
58,management,single,tertiary,no,5002,yes,no,telephone,11,may,168,3,0,no
52,blue-collar,married,secondary,no,5060,no,yes,cellular,26,aug,196,2,0,no
49,services,single,secondary,no,5133,no,no,,11,jun,319,6,0,no
44,housemaid,married,primary,no,8706,no,no,,17,jun,209,3,0,no
28,admin.,single,,no,5174,no,no,cellular,28,sep,184,1,0,no
31,technician,married,secondary,no,5251,no,yes,cellular,29,aug,156,2,0,no
37,self-employed,married,secondary,no,9153,yes,no,cellular,31,jul,35,16,0,no
30,technician,single,tertiary,no,5985,yes,no,cellular,19,feb,88,2,0,no
28,services,single,secondary,no,5168,no,no,cellular,1,jun,347,3,2,yes
46,services,married,secondary,no,6550,yes,no,cellular,16,apr,126,2,8,no
47,management,married,tertiary,no,12708,yes,no,cellular,21,nov,157,5,0,no
35,blue-collar,married,primary,no,4988,yes,no,,12,may,212,5,0,no
80,management,married,primary,no,11483,no,no,telephone,19,oct,123,1,0,no
30,technician,single,tertiary,no,5060,yes,yes,,7,may,306,5,0,no
55,technician,single,secondary,no,8339,yes,no,,2,jun,63,1,0,no
22,student,single,tertiary,no,6161,no,yes,cellular,16,jun,119,1,0,no
33,blue-collar,single,primary,no,5599,yes,no,,21,may,29,1,0,no
53,entrepreneur,married,,no,5028,no,no,cellular,31,jul,117,2,0,no
49,management,married,tertiary,no,6430,no,no,cellular,18,nov,231,2,0,no
51,retired,married,secondary,no,5035,no,yes,cellular,8,jul,123,4,0,no
41,self-employed,married,tertiary,no,11000,yes,no,cellular,18,nov,265,1,0,no
34,technician,married,secondary,no,5000,yes,no,cellular,15,jul,144,1,0,no
36,blue-collar,single,secondary,no,5340,no,yes,,16,jun,559,3,0,no
35,entrepreneur,married,tertiary,no,,no,no,cellular,5,may,74,1,4,no
29,services,married,secondary,no,5003,yes,no,cellular,10,jul,183,1,0,no
40,technician,single,tertiary,no,5445,yes,no,cellular,24,jul,631,1,0,no
32,management,divorced,tertiary,no,5874,no,no,cellular,12,aug,1282,6,0,yes
48,blue-collar,married,secondary,no,5705,no,no,,13,may,108,2,0,no
59,retired,married,,no,6033,no,no,,11,jun,1199,1,0,yes
35,self-employed,divorced,tertiary,no,6354,yes,no,,23,may,736,2,0,yes
33,technician,single,tertiary,no,5123,no,no,cellular,19,aug,264,1,0,no
55,retired,married,primary,no,13894,no,no,,11,jun,262,1,0,no
41,blue-collar,married,secondary,no,5429,yes,no,,13,may,244,1,0,no
42,housemaid,married,primary,no,,no,no,,19,may,107,2,0,no
46,blue-collar,married,primary,no,5067,no,no,,24,jun,,1,0,no
35,housemaid,divorced,secondary,no,5039,no,no,cellular,31,jul,149,2,0,no
28,technician,single,tertiary,no,5102,no,no,cellular,28,jan,321,2,0,no
25,student,single,secondary,no,6790,no,no,cellular,17,apr,224,1,3,no
56,management,single,tertiary,no,,no,no,cellular,29,apr,157,6,0,no
30,admin.,single,secondary,no,4365,no,no,cellular,25,jul,250,1,0,no
45,blue-collar,married,secondary,no,5115,no,no,cellular,11,aug,209,4,0,no
40,management,married,tertiary,no,,no,no,,20,jun,111,3,0,no
40,blue-collar,married,secondary,no,5498,yes,no,cellular,8,may,55,2,4,no
39,blue-collar,married,secondary,no,6045,yes,yes,cellular,9,jul,290,13,0,no
48,entrepreneur,married,tertiary,no,5810,no,no,,6,jun,383,1,0,no
31,technician,single,tertiary,no,4838,yes,no,cellular,18,may,380,1,0,no
32,management,married,tertiary,no,5055,no,no,cellular,2,feb,124,3,0,no
34,services,married,secondary,no,5586,yes,yes,,8,may,224,2,0,no
26,technician,single,secondary,no,5455,no,no,cellular,29,jan,240,1,8,no
31,management,married,tertiary,no,6010,yes,no,cellular,15,may,385,3,9,no
37,management,single,tertiary,no,5509,yes,no,cellular,6,may,133,1,0,no
29,student,single,,no,7929,no,no,cellular,11,aug,91,1,0,no
57,technician,married,secondary,no,8071,yes,yes,cellular,7,may,63,3,0,no
47,management,single,tertiary,no,5153,yes,no,cellular,18,nov,192,2,0,no
38,self-employed,single,secondary,no,6146,yes,no,,21,may,91,2,0,no
48,blue-collar,married,primary,no,6092,no,yes,cellular,18,nov,79,1,8,no
50,management,married,tertiary,no,8463,no,yes,cellular,28,oct,96,1,0,yes
33,admin.,married,secondary,no,6158,yes,no,cellular,20,apr,25,2,0,no
28,admin.,single,secondary,no,5026,yes,no,cellular,7,may,227,2,0,no
30,services,single,secondary,no,5566,no,no,cellular,5,feb,110,1,0,no
52,technician,divorced,secondary,no,5204,no,no,cellular,7,aug,134,2,0,no
36,technician,married,secondary,no,5480,no,no,cellular,20,oct,213,1,0,yes
36,technician,single,secondary,no,6855,yes,no,cellular,4,feb,75,1,1,no
46,services,married,secondary,no,6034,no,no,cellular,8,aug,109,2,0,no
57,management,married,tertiary,no,8250,no,no,cellular,20,aug,162,3,0,no
28,management,single,secondary,no,6633,no,no,cellular,5,jun,275,1,0,yes
46,services,married,secondary,no,5000,yes,no,cellular,22,jun,154,1,1,no
55,retired,married,primary,no,8334,no,no,cellular,14,aug,632,4,0,yes
33,management,married,tertiary,no,9020,yes,yes,cellular,15,apr,251,1,0,no
53,management,married,secondary,no,5066,no,yes,telephone,8,jul,141,1,0,no
41,technician,single,secondary,no,4959,yes,yes,cellular,3,apr,154,1,0,no
60,blue-collar,married,secondary,no,5322,yes,no,cellular,7,may,63,1,0,no
35,entrepreneur,married,primary,no,7643,no,yes,cellular,8,jul,259,1,0,no
43,blue-collar,divorced,primary,no,5049,yes,no,,9,may,100,1,0,no
57,admin.,divorced,primary,no,5001,no,no,,15,may,,10,0,no
46,admin.,married,secondary,no,8098,yes,no,telephone,21,nov,192,9,0,no
31,blue-collar,married,primary,no,5352,yes,no,,19,may,97,9,0,no
53,technician,married,secondary,no,5065,no,no,cellular,25,aug,41,2,0,no
35,blue-collar,married,secondary,no,6949,yes,no,,2,jun,200,3,0,no
32,admin.,single,secondary,no,5739,yes,no,cellular,20,nov,91,3,0,no
48,management,married,tertiary,no,6167,yes,yes,cellular,1,jun,264,1,0,yes
50,admin.,married,secondary,no,5231,yes,no,cellular,21,nov,397,2,0,no
40,blue-collar,married,primary,no,6136,yes,no,,21,may,86,1,0,no
42,entrepreneur,married,tertiary,no,5233,no,no,cellular,5,feb,446,1,0,no
59,admin.,married,secondary,no,5817,no,no,cellular,9,apr,304,1,0,no
27,blue-collar,single,primary,no,6128,yes,no,,30,jun,88,4,0,no
32,management,single,tertiary,no,6831,yes,no,cellular,20,apr,86,2,0,no
35,technician,single,secondary,no,5450,yes,no,cellular,13,may,63,1,0,no
28,services,married,secondary,no,5000,yes,no,cellular,5,may,335,2,8,no
37,management,divorced,secondary,no,5414,no,no,cellular,29,jan,293,2,4,no
57,management,married,primary,no,6052,yes,no,,13,may,227,4,0,no
42,admin.,single,secondary,no,6022,yes,no,,5,may,146,2,0,no
55,admin.,married,primary,no,5343,yes,no,cellular,14,jul,276,3,0,no
52,management,married,tertiary,no,6944,yes,no,cellular,15,apr,238,3,2,no
26,blue-collar,single,secondary,no,4968,yes,yes,cellular,31,jul,,6,0,no
52,technician,married,secondary,no,6781,yes,no,,19,may,144,2,0,no
26,management,single,tertiary,no,5350,no,no,cellular,8,jul,367,1,0,no
33,unemployed,married,secondary,no,5002,yes,no,cellular,16,jul,132,1,0,no
24,blue-collar,single,primary,no,5111,yes,yes,,27,may,42,4,0,no
37,management,divorced,tertiary,no,5168,yes,no,,5,jun,227,1,0,no
28,technician,single,secondary,no,5003,no,no,telephone,18,may,40,8,6,no
30,technician,single,secondary,no,5102,yes,no,,7,may,614,2,0,no
33,blue-collar,married,primary,no,5000,yes,no,,15,may,270,1,0,no
55,blue-collar,married,primary,no,5159,no,no,,4,sep,,1,0,no
33,blue-collar,married,secondary,no,6134,yes,no,,23,may,304,2,0,no
42,blue-collar,married,secondary,no,5352,yes,no,cellular,11,may,79,3,0,no
37,management,married,tertiary,no,5865,yes,no,cellular,3,jun,101,1,0,no
59,blue-collar,married,primary,no,5179,yes,no,,5,may,55,3,0,no
27,blue-collar,single,secondary,no,5005,yes,no,,19,may,205,3,0,no
23,student,married,tertiary,yes,4770,yes,no,cellular,18,may,259,2,0,no
51,management,divorced,tertiary,no,5000,no,no,cellular,13,aug,60,2,0,no
50,blue-collar,married,primary,no,8924,yes,no,cellular,20,apr,122,2,0,no
43,technician,married,secondary,no,5764,yes,no,cellular,14,jul,557,5,0,no
37,blue-collar,divorced,primary,no,5511,yes,no,telephone,11,may,42,1,0,no
34,management,single,tertiary,no,9348,yes,no,cellular,28,aug,373,8,0,no
41,management,married,tertiary,no,8016,yes,no,cellular,14,jul,80,3,0,no
26,student,single,secondary,no,5279,no,no,cellular,7,may,239,3,0,no
49,management,divorced,tertiary,no,6405,no,no,,8,jun,29,1,0,no
29,blue-collar,single,secondary,no,5908,yes,no,,20,jun,,1,0,yes
30,management,single,tertiary,no,5162,yes,no,,20,may,186,4,0,no
38,services,divorced,secondary,no,5792,no,no,,6,jun,430,1,0,no
58,management,married,secondary,no,5111,no,no,telephone,24,mar,58,2,0,no
34,student,single,,no,6281,no,no,cellular,25,aug,279,1,1,no
53,services,divorced,,no,,yes,no,cellular,28,jul,332,2,0,no
50,management,married,tertiary,no,7881,no,no,cellular,5,aug,510,2,5,no
30,blue-collar,single,secondary,no,5445,yes,no,cellular,16,apr,218,1,2,no
40,management,married,secondary,no,5643,yes,no,cellular,17,apr,74,2,1,no
57,housemaid,single,secondary,no,5254,no,no,cellular,8,oct,676,1,0,no
40,management,married,tertiary,no,3788,yes,no,cellular,15,may,1259,2,18,no
41,technician,married,secondary,no,7125,yes,yes,cellular,21,nov,285,3,4,no
53,technician,divorced,,no,5629,yes,no,cellular,8,may,298,1,0,no
48,blue-collar,married,secondary,no,4798,yes,yes,cellular,30,jul,225,4,0,no
32,technician,single,secondary,no,5271,yes,no,cellular,13,may,80,2,2,no
34,management,married,tertiary,no,5703,yes,no,cellular,14,apr,342,1,0,yes
46,blue-collar,married,secondary,no,4784,yes,no,cellular,28,jul,404,3,0,no
45,services,divorced,secondary,no,5088,no,yes,cellular,7,jul,332,1,0,no
51,admin.,single,tertiary,no,5016,yes,no,cellular,30,jan,158,1,0,no
31,management,married,secondary,no,5466,yes,no,cellular,14,may,164,1,0,no
47,technician,married,secondary,no,4925,yes,no,cellular,4,feb,57,1,1,no
32,blue-collar,married,secondary,no,5456,no,no,cellular,12,may,121,1,0,no
41,technician,married,secondary,no,5077,yes,no,cellular,7,may,56,1,0,no
37,services,single,secondary,no,4756,no,no,,3,jul,178,1,0,no
27,blue-collar,single,primary,no,6209,no,no,cellular,29,jan,283,1,0,no
27,services,married,secondary,no,5058,yes,no,cellular,7,may,113,1,2,no
50,management,married,secondary,yes,5421,no,no,cellular,20,nov,22,5,0,no
31,management,single,tertiary,no,5112,yes,no,cellular,2,feb,159,2,1,no
40,self-employed,married,tertiary,no,,no,no,cellular,15,oct,138,1,8,no
43,management,married,tertiary,no,6429,yes,no,cellular,19,nov,1015,1,2,yes
39,technician,married,tertiary,no,5794,no,no,telephone,2,feb,182,1,0,no
31,entrepreneur,single,tertiary,no,6957,no,no,cellular,4,feb,112,3,0,no
48,technician,married,secondary,no,5454,yes,no,cellular,10,jul,114,1,0,no
32,blue-collar,single,primary,no,5882,no,yes,cellular,29,jul,80,8,0,no
47,unemployed,married,primary,no,5168,yes,no,telephone,30,jan,66,1,1,no
35,management,single,tertiary,no,5714,yes,no,cellular,26,aug,135,22,0,no
42,management,single,tertiary,no,5000,no,no,cellular,7,sep,99,1,0,no
47,blue-collar,married,secondary,no,6996,no,no,,5,jun,761,2,0,yes
59,retired,married,secondary,no,5163,no,no,cellular,24,jul,464,1,0,no
38,admin.,married,secondary,no,8190,yes,no,,20,jun,20,2,0,no
50,unemployed,married,secondary,no,6772,no,no,cellular,29,jul,206,4,0,no
27,services,single,secondary,no,4849,no,no,cellular,8,jul,283,2,0,no
55,housemaid,married,primary,no,5016,no,no,,20,jun,64,1,0,no
39,services,single,secondary,no,12066,yes,no,cellular,15,may,667,3,3,yes
31,technician,single,tertiary,no,5454,no,no,cellular,4,feb,73,3,0,no
37,entrepreneur,married,tertiary,no,9798,yes,no,,20,may,156,2,0,no
28,technician,single,secondary,yes,4702,yes,no,,3,jun,559,7,0,no
42,technician,married,secondary,no,5439,no,no,cellular,20,aug,143,2,0,no
40,services,divorced,secondary,no,6927,yes,no,,15,may,62,1,0,no
59,management,single,secondary,no,5671,yes,yes,cellular,29,jan,219,2,5,no
40,services,single,secondary,no,5065,yes,no,cellular,15,may,,3,0,no
43,technician,married,secondary,no,4068,yes,no,cellular,16,apr,567,1,0,no
38,technician,single,secondary,no,9366,yes,no,cellular,29,jul,188,2,0,no
54,retired,married,primary,no,5000,yes,no,cellular,11,jul,159,2,0,no
41,blue-collar,married,secondary,no,9900,yes,no,telephone,31,jul,121,2,0,no
55,housemaid,divorced,primary,no,5976,no,no,cellular,28,jun,345,1,3,yes
33,management,married,tertiary,no,5148,no,no,,20,may,717,1,0,no
46,blue-collar,married,secondary,no,5005,no,no,cellular,18,aug,71,3,0,no
36,management,married,secondary,no,4852,no,no,cellular,18,nov,144,2,0,no
48,technician,divorced,tertiary,no,5113,no,yes,cellular,22,jul,38,1,0,no
42,management,married,secondary,no,4895,yes,no,cellular,28,aug,60,2,0,no
46,management,divorced,tertiary,no,5624,no,no,cellular,17,sep,336,2,2,yes
49,technician,married,secondary,yes,,yes,yes,,27,jun,92,4,0,no
36,blue-collar,married,secondary,no,4539,no,no,cellular,11,may,254,2,1,no
34,technician,single,tertiary,no,5144,yes,yes,cellular,14,oct,104,1,19,no
51,entrepreneur,divorced,tertiary,no,5004,yes,yes,cellular,20,apr,74,5,0,no
58,blue-collar,married,primary,no,5309,no,no,cellular,19,aug,156,2,0,no
48,management,married,tertiary,no,5866,no,no,cellular,29,jan,146,2,0,no
41,admin.,single,secondary,no,6020,yes,no,,19,may,882,1,0,yes
49,self-employed,married,primary,no,5489,yes,no,,27,may,84,4,0,no
43,management,married,primary,no,13167,yes,no,,19,may,114,2,0,no
32,blue-collar,single,secondary,no,4745,no,yes,,2,jul,957,3,0,no
54,retired,married,secondary,no,8671,no,no,,11,jun,67,3,0,no
33,blue-collar,divorced,primary,no,5636,yes,no,cellular,9,jul,211,11,0,no
35,technician,married,secondary,no,5141,yes,no,cellular,19,aug,299,2,0,no
56,technician,married,secondary,no,5150,yes,yes,cellular,11,may,102,6,1,no
57,technician,married,secondary,no,5839,no,yes,,5,may,225,1,0,no
31,housemaid,single,primary,no,,no,no,cellular,21,apr,654,2,0,yes
33,technician,single,secondary,no,5716,yes,no,cellular,14,may,234,2,0,no
29,technician,single,tertiary,no,7485,no,no,telephone,24,jul,48,6,0,no
38,management,single,tertiary,no,,yes,no,cellular,13,may,167,1,7,no
37,admin.,married,secondary,no,,no,no,cellular,26,may,500,2,0,no
33,entrepreneur,married,tertiary,no,5595,no,no,cellular,7,aug,22,2,0,no
30,management,single,tertiary,no,,no,no,cellular,19,nov,258,2,0,no
31,self-employed,single,secondary,no,5203,no,yes,cellular,19,nov,177,1,0,no
28,technician,single,tertiary,no,5183,yes,yes,,28,may,62,2,0,no
26,admin.,single,secondary,no,5255,no,no,cellular,30,apr,457,1,1,yes
31,technician,single,secondary,no,5102,yes,no,telephone,17,apr,460,2,2,no
50,housemaid,divorced,primary,no,5094,yes,no,cellular,22,jul,184,4,0,no
45,entrepreneur,married,primary,no,5058,yes,no,telephone,13,may,119,3,3,no
48,management,married,primary,no,5606,no,no,cellular,5,mar,77,6,0,no
41,technician,married,secondary,no,5000,no,yes,cellular,23,jul,107,1,0,no
60,technician,married,primary,no,5065,yes,no,,9,may,1028,2,0,yes
41,blue-collar,married,secondary,no,5338,yes,no,,14,may,87,1,0,no
43,blue-collar,married,primary,no,5757,yes,no,,9,may,315,4,0,no
36,management,married,tertiary,no,14269,yes,yes,cellular,19,nov,107,2,0,no
40,blue-collar,married,primary,no,6206,no,yes,telephone,16,jul,201,5,0,no
28,management,single,tertiary,no,5882,no,yes,cellular,29,jan,94,1,2,no
27,student,single,tertiary,no,10291,no,no,cellular,12,nov,192,2,2,yes
49,management,single,secondary,no,5061,yes,no,cellular,29,jan,185,2,1,no
37,technician,married,tertiary,no,5000,yes,no,cellular,17,nov,77,1,0,no
31,blue-collar,married,secondary,no,6407,yes,no,cellular,6,may,142,3,0,no
31,technician,single,secondary,yes,5025,no,no,cellular,2,feb,381,1,0,no
31,blue-collar,married,secondary,no,6354,yes,yes,cellular,17,nov,222,2,0,no
35,blue-collar,married,primary,no,5793,yes,no,cellular,17,apr,106,1,0,no
51,blue-collar,divorced,,no,,yes,no,,29,may,117,1,0,no
33,technician,single,secondary,no,10235,no,no,cellular,7,aug,67,3,0,no
30,technician,single,tertiary,no,5003,yes,no,cellular,6,may,45,2,2,no
58,technician,single,secondary,no,5409,no,yes,cellular,14,jul,643,2,0,no
34,admin.,married,tertiary,no,5035,yes,no,cellular,15,oct,76,1,2,no
45,management,married,tertiary,no,4541,no,no,cellular,21,aug,508,6,0,no
28,services,single,secondary,no,5198,no,no,cellular,5,jul,128,2,0,yes
31,blue-collar,married,primary,no,5099,yes,no,cellular,17,apr,193,2,1,no
40,management,married,tertiary,no,5060,no,no,,16,jun,172,6,0,no
30,services,single,secondary,no,8485,no,no,cellular,2,feb,142,2,0,no
34,entrepreneur,married,secondary,no,4861,yes,yes,,27,may,492,2,0,no
40,blue-collar,married,secondary,no,5952,no,yes,,12,jun,140,1,0,no
59,retired,married,primary,no,6427,no,no,,18,jun,140,2,0,no
43,technician,single,tertiary,no,6017,yes,no,,19,may,257,2,0,no
41,management,married,tertiary,no,4971,no,no,cellular,29,jan,41,2,2,no
33,technician,divorced,secondary,no,5009,no,no,cellular,21,aug,91,2,0,no
33,management,married,secondary,no,9040,yes,no,cellular,20,apr,132,2,0,no
36,blue-collar,married,secondary,no,5013,no,no,,3,jun,284,1,0,no
32,self-employed,single,secondary,no,6259,no,no,cellular,25,jul,184,2,0,no
25,admin.,married,secondary,no,5018,yes,no,cellular,18,jul,225,1,0,no
25,blue-collar,married,secondary,no,4924,yes,no,,12,may,241,3,0,no
38,technician,single,tertiary,no,5221,no,no,cellular,20,aug,79,3,0,no
34,management,married,tertiary,no,5136,yes,no,cellular,22,apr,156,1,0,no
67,blue-collar,married,secondary,no,,no,no,cellular,27,oct,223,2,0,no
32,blue-collar,married,secondary,no,4937,yes,no,,30,may,198,1,0,no
45,housemaid,married,primary,no,12353,no,no,cellular,13,aug,536,2,0,no
33,blue-collar,married,primary,no,5511,yes,no,,21,may,304,2,0,no
38,admin.,married,primary,no,8913,yes,no,cellular,20,apr,196,2,2,no
32,technician,divorced,secondary,no,6097,yes,no,,12,may,298,2,0,no
54,retired,divorced,tertiary,no,11102,yes,yes,,21,may,86,6,0,no
51,admin.,divorced,secondary,no,5340,yes,no,,8,may,186,1,0,no
42,blue-collar,married,primary,no,4881,yes,no,cellular,22,jul,167,3,0,no
41,admin.,married,secondary,no,7993,yes,no,cellular,22,jul,24,12,0,no
39,management,divorced,tertiary,no,8575,no,yes,cellular,18,aug,74,3,0,no
38,blue-collar,married,secondary,no,5361,yes,no,,11,jun,601,1,0,no
39,management,married,secondary,no,6072,yes,no,,27,may,1168,2,0,no
46,blue-collar,married,primary,no,7904,no,no,cellular,20,apr,277,2,0,no
50,entrepreneur,divorced,tertiary,no,6790,no,yes,cellular,6,feb,748,3,0,no
33,blue-collar,married,secondary,no,5086,yes,no,,19,may,364,1,0,no
37,technician,married,secondary,no,6633,yes,no,,19,may,229,3,0,no
31,management,married,tertiary,no,13312,no,no,cellular,29,aug,43,13,0,no
34,blue-collar,divorced,,no,5172,no,no,cellular,15,jun,177,1,0,yes
34,management,married,tertiary,no,5000,yes,no,cellular,7,aug,262,1,2,yes
36,management,married,tertiary,no,5222,yes,no,cellular,6,may,317,1,2,no
40,technician,married,secondary,no,5109,no,no,,20,jun,402,22,0,no
40,blue-collar,married,secondary,no,6451,no,no,cellular,1,jun,314,1,0,yes
41,technician,married,secondary,no,6066,no,no,cellular,11,feb,109,3,0,yes
52,management,married,tertiary,no,8163,no,no,cellular,25,aug,56,6,0,no
40,services,single,secondary,no,5888,yes,no,,12,may,169,2,0,no
48,blue-collar,single,,no,5428,yes,no,cellular,18,may,127,1,0,no
33,management,divorced,secondary,no,5106,no,no,cellular,20,aug,175,3,0,no
44,technician,divorced,secondary,no,5000,no,no,cellular,12,aug,56,2,0,no
55,management,married,tertiary,no,5979,no,yes,cellular,8,jul,123,1,0,no
51,admin.,married,secondary,no,7662,no,no,telephone,28,jan,148,2,0,no
34,management,single,tertiary,no,5084,no,no,cellular,5,feb,231,1,0,no
58,retired,divorced,,no,10920,yes,no,cellular,23,jul,255,1,0,no
39,management,single,tertiary,no,5816,yes,no,cellular,27,aug,37,3,0,no
27,unemployed,single,secondary,no,8276,no,no,cellular,5,aug,106,1,2,no
55,management,divorced,,no,5002,yes,no,,19,may,95,1,0,no
35,technician,single,secondary,no,4949,no,no,,2,jul,134,2,0,no
37,technician,single,tertiary,no,8315,yes,no,cellular,9,apr,820,2,0,no
52,technician,married,secondary,no,5196,yes,yes,cellular,24,feb,116,1,3,no
41,blue-collar,married,secondary,no,5552,yes,no,cellular,12,may,463,1,0,no
52,admin.,married,secondary,no,7347,no,yes,cellular,12,aug,603,3,0,no
34,blue-collar,single,secondary,no,8723,yes,no,,27,may,47,5,0,no
53,management,divorced,primary,no,5255,no,no,cellular,19,nov,126,1,0,no
33,management,single,tertiary,no,8143,no,no,cellular,29,jun,421,2,0,yes
47,self-employed,married,secondary,no,5000,no,no,,26,jun,174,8,0,no
35,blue-collar,married,secondary,no,11411,yes,yes,cellular,30,jan,144,1,2,no
33,management,single,tertiary,no,6909,no,no,cellular,8,aug,191,2,0,no
55,blue-collar,married,primary,no,8873,no,no,telephone,21,apr,222,1,0,no
58,self-employed,married,primary,no,6013,yes,no,cellular,11,aug,206,1,1,yes
44,admin.,married,secondary,no,5262,yes,no,cellular,9,jul,74,1,0,no
25,services,single,secondary,no,8217,yes,no,,28,may,24,1,0,no
37,technician,single,secondary,no,10436,yes,no,cellular,6,may,,11,1,no
41,blue-collar,married,primary,no,7067,yes,no,cellular,15,may,493,7,0,no
34,blue-collar,single,secondary,no,5215,no,no,cellular,3,mar,350,3,0,yes
36,services,divorced,secondary,no,6594,no,no,,6,jun,250,3,0,no
44,self-employed,married,tertiary,no,5134,no,no,cellular,28,aug,86,4,0,no
34,entrepreneur,divorced,tertiary,no,5262,no,no,cellular,20,nov,371,1,0,no
56,blue-collar,divorced,primary,no,8021,no,no,,9,jun,419,2,0,no
43,management,divorced,tertiary,no,5388,yes,no,,8,may,,2,0,yes
28,blue-collar,single,secondary,no,8412,yes,no,cellular,15,may,22,4,0,no
54,blue-collar,married,secondary,no,6291,yes,no,,5,may,266,1,0,no
37,technician,divorced,secondary,no,5079,no,no,cellular,21,jul,191,1,0,no
59,self-employed,married,tertiary,no,7013,no,no,cellular,19,feb,222,4,2,yes
58,blue-collar,divorced,secondary,no,5543,no,yes,telephone,17,jul,264,3,0,no
56,management,divorced,tertiary,no,6016,yes,no,,9,jun,184,5,0,no
32,blue-collar,single,secondary,no,5604,no,yes,cellular,28,may,95,3,0,no
42,management,single,tertiary,no,5525,no,no,cellular,13,aug,127,2,0,no
52,retired,divorced,primary,no,5353,no,no,cellular,31,jul,395,4,0,no
46,management,married,tertiary,no,5964,yes,no,cellular,8,apr,174,1,0,no
37,admin.,married,tertiary,no,8913,yes,no,cellular,27,apr,124,1,0,yes
39,blue-collar,married,primary,no,5879,yes,no,,26,may,102,2,0,no
31,admin.,married,secondary,no,5314,yes,no,cellular,17,apr,279,1,0,no
59,housemaid,married,primary,no,5000,no,no,cellular,27,aug,76,11,0,no
38,blue-collar,married,secondary,no,6370,yes,no,cellular,11,may,472,2,0,no
58,management,married,secondary,no,5037,no,no,cellular,18,aug,84,11,0,no
34,management,single,tertiary,no,5673,yes,yes,cellular,20,nov,271,1,1,no
40,services,married,secondary,no,4658,yes,no,,26,may,754,1,0,no
20,student,single,secondary,no,,no,no,telephone,11,may,172,5,5,no
34,technician,married,secondary,no,5209,yes,yes,cellular,8,apr,375,2,0,no
31,technician,single,tertiary,no,5438,yes,no,cellular,12,aug,130,2,0,no
39,admin.,single,secondary,no,6242,yes,no,,12,may,303,3,0,no
34,entrepreneur,married,tertiary,no,5355,yes,no,,16,may,261,1,0,no
24,blue-collar,married,secondary,no,5204,yes,yes,cellular,17,apr,229,3,0,no
41,management,married,tertiary,no,,yes,no,cellular,1,jun,288,1,0,no
40,management,married,tertiary,no,5005,yes,no,cellular,18,nov,219,3,0,no
45,technician,single,secondary,no,5410,yes,no,,30,may,891,4,0,yes
36,management,married,tertiary,no,5605,yes,no,,26,may,204,1,0,no
53,management,married,tertiary,no,5004,no,no,,20,jun,,6,0,no
23,student,single,secondary,no,13494,no,no,cellular,25,aug,158,2,0,no
42,entrepreneur,married,primary,no,5198,yes,no,,8,may,314,1,0,no
48,blue-collar,married,secondary,no,5841,yes,no,,19,may,215,1,0,no
34,management,married,tertiary,no,5008,no,no,cellular,25,aug,169,4,0,no
36,admin.,married,secondary,no,5470,yes,no,cellular,31,jul,101,4,0,no
43,retired,married,secondary,no,5520,yes,no,,20,may,,13,0,no
36,blue-collar,married,secondary,no,5439,yes,no,,21,may,260,5,0,no
49,blue-collar,married,secondary,no,4546,yes,no,cellular,14,may,558,1,0,yes
55,retired,married,secondary,no,5466,no,no,,17,jun,287,4,0,no
53,retired,married,secondary,no,5665,yes,no,cellular,22,apr,371,2,0,yes
42,technician,married,secondary,no,5994,yes,no,cellular,11,aug,149,1,5,yes
45,admin.,married,secondary,no,10346,yes,yes,,21,oct,187,1,0,yes
31,blue-collar,married,secondary,no,6243,yes,no,,21,may,32,1,0,no
32,admin.,married,tertiary,no,5000,yes,no,,5,may,138,1,0,no
36,blue-collar,married,secondary,no,7357,yes,no,,17,jun,228,2,0,no
56,retired,married,secondary,no,6044,no,no,telephone,3,jul,353,2,0,yes
46,admin.,married,secondary,no,6069,yes,no,,8,may,45,2,0,no
41,housemaid,single,secondary,no,5231,no,no,cellular,9,jul,76,2,0,no
31,admin.,married,secondary,no,5000,yes,yes,,6,may,144,2,0,no
32,technician,married,secondary,no,5266,yes,no,cellular,19,aug,168,2,0,no
38,management,married,tertiary,no,4930,yes,no,cellular,30,jan,140,1,3,no
49,retired,single,primary,no,,no,no,,17,jun,94,1,0,no
46,management,single,primary,no,5538,no,no,,17,jun,118,3,0,no
29,technician,single,secondary,no,5534,yes,no,cellular,18,may,382,1,0,no
36,admin.,married,,no,7323,no,no,cellular,19,nov,111,1,0,no
38,admin.,married,secondary,no,6852,yes,no,cellular,15,may,298,2,0,no
53,technician,married,secondary,no,7647,yes,no,,30,may,121,1,0,no
43,management,married,tertiary,no,7767,yes,no,,15,may,317,7,0,no
41,management,married,tertiary,no,5176,yes,yes,,5,may,42,1,0,no
42,management,single,secondary,no,14720,no,no,cellular,5,aug,81,2,0,no
55,blue-collar,divorced,secondary,no,6613,yes,no,cellular,3,apr,296,1,3,yes
39,admin.,divorced,secondary,no,7903,yes,yes,telephone,25,jul,259,2,0,no
30,admin.,single,secondary,no,5081,yes,no,cellular,6,aug,121,6,3,no
41,blue-collar,married,secondary,no,5780,yes,no,cellular,15,may,432,3,0,no
44,unemployed,married,tertiary,no,5178,no,no,cellular,8,aug,126,2,0,no
58,management,married,tertiary,no,5299,no,no,cellular,16,jul,120,4,0,no
35,retired,married,primary,no,5285,yes,no,cellular,29,jan,136,1,0,no
27,blue-collar,married,secondary,no,5872,yes,no,cellular,17,apr,1130,3,0,no
34,services,married,secondary,no,6337,no,no,cellular,17,dec,330,2,3,yes
25,services,married,secondary,no,5072,yes,no,cellular,23,jul,305,2,0,no
36,blue-collar,married,secondary,no,5000,no,no,,20,jun,332,3,0,no
38,blue-collar,married,secondary,no,4612,yes,no,,9,may,412,1,0,no
30,admin.,married,secondary,no,5011,yes,no,cellular,11,may,157,1,0,no
47,blue-collar,divorced,secondary,yes,4465,yes,no,cellular,30,jul,71,2,0,no
41,services,divorced,secondary,no,5787,yes,no,cellular,8,may,297,2,0,no
36,management,single,tertiary,no,8343,no,no,cellular,18,nov,307,1,0,no
63,entrepreneur,married,secondary,no,8904,no,no,telephone,4,aug,250,2,2,yes
23,management,single,tertiary,no,5736,yes,no,cellular,30,apr,119,1,0,no
32,management,married,tertiary,no,6390,no,no,cellular,7,aug,116,2,0,no
57,retired,married,primary,no,5808,no,no,telephone,7,jul,274,1,0,no
48,management,married,tertiary,no,6147,no,no,cellular,5,aug,389,1,2,yes
49,services,married,secondary,no,6122,no,no,cellular,4,aug,143,1,0,no
50,technician,married,secondary,no,4432,yes,yes,,28,may,860,2,0,no
33,blue-collar,married,primary,no,6165,yes,no,,21,may,420,2,0,no
53,services,divorced,secondary,no,4095,yes,no,,28,may,213,1,0,no
30,unemployed,married,tertiary,no,5000,yes,no,cellular,18,nov,756,1,0,no
38,technician,married,secondary,no,5740,no,no,cellular,7,aug,259,3,0,no
44,management,married,secondary,no,13262,yes,no,cellular,23,jul,201,16,0,no
39,admin.,single,secondary,no,5014,yes,yes,,13,may,,9,0,no
45,technician,single,,no,12108,yes,yes,cellular,18,nov,53,1,3,no
36,blue-collar,married,secondary,no,6049,yes,no,cellular,14,may,224,4,0,yes
38,blue-collar,married,secondary,no,5000,yes,no,cellular,13,may,57,5,1,no
36,housemaid,married,secondary,no,5419,yes,no,,30,may,251,1,0,no
30,management,single,tertiary,no,5726,yes,no,cellular,16,apr,39,1,3,no
28,technician,divorced,tertiary,no,5594,yes,yes,,18,jun,54,3,0,no
26,unemployed,married,tertiary,no,5454,yes,yes,,23,may,28,18,0,no
54,management,married,secondary,no,7206,no,no,cellular,12,nov,104,1,2,yes
38,admin.,married,tertiary,no,6988,no,no,cellular,27,mar,164,2,2,yes
32,technician,single,tertiary,no,5000,no,no,cellular,7,aug,268,2,0,no
50,admin.,divorced,secondary,no,5202,no,yes,cellular,17,nov,148,1,0,no
43,blue-collar,married,secondary,no,5667,yes,no,,7,may,228,3,0,no
48,admin.,married,secondary,no,5112,no,no,cellular,18,aug,139,5,0,no
57,housemaid,married,primary,no,5050,no,no,cellular,18,aug,89,3,0,no
64,housemaid,married,primary,no,5768,no,no,cellular,15,jul,250,2,1,no
26,services,divorced,secondary,no,5074,yes,no,,23,may,106,6,0,no
33,blue-collar,married,secondary,no,5661,yes,no,cellular,18,jul,968,1,0,yes
50,self-employed,married,secondary,no,8025,no,yes,cellular,6,aug,168,3,0,no
47,self-employed,married,tertiary,no,5751,no,no,cellular,24,jul,408,14,0,no
39,management,single,tertiary,no,5416,no,no,cellular,23,oct,56,4,0,no
52,services,married,primary,no,5014,no,yes,cellular,28,jul,55,5,0,no
31,blue-collar,single,primary,no,4498,yes,no,,29,may,76,4,0,no
50,blue-collar,married,primary,no,5000,no,no,cellular,11,aug,72,5,0,no
47,technician,married,secondary,no,5599,yes,no,cellular,13,aug,99,3,0,no
30,management,single,tertiary,no,4782,yes,no,cellular,27,aug,,15,0,no
32,technician,single,tertiary,no,6012,no,no,cellular,14,apr,178,1,0,no
36,technician,married,secondary,no,5300,no,no,,9,jun,287,1,0,no
46,technician,married,tertiary,no,5217,yes,no,cellular,14,may,141,1,2,no
45,management,divorced,tertiary,no,7096,no,no,cellular,21,nov,127,1,2,no
37,technician,single,secondary,no,5000,no,no,cellular,4,aug,69,2,0,no
58,housemaid,married,primary,no,,yes,no,,4,jun,763,4,0,no
59,management,married,tertiary,no,6831,no,no,cellular,17,feb,122,1,1,no
28,management,married,tertiary,no,6480,yes,no,cellular,18,may,143,1,0,no
48,management,married,tertiary,no,12289,yes,no,cellular,2,feb,316,3,0,no
55,blue-collar,married,,no,6665,no,no,telephone,30,jul,89,2,0,no
37,blue-collar,single,primary,no,5851,yes,no,cellular,15,may,151,1,1,no
41,management,married,tertiary,no,7885,no,no,cellular,19,nov,40,1,0,no
35,blue-collar,married,secondary,no,5137,no,yes,,4,oct,,1,12,no
34,blue-collar,single,secondary,no,6239,yes,no,cellular,18,jul,90,1,0,no
43,management,single,tertiary,no,5146,no,no,cellular,21,nov,50,1,5,no
59,technician,married,secondary,no,5001,no,no,cellular,15,apr,159,2,3,yes
50,blue-collar,divorced,primary,no,4990,no,yes,cellular,10,jul,369,6,0,no
37,technician,married,secondary,no,5480,no,no,cellular,22,oct,344,2,8,yes
35,technician,married,secondary,no,7789,yes,no,cellular,4,sep,256,2,1,no
50,technician,single,secondary,no,8897,no,no,cellular,26,oct,298,1,0,no
36,technician,divorced,secondary,no,5487,no,yes,cellular,11,aug,268,3,0,no
41,admin.,married,secondary,no,10110,yes,no,cellular,13,apr,231,1,0,no
28,management,married,tertiary,no,5318,yes,no,,27,may,,4,0,no
42,technician,single,tertiary,no,4589,yes,no,cellular,12,may,78,5,3,no
60,retired,married,secondary,no,9820,no,no,,5,jun,419,1,0,no
28,management,single,tertiary,no,9937,yes,no,telephone,13,may,421,3,0,no
48,entrepreneur,married,secondary,no,5725,no,yes,cellular,10,jul,105,1,0,no
51,entrepreneur,married,tertiary,no,10403,no,no,,6,jun,42,1,0,no
32,technician,married,tertiary,no,9089,no,no,cellular,26,may,114,7,3,no
35,technician,married,tertiary,no,5188,no,no,cellular,26,aug,286,2,0,no
37,technician,married,,no,5189,no,no,cellular,1,oct,238,1,2,yes
38,blue-collar,divorced,secondary,no,7998,yes,no,,11,jun,91,1,0,no
77,retired,married,secondary,no,5610,no,no,cellular,13,aug,766,3,0,no
32,management,single,,no,5787,no,no,cellular,28,jan,92,1,0,no
43,technician,divorced,secondary,no,5167,no,no,cellular,4,aug,211,3,0,no
36,management,single,tertiary,no,5243,yes,no,cellular,7,may,160,2,3,no
29,management,married,tertiary,no,5877,no,no,cellular,3,feb,166,3,0,no
32,admin.,single,secondary,no,7817,yes,no,cellular,21,nov,195,1,0,no
41,management,divorced,tertiary,no,9567,yes,yes,cellular,16,jul,106,1,0,no
26,services,single,secondary,no,5127,yes,yes,cellular,23,jul,85,3,0,no
34,blue-collar,married,primary,no,5176,no,no,cellular,24,jul,78,1,0,no
57,retired,married,tertiary,no,5000,yes,yes,,28,may,648,1,0,yes
36,services,single,secondary,no,6482,yes,no,cellular,18,nov,177,2,1,no
42,blue-collar,married,secondary,no,8052,yes,no,,27,may,32,1,0,no
35,technician,divorced,secondary,no,5056,no,no,cellular,29,aug,24,12,0,no
52,entrepreneur,divorced,primary,no,5278,yes,no,,7,may,688,2,0,no
36,management,single,tertiary,no,8875,yes,no,,27,may,21,5,0,no
46,technician,married,secondary,no,4663,yes,no,,27,may,112,1,0,no
60,management,divorced,tertiary,no,5366,no,no,cellular,3,jun,593,1,0,yes
57,housemaid,married,primary,no,5501,yes,yes,cellular,7,aug,59,2,0,no
48,management,married,tertiary,no,5998,yes,no,cellular,29,jan,121,3,0,no
59,self-employed,married,primary,no,5000,yes,no,telephone,28,jul,97,2,0,no
39,management,married,tertiary,no,5246,no,no,cellular,11,aug,86,2,0,no
44,blue-collar,married,secondary,no,4818,yes,yes,cellular,14,may,,10,0,no
27,management,single,tertiary,no,5446,no,no,cellular,23,jun,205,3,0,no
59,retired,married,secondary,no,6173,no,no,,9,jun,77,2,0,no
36,technician,divorced,secondary,no,10957,yes,no,cellular,18,nov,138,2,0,no
44,admin.,married,secondary,no,5205,no,no,cellular,3,nov,289,1,0,yes
50,admin.,married,secondary,no,5000,no,no,cellular,4,aug,86,4,0,no
41,management,divorced,tertiary,no,5369,yes,no,telephone,22,aug,,3,0,no
47,admin.,married,secondary,no,6934,no,yes,cellular,14,may,225,1,1,no
32,technician,single,tertiary,no,5259,no,no,cellular,22,jul,407,4,0,no
38,blue-collar,married,secondary,no,5284,yes,yes,,3,jun,1030,6,0,no
55,blue-collar,married,,no,5023,no,no,cellular,13,aug,123,2,0,no
38,management,single,tertiary,no,6373,no,no,cellular,22,oct,119,4,0,no
31,management,single,tertiary,no,5062,yes,no,cellular,18,may,175,1,5,no
38,blue-collar,divorced,secondary,no,5157,no,no,,9,jun,299,5,0,no
29,unemployed,single,tertiary,no,5991,no,no,cellular,5,feb,563,1,0,no
55,services,married,secondary,no,5186,yes,yes,,9,may,241,1,0,no
35,unemployed,married,secondary,no,5977,yes,no,cellular,4,may,52,4,1,no
40,self-employed,single,tertiary,no,7893,no,no,cellular,2,jun,76,3,0,no
34,blue-collar,married,secondary,no,6897,yes,yes,cellular,19,nov,441,1,0,no
32,technician,single,tertiary,no,10514,no,no,cellular,22,apr,319,1,1,yes
33,blue-collar,married,secondary,no,5889,yes,no,,18,sep,,1,6,no
33,management,married,tertiary,no,5273,yes,no,,16,may,803,1,0,yes
37,admin.,married,secondary,no,6193,no,no,cellular,12,may,396,2,0,no
58,management,married,tertiary,no,7729,no,no,,18,jun,188,1,0,no
36,admin.,single,secondary,no,5000,no,no,cellular,20,apr,637,1,0,no
42,blue-collar,married,secondary,no,5230,yes,no,,5,jun,175,7,0,no
34,technician,single,secondary,no,7729,yes,no,cellular,6,apr,945,1,1,no
35,management,married,tertiary,no,5317,yes,no,,23,may,162,3,0,no
60,housemaid,married,primary,no,5517,no,no,,12,jun,1178,3,0,no
50,management,married,tertiary,no,4530,yes,no,cellular,8,may,506,2,3,no
28,self-employed,single,tertiary,no,9579,no,no,cellular,12,jan,409,2,0,yes
27,blue-collar,divorced,secondary,no,5001,yes,no,cellular,14,jul,116,3,0,no
37,management,married,tertiary,no,10106,no,no,cellular,30,apr,244,1,0,yes
31,technician,married,tertiary,no,5636,yes,no,cellular,4,may,352,4,0,yes
34,services,married,secondary,no,6076,no,no,cellular,12,may,152,1,6,yes
38,management,married,tertiary,no,5126,yes,no,,21,may,164,2,0,no
32,self-employed,married,secondary,no,4967,yes,no,,28,may,234,3,0,no
37,technician,married,secondary,no,5430,no,no,cellular,27,aug,154,4,0,no
33,admin.,married,secondary,no,4994,yes,no,,7,may,566,2,0,no
71,technician,married,tertiary,no,5383,no,no,cellular,27,oct,327,2,3,no
27,technician,married,secondary,no,5130,yes,no,cellular,7,may,265,3,0,no
38,blue-collar,married,primary,no,7569,no,no,,9,jun,172,1,0,no
34,technician,single,secondary,no,5201,no,no,cellular,22,jul,257,2,0,no
54,retired,divorced,tertiary,no,5000,no,no,,13,may,618,1,0,yes
30,blue-collar,married,secondary,no,5006,yes,no,cellular,28,jan,241,3,0,no
35,entrepreneur,single,secondary,no,5475,no,yes,cellular,21,jul,936,4,0,no
33,blue-collar,single,secondary,no,5706,yes,no,cellular,7,apr,329,1,1,no
36,management,married,secondary,no,6825,yes,no,cellular,14,may,24,1,1,no
59,self-employed,married,tertiary,no,5185,no,no,cellular,22,jun,177,5,1,no
72,blue-collar,married,primary,no,9415,no,no,telephone,13,oct,120,1,0,no
64,management,married,tertiary,no,5679,no,no,telephone,22,apr,135,3,0,no
53,technician,divorced,secondary,no,5320,no,no,cellular,9,jul,175,1,0,no
35,management,single,tertiary,no,,yes,no,cellular,25,may,179,1,0,no
58,self-employed,married,secondary,no,6407,yes,no,,30,may,58,1,0,no
40,technician,married,secondary,no,6270,no,no,cellular,17,apr,342,2,0,no
41,services,divorced,secondary,no,5654,yes,no,cellular,13,may,139,2,0,no
48,retired,married,primary,no,10173,yes,no,,18,jun,88,8,0,no
44,entrepreneur,married,tertiary,no,8463,yes,yes,cellular,28,aug,210,3,0,no
39,blue-collar,married,,no,5000,no,no,cellular,2,feb,731,1,3,no
61,management,married,tertiary,no,11016,no,no,cellular,2,feb,670,3,0,yes
36,entrepreneur,married,primary,no,5177,yes,no,,12,may,63,5,0,no
28,management,married,tertiary,no,8694,no,yes,cellular,8,jul,70,2,0,no
58,retired,single,secondary,no,6640,no,yes,cellular,4,feb,72,6,4,no
60,admin.,divorced,secondary,no,5174,yes,no,cellular,15,may,241,1,1,no
66,admin.,single,secondary,no,,no,no,cellular,5,may,272,4,0,no
36,management,single,tertiary,no,5490,no,no,cellular,28,aug,207,8,1,yes
49,self-employed,married,secondary,no,7576,yes,no,cellular,15,may,64,6,0,no
40,services,married,secondary,no,5000,no,no,,12,jun,543,2,0,no
23,technician,single,secondary,no,5598,no,no,cellular,30,apr,166,1,0,no
29,management,single,tertiary,no,,no,no,cellular,26,may,245,3,7,no
44,blue-collar,married,primary,no,5271,yes,yes,,9,may,94,1,0,no
54,management,married,,no,7508,no,no,,20,jun,34,8,0,no
47,blue-collar,married,primary,no,5320,no,no,telephone,30,jul,203,2,0,no
33,admin.,married,tertiary,no,5640,no,no,cellular,24,jul,318,1,0,no
30,self-employed,married,secondary,no,6772,yes,no,cellular,13,apr,158,4,0,no
27,admin.,single,secondary,no,5015,no,yes,cellular,21,jul,177,1,0,no
49,management,divorced,tertiary,no,7370,yes,yes,,17,nov,56,1,2,no
27,services,single,secondary,no,5201,yes,no,,4,jun,172,2,0,no
51,blue-collar,married,secondary,no,5160,yes,no,cellular,7,may,136,1,1,no
32,admin.,divorced,secondary,yes,5005,yes,yes,cellular,18,may,82,3,2,no
30,blue-collar,single,secondary,no,5075,yes,no,,16,may,123,1,0,no
33,admin.,married,secondary,no,9902,yes,no,cellular,20,nov,110,1,0,no
27,blue-collar,single,primary,no,4921,yes,no,,30,may,385,5,0,no
75,retired,divorced,secondary,no,6341,no,no,cellular,18,dec,415,7,0,yes
37,services,divorced,secondary,no,5490,yes,no,cellular,2,feb,73,1,0,no
36,technician,single,secondary,no,6521,yes,no,,16,jun,243,2,0,no
37,blue-collar,married,secondary,no,5131,yes,no,,9,may,137,2,0,no
35,management,married,tertiary,no,5008,yes,no,,23,may,55,4,0,no
32,services,married,secondary,no,4368,yes,yes,cellular,20,apr,,5,0,no
32,admin.,single,secondary,no,5116,no,yes,cellular,16,jul,255,2,0,no
35,admin.,married,primary,no,5189,yes,no,cellular,11,may,95,1,0,no
31,blue-collar,married,primary,no,5002,yes,yes,cellular,10,jul,112,1,0,no
28,blue-collar,single,secondary,no,9229,yes,yes,cellular,5,may,205,2,0,no
27,services,married,secondary,no,5054,yes,no,cellular,18,may,97,1,1,no
22,student,single,,no,5549,no,no,cellular,2,sep,154,1,0,no
35,blue-collar,married,primary,no,5298,yes,no,cellular,13,may,135,2,2,no
69,retired,married,primary,no,5579,no,no,cellular,14,aug,230,1,0,no
37,entrepreneur,single,tertiary,no,6467,yes,yes,cellular,17,nov,349,1,0,no
45,admin.,single,secondary,no,5000,yes,no,cellular,8,may,38,1,0,no
47,management,married,tertiary,no,5109,yes,no,cellular,22,jul,268,1,0,no
52,management,married,tertiary,no,4989,yes,no,cellular,11,may,94,4,0,no
33,services,married,secondary,no,5090,yes,no,cellular,28,jul,263,2,0,no
60,blue-collar,married,primary,no,5493,no,no,cellular,18,aug,671,4,0,yes
33,management,divorced,secondary,no,6897,yes,yes,,2,jun,197,1,0,no
44,admin.,married,secondary,no,7403,yes,no,cellular,28,jan,180,2,0,no
38,entrepreneur,married,secondary,no,5868,no,no,cellular,20,nov,452,2,0,no
54,entrepreneur,married,secondary,no,5653,yes,no,,15,may,352,1,0,no
32,unemployed,divorced,primary,no,5000,no,no,cellular,15,jul,175,4,0,no
33,technician,married,secondary,no,5000,yes,yes,cellular,19,nov,163,2,0,no
55,services,divorced,secondary,no,5218,yes,no,,29,may,200,2,0,no
51,blue-collar,married,primary,no,10050,no,yes,,16,jun,75,7,0,no
48,blue-collar,married,secondary,no,5741,yes,no,cellular,16,apr,227,1,0,no
37,services,single,secondary,no,6050,yes,no,cellular,3,feb,586,3,0,no
33,services,single,secondary,no,4944,no,yes,cellular,10,jul,119,5,0,no
30,blue-collar,married,primary,no,5001,yes,yes,telephone,22,jul,80,2,0,no
43,blue-collar,married,primary,no,4902,yes,yes,cellular,12,may,112,2,3,no
49,technician,married,secondary,no,9667,yes,no,,19,may,130,2,0,no
54,unemployed,married,primary,no,5541,yes,no,cellular,3,feb,237,3,0,no
31,unemployed,married,tertiary,no,12744,no,no,cellular,26,aug,377,8,0,no
54,management,married,,no,5895,no,no,cellular,7,oct,335,1,0,yes
36,unemployed,married,secondary,no,4871,yes,no,cellular,29,jul,121,3,0,no
30,admin.,married,secondary,no,5000,no,no,cellular,15,jul,127,5,0,no
27,technician,single,secondary,no,5158,no,no,,1,jul,650,2,0,yes
30,admin.,married,secondary,no,5122,yes,no,,16,may,107,1,0,no
30,blue-collar,married,secondary,no,5673,yes,no,,20,may,610,2,0,no
35,technician,divorced,secondary,no,5000,no,no,cellular,25,aug,124,4,0,no
33,services,divorced,secondary,no,5411,yes,no,,8,may,216,1,0,no
43,blue-collar,divorced,primary,no,4903,yes,yes,cellular,31,jul,747,4,0,no
41,blue-collar,married,secondary,no,4783,yes,no,cellular,11,may,313,1,3,no
41,management,divorced,tertiary,no,10037,no,no,cellular,23,apr,252,9,5,yes
46,admin.,divorced,secondary,no,7232,no,no,cellular,13,feb,121,1,0,yes
54,blue-collar,married,secondary,no,4068,yes,no,,7,may,799,1,0,no
32,management,married,tertiary,no,5913,yes,no,cellular,23,jun,883,1,4,no
30,technician,single,tertiary,no,5236,yes,no,,16,may,197,1,0,no
40,entrepreneur,married,primary,no,5000,yes,no,cellular,11,jul,271,2,0,no
30,blue-collar,married,primary,no,7581,no,no,,12,may,221,2,0,no
27,admin.,married,secondary,no,5639,no,yes,cellular,14,jul,243,3,0,no
41,blue-collar,married,primary,no,5849,yes,no,,15,may,72,1,0,no
54,services,married,secondary,no,5386,yes,no,cellular,2,aug,155,2,0,no
32,management,single,tertiary,no,6218,yes,no,telephone,28,jan,70,2,0,no
31,management,married,tertiary,no,7603,yes,no,cellular,11,feb,280,4,0,yes
42,blue-collar,married,secondary,no,4079,yes,no,,26,may,115,2,0,no
48,admin.,married,primary,no,5607,no,no,,20,jun,29,2,0,no
34,blue-collar,married,primary,no,5079,yes,no,cellular,14,may,406,2,0,no
55,technician,divorced,secondary,no,5061,yes,yes,cellular,25,aug,113,3,0,no
49,technician,married,secondary,no,6091,no,no,telephone,30,jul,47,2,0,no
46,management,divorced,tertiary,no,5743,no,no,,5,jun,36,2,0,no
47,entrepreneur,married,,no,5209,yes,no,,6,may,135,2,0,no
24,management,single,tertiary,no,5172,no,no,cellular,3,jul,67,2,0,no
58,entrepreneur,married,secondary,no,5002,no,no,,16,jun,684,1,0,no
32,management,single,tertiary,no,5041,no,no,cellular,21,aug,686,5,0,yes
25,student,single,secondary,no,6116,yes,no,cellular,2,mar,170,3,0,no
49,blue-collar,married,secondary,no,,no,no,,17,jun,150,3,0,no
59,retired,divorced,secondary,no,10845,no,no,cellular,14,may,1060,2,0,yes
30,management,single,tertiary,no,5329,yes,no,,6,jun,122,16,0,no
46,blue-collar,married,secondary,no,5494,yes,no,,26,may,724,1,0,no
42,management,married,,no,6519,no,no,cellular,19,oct,230,1,1,yes
37,entrepreneur,married,tertiary,no,7685,no,no,,20,jun,187,2,0,no
44,blue-collar,married,primary,no,4986,yes,yes,,19,may,179,4,0,no
49,services,married,secondary,no,10673,no,yes,cellular,4,aug,357,3,0,no
41,blue-collar,married,secondary,no,6459,no,no,,5,jun,82,1,0,no
48,technician,married,tertiary,no,5000,no,no,telephone,26,aug,176,15,0,no
31,management,married,secondary,no,5625,yes,no,cellular,7,apr,424,1,1,no
37,student,married,,no,5000,no,no,,18,jun,115,1,0,no
51,services,married,secondary,no,5867,yes,no,cellular,3,feb,177,2,3,no
80,retired,married,secondary,no,13304,no,no,telephone,9,jun,712,1,12,yes
32,management,single,tertiary,no,5151,yes,no,,6,may,118,1,0,no
48,services,married,primary,yes,4417,yes,no,,2,jun,25,7,0,no
49,blue-collar,married,tertiary,no,6784,no,no,,12,jun,753,1,0,no
30,management,married,tertiary,no,8134,yes,no,cellular,17,jul,124,1,0,no
27,self-employed,single,secondary,no,5049,yes,no,cellular,30,jan,208,2,0,no
34,technician,married,secondary,no,4654,no,no,cellular,13,aug,136,4,0,no
49,management,married,secondary,no,6623,yes,no,cellular,19,nov,1081,2,0,yes
48,management,married,tertiary,no,5060,no,no,telephone,7,may,376,2,7,no
40,services,married,secondary,no,5017,no,no,cellular,4,jun,78,1,0,no
38,blue-collar,married,secondary,no,7008,yes,no,cellular,18,nov,354,1,0,no
46,blue-collar,married,primary,no,5091,yes,no,cellular,6,may,29,1,2,no
41,entrepreneur,married,tertiary,no,5171,yes,no,cellular,19,nov,209,1,4,no
28,management,single,tertiary,no,6027,yes,no,cellular,14,may,433,1,0,no
51,services,married,,no,10801,yes,no,,29,may,147,2,0,no
33,blue-collar,divorced,primary,no,5142,yes,no,telephone,11,may,41,2,5,no
26,management,single,tertiary,no,5205,no,no,,26,may,111,1,0,no
34,admin.,single,secondary,no,5852,no,no,cellular,14,apr,108,2,0,no
27,blue-collar,married,secondary,yes,4416,yes,no,cellular,7,may,411,2,0,no
42,self-employed,married,secondary,no,5097,no,no,cellular,10,jul,108,2,0,no
45,admin.,married,secondary,no,5204,yes,no,cellular,3,jun,224,2,0,yes
31,technician,single,secondary,no,5628,yes,no,,12,may,1083,2,0,no
32,management,single,tertiary,no,5311,no,no,,12,may,757,2,0,yes
39,blue-collar,married,primary,no,6564,no,no,,17,jun,57,1,0,no
26,blue-collar,single,secondary,no,5856,yes,yes,cellular,30,jul,95,5,0,no
40,management,single,tertiary,no,6509,no,no,cellular,15,mar,144,2,1,no
52,services,married,secondary,no,4112,no,no,cellular,16,jul,135,1,0,no
40,technician,single,tertiary,no,5226,no,no,cellular,15,jan,176,2,0,no
48,technician,married,secondary,no,5127,no,yes,cellular,7,aug,524,5,0,no
31,services,married,secondary,no,5413,yes,no,,13,may,65,1,0,no
27,admin.,married,secondary,no,5710,yes,yes,cellular,6,may,653,1,2,yes
47,technician,married,secondary,no,6233,yes,no,,11,sep,91,1,2,yes
28,management,single,secondary,no,5171,no,no,cellular,10,mar,93,1,0,yes
40,management,divorced,tertiary,no,5069,yes,no,cellular,6,may,503,2,2,no
34,admin.,married,secondary,no,6499,yes,no,cellular,13,apr,186,1,2,no
29,self-employed,married,tertiary,no,5751,yes,no,,23,may,121,2,0,no
36,management,married,tertiary,no,5061,no,yes,cellular,19,aug,452,2,0,no
83,retired,married,primary,no,5425,no,no,telephone,22,jun,883,1,1,yes
55,services,divorced,primary,no,7923,yes,no,,15,may,104,2,0,no
43,management,divorced,tertiary,no,5099,no,no,cellular,29,jan,24,3,0,no
23,student,single,secondary,no,6021,no,no,telephone,19,jun,79,9,0,no
44,technician,married,tertiary,no,6146,no,no,cellular,4,jul,178,2,0,no
58,blue-collar,married,primary,no,5781,yes,no,cellular,15,may,74,2,0,no
29,admin.,single,secondary,no,6448,no,no,cellular,10,mar,217,1,7,no
30,management,single,tertiary,no,5604,no,yes,cellular,2,feb,475,1,0,no
29,admin.,single,secondary,no,4806,yes,no,cellular,7,may,127,1,0,no
41,technician,married,secondary,no,5000,no,no,cellular,11,mar,101,1,0,no
35,housemaid,married,primary,no,5000,yes,no,cellular,14,jul,340,3,0,no
31,technician,single,secondary,no,6014,yes,no,cellular,23,jul,158,4,0,no
27,admin.,single,tertiary,no,5073,no,no,cellular,29,jan,242,1,0,no
47,services,married,secondary,no,7597,yes,no,,16,may,323,1,0,no
53,self-employed,married,tertiary,no,7627,yes,yes,,16,jun,,30,0,no
34,management,married,tertiary,no,6906,yes,no,cellular,14,jul,68,3,0,no
34,blue-collar,married,primary,no,4681,yes,yes,cellular,9,jul,134,4,0,no
36,management,married,tertiary,no,4704,yes,no,cellular,14,may,113,3,0,no
40,technician,married,secondary,no,5169,yes,no,cellular,18,aug,43,4,0,no
37,self-employed,single,tertiary,no,5556,no,no,,17,jun,200,2,0,no
65,retired,divorced,,no,5300,no,no,cellular,2,aug,245,2,0,no
53,technician,divorced,secondary,no,5751,yes,no,,16,may,343,4,0,no
28,technician,single,secondary,no,5126,no,no,cellular,3,mar,229,1,0,no
33,technician,divorced,tertiary,no,4614,yes,no,,23,may,530,1,0,no
56,blue-collar,married,primary,no,5379,no,no,cellular,13,aug,58,5,0,no
45,self-employed,married,secondary,no,5706,no,no,cellular,30,apr,78,2,1,no
39,technician,married,secondary,no,14121,no,no,,5,jun,147,1,0,no
28,management,single,tertiary,no,6466,yes,no,cellular,25,jul,40,1,0,no
36,blue-collar,married,primary,no,5000,yes,no,cellular,18,nov,618,2,0,no
41,blue-collar,married,primary,no,5951,yes,no,cellular,20,apr,23,4,0,no
46,admin.,married,secondary,no,5368,no,no,cellular,20,aug,293,1,4,yes
41,blue-collar,married,secondary,no,5121,yes,no,cellular,13,may,,6,5,no
59,services,married,secondary,no,5204,no,no,cellular,23,jul,286,2,0,no
24,admin.,married,secondary,no,5299,yes,no,cellular,6,may,209,1,1,no
34,management,married,tertiary,no,9170,yes,no,,21,may,935,1,0,no
40,blue-collar,married,primary,no,4665,yes,no,,27,may,260,1,0,no
42,admin.,married,secondary,no,8165,yes,no,,16,jun,298,4,0,no
50,services,married,secondary,no,5254,yes,no,cellular,15,apr,397,2,1,no
25,management,single,tertiary,no,5553,yes,no,cellular,17,sep,113,4,1,no
51,services,divorced,secondary,no,5518,yes,no,telephone,17,nov,76,1,0,no
50,management,married,tertiary,no,5085,no,yes,cellular,1,jun,141,1,0,no
37,blue-collar,married,,no,5603,yes,no,,23,may,773,2,0,no
21,services,single,secondary,no,5361,no,no,telephone,5,jun,329,1,1,no
52,blue-collar,married,secondary,no,4902,yes,no,,7,may,423,1,0,no
55,retired,married,primary,no,9424,no,no,cellular,5,aug,67,4,0,no
26,technician,single,secondary,no,7610,yes,yes,,2,jun,626,1,0,no
38,technician,married,tertiary,no,8234,no,no,cellular,18,nov,578,2,0,yes
32,blue-collar,married,secondary,no,5687,yes,no,,9,may,61,1,0,no
31,blue-collar,married,secondary,no,5631,yes,no,,23,may,248,4,0,no
34,technician,single,secondary,no,5341,no,yes,cellular,29,jan,136,1,3,no
33,technician,single,tertiary,no,,no,no,cellular,21,aug,126,3,0,no
35,technician,married,secondary,no,5002,no,no,telephone,28,jan,653,3,0,no
44,management,married,,no,5415,yes,no,telephone,14,may,,7,0,no
48,management,divorced,tertiary,no,5507,yes,no,cellular,9,apr,528,1,0,no
29,blue-collar,married,secondary,no,5912,yes,no,cellular,13,may,785,1,0,no
50,management,married,tertiary,no,5000,no,no,cellular,9,jul,243,5,0,no
37,blue-collar,married,primary,no,5037,yes,no,cellular,13,may,24,2,1,no
44,admin.,single,secondary,no,7524,no,no,,19,jun,82,1,0,no
36,unemployed,single,tertiary,no,14019,yes,no,,11,jun,952,3,0,no
49,blue-collar,divorced,,no,5039,yes,no,cellular,13,may,27,5,0,no
31,blue-collar,married,secondary,no,5000,yes,no,,5,may,143,1,0,no
49,technician,divorced,secondary,no,5265,yes,no,,12,may,274,6,0,no
35,blue-collar,single,secondary,no,5000,yes,no,cellular,16,apr,1174,1,4,yes
57,admin.,divorced,,no,9012,no,no,cellular,20,nov,915,1,0,no
42,blue-collar,married,primary,no,6520,yes,no,cellular,5,feb,115,1,0,no
36,blue-collar,divorced,secondary,no,4860,yes,no,,26,may,222,2,0,no
75,retired,divorced,primary,no,5852,no,no,cellular,15,mar,341,1,0,no
38,blue-collar,single,secondary,no,5578,yes,no,,21,may,112,2,0,no
40,blue-collar,married,primary,yes,5000,yes,no,,6,may,64,2,0,no
38,services,single,secondary,no,7253,yes,no,cellular,13,may,937,3,0,yes
34,management,single,tertiary,no,6171,yes,no,cellular,10,jul,129,1,0,no
29,technician,single,tertiary,no,5452,yes,no,cellular,11,may,59,1,0,no
28,admin.,married,secondary,no,4903,yes,no,cellular,29,jan,79,1,2,no
79,retired,married,secondary,no,9738,no,no,telephone,9,jul,151,5,0,no
51,admin.,divorced,secondary,no,5467,yes,no,,19,may,83,1,0,no
32,student,single,tertiary,no,5000,no,no,cellular,6,aug,101,5,6,no
36,management,married,tertiary,no,5495,no,no,cellular,5,aug,157,3,2,yes
38,entrepreneur,married,secondary,no,5157,no,yes,cellular,15,may,57,11,1,no
49,self-employed,married,secondary,no,5358,yes,yes,,13,may,176,3,0,no
42,services,married,secondary,no,5292,yes,no,cellular,11,may,222,3,0,no
43,blue-collar,married,primary,no,12343,yes,no,,2,jun,217,4,0,no
34,blue-collar,married,secondary,no,4437,yes,no,,26,may,252,1,0,no
59,retired,single,secondary,no,5351,yes,no,,27,may,1063,5,0,yes
35,management,married,primary,no,5365,no,no,cellular,29,aug,41,2,0,no
33,blue-collar,single,secondary,no,,yes,no,,20,jun,27,25,0,no
34,admin.,single,secondary,no,5846,yes,no,cellular,17,apr,758,2,0,no
64,retired,married,secondary,no,6574,no,no,telephone,29,jul,301,3,0,yes
34,entrepreneur,married,tertiary,no,4972,yes,no,cellular,16,jul,574,1,0,no
77,retired,married,tertiary,no,5000,no,no,cellular,16,oct,847,1,1,yes
57,retired,married,primary,no,7927,no,yes,telephone,30,jul,78,5,0,no
30,blue-collar,married,secondary,no,5501,yes,yes,,27,may,514,1,0,no
56,housemaid,divorced,primary,yes,6238,no,no,,5,jun,,1,0,yes
49,management,married,,no,5301,no,no,cellular,14,aug,789,2,0,no
73,retired,married,primary,no,6388,no,no,cellular,20,jul,146,3,3,no
39,technician,single,secondary,no,5102,yes,no,cellular,14,aug,272,2,0,no
57,technician,divorced,primary,no,5013,yes,no,cellular,8,may,323,2,2,no
32,self-employed,married,secondary,no,5413,yes,no,cellular,11,jul,712,2,0,no
32,technician,single,tertiary,no,9665,yes,no,,21,may,860,2,0,yes
45,admin.,married,secondary,no,5638,yes,no,cellular,20,aug,75,9,0,no
32,blue-collar,married,secondary,no,5101,yes,no,,19,may,191,4,0,no
31,management,married,tertiary,no,6224,yes,yes,cellular,24,jul,1441,2,0,yes
49,self-employed,married,secondary,no,6103,no,no,cellular,12,aug,428,2,0,no
29,services,married,secondary,no,8748,no,no,cellular,28,may,322,3,0,no
55,technician,married,secondary,no,5955,yes,no,cellular,29,jan,104,1,0,no
30,admin.,married,secondary,no,5518,yes,no,cellular,8,may,127,1,0,no
45,services,single,primary,no,6893,yes,no,,3,jun,1259,6,0,yes
39,technician,married,tertiary,no,5014,no,no,cellular,28,jan,114,2,0,no
36,admin.,married,secondary,no,4577,yes,yes,,13,may,106,1,0,no
33,management,married,tertiary,no,8696,no,no,cellular,19,nov,305,1,3,no
36,management,married,tertiary,no,7987,yes,no,cellular,12,aug,307,1,0,yes
31,technician,single,secondary,no,5433,no,no,cellular,11,aug,,2,0,no
36,technician,married,,no,5756,no,no,cellular,11,jul,396,3,0,no
38,technician,single,tertiary,no,5000,yes,no,cellular,1,jun,71,1,0,no
33,technician,married,secondary,no,7727,no,no,cellular,6,aug,205,3,0,no
40,technician,married,secondary,no,5093,yes,no,,13,may,134,2,0,no
31,blue-collar,married,secondary,no,6766,no,yes,cellular,5,jun,166,2,0,yes
39,services,married,secondary,no,5124,yes,no,cellular,31,jul,81,5,0,no
33,admin.,married,tertiary,no,5069,no,yes,cellular,4,may,77,2,0,no
53,services,divorced,secondary,no,5000,no,no,cellular,12,mar,80,2,0,yes
38,management,married,tertiary,no,5000,yes,no,cellular,13,may,537,5,2,no
59,technician,married,secondary,no,5259,no,no,cellular,15,jun,415,1,1,yes
55,blue-collar,married,primary,no,9103,no,no,cellular,19,nov,291,1,0,no
38,technician,single,tertiary,no,5744,yes,no,cellular,14,may,283,1,12,no
48,services,married,secondary,no,5116,yes,no,telephone,20,apr,70,4,0,no
53,blue-collar,married,secondary,no,5070,yes,no,,5,may,611,2,0,no
44,admin.,divorced,secondary,no,5432,no,no,cellular,9,feb,132,3,0,no
57,management,married,tertiary,no,6172,no,no,,18,jun,26,1,0,no
29,blue-collar,single,secondary,no,5009,yes,no,cellular,11,may,262,3,0,no
31,services,married,secondary,no,5428,yes,no,,21,may,272,1,0,no
35,technician,single,tertiary,no,12546,yes,no,cellular,28,dec,137,1,3,no
31,blue-collar,married,primary,no,5620,no,no,cellular,30,mar,95,1,0,no
35,self-employed,married,tertiary,no,13647,no,no,cellular,19,nov,140,2,0,no
40,management,single,secondary,no,5192,yes,no,,16,may,71,11,0,no
39,blue-collar,married,secondary,no,5000,yes,no,cellular,7,may,502,1,2,no
43,technician,single,tertiary,no,,yes,no,,3,jun,164,7,0,no
44,entrepreneur,married,primary,no,5276,yes,yes,,15,may,219,1,0,no
29,technician,single,secondary,no,5113,no,no,cellular,12,feb,328,2,4,yes
40,technician,married,secondary,no,5782,yes,no,,14,may,224,2,0,no
33,entrepreneur,married,primary,no,5082,yes,no,cellular,18,nov,63,2,0,no
46,management,married,tertiary,no,6008,no,no,cellular,29,aug,24,13,0,no
27,technician,single,tertiary,no,11421,no,no,telephone,28,jan,147,4,0,no
26,admin.,single,secondary,no,5443,no,no,cellular,30,jul,84,3,0,no
41,technician,married,secondary,no,5351,yes,no,cellular,9,jul,175,1,0,no
34,technician,married,tertiary,no,10060,yes,no,cellular,21,aug,,21,0,no
39,technician,single,tertiary,no,4959,no,yes,cellular,25,aug,40,15,0,no
27,services,single,secondary,no,4876,no,no,cellular,18,jul,217,1,0,no
31,blue-collar,married,secondary,no,5079,yes,yes,cellular,23,jul,235,11,0,no
44,unemployed,single,secondary,no,8945,no,no,cellular,28,jan,255,1,0,no
55,retired,married,tertiary,no,5197,no,yes,cellular,8,jul,256,1,0,no
51,blue-collar,divorced,primary,no,5837,no,no,telephone,30,jul,41,2,0,no
50,management,married,tertiary,no,,no,yes,,25,jun,75,1,0,no
30,services,married,secondary,no,6743,yes,no,cellular,5,feb,192,4,0,no
46,technician,married,secondary,no,5057,no,no,,28,may,796,1,0,yes
49,admin.,married,secondary,no,5635,no,no,cellular,25,aug,220,3,0,no
56,retired,married,secondary,no,4887,yes,yes,cellular,12,aug,614,2,0,no
47,admin.,divorced,secondary,no,5225,no,no,cellular,28,aug,1126,4,0,yes
30,admin.,married,secondary,no,5124,no,no,telephone,16,jun,161,2,0,no
36,entrepreneur,single,secondary,no,5475,no,no,cellular,25,jul,141,3,0,no
40,management,married,tertiary,no,4993,no,yes,telephone,25,jul,697,1,0,no
37,technician,single,secondary,yes,5375,no,no,,9,jun,223,2,0,no
42,admin.,divorced,secondary,no,5936,no,no,cellular,30,jan,931,1,0,yes
45,technician,married,secondary,no,6415,yes,no,cellular,17,nov,483,1,1,no
34,unemployed,single,secondary,no,5000,no,no,cellular,17,nov,63,2,0,no
27,admin.,single,secondary,no,8638,no,no,cellular,11,jul,271,5,0,no
30,blue-collar,married,secondary,no,4901,yes,no,cellular,15,may,144,5,0,no
32,technician,married,secondary,no,5167,yes,yes,cellular,8,aug,79,3,0,no
46,housemaid,married,primary,no,5019,yes,no,telephone,21,jul,171,1,0,no
29,self-employed,married,tertiary,no,5242,yes,no,cellular,18,jul,73,4,0,no
53,technician,married,,no,5013,no,no,telephone,28,jan,69,1,0,no
32,technician,married,secondary,no,5286,no,no,cellular,20,apr,60,1,4,no
49,unemployed,married,secondary,no,5769,yes,no,,14,may,257,1,0,no
35,management,married,tertiary,no,5093,no,no,cellular,4,may,198,2,1,no
38,blue-collar,married,secondary,no,6663,yes,no,cellular,13,apr,217,3,1,no
39,entrepreneur,married,primary,no,5238,yes,yes,cellular,19,nov,134,1,0,no
34,technician,single,secondary,no,7178,yes,no,cellular,26,may,41,1,0,no
42,blue-collar,married,primary,no,5792,yes,yes,cellular,19,nov,611,2,12,no
35,blue-collar,single,,no,5871,yes,no,,6,jun,216,3,0,no
60,admin.,married,secondary,no,6025,no,no,cellular,6,aug,388,8,0,no
57,technician,divorced,secondary,no,5063,yes,no,,5,may,242,1,0,no
31,blue-collar,single,secondary,no,5016,no,no,cellular,7,jul,387,1,0,no
29,management,single,secondary,no,5417,no,no,cellular,7,oct,90,1,0,no
41,services,married,secondary,no,8992,yes,no,telephone,20,nov,281,2,0,no
46,blue-collar,married,primary,no,7749,yes,no,cellular,17,nov,332,1,0,no
33,technician,married,secondary,no,5133,no,no,cellular,4,may,218,1,0,yes
32,blue-collar,single,secondary,no,6721,yes,no,,21,may,650,2,0,no
54,management,divorced,tertiary,no,7171,yes,yes,telephone,18,nov,1034,1,0,yes
37,services,married,secondary,no,9760,yes,no,cellular,8,may,182,2,2,no
32,technician,single,secondary,no,7979,no,no,cellular,25,may,156,1,0,no
43,management,married,tertiary,no,5690,yes,no,cellular,6,aug,171,3,0,no
50,blue-collar,divorced,secondary,no,5203,yes,no,telephone,19,nov,265,1,4,no
34,blue-collar,married,secondary,no,5322,yes,no,cellular,20,apr,,3,0,no
31,admin.,divorced,secondary,no,6210,no,no,cellular,16,jul,350,1,0,no
43,self-employed,married,secondary,no,5634,yes,no,cellular,17,nov,65,1,1,no
49,entrepreneur,married,secondary,no,5273,no,no,cellular,23,jul,58,1,0,no
22,student,single,,no,5047,no,no,cellular,3,jul,69,3,0,no
35,management,married,tertiary,no,6100,no,yes,cellular,29,jan,127,2,0,no
56,admin.,married,secondary,no,5000,yes,no,telephone,19,nov,154,2,0,no
53,blue-collar,married,secondary,no,5000,no,no,telephone,31,jul,36,4,0,no
54,entrepreneur,married,tertiary,no,6544,no,yes,cellular,5,feb,85,7,3,no
32,services,single,,no,11145,yes,no,cellular,14,may,362,1,13,no
41,self-employed,married,secondary,no,5028,yes,no,cellular,11,may,49,1,0,no
40,blue-collar,married,secondary,no,6012,yes,no,cellular,6,may,410,1,0,no
33,blue-collar,married,primary,no,5245,yes,yes,cellular,8,may,253,3,0,no
33,management,single,tertiary,no,6998,no,no,cellular,19,nov,570,1,0,no
34,blue-collar,married,secondary,no,8990,yes,no,cellular,24,jul,633,7,0,no
36,services,married,secondary,no,6328,yes,no,,6,jun,82,4,0,no
34,entrepreneur,married,tertiary,no,5412,yes,yes,cellular,8,jul,164,1,0,no
55,management,married,primary,no,5229,no,yes,,9,jun,175,3,0,no
28,student,single,tertiary,no,6562,no,no,cellular,15,feb,659,4,0,yes
29,admin.,single,secondary,no,8432,yes,no,cellular,17,apr,139,2,0,no
31,admin.,single,secondary,no,5144,yes,no,,4,jul,43,11,0,no
52,management,married,tertiary,no,6339,yes,no,cellular,22,aug,343,5,0,no
54,services,married,,no,5386,no,yes,cellular,19,nov,74,1,1,no
43,blue-collar,married,primary,no,12727,yes,no,,15,may,302,8,0,no
55,entrepreneur,married,secondary,no,5204,no,no,cellular,14,jul,455,13,0,no
28,blue-collar,divorced,,no,5101,yes,no,,28,may,126,4,0,no
45,unemployed,divorced,secondary,no,5728,yes,yes,cellular,18,nov,107,1,0,no
45,entrepreneur,married,primary,no,7418,yes,no,,14,may,120,1,0,no
51,management,married,tertiary,no,7934,yes,no,cellular,18,nov,727,4,0,no
42,technician,single,secondary,no,5000,yes,no,,7,may,275,4,0,no
43,technician,single,,no,5181,no,no,telephone,28,jan,41,1,0,no
34,management,married,tertiary,no,5176,no,no,cellular,18,aug,61,4,0,no
36,blue-collar,married,primary,no,5049,yes,no,cellular,15,may,232,2,5,no
37,blue-collar,married,secondary,no,7023,yes,no,cellular,10,jul,214,1,0,no
50,blue-collar,married,secondary,no,5372,yes,no,telephone,11,may,21,1,0,no
42,management,divorced,,no,12702,no,no,cellular,16,feb,138,2,0,yes
34,blue-collar,single,primary,no,5464,yes,no,cellular,18,may,173,1,2,no
48,management,married,secondary,no,5117,yes,no,cellular,16,apr,635,1,0,no
47,admin.,married,secondary,no,5104,yes,yes,cellular,14,jul,77,2,0,no
40,management,married,tertiary,no,6041,yes,no,,12,jun,73,1,0,no
37,management,married,tertiary,no,5539,no,no,cellular,18,jan,540,2,3,no
38,blue-collar,married,primary,no,5000,yes,no,,3,jun,179,2,0,no
29,technician,single,tertiary,no,5406,yes,no,cellular,17,jul,119,1,0,no
46,blue-collar,married,primary,no,7558,yes,no,telephone,20,nov,107,1,1,no
26,blue-collar,married,secondary,no,5484,yes,no,,19,may,48,2,0,no
30,services,single,tertiary,no,8516,yes,no,,29,may,447,4,0,no
42,blue-collar,married,secondary,no,10639,yes,no,cellular,17,jul,430,2,0,no
42,management,single,tertiary,no,5100,no,no,cellular,7,aug,64,2,0,no
31,admin.,single,secondary,no,6306,yes,no,,28,may,217,5,0,no
37,management,single,tertiary,no,5815,yes,no,cellular,7,may,77,1,0,no
26,blue-collar,married,secondary,no,5245,yes,no,,26,may,,11,0,no
54,blue-collar,married,,no,5191,no,no,cellular,4,aug,753,2,0,no
70,retired,married,secondary,no,7815,no,no,cellular,26,apr,125,2,1,no
29,self-employed,single,secondary,no,8672,yes,yes,,28,may,1210,1,0,no
50,services,married,secondary,no,6572,yes,no,cellular,9,jul,185,1,0,no
60,unemployed,divorced,secondary,no,5385,yes,no,cellular,4,feb,80,1,0,no
32,technician,single,secondary,no,5029,no,no,cellular,19,aug,156,2,0,no
32,technician,married,secondary,no,5084,no,yes,cellular,29,jul,403,3,0,no
34,self-employed,single,tertiary,no,5876,yes,no,cellular,17,nov,145,2,0,no
48,services,single,primary,no,6499,yes,no,cellular,12,may,,7,0,no
25,student,married,tertiary,no,,yes,no,cellular,9,jul,160,1,0,no
32,management,married,secondary,no,11217,yes,yes,cellular,18,nov,486,2,2,no
32,blue-collar,married,primary,no,5329,yes,no,cellular,3,feb,321,1,0,no
47,admin.,divorced,secondary,no,5162,yes,no,,9,may,203,4,0,no
32,technician,married,,no,,no,no,cellular,31,dec,646,3,2,no
49,management,single,tertiary,no,5151,yes,no,cellular,8,jul,97,3,0,yes
53,services,married,secondary,no,4998,yes,yes,cellular,16,apr,144,2,0,no
41,blue-collar,single,,no,9684,no,no,,20,jun,30,6,0,no
47,management,divorced,tertiary,no,6149,no,yes,cellular,15,jul,82,2,0,no
35,blue-collar,married,primary,no,5011,yes,no,,13,may,326,4,0,no
33,management,single,secondary,no,13004,no,no,cellular,19,nov,414,3,0,no
49,blue-collar,married,primary,no,6019,yes,no,cellular,16,apr,285,5,0,no
46,management,divorced,tertiary,no,6297,no,no,cellular,11,aug,716,3,0,yes
29,management,divorced,tertiary,no,5415,yes,yes,,28,may,449,4,0,no
58,self-employed,married,primary,no,5671,yes,no,,17,jun,,3,0,no
40,admin.,single,secondary,no,7378,yes,no,,2,jun,65,1,0,no
34,management,married,tertiary,no,5417,yes,no,cellular,18,nov,138,1,0,no
60,retired,married,primary,no,5071,no,no,cellular,10,jul,121,3,0,no
43,management,married,tertiary,no,6188,no,no,cellular,27,may,140,2,0,no
50,blue-collar,married,primary,no,13139,yes,no,cellular,18,aug,256,6,0,no
33,blue-collar,married,secondary,no,5249,yes,no,cellular,31,jul,61,4,0,no
37,blue-collar,married,primary,no,5689,yes,no,cellular,14,jul,367,2,0,no
55,self-employed,married,secondary,no,5203,yes,no,telephone,14,may,,5,12,no
45,blue-collar,single,primary,yes,4817,no,yes,cellular,15,jul,395,4,0,no
47,blue-collar,married,primary,no,8451,no,yes,cellular,21,nov,125,2,0,no
58,technician,married,secondary,no,5116,no,no,,16,jun,580,3,0,no
36,services,married,secondary,no,6746,yes,no,cellular,7,apr,,1,1,no
55,technician,married,secondary,no,5000,yes,no,,30,may,119,2,0,no
31,blue-collar,married,secondary,no,5897,yes,no,,20,may,26,2,0,no
38,technician,married,secondary,no,5821,yes,yes,cellular,17,nov,224,2,1,no
42,blue-collar,married,secondary,no,5130,yes,no,,29,may,285,1,0,no
32,management,divorced,tertiary,no,5001,yes,no,,8,may,399,4,0,no
39,blue-collar,married,secondary,no,5008,no,no,cellular,30,jul,88,3,0,no
41,technician,married,secondary,no,5055,yes,no,cellular,6,aug,185,4,0,no
59,blue-collar,married,primary,no,5699,no,no,cellular,28,jan,98,1,6,no
42,unemployed,divorced,secondary,no,5759,no,no,cellular,28,jan,97,1,3,no
33,blue-collar,married,secondary,no,5687,yes,no,cellular,14,may,72,2,1,no
53,retired,married,secondary,no,9968,no,no,cellular,6,may,109,1,2,no
43,blue-collar,married,primary,no,6211,yes,no,,6,may,208,3,0,no
39,self-employed,single,tertiary,no,5426,no,no,,18,jun,1029,1,0,yes
27,entrepreneur,single,secondary,no,5376,yes,yes,cellular,5,may,273,1,0,no
39,management,married,tertiary,no,5012,yes,no,,23,may,130,1,0,no
27,blue-collar,single,secondary,no,5023,no,no,cellular,26,feb,590,2,0,no
33,admin.,married,secondary,no,5353,yes,no,cellular,19,nov,107,2,0,no
29,services,divorced,secondary,no,5330,yes,no,,12,may,88,2,0,no
33,management,divorced,tertiary,no,5000,no,no,cellular,13,aug,305,2,0,no
41,entrepreneur,married,secondary,no,5353,no,no,cellular,19,nov,90,2,0,no
38,technician,single,tertiary,no,7273,yes,no,cellular,17,apr,222,1,0,no
30,management,married,tertiary,no,5000,yes,no,cellular,9,jul,127,1,0,no
58,unemployed,married,tertiary,no,5744,no,no,telephone,28,jan,38,1,0,no
37,services,single,secondary,no,5608,no,no,cellular,14,may,380,3,0,no
36,admin.,divorced,secondary,no,5356,yes,no,cellular,7,apr,244,3,1,no
45,blue-collar,married,primary,no,6291,yes,no,cellular,28,aug,189,17,0,no
23,technician,single,secondary,no,4694,yes,no,,4,jun,217,2,0,no
53,blue-collar,married,primary,no,5306,no,no,cellular,28,jul,388,3,1,yes
44,blue-collar,married,primary,no,4688,yes,no,,20,jun,22,3,0,no
32,technician,single,secondary,no,5493,no,no,cellular,13,aug,289,2,0,no
32,management,married,tertiary,no,5071,yes,no,cellular,21,jul,221,8,0,no
38,admin.,married,tertiary,no,5669,yes,yes,cellular,31,jul,129,2,0,no
47,blue-collar,married,primary,no,5556,yes,no,cellular,4,feb,147,2,4,no
34,services,single,secondary,no,5084,yes,no,,23,may,299,1,0,no
52,services,married,secondary,no,5108,yes,no,,15,may,543,12,0,no
45,admin.,single,secondary,no,4989,yes,no,cellular,5,may,247,1,0,no
50,blue-collar,married,primary,no,6164,yes,no,,8,may,166,2,0,no
52,blue-collar,divorced,primary,no,4809,yes,no,,15,may,755,1,0,yes
37,blue-collar,married,secondary,no,5132,no,no,,27,may,336,2,0,no
51,blue-collar,married,secondary,no,7237,yes,no,,29,may,619,1,0,no
32,management,married,tertiary,no,9761,yes,no,cellular,5,may,159,2,2,no
33,blue-collar,married,secondary,no,4654,yes,yes,,23,may,29,3,0,no
28,unemployed,married,secondary,no,5655,yes,no,,4,jun,606,2,0,no
66,management,married,tertiary,no,6048,yes,no,cellular,23,jun,971,2,0,no
31,services,single,secondary,no,5000,yes,no,,28,may,231,2,0,no
35,blue-collar,married,primary,no,5624,yes,no,,7,may,163,1,0,no
47,services,single,,no,6784,no,no,cellular,19,oct,385,2,0,yes
36,admin.,single,secondary,no,6281,no,no,telephone,24,jul,119,2,0,no
32,technician,single,tertiary,no,5569,no,yes,cellular,29,jan,348,1,0,no
34,blue-collar,married,primary,no,6666,yes,no,,31,mar,30,1,0,no
40,admin.,married,secondary,no,5168,yes,no,cellular,7,may,249,2,1,no
33,self-employed,married,tertiary,no,5263,no,no,cellular,4,may,119,2,0,no
39,blue-collar,married,secondary,no,4595,yes,no,cellular,8,may,177,1,0,no
38,self-employed,married,secondary,no,5279,yes,no,,28,may,110,5,0,no
32,technician,single,secondary,no,5000,no,no,cellular,18,aug,594,4,0,yes
65,admin.,married,,no,5300,no,no,cellular,12,jan,105,1,0,no
34,unemployed,single,tertiary,no,5415,no,no,cellular,12,aug,123,1,0,no
34,admin.,single,primary,no,5000,yes,yes,cellular,6,may,172,4,0,no
42,blue-collar,single,primary,no,6322,yes,yes,cellular,8,jul,178,1,0,no
31,services,married,secondary,no,6062,yes,yes,cellular,6,apr,230,1,0,no
47,technician,married,secondary,no,5302,yes,no,,20,jun,89,3,0,no
44,technician,divorced,secondary,no,5809,yes,no,,15,may,118,4,0,no
38,housemaid,married,secondary,no,4722,yes,no,cellular,28,jul,143,2,0,no
28,management,single,tertiary,no,8238,yes,no,,19,may,,1,0,no
46,admin.,single,secondary,no,5751,yes,no,,13,may,104,2,0,no
51,blue-collar,divorced,primary,no,4972,no,yes,,2,jul,220,2,0,no
42,management,divorced,tertiary,no,5000,no,no,,20,jun,85,2,0,no
37,technician,single,secondary,no,7442,no,no,cellular,16,feb,91,3,0,yes
58,unemployed,married,tertiary,no,6798,yes,no,cellular,5,feb,,8,0,no
43,admin.,married,secondary,no,5132,no,no,cellular,19,aug,574,1,3,yes
36,management,single,tertiary,no,5260,yes,no,cellular,7,may,49,1,0,no
34,blue-collar,married,secondary,no,5007,yes,yes,cellular,2,feb,171,2,2,no
31,management,single,tertiary,no,8283,no,no,cellular,2,feb,258,1,1,yes
49,technician,married,,no,,yes,no,cellular,18,nov,41,2,0,no
54,management,married,tertiary,no,7960,yes,no,cellular,20,nov,83,1,0,no
29,unemployed,single,secondary,no,5486,no,no,telephone,30,apr,95,1,0,no
51,retired,divorced,secondary,no,5343,yes,no,,30,may,78,2,0,no
40,unemployed,divorced,secondary,no,5507,yes,no,cellular,2,feb,134,1,7,no
35,management,single,tertiary,no,10958,yes,no,cellular,22,mar,215,1,0,yes
25,student,single,secondary,no,5304,no,no,cellular,26,may,226,2,0,yes
32,blue-collar,single,secondary,no,5118,yes,no,cellular,17,jul,1275,1,0,yes
30,self-employed,married,secondary,no,5123,no,yes,,17,jul,66,1,5,no
38,management,married,tertiary,no,5076,yes,no,cellular,7,jul,196,3,0,no
46,admin.,married,secondary,no,5070,yes,no,cellular,27,mar,229,2,0,yes
43,unemployed,married,primary,no,5960,yes,yes,,15,may,241,2,0,no
32,technician,single,tertiary,no,7185,no,no,cellular,20,nov,354,2,0,no
29,blue-collar,single,secondary,no,5309,yes,no,cellular,11,may,471,3,0,no
56,blue-collar,married,secondary,no,7190,no,yes,cellular,30,jan,90,2,1,no
57,technician,married,primary,no,5000,no,no,,5,jun,58,8,0,no
38,admin.,married,secondary,no,8732,yes,no,,21,may,379,2,0,no
51,technician,married,primary,no,6550,no,no,,20,jun,,5,0,no
35,admin.,single,tertiary,no,5062,no,yes,cellular,30,apr,67,1,0,no
37,blue-collar,married,primary,no,5704,no,no,,18,jun,165,7,0,no
48,management,married,secondary,no,9415,yes,no,cellular,8,apr,1032,3,7,yes
30,blue-collar,single,secondary,yes,5004,yes,no,,23,may,84,3,0,no
60,retired,married,secondary,no,5262,no,no,cellular,18,aug,393,4,0,no
56,management,married,secondary,no,5238,yes,no,cellular,19,nov,808,1,0,no
45,blue-collar,married,primary,no,5097,yes,no,,7,may,923,3,0,no
38,technician,divorced,secondary,no,5410,no,no,cellular,11,aug,63,6,0,no
20,student,single,secondary,no,6191,no,no,cellular,12,feb,274,1,0,no
59,retired,married,primary,no,4953,yes,no,cellular,27,aug,84,4,0,no
34,technician,married,tertiary,no,5197,no,no,cellular,20,aug,78,3,0,yes
36,blue-collar,married,,no,5006,no,no,,20,jun,41,7,0,no
53,admin.,single,secondary,no,7398,yes,no,cellular,2,aug,317,1,2,yes
51,management,married,tertiary,no,5630,yes,no,cellular,5,may,138,1,0,no
58,retired,married,secondary,no,5235,no,no,cellular,27,aug,88,4,0,no
48,management,married,primary,no,6910,yes,no,,29,may,413,2,0,no
56,management,married,tertiary,no,8172,yes,no,cellular,5,feb,139,1,0,no
51,blue-collar,married,primary,no,5872,no,no,cellular,8,aug,82,2,0,no
35,blue-collar,married,secondary,no,5407,yes,no,cellular,20,apr,,6,0,no
40,admin.,single,secondary,no,5100,yes,no,cellular,11,aug,221,1,1,yes
59,housemaid,married,secondary,no,5345,no,no,,9,jun,38,1,0,no
44,management,divorced,tertiary,no,7058,no,yes,cellular,21,nov,661,1,0,no
49,housemaid,married,primary,no,5889,no,no,telephone,7,jul,388,1,0,yes
35,admin.,married,tertiary,no,5000,yes,no,cellular,28,jul,151,7,0,no
41,management,married,tertiary,no,5051,no,no,cellular,25,aug,140,8,0,no
55,retired,married,primary,no,5150,no,no,cellular,8,jul,124,1,0,no
51,self-employed,married,secondary,yes,5034,no,yes,cellular,7,jul,200,1,0,no
27,services,single,secondary,no,5795,no,no,cellular,6,feb,101,3,0,no
57,blue-collar,married,primary,no,5282,no,yes,cellular,7,jul,261,12,0,no
51,management,single,tertiary,no,7139,no,no,cellular,17,nov,176,2,0,no
38,management,married,tertiary,no,4531,yes,no,,16,jun,209,12,0,no
49,admin.,married,secondary,no,5197,yes,no,cellular,13,apr,223,1,2,yes
40,technician,single,tertiary,no,5825,yes,no,cellular,20,apr,38,1,1,no
47,housemaid,single,tertiary,no,8232,no,no,telephone,6,oct,541,1,3,no
48,management,divorced,secondary,no,6598,yes,no,,29,may,84,1,0,no
47,services,married,tertiary,no,5871,no,no,cellular,22,aug,602,9,0,no
56,services,married,secondary,no,5083,no,no,cellular,27,aug,26,11,0,no
29,management,single,tertiary,no,6445,no,no,cellular,26,apr,328,2,2,yes
38,technician,married,secondary,no,5226,yes,no,,30,may,762,3,0,yes
32,management,married,tertiary,no,4945,yes,no,cellular,26,aug,107,4,0,no
42,admin.,single,secondary,no,5243,yes,no,,14,may,46,5,0,no
30,blue-collar,married,primary,no,4664,no,no,cellular,10,jul,128,6,0,no
26,admin.,single,tertiary,no,8672,yes,no,,29,may,360,5,0,no
35,technician,married,secondary,no,5000,yes,no,cellular,9,nov,524,1,5,yes
35,technician,married,secondary,no,5251,yes,yes,,1,jul,128,3,0,no
35,self-employed,single,tertiary,no,5044,no,no,cellular,7,sep,310,2,2,no
57,blue-collar,married,secondary,no,7887,no,no,cellular,21,aug,819,10,0,yes
29,admin.,single,secondary,no,6992,no,no,cellular,8,jul,202,1,2,no
32,blue-collar,single,secondary,no,5002,no,no,,9,may,144,2,0,no
45,technician,married,secondary,no,6415,yes,no,cellular,24,jul,311,1,0,no
51,management,single,tertiary,no,5297,yes,no,cellular,15,may,415,4,1,yes
31,technician,single,secondary,no,6094,yes,no,,12,jun,93,8,0,no
50,self-employed,married,,no,4916,yes,no,,6,may,101,1,0,no
38,blue-collar,single,secondary,no,4999,yes,no,,7,may,72,1,0,no
37,management,married,tertiary,no,5347,yes,no,cellular,22,jul,282,1,0,no
35,management,married,tertiary,no,6253,yes,no,,19,may,210,2,0,no
37,unemployed,married,,no,9565,no,no,cellular,4,sep,369,1,0,no
28,management,single,tertiary,no,5781,no,no,cellular,9,apr,125,6,0,no
38,management,married,tertiary,no,12124,no,no,,16,jun,301,6,0,no
43,management,married,secondary,no,,no,no,cellular,26,aug,,14,0,no
43,management,married,,no,10172,yes,no,,29,may,57,3,0,no
56,management,married,tertiary,no,,no,no,cellular,18,nov,420,1,0,no
32,technician,single,tertiary,no,,yes,no,cellular,14,may,638,1,3,no
58,management,divorced,tertiary,no,6533,no,no,,15,may,137,2,0,no
47,management,married,tertiary,no,5286,no,no,cellular,22,aug,557,7,0,no
31,blue-collar,single,secondary,no,4781,yes,no,,30,may,66,2,0,no
38,management,married,tertiary,no,5000,yes,no,,20,may,206,1,0,no
50,blue-collar,married,secondary,no,5810,yes,no,,14,may,,14,0,no
32,blue-collar,married,secondary,no,5300,no,no,cellular,6,feb,166,2,0,no
37,services,single,secondary,no,6175,yes,no,cellular,15,may,102,1,2,no
39,management,married,tertiary,no,5000,yes,no,,2,jun,46,2,0,no
40,services,married,secondary,no,5113,yes,no,,4,jun,126,1,0,no
41,blue-collar,married,secondary,no,5641,yes,no,,13,may,161,1,0,no
45,technician,married,secondary,no,6477,yes,no,cellular,8,jul,355,1,0,no
31,admin.,married,secondary,no,5000,yes,no,,14,may,40,2,0,no
54,services,married,primary,no,5008,yes,no,cellular,14,may,143,1,0,no
39,admin.,divorced,secondary,no,5399,yes,yes,cellular,14,aug,133,2,0,no
56,admin.,divorced,secondary,yes,4565,yes,yes,,9,may,185,2,0,no
35,admin.,single,secondary,no,7830,no,no,,20,jun,22,12,0,no
34,management,married,secondary,no,5015,no,no,cellular,25,aug,184,7,0,no
31,technician,single,secondary,no,5125,no,no,cellular,22,aug,78,2,0,no
38,technician,married,tertiary,no,5045,no,no,cellular,22,jul,125,4,0,no
41,technician,married,tertiary,no,,no,no,,5,jun,189,2,0,no
44,entrepreneur,married,tertiary,no,5000,yes,no,,9,jul,300,1,0,no
49,blue-collar,married,secondary,no,5579,yes,no,,28,may,396,1,0,no
30,services,single,secondary,no,5432,yes,no,,20,may,340,3,0,no
31,services,single,secondary,no,6987,yes,no,telephone,20,nov,55,2,0,no
34,management,married,secondary,no,5857,yes,no,cellular,22,aug,238,6,0,no
70,retired,married,tertiary,no,,no,no,cellular,5,apr,172,3,1,no
45,management,married,tertiary,no,8370,no,no,,12,jun,36,3,0,no
31,management,married,tertiary,no,11290,no,no,cellular,20,nov,303,2,0,no
57,admin.,married,secondary,no,5808,no,no,cellular,14,jul,417,3,0,no
40,services,married,,no,9075,yes,no,,16,jun,162,3,0,no
28,blue-collar,married,secondary,no,5373,yes,no,cellular,14,may,,9,1,no
44,admin.,single,secondary,no,4899,yes,no,cellular,10,jul,99,1,0,no
49,services,divorced,secondary,no,8250,no,no,,16,jun,32,3,0,no
46,management,married,tertiary,no,6375,yes,no,cellular,17,nov,308,3,0,no
34,management,married,tertiary,no,5180,no,no,cellular,16,jun,298,3,0,no
58,technician,married,secondary,no,5175,no,no,cellular,12,aug,92,4,0,no
52,services,married,secondary,no,5381,no,yes,cellular,25,aug,288,12,0,no
27,blue-collar,married,secondary,no,7171,yes,no,cellular,16,apr,130,1,1,no
48,technician,married,secondary,no,5340,yes,no,cellular,28,jan,255,2,0,no
33,technician,divorced,secondary,yes,5010,yes,yes,cellular,18,nov,167,5,0,no
46,admin.,married,secondary,no,9958,yes,no,cellular,17,nov,64,3,5,no
51,housemaid,married,,no,,no,yes,cellular,4,aug,166,2,0,no
31,management,married,tertiary,no,5156,no,no,cellular,13,aug,657,7,0,yes
35,technician,divorced,secondary,no,5473,yes,yes,,26,may,434,4,0,no
37,admin.,single,secondary,no,5781,no,no,cellular,20,aug,75,1,0,no
60,entrepreneur,married,primary,no,5000,no,no,telephone,23,jul,40,1,0,no
40,technician,married,secondary,no,6819,no,no,cellular,5,jun,398,2,0,no
50,management,married,tertiary,no,9374,yes,no,cellular,21,nov,163,2,3,no
34,entrepreneur,married,secondary,no,5456,yes,yes,cellular,28,aug,137,8,0,no
32,technician,married,secondary,no,5253,yes,no,,4,jun,257,3,0,no
36,services,single,secondary,no,5774,yes,no,cellular,3,feb,231,2,1,no
32,admin.,single,tertiary,no,4941,no,yes,,4,jul,192,1,0,no
40,services,divorced,secondary,no,4919,no,yes,cellular,23,jul,186,1,0,no
37,blue-collar,married,primary,no,5000,yes,no,cellular,6,may,226,1,3,no
57,management,married,tertiary,no,5000,yes,no,cellular,21,nov,67,1,0,no
46,management,married,tertiary,no,4997,no,no,cellular,28,aug,205,2,0,no
31,blue-collar,single,primary,no,7488,yes,no,cellular,20,apr,,1,0,no
39,technician,divorced,tertiary,yes,5003,no,no,cellular,6,may,488,1,0,yes
35,management,married,secondary,no,5839,yes,no,,23,may,50,3,0,no
32,blue-collar,married,primary,no,5103,no,no,cellular,23,jul,312,1,0,no
44,technician,divorced,secondary,no,5316,yes,no,cellular,21,jul,163,3,0,no
41,technician,single,secondary,no,6680,yes,no,,2,jun,76,2,0,no
59,retired,divorced,primary,no,12179,no,no,cellular,5,feb,150,1,0,no
39,services,married,secondary,no,5247,yes,no,cellular,17,apr,244,2,0,no
54,management,married,tertiary,no,13295,no,no,cellular,5,jun,207,1,0,yes
27,services,single,secondary,no,5261,yes,yes,cellular,18,may,113,1,0,no
51,self-employed,married,secondary,no,5095,yes,no,cellular,23,jul,1309,4,0,yes
33,technician,single,secondary,no,5291,no,no,cellular,25,aug,72,6,0,no
38,blue-collar,married,primary,no,7240,yes,no,cellular,19,nov,551,1,1,no
52,entrepreneur,married,tertiary,no,5000,no,no,,19,jun,163,3,0,no
54,management,divorced,tertiary,no,6295,yes,no,cellular,21,jul,179,10,0,no
33,blue-collar,married,primary,no,5324,yes,no,cellular,13,may,217,2,0,no
50,technician,married,secondary,no,5669,yes,no,,2,jun,88,1,0,no
39,blue-collar,single,secondary,no,9143,yes,yes,,2,jun,21,1,0,no
34,management,single,tertiary,no,7646,no,no,cellular,14,apr,142,1,0,yes
41,technician,single,secondary,no,5618,no,no,cellular,5,feb,1056,1,0,no
48,management,divorced,tertiary,no,5541,yes,no,cellular,14,may,72,1,2,no
38,services,married,secondary,no,5434,yes,no,,20,may,411,1,0,no
34,blue-collar,married,secondary,no,5622,yes,no,,21,may,145,1,0,no
32,blue-collar,married,secondary,no,5000,yes,no,cellular,8,may,80,2,0,no
48,management,married,secondary,no,5099,yes,no,,28,may,344,1,0,no
28,services,single,secondary,no,5290,yes,no,cellular,18,may,128,1,0,no
47,blue-collar,married,secondary,no,6230,yes,no,cellular,30,apr,412,1,1,yes
32,admin.,single,secondary,no,5045,yes,yes,cellular,14,may,908,3,7,no
32,admin.,married,secondary,no,5923,yes,no,cellular,17,apr,819,4,0,no
38,management,married,tertiary,no,5950,no,no,cellular,5,aug,210,2,0,no
86,retired,married,secondary,no,6503,no,no,telephone,18,mar,165,3,1,no
47,technician,married,secondary,no,5065,no,no,cellular,28,aug,118,8,0,no
42,management,married,primary,no,4321,yes,yes,cellular,6,may,159,1,2,no
44,management,married,tertiary,no,5773,no,yes,cellular,9,jul,618,1,0,no
25,student,single,,no,,no,no,cellular,23,dec,102,2,2,no
34,services,divorced,secondary,no,5991,yes,no,cellular,6,may,89,1,1,no
34,admin.,married,secondary,no,5247,no,no,cellular,8,oct,401,2,0,yes
53,blue-collar,married,primary,no,9143,no,no,cellular,15,jul,200,3,0,no
42,blue-collar,married,,no,4594,yes,no,cellular,30,jul,152,5,0,no
30,blue-collar,single,secondary,no,5180,no,no,cellular,14,jul,203,1,2,no
26,blue-collar,single,primary,no,4113,yes,no,cellular,18,may,827,2,0,yes
40,services,married,secondary,no,9157,yes,no,,15,may,735,1,0,no
34,technician,single,secondary,no,6386,yes,yes,,28,may,185,6,0,no
34,services,married,secondary,no,7211,no,no,,8,may,149,1,0,no
40,management,married,tertiary,no,4505,no,yes,cellular,29,jul,303,2,0,no
36,management,married,tertiary,no,,yes,no,,3,jun,71,2,0,no
34,technician,single,secondary,no,5440,yes,no,cellular,6,may,445,2,2,no
32,blue-collar,single,secondary,no,5135,yes,no,cellular,18,may,232,2,0,no
39,technician,married,secondary,no,4265,yes,no,cellular,30,jan,144,5,2,no
36,technician,married,tertiary,no,5060,no,no,cellular,19,aug,209,2,0,no
39,technician,divorced,secondary,no,5902,yes,no,cellular,10,feb,691,2,5,yes
33,management,married,,no,,yes,no,,23,may,415,1,0,no
34,blue-collar,single,secondary,no,4928,yes,no,cellular,7,jul,273,5,0,no
42,management,married,tertiary,no,6205,no,no,telephone,8,sep,376,2,0,yes
46,technician,married,secondary,no,5499,yes,no,cellular,31,jul,37,10,0,no
32,management,single,tertiary,no,5656,yes,yes,cellular,20,apr,148,2,0,no
27,services,married,secondary,no,5100,no,no,cellular,16,jul,57,2,0,no
35,technician,divorced,secondary,no,5069,yes,no,,8,may,461,3,0,no
53,technician,married,,no,5619,no,no,,17,jun,198,6,0,no
29,services,single,secondary,no,5192,no,no,cellular,30,jan,327,4,0,no
35,management,single,tertiary,no,5000,no,no,cellular,29,aug,669,6,0,no
49,management,married,tertiary,no,5087,no,no,cellular,29,jan,165,1,0,no
58,management,married,tertiary,no,8228,no,no,cellular,19,aug,58,2,0,no
40,management,single,tertiary,no,,no,no,cellular,29,jan,1473,1,0,yes
19,student,single,,no,5000,no,no,cellular,11,feb,123,3,0,no
30,student,single,tertiary,no,5034,yes,no,,6,may,289,1,0,no
34,technician,single,secondary,no,5318,no,yes,cellular,25,jul,239,5,0,no
60,retired,married,secondary,no,5197,no,no,cellular,7,oct,1386,1,0,no
28,student,single,tertiary,no,5000,no,no,cellular,28,sep,294,2,7,yes
46,management,married,tertiary,no,5273,yes,no,cellular,18,mar,910,2,4,yes
49,blue-collar,divorced,primary,no,5015,yes,no,,27,may,550,7,0,no
59,management,divorced,tertiary,no,12813,yes,no,cellular,21,nov,75,1,0,no
44,technician,single,secondary,no,4973,yes,yes,,14,may,100,3,0,no
33,technician,married,tertiary,no,5075,no,no,cellular,21,jul,204,4,0,no
54,retired,married,secondary,no,6139,yes,no,cellular,14,may,155,1,7,no
26,blue-collar,married,secondary,no,5115,yes,no,,4,jul,46,3,0,no
54,blue-collar,married,secondary,no,5000,no,no,telephone,16,apr,1366,1,1,no
48,housemaid,married,primary,no,12195,no,no,cellular,21,nov,609,2,0,yes
30,services,single,tertiary,no,4523,no,yes,cellular,21,aug,,2,0,yes
29,management,single,tertiary,no,6026,no,no,cellular,12,nov,226,1,1,yes
51,entrepreneur,married,tertiary,no,8921,yes,no,cellular,5,may,168,1,0,no
53,unemployed,married,primary,no,5980,yes,no,cellular,3,dec,352,1,0,yes
43,blue-collar,married,secondary,no,4821,yes,no,cellular,30,jul,335,6,0,no
34,admin.,married,tertiary,no,7552,yes,yes,cellular,25,sep,74,1,0,no
40,entrepreneur,married,tertiary,no,6729,yes,no,cellular,12,may,85,1,0,no
43,technician,married,secondary,no,5434,yes,no,,5,may,117,1,0,no
33,admin.,single,secondary,no,4700,yes,yes,cellular,25,jul,184,1,0,no
66,retired,married,secondary,no,9785,no,no,cellular,13,aug,72,3,0,no
44,technician,divorced,secondary,no,4671,yes,no,,7,may,171,1,0,no
33,services,married,secondary,no,5000,yes,no,telephone,22,jul,44,8,0,no
31,technician,single,secondary,no,5391,no,no,cellular,13,aug,336,2,0,no
71,retired,married,primary,no,9657,no,no,cellular,16,feb,93,5,0,yes
22,student,single,primary,no,8472,no,no,cellular,20,oct,332,1,3,yes
46,unemployed,single,tertiary,no,5705,no,no,cellular,4,feb,398,1,0,no
32,services,married,secondary,no,5255,yes,yes,,21,may,86,2,0,no
45,blue-collar,married,secondary,no,9365,no,yes,cellular,9,feb,45,2,0,no
32,management,married,secondary,no,5350,yes,no,,28,may,110,2,0,no
49,blue-collar,married,primary,no,5474,yes,yes,telephone,9,feb,152,3,1,no
27,technician,single,secondary,no,5489,yes,no,cellular,30,jul,356,4,0,yes
46,entrepreneur,married,secondary,no,5757,no,no,,16,jun,382,3,0,no
37,management,single,tertiary,no,5695,no,no,cellular,28,jan,233,1,0,no
30,unemployed,single,secondary,yes,4230,yes,no,,28,may,87,1,0,no
44,self-employed,divorced,secondary,no,5080,yes,yes,,14,may,387,2,0,no
45,technician,married,secondary,no,5315,yes,no,cellular,30,jun,103,1,0,no
27,student,single,secondary,no,5213,no,no,cellular,27,mar,378,1,0,yes
57,housemaid,married,primary,no,5000,no,no,,9,jun,257,2,0,no
66,management,married,tertiary,no,7169,no,no,cellular,7,jul,282,1,0,no
40,admin.,divorced,secondary,no,5212,no,no,,7,jan,176,1,0,no
48,blue-collar,married,secondary,no,5333,yes,no,cellular,14,may,24,6,0,no
33,blue-collar,single,secondary,no,9404,yes,no,cellular,20,nov,766,3,0,no
42,services,divorced,secondary,no,5257,yes,no,cellular,12,may,955,2,0,yes
47,unemployed,married,secondary,no,8188,yes,no,cellular,3,feb,426,3,0,no
27,technician,single,tertiary,no,8083,yes,no,,29,may,244,2,0,no
78,retired,married,tertiary,no,5226,no,no,telephone,6,nov,136,1,0,no
50,services,married,primary,no,6260,no,no,cellular,18,nov,172,1,0,no
46,entrepreneur,single,tertiary,no,6410,yes,no,cellular,19,nov,93,1,8,no
41,admin.,divorced,secondary,no,11046,yes,yes,telephone,15,mar,300,6,2,yes
36,admin.,single,tertiary,no,5980,no,no,cellular,11,nov,118,4,7,no
49,retired,married,primary,no,4963,no,no,,4,jul,191,2,0,no
46,management,divorced,tertiary,no,4846,yes,yes,,27,may,107,2,0,no
77,retired,married,primary,no,5680,no,no,telephone,24,feb,513,2,7,no
30,technician,single,tertiary,no,5799,yes,yes,,6,jun,91,18,0,no
43,management,single,secondary,yes,3836,yes,yes,cellular,18,jul,76,4,0,no
44,blue-collar,married,secondary,no,7523,yes,no,,29,may,1236,2,0,no
40,blue-collar,married,primary,no,5098,yes,no,,2,jun,193,5,0,no
38,blue-collar,married,primary,no,8419,yes,no,,20,jun,324,5,0,no
25,unemployed,single,tertiary,no,5343,no,no,cellular,1,jun,377,1,0,yes
49,management,married,tertiary,no,5852,yes,no,cellular,20,nov,408,1,0,no
33,blue-collar,married,primary,no,5050,yes,no,cellular,7,may,246,2,0,no
40,management,single,tertiary,no,5000,no,no,cellular,26,aug,58,7,0,no
44,blue-collar,married,primary,no,5010,yes,no,cellular,17,jul,196,1,0,no
32,blue-collar,married,secondary,no,5950,yes,yes,cellular,20,apr,219,4,0,no
52,management,married,tertiary,no,5000,yes,no,cellular,9,jul,197,1,0,no
35,management,married,tertiary,no,5175,yes,no,cellular,7,aug,257,2,0,no
35,technician,married,secondary,no,4741,yes,no,cellular,29,jan,381,1,2,no
32,management,married,secondary,no,11217,yes,yes,,21,may,486,2,0,no
42,technician,married,secondary,no,3690,yes,yes,,28,may,162,1,0,no
59,blue-collar,married,,no,5139,no,no,,5,jun,153,1,0,no
44,technician,single,secondary,no,12138,no,no,cellular,8,aug,809,2,0,yes
50,admin.,divorced,secondary,no,6111,yes,no,cellular,17,apr,50,1,0,no
27,blue-collar,single,secondary,no,5113,no,no,cellular,22,jul,39,17,0,no
55,management,divorced,tertiary,no,4388,no,no,cellular,26,aug,131,2,0,no
54,blue-collar,married,,no,5310,yes,no,telephone,28,jan,526,4,3,no
31,unemployed,single,secondary,no,4814,yes,no,,26,may,172,3,0,no
56,admin.,married,,no,7038,no,no,cellular,8,feb,405,1,1,no
51,self-employed,married,tertiary,no,5833,no,no,cellular,31,jul,77,3,0,no
61,blue-collar,married,primary,no,5625,yes,no,,19,may,158,2,0,no
34,technician,single,secondary,no,5105,yes,no,cellular,7,may,146,2,3,no
56,blue-collar,married,primary,no,5551,no,no,,29,may,27,1,0,no
29,student,single,,no,5145,no,no,cellular,14,aug,105,1,0,no
34,management,single,tertiary,no,5618,yes,no,,3,jun,119,4,0,no
35,services,single,secondary,no,6063,yes,yes,cellular,16,apr,327,1,0,no
56,admin.,divorced,secondary,no,5985,no,yes,cellular,18,aug,150,2,0,no
45,blue-collar,married,secondary,no,7926,yes,yes,cellular,19,nov,482,3,2,no
31,admin.,single,secondary,no,4551,yes,no,,28,may,81,2,0,no
37,entrepreneur,divorced,tertiary,no,5066,no,no,cellular,18,nov,1164,2,0,yes
43,admin.,married,secondary,no,5000,yes,no,cellular,17,jul,674,3,0,no
40,management,married,,no,5419,yes,no,cellular,10,jul,347,1,0,no
44,management,married,primary,no,9758,yes,no,cellular,22,jul,712,6,0,yes
38,admin.,single,secondary,no,4977,no,no,cellular,20,nov,48,2,0,no
58,management,divorced,tertiary,no,6573,yes,yes,cellular,17,nov,279,1,0,no
24,blue-collar,single,secondary,no,5077,yes,no,,16,may,236,2,0,no
53,services,married,secondary,no,6378,yes,no,cellular,18,jul,91,2,0,no
36,blue-collar,married,secondary,no,,yes,yes,cellular,18,may,,8,0,no
28,blue-collar,married,primary,no,5060,yes,no,cellular,6,may,161,1,1,no
45,blue-collar,married,primary,no,5137,yes,yes,,16,may,187,19,0,no
32,admin.,single,tertiary,no,6583,yes,no,cellular,19,nov,100,1,1,no
46,admin.,married,secondary,no,4879,yes,yes,cellular,8,jul,214,4,0,no
28,blue-collar,single,secondary,no,6065,yes,yes,cellular,17,apr,406,1,1,no
51,unemployed,married,secondary,no,4987,yes,no,cellular,13,may,361,1,1,no
51,blue-collar,married,primary,no,6869,no,no,,17,jun,30,3,0,no
30,technician,single,secondary,no,9787,yes,no,,4,jun,99,2,0,no
39,technician,married,secondary,yes,4817,yes,no,,14,may,202,2,0,no
28,blue-collar,married,primary,no,5702,yes,no,,26,jun,318,2,0,no
31,management,single,tertiary,no,6494,no,no,cellular,13,aug,275,12,0,no
31,blue-collar,married,primary,no,5000,yes,yes,,12,may,59,4,0,no
38,management,married,tertiary,no,5046,no,no,cellular,29,aug,70,4,0,no
31,blue-collar,single,secondary,no,5609,yes,no,cellular,14,apr,1126,1,1,no
74,retired,divorced,secondary,no,9079,no,no,cellular,19,oct,343,3,0,yes
40,management,single,tertiary,no,5000,yes,no,cellular,23,feb,228,2,6,yes
43,technician,married,secondary,no,12876,yes,no,cellular,11,aug,209,2,0,no
34,technician,single,tertiary,no,5925,yes,no,cellular,13,apr,709,1,0,yes
54,management,divorced,tertiary,no,12010,no,no,cellular,11,mar,275,2,0,no
51,blue-collar,married,primary,no,5042,yes,no,cellular,12,may,51,2,3,no
33,blue-collar,married,secondary,no,5285,no,yes,,3,jul,267,1,0,no
41,technician,married,tertiary,no,5000,no,no,,20,jun,95,1,0,no
33,management,single,tertiary,no,8170,no,no,cellular,28,oct,246,2,0,no
48,admin.,married,secondary,no,5008,no,yes,cellular,7,jul,46,1,0,no
42,self-employed,divorced,tertiary,no,5216,yes,no,cellular,8,may,144,3,0,no
35,management,single,tertiary,no,7975,no,no,cellular,8,aug,249,2,0,no
25,admin.,married,secondary,no,5894,yes,no,,28,may,328,1,0,no
38,blue-collar,single,primary,no,5490,yes,yes,,25,aug,,1,0,no
45,entrepreneur,married,secondary,no,5245,yes,no,,14,may,126,3,0,no
59,management,divorced,tertiary,no,5000,yes,no,cellular,31,jul,52,8,0,no
47,management,married,,no,5150,no,no,,9,jun,52,1,0,no
33,management,married,tertiary,no,5004,yes,no,cellular,16,jul,285,5,0,no
59,management,married,primary,no,6727,no,no,telephone,25,may,500,4,2,yes
41,blue-collar,divorced,primary,no,5664,no,yes,cellular,15,jul,955,5,0,yes
42,technician,married,secondary,no,5473,yes,no,cellular,7,jul,216,5,0,no
51,technician,divorced,tertiary,no,5000,no,no,cellular,28,aug,84,7,0,no
45,management,married,tertiary,no,4808,yes,no,cellular,6,may,138,3,0,no
30,management,married,tertiary,no,6942,yes,yes,cellular,21,nov,436,2,3,yes
33,blue-collar,single,secondary,no,10137,yes,no,cellular,6,may,123,1,0,no
43,management,married,tertiary,no,,no,no,cellular,18,aug,36,4,0,no
37,blue-collar,married,secondary,no,6053,no,no,,16,jun,405,3,0,no
73,retired,married,primary,no,5154,no,no,cellular,15,oct,103,1,0,no
43,blue-collar,married,secondary,no,5625,yes,no,,30,sep,175,1,0,no
52,unemployed,married,primary,no,5255,no,yes,cellular,10,jul,374,3,0,no
44,management,married,tertiary,no,5529,yes,no,,4,jun,129,4,0,no
56,management,married,tertiary,no,5318,no,yes,telephone,9,jul,246,3,0,no
21,services,single,secondary,no,6903,yes,no,,29,may,107,2,0,no
43,admin.,married,tertiary,no,6937,no,no,,19,jun,385,1,0,no
54,management,married,primary,no,8859,no,yes,cellular,20,nov,104,3,0,no
59,technician,married,primary,no,9198,no,no,cellular,14,jan,309,1,10,yes
52,blue-collar,married,primary,no,5230,yes,no,cellular,6,may,198,2,2,no
31,admin.,single,secondary,no,5747,yes,no,,26,may,543,2,0,yes
53,admin.,married,secondary,no,5263,no,yes,cellular,18,jul,143,7,0,no
24,technician,single,secondary,no,4954,yes,no,,19,may,23,1,0,no
57,retired,married,secondary,no,5000,no,yes,,30,jun,104,2,0,no
48,technician,married,secondary,no,5568,yes,no,cellular,2,sep,378,2,1,yes
57,technician,married,secondary,no,6469,yes,no,cellular,17,nov,364,1,0,no
51,technician,married,secondary,no,5018,no,yes,cellular,25,jul,363,6,0,no
50,management,divorced,tertiary,no,5201,yes,no,cellular,24,jul,248,1,0,no
34,blue-collar,married,secondary,no,6412,yes,yes,,27,may,157,2,0,no
43,blue-collar,married,primary,no,4907,yes,no,,26,may,402,2,0,no
31,services,married,secondary,no,4669,yes,no,,23,may,203,5,0,no
29,blue-collar,married,,no,5486,yes,no,cellular,6,may,422,1,1,no
39,blue-collar,married,primary,no,5694,yes,no,cellular,21,nov,44,1,0,no
36,management,single,tertiary,no,7806,yes,no,,30,may,358,4,0,no
38,unemployed,single,tertiary,no,5000,no,no,cellular,6,feb,39,2,0,no
56,management,divorced,tertiary,no,7959,yes,no,telephone,18,may,325,1,0,no
41,housemaid,divorced,primary,no,5022,yes,no,cellular,18,nov,238,3,4,no
47,technician,married,secondary,no,6167,yes,no,cellular,30,apr,968,1,5,yes
38,management,single,tertiary,no,5035,yes,no,cellular,17,apr,156,1,3,no
80,retired,married,secondary,no,13304,no,no,telephone,6,apr,681,1,11,no
37,services,married,secondary,no,9760,yes,no,cellular,20,nov,187,2,0,no
44,management,single,tertiary,no,3687,yes,yes,cellular,15,may,104,10,0,no
33,blue-collar,single,secondary,no,5697,no,no,cellular,6,feb,860,2,0,yes
53,technician,married,secondary,no,5230,no,yes,cellular,13,aug,112,2,0,no
69,retired,married,tertiary,no,5473,no,no,cellular,7,jul,112,1,1,no
46,technician,married,secondary,no,6427,yes,no,,14,may,32,3,0,no
30,management,single,tertiary,no,5201,yes,no,cellular,17,mar,325,2,0,yes
31,self-employed,single,secondary,no,6086,no,no,cellular,20,nov,410,1,0,no
38,management,divorced,tertiary,no,9335,yes,no,cellular,20,nov,640,1,0,no
34,services,divorced,secondary,no,5044,no,no,,9,jun,118,1,0,no
48,admin.,married,,no,5286,no,no,cellular,30,jul,166,2,0,no
46,blue-collar,divorced,primary,no,5216,no,no,cellular,2,feb,173,1,0,no
42,admin.,married,secondary,no,5214,yes,no,,28,may,21,24,0,no
41,blue-collar,married,secondary,no,5343,yes,no,,14,may,89,7,0,no
33,blue-collar,married,secondary,no,4923,yes,no,cellular,28,jul,151,3,0,no
39,blue-collar,married,primary,no,6046,no,no,,19,jun,112,4,0,no
27,student,single,secondary,no,6566,no,no,cellular,30,jan,164,5,0,no
26,management,single,tertiary,no,5592,no,no,telephone,29,jan,145,2,1,no
38,management,single,tertiary,no,5104,yes,no,cellular,6,may,606,3,0,yes
48,blue-collar,married,secondary,no,5000,yes,no,,26,may,105,1,0,no
54,services,married,secondary,no,4978,no,yes,cellular,9,jul,85,1,0,no
51,services,married,secondary,no,5000,no,no,cellular,18,jul,439,3,0,no
47,technician,married,secondary,no,5072,no,no,,29,may,278,1,0,no
53,technician,married,secondary,no,5100,no,no,cellular,13,aug,205,4,0,no
35,blue-collar,married,primary,no,5319,yes,no,cellular,16,jul,221,1,0,no
58,management,married,tertiary,no,14339,yes,no,telephone,18,nov,52,3,3,no
52,management,divorced,tertiary,no,5050,yes,no,,12,jun,84,3,0,no
57,retired,married,secondary,yes,5032,yes,no,cellular,15,may,476,3,0,no
52,management,married,tertiary,no,11922,no,no,cellular,20,nov,,1,0,no
35,management,single,tertiary,no,5633,yes,no,cellular,17,apr,128,3,0,no
48,technician,married,secondary,no,9265,yes,no,,13,may,220,2,0,no
46,entrepreneur,married,tertiary,no,7262,no,no,telephone,14,jul,44,14,0,no
39,services,married,secondary,no,6970,yes,no,,8,jun,30,1,2,no
38,self-employed,divorced,tertiary,no,6513,no,no,cellular,7,may,330,1,1,no
34,entrepreneur,married,secondary,no,9659,yes,no,,30,aug,28,1,0,no
47,entrepreneur,married,primary,no,5668,no,no,cellular,12,may,908,1,0,no
35,management,divorced,tertiary,no,5649,no,no,cellular,16,apr,177,1,0,no
46,blue-collar,divorced,primary,no,5452,yes,no,,9,may,113,4,0,no
27,admin.,single,secondary,no,4855,yes,no,telephone,15,may,289,8,0,no
31,blue-collar,married,secondary,no,4502,yes,no,cellular,21,jul,357,1,0,no
31,management,single,tertiary,no,5000,no,no,cellular,28,aug,38,16,0,no
46,admin.,married,secondary,no,5022,yes,no,cellular,7,aug,414,4,0,no
31,admin.,married,secondary,no,7304,yes,no,cellular,20,nov,257,2,0,no
33,management,married,tertiary,no,6412,yes,no,,19,aug,480,1,0,yes
42,housemaid,married,primary,no,5145,no,no,cellular,20,aug,252,2,0,no
33,management,single,primary,no,9897,yes,no,,20,may,151,1,0,no
40,housemaid,married,primary,no,6832,no,no,cellular,6,feb,213,4,0,no
51,blue-collar,married,primary,no,8726,no,yes,cellular,27,aug,119,12,0,no
31,unemployed,married,tertiary,no,5591,no,no,cellular,21,nov,161,2,0,no
62,retired,divorced,tertiary,no,5000,no,no,cellular,13,nov,227,2,0,yes
24,student,single,secondary,no,5508,yes,no,telephone,18,may,,3,1,no
48,unemployed,married,secondary,no,5817,no,no,cellular,14,jan,517,1,4,yes
41,technician,divorced,secondary,no,5348,yes,no,cellular,7,may,225,2,2,no
43,management,married,tertiary,no,5291,yes,no,,9,may,150,2,0,no
52,technician,married,secondary,no,8554,no,yes,cellular,8,jul,89,1,0,no
54,blue-collar,married,primary,no,5781,yes,no,,9,may,103,2,0,no
32,technician,divorced,tertiary,no,5267,no,no,cellular,26,may,128,1,0,no
38,blue-collar,married,primary,no,6327,yes,no,cellular,20,nov,277,1,0,no
41,admin.,married,primary,no,4694,yes,no,,15,may,500,1,0,yes
31,blue-collar,single,primary,no,5864,yes,no,telephone,14,may,113,2,0,no
35,housemaid,married,tertiary,no,6265,yes,no,cellular,15,may,326,5,4,yes
26,admin.,married,secondary,no,5000,no,no,,27,may,755,1,0,no
52,technician,married,tertiary,no,5214,no,no,cellular,29,aug,161,3,0,no
58,retired,married,secondary,no,5425,yes,yes,cellular,17,nov,100,1,0,no
57,housemaid,married,tertiary,no,5003,no,no,cellular,4,aug,142,2,0,no
34,management,married,tertiary,no,5000,yes,no,,8,may,214,2,0,no
59,blue-collar,married,primary,no,5000,no,no,cellular,18,nov,167,2,0,no
27,technician,single,secondary,no,5282,no,yes,cellular,9,jul,676,5,0,no
42,entrepreneur,married,tertiary,no,5000,no,no,cellular,9,jul,236,1,0,no
47,housemaid,single,tertiary,no,8727,no,no,,12,jun,993,6,0,yes
33,blue-collar,married,secondary,no,5000,yes,yes,cellular,28,jul,83,12,0,no
31,services,single,secondary,no,5864,yes,no,cellular,6,may,100,1,0,no
37,management,married,tertiary,no,9089,yes,no,cellular,2,feb,289,2,4,yes
29,blue-collar,married,secondary,no,4522,no,yes,cellular,8,jul,528,2,0,no
38,unemployed,married,primary,no,4637,no,no,,12,jun,340,2,0,no
35,self-employed,married,secondary,no,13883,no,no,cellular,21,nov,33,3,0,no
31,technician,single,secondary,no,6970,no,no,telephone,17,apr,284,3,0,no
62,management,married,tertiary,no,6859,no,no,telephone,6,aug,245,3,0,yes
32,technician,single,tertiary,no,6059,yes,no,cellular,17,apr,115,1,0,no
31,services,married,secondary,no,5388,yes,no,,5,may,730,2,0,no
51,blue-collar,divorced,primary,no,5602,yes,no,cellular,11,may,347,1,2,no
29,services,single,secondary,no,5000,no,no,cellular,17,jul,58,1,0,no
43,blue-collar,married,primary,no,5255,yes,no,cellular,17,jul,180,1,0,no
36,blue-collar,married,secondary,no,5063,yes,no,,2,jun,56,8,0,no
34,self-employed,married,primary,no,5712,yes,no,,2,jun,326,3,0,no
29,services,married,secondary,no,5057,yes,no,telephone,21,jul,342,9,0,no
57,retired,married,secondary,no,5523,no,yes,cellular,2,feb,49,6,0,no
43,management,married,tertiary,no,5422,no,no,cellular,12,aug,110,1,0,no
33,services,married,secondary,no,5386,no,no,cellular,12,nov,253,1,4,yes
60,management,married,tertiary,no,8387,no,no,cellular,14,aug,636,2,0,no
51,technician,married,primary,no,5260,no,no,cellular,19,aug,137,2,0,no
40,admin.,single,secondary,no,4999,no,no,cellular,7,jul,173,1,0,no
51,technician,married,secondary,no,6490,yes,no,cellular,18,jul,227,2,0,no
38,services,married,secondary,no,5497,yes,yes,,19,may,88,5,0,no
35,technician,married,secondary,no,6707,yes,no,,2,jun,426,3,0,no
47,technician,married,secondary,no,5826,yes,no,telephone,18,nov,195,3,8,no
45,blue-collar,married,primary,no,5907,no,no,cellular,18,aug,230,8,0,no
40,services,married,secondary,no,6836,yes,no,cellular,12,may,750,2,0,yes
29,entrepreneur,single,secondary,no,5404,no,no,cellular,30,jan,413,3,0,no
52,management,divorced,tertiary,no,5907,yes,no,,4,jun,104,2,0,no
26,technician,married,secondary,no,5018,yes,yes,cellular,5,may,138,1,0,no
31,blue-collar,single,primary,no,4505,yes,no,,29,may,334,2,0,no
55,services,married,,no,6210,yes,no,,30,may,868,1,0,no
35,services,married,secondary,no,5819,yes,no,telephone,14,jul,102,14,0,no
56,management,divorced,tertiary,no,5442,no,no,,28,may,77,3,0,no
28,blue-collar,single,secondary,no,4954,yes,no,cellular,1,sep,199,1,14,yes
27,student,single,secondary,no,5671,yes,no,,7,may,332,2,0,no
30,technician,married,secondary,no,5371,no,no,cellular,7,aug,124,2,0,no
51,technician,married,tertiary,no,4997,no,no,cellular,25,aug,91,9,0,no
33,management,married,secondary,no,5011,yes,no,cellular,4,may,104,3,0,no
32,blue-collar,single,secondary,no,5033,yes,no,cellular,18,may,125,1,4,no
43,entrepreneur,married,secondary,no,5104,yes,no,cellular,18,jul,635,3,0,yes
46,blue-collar,married,primary,no,5174,no,yes,cellular,15,jul,90,1,0,no
32,management,married,tertiary,no,8107,yes,yes,cellular,25,jul,310,1,0,no
40,services,married,secondary,no,6438,yes,no,cellular,6,may,207,1,2,no
39,blue-collar,married,secondary,no,6367,no,no,,12,jun,43,1,0,no
51,blue-collar,married,primary,no,4989,no,no,telephone,16,jul,126,4,0,no
46,admin.,single,secondary,no,6693,yes,no,cellular,25,jan,137,1,1,no
43,blue-collar,married,primary,no,5778,yes,yes,,15,may,284,5,0,no
36,technician,married,tertiary,no,5837,no,no,cellular,28,aug,68,6,0,no
48,management,married,tertiary,no,5363,no,no,cellular,18,nov,67,1,0,no
26,admin.,single,secondary,no,5236,yes,yes,cellular,18,may,,2,0,no
39,admin.,single,,no,5000,yes,no,cellular,11,may,62,1,0,no
47,management,married,tertiary,no,4950,no,yes,cellular,7,jul,175,1,0,no
23,entrepreneur,single,primary,no,5004,yes,no,,13,may,395,2,0,yes
54,management,divorced,tertiary,no,,yes,no,cellular,11,feb,27,1,3,no
38,admin.,married,secondary,no,5046,yes,yes,,6,may,195,1,0,no
33,technician,married,secondary,no,5575,no,yes,cellular,4,feb,254,2,0,no
35,admin.,divorced,secondary,no,5148,no,yes,cellular,8,jul,,1,0,no
52,services,married,secondary,no,5431,no,no,cellular,26,aug,73,17,0,no
25,technician,single,tertiary,no,5777,yes,no,,14,may,351,1,0,no
29,management,married,tertiary,no,5199,yes,yes,,7,may,,4,0,yes
35,technician,single,tertiary,no,8552,no,no,cellular,21,nov,267,1,0,no
49,services,married,secondary,no,5047,no,no,,5,may,234,2,0,no
41,admin.,divorced,secondary,no,8823,no,no,cellular,26,apr,234,10,0,no
32,management,married,tertiary,no,5138,no,no,cellular,20,aug,94,4,0,no
29,admin.,single,secondary,no,6117,yes,no,,8,may,77,2,0,no
28,blue-collar,married,secondary,no,6325,yes,no,cellular,15,may,242,1,0,no
59,retired,married,secondary,no,5000,no,no,cellular,18,jul,247,4,0,no
34,entrepreneur,married,tertiary,no,9343,no,no,,9,jun,85,4,0,no
55,management,divorced,tertiary,no,6598,no,no,cellular,22,aug,607,4,0,no
34,management,married,tertiary,no,8301,yes,no,cellular,17,jun,485,2,4,yes
24,student,single,secondary,no,5822,no,no,cellular,27,oct,184,1,2,yes
42,technician,divorced,secondary,no,4720,yes,no,,26,may,258,1,0,no
34,management,single,,no,6534,yes,no,cellular,16,apr,156,1,7,no
34,admin.,married,secondary,no,6671,no,no,,21,may,160,1,0,no
51,self-employed,married,tertiary,no,7007,no,no,,16,jun,1021,1,0,no
58,blue-collar,married,primary,no,5000,yes,no,cellular,31,jul,,25,0,no
44,technician,married,secondary,no,7776,yes,no,cellular,27,jan,701,1,0,yes
33,blue-collar,married,secondary,no,5139,yes,yes,cellular,18,may,732,2,5,yes
34,management,married,tertiary,no,5573,no,no,cellular,10,aug,122,1,0,no
34,admin.,married,secondary,no,5475,yes,no,,7,may,559,1,0,no
42,blue-collar,divorced,secondary,no,5047,yes,yes,,8,may,141,1,0,no
46,management,single,tertiary,no,7154,yes,no,cellular,21,jul,87,4,0,no
31,self-employed,single,tertiary,no,5096,no,no,cellular,5,feb,577,1,0,no
39,entrepreneur,married,tertiary,no,5083,yes,no,cellular,11,jul,193,2,0,no
34,management,single,tertiary,no,11766,no,no,cellular,28,aug,210,5,0,no
47,technician,married,secondary,no,8973,no,no,cellular,6,aug,732,2,0,no
42,services,divorced,secondary,no,5372,yes,yes,,6,may,121,2,0,no
48,blue-collar,single,secondary,no,4448,no,yes,cellular,21,nov,150,2,0,no
30,self-employed,single,tertiary,no,5048,no,no,cellular,21,nov,140,1,0,no
38,technician,married,secondary,no,12696,yes,no,cellular,20,nov,386,2,0,no
24,services,married,secondary,no,9500,yes,no,cellular,11,may,733,2,0,yes
34,technician,married,secondary,no,5001,yes,no,cellular,19,nov,108,1,0,no
46,management,single,tertiary,no,5046,no,yes,cellular,17,nov,80,1,1,no
32,admin.,divorced,secondary,yes,4982,yes,no,,12,may,155,3,0,no
46,services,married,secondary,no,5451,yes,yes,cellular,13,may,389,4,0,no
26,self-employed,married,tertiary,no,5479,yes,no,cellular,9,feb,133,3,0,no
42,blue-collar,married,secondary,no,5000,yes,no,cellular,21,nov,328,6,0,no
50,technician,married,secondary,no,6130,yes,no,cellular,23,jul,119,2,0,no
41,blue-collar,married,primary,no,5389,yes,no,,16,jun,87,6,0,no
34,admin.,single,secondary,no,5010,no,yes,cellular,18,nov,162,1,3,no
32,services,married,secondary,no,5401,yes,no,,15,may,294,2,0,no
58,housemaid,single,tertiary,no,5145,yes,yes,cellular,16,jul,128,2,0,no
45,technician,married,secondary,no,5115,yes,no,cellular,6,may,108,1,0,no
28,admin.,single,secondary,no,5089,yes,yes,cellular,6,feb,172,2,0,no
35,technician,married,secondary,no,5094,yes,yes,,14,may,208,5,0,no
39,services,married,secondary,no,6438,yes,no,,20,may,212,2,0,no
49,unemployed,divorced,tertiary,no,5780,no,no,cellular,8,nov,148,1,2,no
50,management,married,tertiary,no,5207,yes,no,cellular,4,feb,99,1,0,no
37,management,married,tertiary,no,5238,no,no,cellular,3,feb,185,1,1,yes
45,blue-collar,married,primary,no,7433,no,no,cellular,6,aug,133,2,0,no
30,housemaid,single,secondary,no,6924,no,no,cellular,6,feb,170,1,0,no
48,unemployed,married,tertiary,no,4529,yes,no,,19,may,668,7,0,no
36,management,single,tertiary,no,6531,yes,no,cellular,8,may,81,3,1,no
41,management,single,secondary,no,5764,no,no,cellular,12,jun,230,2,0,no
55,blue-collar,married,secondary,no,5383,no,no,,5,may,287,1,0,no
70,retired,married,primary,no,8782,no,no,cellular,16,mar,618,1,0,no
41,management,married,tertiary,no,5326,yes,no,cellular,5,may,788,1,0,yes
47,services,divorced,secondary,no,5691,no,no,cellular,6,feb,285,6,0,no
34,technician,single,secondary,no,5000,no,no,cellular,21,aug,163,2,0,no
33,management,single,tertiary,no,5099,no,no,cellular,8,jul,159,1,0,no
58,retired,married,secondary,no,5502,yes,no,cellular,12,may,197,2,3,no
51,management,married,tertiary,no,4985,no,no,cellular,25,jul,212,2,0,no
45,management,married,tertiary,no,6929,yes,no,,29,may,44,15,0,no
55,admin.,married,secondary,no,5000,no,no,cellular,23,sep,180,2,3,no
30,blue-collar,single,primary,no,5185,no,no,,26,jun,,1,0,no
33,management,single,secondary,no,4576,yes,no,,26,may,863,1,0,no
27,services,single,secondary,no,5000,yes,no,,7,may,388,7,0,no
59,retired,married,secondary,no,5319,yes,no,,5,may,143,3,0,no
34,management,single,tertiary,no,5171,yes,no,cellular,7,may,191,1,1,no
47,technician,divorced,tertiary,no,3852,yes,yes,,27,may,62,2,0,no
44,blue-collar,married,primary,no,4989,yes,no,,9,may,,1,0,no
35,admin.,single,secondary,no,5000,yes,no,cellular,13,may,1073,1,0,yes
45,management,married,tertiary,no,4794,yes,no,cellular,6,may,337,2,0,no
42,blue-collar,married,primary,no,5704,yes,yes,telephone,31,jul,88,10,0,no
38,technician,married,secondary,no,6931,no,no,cellular,2,jun,167,1,10,no
34,technician,single,secondary,no,5943,no,no,cellular,29,aug,96,4,0,no
35,technician,married,secondary,no,5327,yes,no,cellular,13,apr,537,3,0,no
29,management,single,secondary,no,4895,yes,no,,27,may,,3,0,no
58,retired,married,secondary,no,5983,no,no,cellular,5,aug,139,1,0,no
44,blue-collar,single,primary,no,5787,yes,no,,30,may,570,2,0,no
45,entrepreneur,married,tertiary,no,5000,yes,no,cellular,29,jul,100,3,0,no
43,blue-collar,married,secondary,no,8060,yes,no,,15,may,253,2,0,no
44,services,married,secondary,no,10780,yes,no,cellular,1,apr,525,2,0,no
30,technician,single,secondary,no,5790,no,no,cellular,20,aug,696,3,0,no
38,unemployed,married,tertiary,no,6449,no,no,,26,may,535,6,0,no
50,technician,married,secondary,no,6412,no,no,cellular,6,aug,131,3,0,no
21,student,single,secondary,no,5681,no,no,,20,aug,,1,0,no
38,entrepreneur,married,tertiary,no,5228,yes,no,cellular,5,feb,105,1,0,no
42,admin.,married,secondary,no,5000,no,no,,19,jun,370,1,0,no
45,technician,single,tertiary,no,7087,no,no,cellular,29,aug,29,14,0,no
34,entrepreneur,married,secondary,no,5002,yes,yes,cellular,5,may,184,1,6,no
48,technician,married,secondary,no,5197,no,yes,cellular,3,feb,47,2,3,no
34,services,married,secondary,no,5000,no,yes,,2,jul,193,4,0,no
32,blue-collar,married,secondary,no,6905,yes,no,cellular,16,jul,709,2,0,yes
35,technician,married,tertiary,no,5118,no,no,cellular,6,aug,358,2,0,no
39,entrepreneur,married,tertiary,no,7644,yes,no,,20,may,253,1,0,no
36,self-employed,married,tertiary,no,,yes,no,,6,jun,,3,0,no
35,technician,married,secondary,no,5013,no,no,cellular,22,aug,94,2,0,no
57,services,divorced,secondary,no,5014,no,yes,cellular,22,jul,445,2,0,no
28,technician,single,secondary,no,5769,yes,no,cellular,15,may,153,1,2,no
43,admin.,married,,no,8485,no,no,,18,jun,113,1,0,no
57,management,married,secondary,no,5139,no,no,cellular,17,aug,80,1,0,no
34,services,divorced,secondary,no,5202,yes,no,,15,may,318,1,0,no
36,technician,married,tertiary,no,5006,yes,no,cellular,27,jan,100,1,1,no
47,management,divorced,tertiary,no,7515,no,no,,20,jun,40,3,0,no
36,management,divorced,tertiary,no,10195,yes,no,,2,jun,55,25,0,no
33,management,married,tertiary,no,7098,no,no,cellular,20,nov,67,1,0,no
57,management,married,tertiary,no,5320,no,no,cellular,7,aug,76,2,0,no
57,management,married,tertiary,no,8431,yes,no,,16,may,73,1,0,no
34,admin.,married,secondary,no,5050,yes,no,,20,may,89,2,0,no
51,housemaid,divorced,tertiary,no,5370,yes,no,cellular,19,aug,109,3,0,no
54,blue-collar,divorced,primary,no,4818,no,no,cellular,9,jul,98,1,0,no
52,self-employed,single,tertiary,no,6623,yes,no,,5,jun,21,17,0,no
43,entrepreneur,married,tertiary,no,,yes,no,cellular,18,nov,465,1,0,no
58,retired,single,primary,no,11570,no,no,cellular,21,jul,106,3,0,no
53,admin.,married,secondary,no,5225,yes,no,cellular,20,apr,304,1,1,no
44,management,married,secondary,no,4335,no,no,cellular,30,jul,342,3,0,no
29,management,single,tertiary,no,5000,no,no,,16,may,,25,0,no
27,services,single,secondary,no,5054,yes,no,,28,may,543,2,0,yes
35,blue-collar,married,primary,no,5046,no,no,cellular,8,jul,338,3,0,no
40,self-employed,married,secondary,no,5002,no,no,cellular,22,aug,197,5,0,no
34,blue-collar,married,secondary,no,5103,yes,yes,,8,may,956,2,0,no
38,admin.,single,secondary,no,5883,yes,no,cellular,12,may,95,1,9,no
32,services,married,secondary,no,5055,yes,no,,15,may,546,9,0,no
41,admin.,married,secondary,no,13238,yes,yes,,30,may,124,4,0,no
25,blue-collar,single,secondary,no,5913,yes,no,cellular,7,jul,113,4,0,no
38,blue-collar,divorced,secondary,no,5595,yes,no,cellular,7,may,245,3,0,no
26,technician,single,secondary,no,5007,yes,no,cellular,22,jul,188,2,0,no
37,technician,single,tertiary,no,6661,no,no,cellular,19,aug,199,5,0,no
30,management,married,tertiary,no,5102,yes,no,cellular,5,apr,470,7,3,yes
36,services,married,secondary,no,5338,no,no,,14,may,90,1,0,no
33,management,married,secondary,no,8132,yes,no,,23,may,350,5,0,no
33,admin.,single,tertiary,no,5490,yes,no,cellular,7,may,31,1,2,no
35,management,married,tertiary,no,7682,yes,no,cellular,9,jul,156,1,0,no
24,services,married,tertiary,no,5000,yes,no,,27,may,299,1,0,no
29,unemployed,married,secondary,no,5596,no,no,cellular,30,jan,510,2,0,no
54,blue-collar,married,secondary,no,7059,yes,no,cellular,25,aug,177,4,0,no
27,admin.,married,secondary,no,5132,no,no,cellular,13,oct,123,2,0,no
34,management,married,secondary,no,5000,no,no,cellular,2,feb,270,1,0,no
39,blue-collar,married,primary,no,5385,yes,no,,16,may,225,4,0,no
38,management,married,tertiary,no,5223,no,no,cellular,28,jan,63,1,0,no
37,management,married,tertiary,no,5000,yes,no,,3,jun,247,13,0,no
26,services,single,secondary,no,5512,yes,yes,cellular,30,jan,206,5,3,no
36,entrepreneur,married,tertiary,no,6169,yes,no,,6,may,168,2,0,no
35,management,single,tertiary,no,5071,yes,no,,21,may,836,12,0,no
30,management,single,tertiary,no,5940,no,no,cellular,8,aug,131,2,0,no
25,technician,single,secondary,no,4920,yes,yes,,3,jun,89,1,0,no
34,technician,married,secondary,no,5000,yes,no,cellular,29,aug,116,4,0,no
52,admin.,married,,no,6317,no,no,,12,jun,58,1,0,no
39,admin.,married,secondary,no,5179,no,no,,6,sep,36,1,0,no
34,management,married,secondary,no,6007,yes,no,cellular,21,jul,240,2,0,no
34,management,single,secondary,no,5000,no,no,cellular,22,aug,132,4,0,no
30,services,married,secondary,no,6286,yes,yes,cellular,17,jul,544,1,0,no
33,services,married,secondary,no,5804,yes,yes,,8,may,266,1,0,no
30,student,single,secondary,no,5004,no,no,cellular,4,feb,443,2,0,no
51,blue-collar,married,primary,no,5000,yes,no,cellular,10,jul,324,1,0,no
36,services,single,secondary,no,5417,yes,no,cellular,6,feb,,10,3,no
48,blue-collar,married,primary,no,6678,no,no,cellular,28,jan,263,2,0,no
37,services,divorced,secondary,no,5532,yes,no,,11,jun,199,1,0,no
58,management,married,secondary,no,5407,yes,no,cellular,29,jul,145,2,0,no
56,management,divorced,tertiary,no,5659,no,yes,cellular,2,jun,56,1,0,no
34,blue-collar,married,secondary,no,5393,yes,no,cellular,5,may,,9,0,no
33,admin.,divorced,secondary,no,5661,yes,no,cellular,18,nov,411,1,2,no
26,services,single,secondary,no,5000,no,no,cellular,29,jul,165,23,0,no
40,management,single,,no,5838,yes,no,,12,may,619,3,0,no
35,services,married,secondary,no,5195,yes,no,cellular,17,apr,203,1,0,no
45,entrepreneur,married,secondary,no,5068,yes,no,,7,may,254,1,0,no
37,technician,single,secondary,no,4758,yes,no,cellular,13,aug,1149,6,0,yes
35,management,divorced,tertiary,no,5321,yes,no,,9,may,189,1,0,no
43,services,single,secondary,no,8403,yes,no,cellular,12,nov,707,2,2,yes
28,blue-collar,married,secondary,no,5008,yes,no,cellular,15,may,196,1,0,no
32,blue-collar,divorced,secondary,no,5739,yes,no,,9,may,171,1,0,no
26,unemployed,single,secondary,no,5622,no,no,cellular,28,jan,1451,2,0,yes
35,services,married,secondary,no,5152,yes,no,,2,jun,563,1,0,yes
35,technician,single,secondary,no,5002,no,no,cellular,11,aug,239,4,0,no
39,blue-collar,married,secondary,no,6439,yes,no,telephone,28,jul,73,6,0,no
42,blue-collar,divorced,secondary,no,6491,yes,no,cellular,6,may,203,2,2,no
32,technician,single,secondary,no,11402,yes,no,cellular,6,may,158,1,1,no
30,unemployed,married,secondary,no,6210,no,no,cellular,9,jul,100,4,0,no
26,management,single,tertiary,no,5122,no,yes,cellular,8,jul,160,1,0,no
30,student,single,secondary,no,5000,yes,no,cellular,19,nov,661,1,0,no
32,management,married,tertiary,no,5062,yes,no,cellular,14,may,166,1,0,no
47,services,married,secondary,no,8333,yes,yes,cellular,29,jul,114,2,0,no
33,technician,married,tertiary,no,,yes,no,,29,may,58,1,0,no
57,blue-collar,married,primary,no,5023,yes,no,telephone,31,jul,25,8,0,no
35,admin.,married,secondary,no,5000,yes,no,cellular,7,may,121,2,0,no
53,technician,married,tertiary,no,11072,no,yes,,16,jun,226,4,0,no
24,retired,single,secondary,no,5366,no,yes,,16,may,234,2,0,no
54,management,divorced,tertiary,no,5000,no,yes,cellular,10,jul,88,1,0,no
31,management,married,tertiary,no,6343,yes,yes,,21,may,85,1,0,no
41,entrepreneur,married,secondary,no,7105,yes,no,cellular,18,nov,134,1,0,no
44,entrepreneur,married,secondary,no,7319,no,no,cellular,4,aug,251,3,0,no
35,services,single,secondary,no,5035,yes,no,cellular,14,may,152,1,0,no
30,management,married,tertiary,no,5877,no,no,cellular,13,aug,202,1,5,no
43,blue-collar,single,primary,no,5030,yes,no,,30,may,379,17,0,no
51,entrepreneur,married,secondary,yes,,no,yes,cellular,28,jul,123,6,0,no
60,retired,married,secondary,no,5089,no,no,cellular,30,apr,,2,0,no
43,self-employed,married,secondary,no,5104,no,no,,17,jun,332,1,0,no
31,management,married,tertiary,no,6750,yes,no,telephone,14,may,90,3,0,no
56,management,married,primary,no,5772,yes,no,telephone,20,nov,291,1,0,no
42,technician,married,secondary,no,6048,yes,no,telephone,6,feb,23,2,0,no
52,entrepreneur,married,primary,no,5592,no,no,cellular,21,jul,122,2,0,no
40,technician,married,secondary,no,5000,yes,yes,cellular,26,jul,105,2,1,no
36,services,married,secondary,no,8064,yes,no,telephone,11,may,1143,4,0,no
40,services,married,primary,no,5033,no,no,,26,may,70,3,0,no
46,blue-collar,married,secondary,no,5000,yes,no,cellular,8,may,264,2,0,no
32,admin.,single,secondary,no,6649,no,no,cellular,27,may,204,2,0,no
31,housemaid,single,tertiary,no,5287,yes,no,cellular,19,nov,182,1,0,no
41,technician,divorced,secondary,no,5000,yes,no,cellular,17,nov,386,2,0,no
58,housemaid,married,primary,no,5419,no,yes,,5,jun,295,3,0,no
36,services,married,secondary,no,5257,yes,no,cellular,12,may,86,2,0,no
52,technician,married,secondary,no,5118,no,no,cellular,28,aug,,20,0,no
42,management,married,tertiary,no,5251,no,no,cellular,20,aug,413,2,0,no
32,management,single,tertiary,no,6731,yes,yes,,29,may,323,3,0,no
62,management,married,tertiary,no,5000,no,no,cellular,13,oct,78,3,0,no
31,technician,single,tertiary,no,5023,no,no,cellular,25,aug,121,3,0,no
41,blue-collar,single,secondary,yes,4614,no,yes,cellular,20,nov,477,1,0,yes
34,self-employed,married,tertiary,no,10498,no,no,cellular,19,nov,265,1,0,no
44,management,single,tertiary,no,10063,no,no,cellular,27,oct,418,2,0,yes
42,blue-collar,married,primary,no,12041,yes,no,cellular,28,jul,386,4,0,no
37,entrepreneur,single,secondary,no,5654,no,no,,19,may,594,2,0,no
47,management,married,tertiary,no,6890,no,no,cellular,8,jul,161,1,0,no
32,unemployed,married,secondary,no,7400,yes,yes,cellular,5,feb,450,3,0,no
46,blue-collar,married,secondary,no,5519,yes,no,cellular,25,aug,217,6,0,no
39,technician,single,tertiary,no,6190,no,no,cellular,8,aug,136,1,0,no
28,services,single,secondary,no,5229,yes,no,,9,may,322,1,0,no
26,student,single,secondary,no,5203,no,no,cellular,16,nov,104,1,1,no
52,technician,married,secondary,no,6818,no,yes,cellular,17,nov,189,2,4,no
42,unemployed,married,secondary,no,6289,no,no,cellular,15,jul,250,4,2,yes
33,technician,divorced,tertiary,no,5039,no,no,cellular,19,aug,123,5,0,no
73,retired,married,primary,no,5796,no,no,cellular,23,oct,427,1,2,yes
35,admin.,single,secondary,no,5057,no,yes,cellular,8,jul,632,2,0,no
40,management,married,tertiary,no,6548,yes,no,cellular,13,apr,101,3,0,no
51,technician,married,secondary,no,5117,no,no,cellular,24,aug,467,2,4,yes
37,admin.,single,secondary,no,5000,yes,no,cellular,16,apr,640,2,0,no
39,management,married,tertiary,no,5691,yes,yes,cellular,16,apr,517,1,1,no
28,blue-collar,married,secondary,no,5064,yes,no,,13,may,160,3,0,no
49,technician,divorced,tertiary,no,5000,yes,no,cellular,12,jun,177,3,0,no
36,admin.,married,secondary,no,5957,yes,no,,21,may,206,1,0,no
45,technician,married,secondary,no,5118,yes,no,,7,may,208,2,0,no
29,technician,single,tertiary,no,5218,yes,no,cellular,12,apr,169,1,0,no
35,management,married,secondary,no,5724,yes,no,cellular,14,jul,287,2,1,yes
35,housemaid,married,tertiary,no,5020,yes,yes,cellular,17,jul,505,3,0,no
30,blue-collar,married,secondary,no,4972,yes,no,cellular,18,may,284,2,1,no
46,blue-collar,married,primary,no,5665,no,no,cellular,30,jan,89,4,2,no
25,student,single,tertiary,no,5005,no,no,cellular,29,sep,138,1,0,no
36,management,married,tertiary,no,5925,no,no,cellular,14,dec,321,3,4,yes
42,blue-collar,married,primary,no,7519,yes,no,,15,may,262,4,0,no
57,admin.,married,secondary,no,8927,no,no,cellular,13,oct,61,1,0,no
42,management,divorced,tertiary,no,5401,yes,no,cellular,24,jul,217,9,0,no
29,management,married,tertiary,no,5581,yes,yes,cellular,14,jul,192,2,0,no
36,technician,married,tertiary,no,6327,no,no,cellular,29,oct,174,2,0,no
31,unemployed,married,secondary,no,8242,no,no,,25,jun,292,2,0,no
59,technician,married,primary,no,8163,yes,no,,29,may,240,2,0,no
50,unemployed,divorced,secondary,no,5032,no,no,cellular,4,aug,282,2,0,no
47,admin.,married,secondary,no,5310,yes,yes,telephone,14,aug,128,6,0,no
46,housemaid,married,primary,no,5000,no,no,telephone,2,feb,161,1,0,no
26,blue-collar,single,primary,no,5155,yes,no,cellular,29,jan,291,1,4,no
31,services,single,secondary,no,,yes,no,cellular,20,nov,356,1,0,no
30,services,married,tertiary,no,6380,yes,no,,21,may,294,2,0,no
47,blue-collar,single,,no,7443,no,no,,18,jun,422,1,0,no
23,technician,single,tertiary,no,6129,yes,no,,28,may,806,1,0,yes
44,unemployed,single,primary,no,9232,no,no,,16,jun,227,1,0,no
42,self-employed,married,secondary,no,10564,no,no,cellular,17,nov,560,2,0,no
32,services,single,secondary,no,4598,yes,no,cellular,17,apr,135,1,0,no
28,admin.,single,secondary,no,6323,yes,no,,3,jun,361,1,0,no
57,retired,married,primary,no,6623,yes,yes,cellular,18,jul,246,1,0,no
38,technician,married,tertiary,no,6042,yes,no,cellular,4,feb,419,2,0,no
22,student,single,secondary,no,7488,no,no,cellular,8,nov,449,2,10,yes
54,admin.,married,secondary,no,5865,yes,no,cellular,17,nov,71,1,0,no
32,technician,married,tertiary,no,3947,yes,no,cellular,21,jul,357,3,0,no
32,management,married,tertiary,no,6667,yes,no,cellular,18,nov,164,2,3,no
59,admin.,divorced,secondary,no,5975,yes,no,,15,may,263,4,0,no
45,technician,married,secondary,no,7571,no,no,,18,jun,146,2,0,no
53,entrepreneur,married,primary,no,5732,no,no,cellular,27,oct,759,2,0,yes
50,admin.,divorced,secondary,no,5769,no,no,cellular,28,jul,72,2,4,no
34,technician,married,secondary,no,4864,yes,yes,cellular,12,aug,131,2,0,no
35,admin.,divorced,secondary,no,8636,no,yes,cellular,21,nov,808,2,0,yes
30,management,married,tertiary,no,5931,no,no,cellular,17,jul,1183,1,0,no
62,housemaid,married,secondary,no,5565,no,no,cellular,4,sep,123,3,0,no
40,blue-collar,married,secondary,no,5271,yes,no,,29,may,483,2,0,no
26,self-employed,single,tertiary,no,6153,no,no,cellular,4,may,238,3,0,no
34,management,married,tertiary,no,4927,yes,no,cellular,11,jul,90,1,0,no
50,entrepreneur,married,,no,5558,no,no,cellular,9,jul,464,1,6,yes
31,housemaid,divorced,tertiary,no,5137,no,no,cellular,22,aug,385,9,0,no
35,technician,married,secondary,no,5700,yes,no,,23,may,240,2,0,no
55,retired,married,primary,no,4034,no,yes,cellular,14,may,104,1,0,no
34,admin.,married,secondary,no,5096,no,no,cellular,29,aug,109,2,0,no
58,retired,married,primary,no,9007,no,no,cellular,30,nov,598,4,0,no
50,management,single,tertiary,no,5567,yes,no,,16,may,274,8,0,no
31,technician,single,secondary,no,5040,no,no,cellular,7,aug,123,2,0,no
47,admin.,divorced,secondary,no,5136,no,yes,cellular,23,jul,70,1,0,no
38,self-employed,single,tertiary,no,5917,yes,no,,23,may,260,1,0,no
46,management,single,tertiary,no,5593,yes,no,cellular,29,jan,190,3,0,no
42,blue-collar,married,primary,no,5505,yes,no,,14,may,521,2,0,no
34,blue-collar,married,secondary,no,7542,yes,no,cellular,14,may,228,1,0,no
37,management,married,tertiary,no,10355,no,no,telephone,17,feb,,4,0,yes
38,student,single,tertiary,no,5807,no,no,cellular,27,feb,74,2,0,no
59,retired,married,secondary,no,14976,yes,no,,29,may,57,2,0,no
32,admin.,married,secondary,no,5000,no,no,cellular,30,jan,119,3,0,no
55,management,married,tertiary,no,5540,no,no,cellular,19,nov,124,2,0,no
35,blue-collar,married,secondary,no,5280,yes,yes,cellular,31,jul,65,50,0,no
56,management,divorced,tertiary,no,4941,no,yes,cellular,28,jul,127,6,0,no
27,admin.,married,secondary,yes,4483,yes,no,cellular,14,jul,172,3,0,no
42,unemployed,single,secondary,no,7613,yes,no,cellular,30,jul,174,6,0,no
42,student,married,,no,4993,no,no,telephone,31,jul,41,6,0,no
41,blue-collar,married,primary,no,5000,yes,no,,30,may,232,3,0,no
53,retired,divorced,secondary,yes,4800,no,yes,,6,jun,161,1,0,no
67,retired,married,primary,no,7301,no,no,cellular,16,apr,124,1,0,no
53,housemaid,married,primary,no,5104,no,yes,,5,jun,701,1,0,yes
33,blue-collar,married,primary,no,5191,yes,no,,9,may,162,2,0,no
31,technician,single,,no,5694,yes,no,,6,jun,431,2,0,no
31,admin.,married,secondary,no,5212,yes,no,cellular,18,jul,191,3,0,no
30,management,married,tertiary,no,6882,yes,no,cellular,11,aug,249,5,0,no
48,blue-collar,married,,no,5131,yes,no,,6,may,189,1,0,no
30,technician,single,secondary,no,5175,no,no,cellular,25,aug,167,4,0,no
43,technician,single,tertiary,yes,5000,no,no,cellular,29,aug,73,4,0,no
38,management,divorced,tertiary,no,9425,yes,no,,30,may,162,1,0,no
46,unemployed,married,secondary,no,8533,yes,no,cellular,12,aug,235,2,0,no
59,blue-collar,divorced,secondary,no,8573,no,no,cellular,15,may,44,1,0,no
44,management,divorced,tertiary,no,5476,yes,yes,,26,may,127,2,0,no
35,blue-collar,married,secondary,no,6257,yes,no,cellular,20,apr,93,3,7,no
55,blue-collar,married,,no,5023,no,no,cellular,30,jan,143,1,3,no
39,management,single,tertiary,no,5000,yes,no,cellular,16,apr,81,2,0,no
36,services,single,secondary,no,5398,yes,yes,,17,jun,77,2,0,no
33,blue-collar,married,secondary,no,5745,yes,no,,23,may,115,4,0,no
48,management,single,tertiary,no,13106,no,no,,17,nov,125,1,3,no
33,management,single,tertiary,no,5000,no,no,cellular,19,aug,53,4,0,no
67,retired,married,,no,5696,no,no,telephone,4,may,77,2,0,no
48,unemployed,divorced,secondary,no,6266,yes,no,telephone,3,feb,45,1,0,no
57,management,married,tertiary,no,7416,no,no,cellular,11,aug,74,2,0,no
31,housemaid,married,primary,no,5025,no,no,cellular,21,aug,169,5,0,no
30,student,single,tertiary,no,12513,no,no,cellular,11,aug,269,2,0,no
56,entrepreneur,divorced,primary,no,5029,no,no,cellular,29,jan,52,2,1,no
26,blue-collar,married,primary,no,10116,yes,no,cellular,22,jul,246,3,0,no
44,management,married,secondary,no,,yes,no,,20,jun,218,1,0,no
44,technician,divorced,secondary,no,5014,no,no,cellular,13,nov,167,1,1,yes
31,management,married,tertiary,no,9148,yes,no,cellular,21,nov,316,3,9,yes
47,self-employed,married,,no,5014,yes,no,cellular,15,may,142,1,0,no
30,admin.,single,secondary,no,5105,yes,no,cellular,21,nov,75,1,0,no
37,management,married,tertiary,no,5767,no,yes,cellular,2,feb,204,1,0,no
56,admin.,divorced,primary,no,5000,no,yes,cellular,10,jul,542,1,0,no
43,management,single,secondary,no,4772,yes,yes,,16,may,122,2,0,no
42,services,married,secondary,no,5508,yes,no,,30,may,70,1,0,no
60,management,married,secondary,no,5725,yes,no,cellular,8,jul,266,1,0,no
34,blue-collar,married,,no,5041,yes,no,cellular,6,may,34,9,0,no
34,management,single,tertiary,no,5184,no,no,cellular,22,jul,203,4,0,no
41,management,married,tertiary,no,5251,no,yes,,6,jun,85,3,0,no
38,management,divorced,secondary,no,4983,no,no,cellular,21,nov,,4,0,no
23,services,married,secondary,no,4981,yes,no,,20,jun,,10,0,no
33,management,married,tertiary,no,6064,yes,no,cellular,13,may,562,1,0,yes
36,blue-collar,married,secondary,no,5777,yes,no,cellular,6,may,185,3,0,no
49,unemployed,married,tertiary,no,5377,no,no,cellular,22,may,158,1,2,no
34,admin.,divorced,secondary,no,5479,yes,no,cellular,12,may,515,1,5,yes
40,technician,divorced,secondary,no,4625,yes,no,cellular,13,may,60,5,0,no
72,retired,married,primary,no,5796,no,no,cellular,24,apr,173,2,0,no
43,technician,married,secondary,no,5017,yes,no,,16,may,353,4,0,no
44,blue-collar,married,secondary,no,6071,yes,no,cellular,11,may,143,3,1,no
35,admin.,married,secondary,no,5000,yes,no,cellular,20,apr,,5,0,no
46,admin.,divorced,secondary,no,12378,no,no,cellular,18,nov,466,1,0,no
55,admin.,married,secondary,no,5865,yes,no,cellular,17,apr,85,1,1,no
50,technician,divorced,secondary,no,4299,yes,yes,cellular,24,jul,148,1,0,no
23,blue-collar,single,,no,5817,yes,no,cellular,18,may,123,1,0,no
34,student,married,,no,6387,no,no,cellular,30,apr,121,1,0,no
40,blue-collar,married,secondary,no,5000,yes,yes,,29,may,245,3,0,no
61,retired,married,secondary,no,7917,no,no,cellular,6,oct,215,1,0,yes
53,technician,married,secondary,no,9541,yes,no,,15,may,190,6,0,no
57,technician,married,secondary,no,5000,no,no,,13,may,44,1,0,no
28,blue-collar,married,secondary,no,9287,no,no,cellular,30,apr,171,1,0,no
25,admin.,married,secondary,no,5242,yes,no,cellular,30,jul,62,12,0,no
38,blue-collar,married,secondary,no,5171,yes,yes,,20,may,172,1,0,no
27,services,single,secondary,no,5259,yes,no,,23,may,78,10,0,no
45,blue-collar,married,secondary,no,5827,yes,no,,15,may,319,5,0,no
31,services,single,secondary,no,5469,no,yes,cellular,2,feb,111,1,0,no
39,blue-collar,married,primary,no,7226,yes,no,,6,may,158,1,0,no
42,technician,married,secondary,no,5000,no,no,cellular,29,aug,82,12,0,no
46,management,married,tertiary,no,5477,yes,no,,20,may,128,6,0,no
36,services,married,secondary,no,5042,yes,no,,8,may,102,4,0,no
30,management,single,tertiary,no,5775,yes,no,,16,jun,124,2,0,no
32,blue-collar,married,secondary,no,5009,yes,no,cellular,17,apr,334,2,0,no
52,technician,married,tertiary,no,7557,no,no,cellular,28,jan,134,5,2,yes
31,management,married,tertiary,no,7395,no,no,cellular,27,apr,218,1,0,no
60,management,married,primary,no,9895,no,no,,9,jun,313,1,0,no
35,blue-collar,single,secondary,no,5376,yes,yes,,6,may,207,3,0,no
38,management,married,tertiary,no,5389,yes,no,,6,may,262,1,0,no
46,management,divorced,tertiary,no,5134,no,no,cellular,19,aug,134,2,0,no
45,entrepreneur,divorced,tertiary,no,6273,yes,yes,,11,jun,197,3,0,no
59,services,married,secondary,no,5000,yes,no,cellular,12,may,214,3,0,no
34,management,married,tertiary,no,7892,yes,yes,cellular,30,jul,1165,7,0,no
33,technician,divorced,secondary,no,5000,yes,no,cellular,7,may,177,2,0,no
46,management,single,secondary,no,5295,yes,no,,23,may,141,6,0,no
48,admin.,married,secondary,no,5292,yes,yes,cellular,29,jul,164,6,0,no
31,services,single,secondary,no,5085,no,no,cellular,16,jul,151,1,0,no
32,technician,married,secondary,no,5004,no,no,cellular,4,feb,145,2,4,no
35,blue-collar,divorced,primary,no,4413,yes,no,,26,may,111,1,0,no
36,blue-collar,single,primary,no,5367,no,no,cellular,2,feb,217,1,1,no
52,management,married,tertiary,no,3776,yes,no,cellular,7,may,,4,0,no
45,management,divorced,tertiary,no,5959,no,no,,18,jun,74,1,0,no
34,management,married,tertiary,no,5000,no,no,cellular,20,aug,263,2,0,no
25,blue-collar,married,primary,yes,4411,yes,no,,3,jun,233,1,0,no
26,management,single,tertiary,no,4992,no,no,cellular,13,aug,402,2,0,no
57,management,married,,no,5000,no,no,cellular,30,sep,585,1,0,no
48,management,married,primary,no,5247,yes,yes,,14,may,145,1,0,no
48,technician,married,,no,10543,no,no,,16,jun,143,5,0,no
32,blue-collar,married,primary,no,5642,no,yes,cellular,8,jul,524,1,0,no
58,retired,married,secondary,no,5011,no,no,cellular,11,aug,270,1,0,no
57,management,married,primary,no,4774,yes,no,,4,jun,272,1,0,no
31,entrepreneur,married,tertiary,no,10191,no,no,cellular,20,nov,187,2,0,no
33,blue-collar,single,secondary,no,4680,no,no,cellular,18,may,268,2,0,no
53,entrepreneur,married,tertiary,no,7289,yes,yes,cellular,17,nov,183,1,0,no
36,admin.,married,secondary,no,5725,yes,no,cellular,27,feb,123,3,8,no
32,technician,single,tertiary,no,5705,yes,no,cellular,20,apr,20,4,0,no
45,blue-collar,married,secondary,no,5776,yes,no,cellular,6,feb,232,4,1,no
35,unemployed,married,tertiary,no,5816,yes,no,cellular,19,nov,547,7,0,no
41,services,married,secondary,no,5171,no,no,cellular,21,jul,71,9,0,no
54,services,married,secondary,no,5812,no,no,cellular,31,jul,113,6,0,no
49,services,married,secondary,no,5823,no,no,cellular,8,aug,780,4,0,yes
28,technician,single,secondary,no,6453,yes,no,cellular,12,may,246,1,1,no
24,blue-collar,single,,no,5431,yes,no,,3,jun,108,12,0,no
30,admin.,single,secondary,no,6009,yes,no,cellular,29,jan,253,1,0,no
32,self-employed,married,primary,no,5286,yes,no,cellular,6,aug,175,1,0,no
53,entrepreneur,married,tertiary,no,,yes,no,,15,may,106,1,0,no
42,blue-collar,married,primary,no,7111,yes,no,cellular,7,may,86,2,0,no
48,blue-collar,married,primary,no,10366,yes,no,,21,may,248,3,0,no
33,technician,married,secondary,no,5181,yes,yes,telephone,28,jul,265,2,0,no
31,blue-collar,divorced,secondary,no,4548,yes,no,,26,may,182,5,0,no
56,unemployed,divorced,primary,no,6770,no,no,cellular,5,feb,916,3,0,no
58,retired,married,primary,no,5000,no,no,cellular,4,aug,506,1,0,no
37,admin.,single,secondary,no,4704,yes,no,cellular,20,apr,81,1,0,no
59,management,married,primary,no,7358,yes,no,cellular,17,apr,30,1,0,no
50,management,single,tertiary,no,6200,no,no,cellular,14,aug,904,3,0,yes
39,housemaid,single,primary,no,5109,yes,no,,6,may,699,3,0,no
30,technician,married,secondary,no,5616,yes,no,cellular,6,may,,1,0,no
47,services,divorced,secondary,no,9906,yes,no,,14,may,389,1,0,no
44,self-employed,married,secondary,no,5313,no,no,cellular,6,aug,211,4,0,no
38,blue-collar,married,primary,no,5290,yes,no,cellular,16,apr,283,1,0,no
50,management,married,tertiary,no,6240,no,no,cellular,12,aug,474,2,0,no
27,admin.,single,tertiary,no,8672,yes,no,cellular,15,may,157,2,5,no
73,retired,married,secondary,no,5019,no,no,cellular,5,nov,509,2,0,no
46,blue-collar,married,primary,no,5143,yes,no,,7,may,279,1,0,no
56,retired,divorced,secondary,no,5212,no,yes,telephone,17,jul,27,1,0,no
36,management,married,tertiary,no,5009,no,no,cellular,11,aug,386,4,0,yes
33,blue-collar,married,primary,no,8074,no,no,cellular,18,nov,679,1,0,no
40,management,married,tertiary,no,6734,yes,no,,2,jun,169,1,0,no
52,management,married,tertiary,no,5575,no,no,,3,jun,315,1,0,no
51,blue-collar,married,secondary,no,5397,yes,no,cellular,20,aug,293,2,0,no
33,blue-collar,married,secondary,no,5640,yes,no,cellular,3,feb,439,3,0,no
54,services,married,secondary,no,5158,yes,no,,19,may,198,1,0,no
44,management,married,secondary,no,7984,yes,no,,15,may,770,2,0,no
50,entrepreneur,married,secondary,no,6011,yes,no,telephone,30,jul,340,2,0,no
45,blue-collar,single,secondary,no,5000,yes,no,cellular,26,apr,1472,1,4,yes
36,management,married,tertiary,no,6133,yes,no,cellular,4,aug,293,1,2,yes
42,technician,married,secondary,no,9945,yes,no,cellular,2,mar,311,2,0,yes
37,technician,married,secondary,no,5712,yes,no,cellular,18,nov,291,2,0,no
28,services,single,secondary,no,4573,yes,yes,,21,may,965,2,0,no
56,admin.,married,secondary,no,7146,no,yes,,9,jun,594,1,0,no
59,admin.,married,secondary,no,5092,yes,no,cellular,12,may,139,2,1,no
32,unemployed,married,secondary,no,5010,yes,no,,6,may,501,4,0,no
57,retired,married,primary,no,6238,yes,no,cellular,15,jul,274,1,0,no
49,admin.,single,secondary,no,5981,yes,no,telephone,21,nov,,3,0,no
56,entrepreneur,married,,no,5575,no,no,,20,jun,,2,0,no
48,admin.,divorced,,no,4930,no,no,cellular,14,may,243,1,0,no
27,student,single,tertiary,no,8733,yes,no,cellular,22,may,198,1,6,yes
31,management,single,tertiary,no,5574,yes,no,cellular,16,jul,410,2,0,no
28,blue-collar,single,secondary,no,5043,no,no,,19,may,190,1,0,no
36,management,married,tertiary,no,5428,no,no,,28,may,121,1,0,no
58,housemaid,married,primary,no,5000,yes,no,telephone,9,jul,148,1,0,no
46,admin.,married,secondary,no,5000,yes,yes,cellular,20,apr,239,2,2,no
32,management,single,tertiary,no,5474,yes,no,cellular,7,aug,90,3,0,no
39,services,married,secondary,no,4460,no,no,,6,jun,29,1,0,no
35,self-employed,married,tertiary,no,5560,yes,no,cellular,2,apr,58,1,1,no
31,management,married,tertiary,no,5325,yes,no,cellular,18,jul,1139,2,0,yes
29,management,single,tertiary,no,5437,no,no,cellular,5,aug,504,1,1,yes
48,blue-collar,married,primary,no,5574,no,no,cellular,5,aug,348,1,0,no
60,retired,married,primary,no,5000,no,no,telephone,30,jul,130,3,0,no
74,retired,married,secondary,no,5935,no,no,cellular,26,jan,100,1,1,no
30,services,married,secondary,no,5699,yes,no,,29,may,544,1,0,no
52,admin.,single,primary,no,5000,no,no,,19,may,182,11,0,no
24,blue-collar,married,secondary,no,4780,yes,no,cellular,2,apr,90,1,0,no
29,services,married,secondary,no,,yes,no,,28,may,272,2,0,no
33,housemaid,married,primary,no,5212,yes,no,cellular,11,jul,260,2,0,no
34,blue-collar,married,secondary,no,5067,yes,yes,,8,may,672,3,0,no
45,admin.,divorced,secondary,no,5000,no,no,cellular,29,oct,264,1,0,yes
31,blue-collar,married,secondary,no,5000,no,yes,telephone,15,jul,275,2,0,no
45,technician,married,secondary,no,6673,no,no,cellular,23,oct,76,1,0,no
27,services,married,secondary,no,3798,yes,no,,4,jun,749,2,0,no
30,management,single,tertiary,no,9213,no,no,cellular,25,aug,142,4,0,no
45,blue-collar,married,primary,no,5000,no,no,cellular,26,aug,454,2,0,no
57,blue-collar,married,secondary,no,6521,yes,yes,cellular,18,may,102,2,5,no
34,management,married,tertiary,no,6310,no,no,telephone,30,jan,521,3,7,no
40,admin.,married,secondary,no,5000,yes,yes,cellular,17,nov,57,1,0,no
39,management,married,tertiary,no,5399,no,no,cellular,9,apr,504,1,0,no
46,technician,married,tertiary,no,5405,no,no,cellular,11,aug,138,3,0,no
55,management,divorced,tertiary,no,14756,yes,no,cellular,5,jun,103,2,1,yes
25,management,single,tertiary,no,7506,no,no,cellular,17,feb,485,1,0,yes
34,management,married,tertiary,no,5697,no,no,cellular,5,aug,166,1,0,no
37,blue-collar,married,primary,no,5403,yes,no,cellular,8,may,,2,1,no
64,retired,divorced,tertiary,no,5890,no,no,cellular,3,jul,531,3,0,no
45,technician,divorced,secondary,no,5809,yes,no,cellular,13,may,155,2,4,no
57,housemaid,married,secondary,no,5158,yes,no,telephone,10,jul,73,1,0,no
21,student,single,,no,5137,yes,no,,12,may,198,3,0,no
58,housemaid,married,secondary,no,7705,no,no,telephone,14,aug,137,1,0,no
41,blue-collar,single,secondary,no,5075,yes,no,,1,jul,479,9,0,yes
41,management,married,,no,7457,yes,no,,9,may,285,1,0,no
58,management,married,tertiary,no,5541,yes,no,cellular,8,may,98,1,0,no
33,management,married,tertiary,no,5287,yes,no,cellular,15,may,199,2,3,no
32,management,married,tertiary,no,5273,yes,yes,cellular,18,jul,97,3,0,no
44,services,divorced,secondary,no,5000,yes,no,,4,jun,389,5,0,no
47,housemaid,married,,no,5677,no,no,cellular,7,aug,384,1,4,no
41,self-employed,married,primary,no,5340,no,no,,6,jun,37,3,0,no
54,technician,married,tertiary,no,5098,no,no,cellular,8,aug,420,4,0,no
47,technician,divorced,tertiary,no,5477,yes,no,telephone,7,may,973,1,1,no
32,management,single,tertiary,no,7629,no,no,cellular,28,aug,77,4,0,no
59,housemaid,married,tertiary,no,5000,no,yes,cellular,29,jul,376,2,0,no
29,technician,single,tertiary,no,7325,no,no,cellular,2,feb,125,1,0,yes
48,services,married,secondary,yes,4980,no,no,cellular,20,aug,142,2,0,no
32,technician,single,secondary,no,5230,yes,no,cellular,18,may,442,1,8,yes
46,management,divorced,secondary,no,4148,no,yes,cellular,29,aug,728,2,0,no
31,blue-collar,single,primary,no,4720,no,no,,21,may,281,3,0,no
53,blue-collar,married,secondary,no,5025,no,no,cellular,22,aug,528,2,0,yes
34,technician,single,tertiary,no,14851,yes,no,cellular,20,nov,128,5,0,no
48,services,single,,no,10095,yes,no,,16,jun,71,1,0,no
32,technician,married,secondary,no,5687,no,no,cellular,20,aug,161,4,0,no
31,management,married,secondary,no,6368,yes,no,cellular,12,aug,129,4,0,no
27,blue-collar,single,primary,no,4821,yes,no,cellular,15,may,54,2,0,no
60,admin.,married,secondary,no,4604,yes,no,cellular,11,may,443,1,1,no
34,blue-collar,single,tertiary,no,6011,yes,no,,6,may,136,1,0,no
52,self-employed,married,secondary,no,5009,no,yes,,6,jun,44,1,0,no
48,blue-collar,married,secondary,no,6159,yes,yes,cellular,15,may,1181,9,0,no
45,technician,married,primary,no,4678,no,no,,9,jun,225,2,0,no
54,technician,divorced,secondary,no,6114,yes,no,cellular,30,jan,81,1,0,no
52,services,married,secondary,no,7072,no,no,cellular,10,jul,224,1,0,no
47,entrepreneur,married,tertiary,no,5459,yes,no,cellular,29,jul,189,4,0,no
54,housemaid,married,secondary,no,6157,no,no,cellular,26,may,98,2,0,no
34,blue-collar,married,secondary,no,13309,yes,yes,cellular,19,nov,50,1,0,no
39,technician,single,tertiary,no,6043,no,no,cellular,18,aug,195,10,0,no
46,technician,married,secondary,no,7098,no,no,cellular,7,aug,110,2,0,no
26,unemployed,single,secondary,no,5461,no,no,cellular,28,jan,214,1,0,no
37,technician,single,secondary,no,5061,yes,no,,19,may,182,8,0,no
47,blue-collar,married,secondary,no,6203,yes,no,cellular,17,apr,239,2,0,no
35,technician,married,secondary,no,6067,no,yes,cellular,12,aug,179,6,0,no
57,unemployed,married,primary,no,5000,no,no,,9,jun,540,1,0,no
34,management,married,tertiary,no,6657,yes,no,cellular,18,may,566,2,4,no
47,technician,married,secondary,no,6219,no,no,cellular,18,aug,697,4,0,yes
27,technician,married,secondary,no,5007,yes,no,,15,may,98,2,0,no
40,blue-collar,married,secondary,no,4161,yes,yes,cellular,16,jul,1018,2,0,yes
39,technician,married,secondary,no,5994,no,no,cellular,5,feb,221,1,1,no
36,entrepreneur,married,tertiary,no,5006,no,no,telephone,30,oct,246,1,0,no
42,technician,single,secondary,no,5000,no,no,cellular,21,aug,656,2,0,no
23,blue-collar,single,primary,no,13627,yes,no,,3,jun,281,1,0,no
34,management,married,tertiary,no,5133,yes,no,,8,may,65,1,0,no
34,blue-collar,married,secondary,no,5247,yes,yes,,26,may,193,5,0,no
49,services,married,secondary,no,6114,no,no,cellular,17,nov,283,1,0,no
57,blue-collar,married,primary,no,6592,no,yes,,20,jun,78,4,0,no
59,retired,married,,no,5000,no,no,,8,may,425,6,0,no
57,admin.,married,tertiary,no,5046,no,no,cellular,7,aug,238,2,0,no
34,blue-collar,married,secondary,no,6221,yes,no,cellular,6,may,182,1,8,no
61,management,married,secondary,no,5985,no,no,cellular,18,aug,998,6,0,yes
35,blue-collar,divorced,secondary,no,5000,yes,no,,8,may,477,1,0,no
42,management,married,tertiary,no,5520,no,no,cellular,4,nov,158,1,0,no
57,services,married,tertiary,no,5010,no,no,telephone,8,jul,320,3,0,no
42,blue-collar,married,secondary,no,7157,yes,no,cellular,13,may,149,1,2,no
53,retired,married,secondary,no,11095,yes,yes,cellular,14,may,410,5,0,no
63,retired,married,tertiary,no,5133,yes,no,cellular,13,feb,104,2,0,no
47,self-employed,married,secondary,no,6121,no,no,,20,jun,454,6,0,no
54,services,married,secondary,no,5088,yes,no,,13,may,190,1,0,no
45,admin.,married,secondary,no,5000,no,no,cellular,19,aug,145,10,0,no
28,management,single,tertiary,no,4672,yes,no,telephone,2,feb,318,2,0,no
58,unemployed,married,secondary,no,5610,yes,no,telephone,29,jul,246,2,0,no
48,management,single,tertiary,no,5414,no,no,cellular,21,jul,761,2,0,no
35,management,divorced,tertiary,no,5000,yes,no,telephone,29,oct,171,1,0,yes
37,self-employed,married,tertiary,no,5000,no,no,,6,jun,143,1,0,no
37,blue-collar,married,secondary,no,5685,yes,no,,6,jun,968,1,0,no
37,management,married,primary,no,,no,no,cellular,2,jul,154,1,1,no
25,services,single,secondary,no,4648,no,no,cellular,15,jul,246,1,0,no
58,blue-collar,married,secondary,no,5602,yes,no,cellular,13,may,201,1,0,no
52,management,married,secondary,no,4412,yes,no,cellular,22,jul,81,4,0,no
19,student,single,secondary,no,5302,no,no,cellular,16,jul,205,1,0,yes
59,blue-collar,married,secondary,no,10314,yes,no,cellular,5,may,200,3,0,no
41,technician,married,secondary,no,5064,yes,yes,,8,may,210,2,0,no
34,technician,single,tertiary,no,5632,no,no,cellular,22,aug,215,10,0,no
35,technician,single,secondary,no,10731,yes,no,cellular,4,may,164,2,4,no
41,technician,married,secondary,no,5902,no,no,,16,jun,35,6,0,no
28,blue-collar,single,secondary,no,11307,yes,no,,28,may,615,1,0,no
53,management,divorced,secondary,no,5112,no,yes,cellular,11,aug,246,3,0,no
35,services,married,secondary,no,5000,no,yes,telephone,9,jul,42,1,0,no
33,admin.,single,tertiary,no,5621,no,no,cellular,8,jul,217,1,0,no
37,technician,single,secondary,no,5435,yes,no,,26,may,210,1,0,no
32,technician,married,secondary,no,5782,yes,no,,26,may,116,4,0,no
32,blue-collar,married,secondary,no,5478,yes,no,,3,jun,200,1,0,no
54,services,married,,no,12864,yes,no,,15,may,145,4,0,no
44,blue-collar,married,secondary,no,6910,yes,no,,5,jun,41,1,0,no
36,technician,divorced,tertiary,no,6174,yes,no,cellular,18,nov,192,2,0,no
56,admin.,married,secondary,no,6270,yes,no,cellular,17,nov,80,2,2,no
30,management,single,tertiary,no,5018,no,no,,20,may,121,11,0,no
36,blue-collar,married,secondary,no,5141,yes,no,,23,may,106,3,0,no
43,management,married,tertiary,no,7886,no,no,cellular,20,nov,,1,0,no
40,technician,married,secondary,no,7715,yes,no,,29,may,125,2,0,no
32,technician,single,tertiary,no,6100,yes,yes,cellular,11,aug,67,1,0,no
34,blue-collar,married,secondary,no,5516,yes,yes,,2,jun,26,1,0,no
37,services,married,secondary,no,5001,no,no,,15,may,395,2,0,no
28,admin.,single,secondary,no,5775,no,no,cellular,29,jan,603,2,0,no
35,retired,married,primary,no,5634,no,no,cellular,7,jul,185,2,0,no
53,blue-collar,single,secondary,no,10715,no,no,cellular,28,jan,287,2,0,no
60,admin.,married,,no,6088,yes,no,cellular,26,may,149,1,0,no
40,entrepreneur,married,secondary,no,6532,yes,yes,cellular,18,nov,173,7,0,no
57,retired,married,primary,no,5075,no,no,cellular,28,aug,118,2,0,no
29,technician,single,secondary,no,5103,no,no,,19,may,314,1,0,no
44,blue-collar,married,primary,no,5134,yes,no,cellular,7,may,378,1,0,no
41,admin.,single,secondary,no,5748,no,no,telephone,21,nov,94,7,3,no
47,technician,married,secondary,no,6990,yes,yes,cellular,25,aug,108,4,0,no
43,technician,married,tertiary,no,5192,no,no,cellular,5,aug,203,2,0,no
37,technician,single,secondary,no,5267,no,no,cellular,13,may,121,1,0,no
34,technician,single,tertiary,no,5586,yes,no,,16,may,489,2,0,no
30,blue-collar,single,secondary,no,5648,yes,yes,,8,may,287,1,0,no
57,entrepreneur,divorced,secondary,yes,5025,yes,no,cellular,11,may,652,1,4,no
26,admin.,single,secondary,no,5096,yes,no,cellular,13,may,612,2,3,no
34,management,married,tertiary,no,6116,yes,no,cellular,25,jul,53,5,0,no
46,technician,divorced,secondary,no,4910,no,yes,telephone,17,oct,270,1,0,yes
38,entrepreneur,married,tertiary,no,5170,yes,no,cellular,18,may,442,1,0,yes
37,technician,single,secondary,no,8665,no,no,cellular,12,aug,664,3,0,yes
28,management,single,tertiary,no,7380,no,no,cellular,14,sep,394,2,0,no
57,blue-collar,married,primary,no,5179,no,no,,9,jun,230,3,0,no
39,management,married,tertiary,no,5763,yes,no,cellular,11,may,877,7,2,yes
49,services,married,secondary,no,5320,no,no,telephone,9,feb,,4,0,yes
38,technician,married,secondary,no,6960,yes,no,cellular,21,aug,161,2,0,no
27,blue-collar,married,secondary,no,5818,yes,no,,3,jun,188,5,0,no
30,admin.,married,secondary,no,7678,yes,no,cellular,18,may,23,5,0,no
38,admin.,married,tertiary,no,6980,no,no,cellular,5,aug,176,2,0,no
36,management,married,tertiary,no,6582,no,no,telephone,3,feb,26,2,1,no
38,retired,single,,no,5062,no,no,,19,jun,212,1,0,no
59,housemaid,married,primary,no,5235,no,no,cellular,13,aug,119,2,0,no
37,management,married,tertiary,no,5489,yes,no,cellular,7,aug,205,5,0,no
29,self-employed,married,tertiary,no,8931,yes,no,,3,jun,73,4,0,no
43,blue-collar,married,secondary,no,5699,yes,yes,cellular,20,nov,1258,2,2,yes
33,technician,married,secondary,no,5058,yes,no,telephone,29,aug,57,2,0,no
54,housemaid,divorced,secondary,no,6327,no,no,,5,jun,115,2,0,no
55,services,married,secondary,no,5557,no,no,,19,jun,58,1,0,no
32,technician,single,tertiary,no,5741,yes,no,cellular,11,aug,238,1,0,no
48,management,married,primary,no,8230,yes,no,telephone,20,nov,207,3,0,no
33,management,single,tertiary,no,6439,yes,no,cellular,3,jun,178,2,0,no
46,admin.,married,secondary,no,5120,yes,no,,14,may,20,11,0,no
44,management,married,tertiary,no,6058,no,no,cellular,11,mar,188,3,0,yes
47,blue-collar,married,primary,no,5881,yes,no,cellular,14,may,143,1,2,no
38,technician,married,secondary,no,11728,no,no,cellular,25,nov,232,1,4,yes
80,retired,married,secondary,no,5462,no,no,cellular,7,dec,127,2,0,no
40,self-employed,married,secondary,no,5167,yes,yes,cellular,8,may,380,4,1,no
43,entrepreneur,married,tertiary,no,6574,yes,no,cellular,19,nov,167,3,0,no
32,technician,single,tertiary,no,6625,no,no,cellular,22,may,796,1,1,yes
39,management,married,tertiary,no,5562,no,no,cellular,13,sep,303,2,0,no
33,technician,married,secondary,no,14305,yes,no,cellular,17,apr,407,2,0,no
31,technician,single,secondary,no,5035,no,yes,cellular,16,jul,229,1,0,no
36,management,single,tertiary,no,5000,no,no,cellular,11,aug,108,2,0,no
35,management,single,tertiary,no,7486,yes,no,cellular,25,may,265,1,0,no
25,services,single,secondary,no,5368,no,no,telephone,25,jul,168,1,0,no
33,management,single,secondary,no,6558,yes,no,cellular,17,apr,97,1,0,no
23,blue-collar,single,primary,no,13627,yes,no,cellular,15,may,169,1,1,no
31,management,single,tertiary,no,7590,no,no,cellular,23,sep,103,2,2,no
36,management,married,tertiary,no,5000,yes,yes,,3,jun,599,3,0,no
44,technician,single,tertiary,no,5900,yes,no,cellular,29,jan,322,2,0,no
31,management,single,tertiary,no,5385,yes,no,,21,may,304,1,0,no
55,blue-collar,married,primary,no,6649,yes,no,cellular,12,may,52,3,0,no
51,housemaid,divorced,secondary,no,14228,no,no,cellular,18,jul,655,4,0,yes
36,admin.,married,secondary,no,5000,yes,yes,cellular,9,feb,101,2,0,no
27,unemployed,single,tertiary,no,5001,no,no,cellular,3,feb,65,2,0,no
40,services,married,secondary,no,5771,yes,no,cellular,15,may,173,4,0,no
49,services,married,secondary,no,5280,yes,no,telephone,14,jul,162,3,0,no
59,retired,married,primary,no,5046,no,no,cellular,14,aug,78,2,0,no
32,management,married,tertiary,no,7431,yes,no,cellular,14,may,646,5,0,yes
42,retired,single,tertiary,no,5308,no,no,cellular,30,jan,114,2,0,no
35,management,divorced,tertiary,no,5160,yes,no,,4,jun,141,6,0,no
29,blue-collar,single,secondary,no,5555,yes,no,cellular,15,may,133,4,0,no
29,technician,single,secondary,no,5778,yes,no,,6,jun,,2,0,no
37,blue-collar,single,secondary,no,5048,no,no,cellular,6,may,140,2,0,no
49,admin.,married,primary,no,5169,yes,no,cellular,15,may,82,3,0,no
51,services,divorced,secondary,no,5012,yes,no,cellular,17,nov,150,1,0,no
61,housemaid,married,primary,no,5848,no,no,cellular,27,apr,605,1,1,no
43,management,married,secondary,no,5481,yes,no,telephone,18,nov,164,1,2,no
42,services,married,tertiary,no,,yes,no,cellular,19,nov,36,1,0,no
24,blue-collar,married,secondary,no,4746,yes,yes,,27,may,290,2,0,no
46,self-employed,married,tertiary,no,6148,no,no,telephone,29,jul,104,2,0,no
23,admin.,single,secondary,no,5005,no,no,,12,may,413,1,0,no
26,services,single,secondary,no,5050,yes,no,cellular,12,aug,153,1,0,no
43,blue-collar,divorced,primary,no,5092,yes,no,,15,may,237,2,0,no
35,technician,single,tertiary,no,5470,yes,no,cellular,25,jul,743,13,0,yes
38,technician,married,secondary,no,5000,no,no,cellular,28,aug,82,4,0,no
56,unemployed,divorced,primary,no,5109,no,no,cellular,15,jul,924,4,0,no
31,services,married,secondary,no,5440,yes,no,,17,jun,117,3,0,no
32,management,single,tertiary,no,5000,no,no,cellular,5,feb,550,4,0,yes
28,services,single,secondary,no,7685,no,yes,,24,aug,,1,0,no
26,admin.,divorced,secondary,yes,4997,yes,no,,13,may,181,5,0,no
49,management,married,tertiary,no,12007,no,no,cellular,17,nov,325,2,0,no
33,admin.,married,secondary,no,5220,yes,no,,27,may,345,1,0,no
80,retired,married,primary,no,6548,no,no,cellular,6,aug,331,2,0,no
40,blue-collar,married,secondary,no,5326,yes,yes,cellular,7,jul,112,1,0,no
42,technician,divorced,secondary,no,5000,yes,no,,30,may,115,6,0,no
46,blue-collar,married,secondary,no,5123,no,no,cellular,20,aug,,3,0,no
32,management,single,tertiary,no,5697,no,no,cellular,7,aug,119,1,3,no
37,services,single,tertiary,no,5223,yes,no,,28,may,25,1,0,no
32,student,married,secondary,no,6694,yes,no,cellular,28,jan,929,1,0,no
53,management,married,tertiary,no,9446,yes,no,,14,may,429,1,0,no
39,management,married,tertiary,no,5894,yes,no,cellular,20,apr,491,1,1,no
31,technician,divorced,secondary,no,5202,yes,no,cellular,18,jul,146,1,0,no
34,management,single,tertiary,no,5000,no,no,cellular,21,aug,191,2,0,no
44,technician,married,tertiary,no,6707,no,no,cellular,8,aug,406,3,0,no
35,technician,married,secondary,no,,yes,no,telephone,9,dec,220,2,0,no
39,admin.,married,secondary,no,5406,no,no,cellular,30,jul,253,5,0,no
55,services,married,secondary,no,5096,no,no,telephone,30,jul,340,2,0,no
34,housemaid,married,secondary,no,5000,yes,no,,30,oct,154,1,0,yes
39,technician,married,tertiary,no,4724,no,yes,cellular,11,aug,121,4,0,no
58,retired,married,secondary,no,5413,no,no,cellular,27,aug,104,5,0,no
37,blue-collar,married,primary,no,5655,yes,no,cellular,5,feb,127,2,4,no
56,retired,divorced,primary,no,5694,no,no,cellular,29,jan,144,1,1,yes
32,admin.,single,secondary,no,,yes,no,cellular,19,nov,149,2,0,no
41,technician,single,tertiary,no,6646,yes,no,cellular,4,feb,261,1,6,yes
29,admin.,single,tertiary,no,5014,no,no,cellular,29,sep,87,1,1,no
44,management,married,tertiary,no,12635,no,no,cellular,21,aug,719,5,0,no
24,blue-collar,married,secondary,no,5009,yes,no,,27,may,292,7,0,no
43,management,single,secondary,no,6029,yes,no,,2,jun,145,1,0,no
26,admin.,married,tertiary,no,7855,no,no,cellular,30,mar,52,3,0,no
39,admin.,married,secondary,no,5260,yes,no,cellular,17,apr,146,1,1,no
49,blue-collar,married,secondary,no,7039,yes,no,cellular,6,may,451,1,2,yes
52,blue-collar,divorced,primary,no,4903,yes,yes,,9,may,167,4,0,no
33,blue-collar,married,tertiary,no,6465,no,no,cellular,19,aug,98,4,0,no
30,blue-collar,married,secondary,no,5125,yes,no,,29,may,238,2,0,no
32,technician,single,tertiary,no,5930,no,no,cellular,27,aug,85,7,0,no
27,management,single,tertiary,no,5000,yes,no,cellular,30,jan,323,4,0,no
58,blue-collar,married,primary,no,5073,no,no,,17,jun,116,1,0,no
46,retired,married,primary,no,4965,yes,no,cellular,7,may,304,3,0,no
28,management,single,tertiary,no,6351,no,no,cellular,10,dec,267,1,0,no
39,services,married,primary,no,6601,yes,no,,23,may,201,2,0,no
41,services,married,,no,5088,yes,no,cellular,11,may,105,1,2,no
38,services,married,secondary,no,5435,yes,no,,23,may,193,2,0,no
50,unemployed,divorced,secondary,no,5717,yes,no,cellular,30,jan,113,1,0,no
56,services,married,secondary,no,5705,yes,no,,29,may,151,2,0,no
34,technician,married,secondary,no,6553,no,no,cellular,20,aug,200,2,0,no
33,blue-collar,divorced,secondary,no,4869,yes,no,,16,may,145,1,0,no
61,technician,married,secondary,no,6191,no,no,cellular,21,may,214,4,0,yes
36,admin.,single,secondary,no,5047,no,yes,cellular,9,jul,36,6,0,no
34,technician,married,tertiary,no,5544,yes,yes,cellular,18,nov,58,2,0,no
36,blue-collar,married,secondary,no,5688,yes,no,,6,may,174,2,0,no
45,management,married,tertiary,no,5242,no,no,cellular,30,apr,587,1,0,yes
27,student,single,tertiary,no,5118,no,no,cellular,25,may,112,1,0,no
45,admin.,married,secondary,no,4612,yes,no,cellular,14,jul,175,2,0,no
40,self-employed,married,tertiary,no,6603,no,no,,17,jun,279,1,0,no
36,management,single,secondary,no,6511,yes,no,cellular,16,nov,270,1,0,yes
46,blue-collar,married,primary,no,5147,yes,no,cellular,6,may,116,2,3,no
37,entrepreneur,married,tertiary,no,5836,yes,no,,27,may,129,2,0,no
36,technician,married,secondary,no,5055,yes,no,cellular,13,may,38,2,4,no
37,admin.,married,secondary,no,6123,no,yes,,28,may,138,1,0,no
22,student,single,tertiary,no,5691,no,no,cellular,19,aug,338,1,0,yes
51,services,married,secondary,no,5000,no,yes,,26,jun,565,3,0,no
49,technician,married,secondary,no,,no,no,cellular,13,aug,77,8,0,no
35,management,married,tertiary,no,5552,yes,yes,cellular,19,nov,314,2,1,no
50,housemaid,married,primary,no,5000,no,no,,20,jun,179,2,0,no
31,services,married,tertiary,no,5309,yes,yes,,7,may,294,1,0,no
47,services,single,secondary,no,5033,yes,no,cellular,5,may,298,1,0,no
59,blue-collar,married,secondary,no,5681,yes,no,telephone,14,apr,427,2,0,no
32,blue-collar,married,secondary,no,6787,yes,no,cellular,12,may,87,4,4,no
71,retired,married,tertiary,no,,yes,no,cellular,9,sep,397,1,0,yes
31,management,single,tertiary,no,,no,no,cellular,9,sep,344,1,1,yes
41,blue-collar,married,primary,no,5004,no,no,cellular,23,jul,74,5,0,no
35,blue-collar,married,primary,no,8587,yes,no,,30,may,148,4,0,no
36,management,married,tertiary,no,5254,no,no,,6,jun,161,3,0,no
46,blue-collar,divorced,primary,no,6712,no,no,,19,jun,110,1,0,no
46,blue-collar,married,secondary,no,9855,yes,no,cellular,10,aug,,1,1,no
47,technician,married,tertiary,no,7408,no,no,cellular,12,aug,236,1,1,no
35,management,single,tertiary,no,5252,yes,no,cellular,8,aug,89,2,0,no
37,blue-collar,married,secondary,no,5346,yes,no,cellular,17,apr,390,1,1,no
56,admin.,married,secondary,no,5045,no,no,,5,may,1467,1,0,yes
46,admin.,married,secondary,no,5556,yes,yes,,15,may,646,3,0,yes
44,management,divorced,tertiary,no,4290,yes,no,cellular,10,jul,183,1,0,no
48,technician,single,tertiary,no,4449,yes,no,cellular,11,may,168,2,0,no
28,blue-collar,single,secondary,no,5056,yes,no,,23,may,66,1,0,no
38,entrepreneur,married,tertiary,no,6514,no,yes,cellular,21,nov,160,3,3,no
34,management,single,tertiary,no,5178,yes,no,cellular,15,may,,2,0,no
56,technician,married,secondary,no,5359,yes,no,,6,jun,220,4,0,no
55,retired,divorced,secondary,no,6580,no,yes,,19,jun,1007,1,0,yes
44,blue-collar,divorced,secondary,no,5221,no,no,cellular,30,jul,149,13,0,no
38,technician,married,tertiary,no,6161,yes,no,,8,may,665,1,0,no
53,retired,married,secondary,no,6278,yes,no,telephone,15,jul,174,3,0,no
41,admin.,single,tertiary,no,5982,no,no,cellular,23,jul,105,1,0,no
34,technician,single,secondary,no,5016,no,no,cellular,13,aug,990,1,0,yes
34,management,single,tertiary,no,5001,no,no,cellular,19,nov,582,1,0,no
35,services,married,secondary,no,5128,yes,no,cellular,12,may,136,1,0,no
38,entrepreneur,single,secondary,no,7543,no,no,cellular,10,aug,223,1,4,yes
42,entrepreneur,married,tertiary,no,,no,no,cellular,8,aug,205,2,0,no
56,blue-collar,married,primary,no,5828,yes,no,cellular,14,may,214,1,1,no
37,management,divorced,tertiary,no,5000,yes,no,cellular,11,may,217,6,0,no
47,housemaid,married,secondary,no,8940,yes,no,cellular,9,nov,171,2,5,no
29,blue-collar,married,secondary,no,5125,yes,no,,13,may,50,1,0,no
41,management,married,tertiary,no,5140,yes,no,,5,jun,65,3,0,no
43,technician,single,secondary,no,5593,yes,no,,5,may,55,1,0,no
38,self-employed,married,secondary,no,5746,no,no,,20,jun,256,3,0,no
31,technician,married,secondary,no,5589,yes,yes,,21,may,151,1,0,no
32,management,single,tertiary,no,7343,no,no,cellular,18,jul,226,1,0,no
40,management,married,tertiary,no,5294,yes,no,cellular,23,jul,,5,0,no
45,admin.,married,secondary,no,5644,no,yes,telephone,22,jul,92,1,0,no
43,management,married,secondary,no,4974,yes,no,,16,may,343,1,0,no
27,services,single,secondary,no,8354,yes,no,cellular,14,may,493,5,0,no
33,management,single,tertiary,no,5023,no,no,cellular,20,aug,216,3,0,no
37,admin.,married,secondary,no,5007,yes,no,cellular,27,may,224,7,1,no
60,admin.,married,secondary,no,8735,no,no,cellular,22,dec,190,1,9,yes
51,self-employed,married,,no,7094,no,no,cellular,8,jun,458,6,0,yes
44,blue-collar,married,secondary,no,5508,yes,no,cellular,20,apr,222,1,1,no
48,management,married,,no,5000,yes,no,cellular,8,may,612,1,1,no
57,blue-collar,married,primary,no,5093,yes,no,telephone,17,apr,137,1,0,no
29,technician,single,tertiary,no,5000,yes,no,,7,may,104,2,0,no
50,services,married,secondary,no,,no,no,cellular,25,aug,206,4,0,no
36,services,married,secondary,no,4989,yes,no,cellular,30,jul,172,28,0,no
49,technician,married,tertiary,no,5523,yes,no,cellular,3,mar,152,2,0,yes
49,technician,married,secondary,yes,4926,yes,no,cellular,19,nov,114,1,0,no
35,management,married,tertiary,no,5000,no,no,cellular,11,jul,89,1,0,no
39,technician,single,secondary,no,5122,yes,no,,2,jun,158,1,0,no
34,blue-collar,married,primary,no,5351,no,yes,cellular,14,jul,326,11,0,no
57,self-employed,married,secondary,no,5035,no,yes,,26,jun,215,3,0,no
37,technician,divorced,secondary,no,7610,yes,no,cellular,13,may,53,1,0,no
25,services,single,secondary,no,5064,no,no,cellular,21,jul,71,11,0,no
43,blue-collar,married,primary,no,5060,no,no,cellular,8,may,487,2,2,no
37,blue-collar,married,secondary,no,5342,yes,no,cellular,12,may,340,2,1,no
36,blue-collar,single,tertiary,no,6830,no,no,cellular,14,oct,183,1,11,no
49,management,divorced,tertiary,no,6904,no,yes,cellular,17,nov,131,2,0,no
38,management,single,tertiary,no,,yes,no,telephone,29,jan,208,1,2,no
39,management,divorced,tertiary,no,5026,no,no,,18,jun,311,5,0,no
40,management,married,tertiary,no,5000,no,no,cellular,10,nov,147,1,8,yes
34,admin.,married,secondary,no,5079,yes,no,,23,may,83,1,0,no
39,blue-collar,married,primary,no,7303,yes,no,,17,jun,775,3,0,yes
53,blue-collar,married,secondary,no,5065,no,no,cellular,28,aug,25,18,0,no
44,management,married,tertiary,no,5332,yes,no,cellular,23,jul,497,5,0,no
32,technician,divorced,secondary,no,4601,yes,no,,2,jun,180,1,0,no
50,technician,divorced,secondary,no,4946,yes,yes,cellular,13,may,698,2,1,yes
29,services,married,primary,no,4898,no,no,,4,jul,134,1,0,no
55,unemployed,married,tertiary,no,9809,yes,no,cellular,21,nov,223,2,3,no
73,retired,married,primary,no,5279,no,no,cellular,28,jan,399,3,0,yes
52,technician,married,secondary,no,5011,yes,no,,13,may,420,1,0,no
49,services,married,secondary,no,7201,yes,no,,15,may,233,3,0,no
63,retired,married,primary,no,13044,no,no,cellular,12,nov,702,1,0,no
34,admin.,married,secondary,no,7374,yes,no,cellular,9,nov,161,1,2,yes
32,admin.,single,secondary,no,5092,yes,no,cellular,18,may,110,1,2,no
49,housemaid,married,tertiary,no,5443,no,no,cellular,8,aug,27,6,0,no
40,blue-collar,married,primary,no,6397,yes,no,telephone,12,may,58,2,1,no
53,entrepreneur,married,,no,5007,no,no,cellular,20,nov,68,1,0,no
53,technician,married,tertiary,no,8177,no,no,cellular,8,aug,92,2,0,no
43,blue-collar,married,primary,no,5232,no,yes,cellular,15,may,45,1,0,no
35,management,single,secondary,no,5081,yes,no,cellular,29,jan,79,1,0,no
35,services,single,secondary,no,5414,yes,no,cellular,20,apr,,5,2,no
25,student,single,tertiary,no,6433,yes,no,cellular,15,may,520,1,0,no
31,technician,single,,no,5187,no,no,cellular,17,jul,86,1,0,no
48,management,married,tertiary,no,5000,no,no,cellular,28,aug,,16,0,no
40,housemaid,married,secondary,no,9610,no,no,cellular,14,aug,154,2,0,no
46,blue-collar,married,primary,no,6429,yes,no,,14,may,91,1,0,no
30,services,single,secondary,no,5334,no,no,cellular,29,jan,389,2,0,no
47,services,married,secondary,no,5002,no,yes,cellular,21,jul,71,15,0,no
23,services,single,secondary,no,5500,yes,no,,4,jun,111,3,0,no
29,technician,married,tertiary,no,5043,yes,no,,20,may,68,2,0,no
38,technician,married,secondary,no,9030,yes,no,cellular,19,nov,75,2,5,no
56,housemaid,married,primary,no,5306,no,yes,cellular,8,jul,212,1,0,no
52,admin.,married,secondary,no,5000,no,no,cellular,22,apr,91,2,1,no
55,retired,married,secondary,no,5168,no,no,cellular,19,aug,79,2,0,no
43,entrepreneur,married,tertiary,no,5210,no,no,cellular,29,jul,646,2,0,no
34,blue-collar,married,secondary,no,5518,yes,no,cellular,11,may,206,1,0,no
43,management,single,tertiary,no,6696,yes,no,cellular,26,aug,257,1,3,yes
55,services,married,secondary,no,4969,no,yes,cellular,13,aug,81,2,0,no
34,blue-collar,married,secondary,no,5856,yes,no,cellular,20,apr,470,1,5,no
34,management,single,tertiary,no,5318,yes,no,,9,may,133,2,0,no
43,self-employed,married,tertiary,no,5064,no,no,,6,jun,230,2,0,no
39,blue-collar,married,primary,no,5800,yes,no,cellular,19,nov,76,6,0,no
39,technician,single,,no,5075,no,no,,6,jun,26,1,0,no
34,technician,single,secondary,no,5347,yes,no,cellular,6,feb,154,2,6,no
55,management,married,tertiary,no,7366,yes,yes,cellular,30,jul,94,4,0,no
67,retired,married,tertiary,no,5701,no,no,cellular,6,aug,254,2,0,yes
34,entrepreneur,married,tertiary,no,5475,yes,yes,cellular,9,jul,1156,1,0,no
47,blue-collar,married,secondary,no,8285,no,no,cellular,31,jul,248,5,0,no
33,blue-collar,married,primary,no,5925,no,no,cellular,20,nov,884,3,0,no
45,entrepreneur,married,secondary,no,5128,no,yes,cellular,18,nov,275,2,0,no
36,blue-collar,married,secondary,no,6587,yes,no,cellular,28,jul,200,2,0,no
59,technician,divorced,secondary,no,5879,yes,no,,26,may,228,1,0,no
33,services,married,secondary,no,5478,no,no,cellular,30,apr,475,2,0,yes
52,technician,divorced,secondary,no,5280,no,no,cellular,14,jul,393,5,0,no
53,blue-collar,married,primary,no,6868,no,no,cellular,8,aug,156,4,0,no
41,unemployed,married,primary,no,5819,no,no,cellular,9,feb,244,3,0,no
45,blue-collar,married,secondary,no,9646,yes,no,,13,may,118,1,0,no
60,self-employed,single,secondary,no,5027,no,no,cellular,22,aug,40,2,0,no
32,blue-collar,married,secondary,no,5736,yes,no,,23,may,700,3,0,no
28,management,single,tertiary,no,5224,yes,no,cellular,2,feb,97,3,0,no
31,technician,single,secondary,no,7544,no,no,cellular,15,jul,252,1,3,yes
53,blue-collar,married,secondary,no,5427,no,yes,cellular,14,aug,360,4,0,no
58,management,married,tertiary,no,7764,no,no,cellular,17,nov,235,1,0,no
38,blue-collar,married,secondary,no,5376,yes,no,,7,may,,1,0,no
46,management,married,tertiary,no,5523,yes,no,cellular,6,may,105,4,2,no
53,entrepreneur,married,tertiary,no,5071,no,yes,cellular,29,jan,86,1,0,no
56,retired,married,secondary,no,8948,no,no,cellular,3,apr,484,1,3,no
52,services,single,secondary,no,6810,no,no,telephone,19,nov,117,1,0,no
38,technician,married,secondary,no,5994,no,no,,9,jun,119,1,0,no
37,services,married,primary,no,5052,yes,no,,7,may,359,1,0,no
37,blue-collar,married,primary,no,5011,no,no,telephone,30,jul,109,8,0,no
37,technician,married,secondary,yes,5000,no,no,,18,jun,,1,0,no
66,retired,married,primary,no,5747,no,no,telephone,28,jan,203,3,1,no
44,blue-collar,married,primary,no,7657,yes,no,,20,jun,202,2,0,no
61,retired,married,secondary,no,5313,no,yes,,3,jul,42,1,0,no
34,admin.,married,secondary,no,5061,no,yes,,5,may,21,1,0,no
33,admin.,single,secondary,no,7557,yes,no,cellular,18,may,186,1,0,no
30,services,divorced,secondary,no,5000,yes,no,cellular,13,may,172,1,0,no
27,services,divorced,secondary,no,5010,yes,no,cellular,22,jul,527,1,0,no
37,services,married,secondary,no,5658,yes,no,telephone,23,jul,175,1,0,no
38,blue-collar,married,primary,no,6679,yes,no,,20,jun,21,18,0,no
35,management,single,tertiary,no,5000,no,yes,cellular,14,aug,370,4,0,no
50,technician,married,secondary,no,5841,yes,no,,29,may,54,2,0,no
39,management,married,secondary,no,5000,yes,no,cellular,27,aug,63,3,0,no
35,management,married,secondary,no,6160,yes,no,,27,may,116,3,0,no
36,admin.,divorced,secondary,no,4963,yes,no,,27,may,151,1,0,no
28,services,single,secondary,no,5094,yes,no,cellular,16,apr,300,1,0,no
39,self-employed,married,tertiary,no,5585,yes,no,cellular,18,nov,48,1,3,no
39,self-employed,married,secondary,no,5235,no,no,,9,jun,217,1,0,no
30,blue-collar,single,secondary,no,7145,yes,no,cellular,18,may,727,2,0,yes
32,services,married,secondary,no,6464,yes,no,,3,jun,193,1,0,no
28,technician,married,secondary,no,5232,yes,yes,cellular,29,jan,72,1,1,no
47,technician,married,primary,no,5187,yes,no,,9,may,165,1,0,no
53,management,married,tertiary,no,5012,no,no,cellular,27,aug,345,10,0,no
57,blue-collar,married,primary,no,5318,yes,no,,27,may,206,2,0,no
47,services,married,secondary,no,5405,no,yes,cellular,8,aug,994,2,0,yes
56,management,married,tertiary,no,5334,yes,no,,15,may,127,2,0,no
38,admin.,married,primary,no,5000,yes,no,,2,jun,29,32,0,no
52,blue-collar,married,primary,no,5002,no,no,,9,jun,70,3,0,no
46,technician,married,secondary,no,5966,yes,yes,cellular,19,aug,40,2,0,no
57,blue-collar,married,primary,yes,5195,no,yes,telephone,30,jul,185,4,0,no
42,blue-collar,divorced,,no,5000,no,no,cellular,7,jul,64,2,0,no
57,unemployed,married,secondary,no,5000,no,no,,19,jun,97,1,0,no
51,housemaid,married,secondary,no,5260,no,no,cellular,27,aug,316,5,0,no
53,self-employed,married,tertiary,no,5451,yes,no,cellular,2,feb,125,1,2,no
37,blue-collar,married,primary,no,8242,yes,no,,21,may,233,1,0,no
47,self-employed,divorced,secondary,no,13515,yes,no,,20,nov,,7,4,no
48,management,married,tertiary,no,6808,yes,no,cellular,26,feb,245,1,0,yes
39,blue-collar,married,primary,no,5020,yes,no,,7,may,109,1,0,no
42,blue-collar,married,secondary,no,8068,yes,yes,cellular,11,may,429,2,0,no
36,management,married,tertiary,no,5023,no,no,cellular,26,aug,133,11,0,no
34,technician,single,secondary,no,6076,no,no,cellular,8,aug,70,2,0,no
61,retired,married,primary,no,6060,yes,no,,13,may,118,1,0,no
32,admin.,single,secondary,no,5678,yes,no,cellular,4,feb,,1,4,yes
35,blue-collar,single,primary,no,6147,yes,yes,telephone,7,may,29,1,0,no
54,blue-collar,married,secondary,no,4370,no,no,,23,may,173,1,0,no
31,management,married,tertiary,no,5459,no,no,cellular,28,aug,,14,0,no
45,technician,divorced,secondary,no,5976,yes,no,cellular,17,apr,183,1,2,no
32,housemaid,married,tertiary,no,5357,yes,no,cellular,18,nov,175,2,0,no
52,unemployed,married,secondary,no,4991,no,no,,9,jun,123,1,0,no
36,admin.,single,secondary,no,6927,yes,no,cellular,18,nov,288,1,1,no
31,services,married,secondary,no,5500,yes,no,,6,jun,,18,0,no
53,technician,married,secondary,no,14146,no,no,cellular,13,aug,136,4,0,no
43,entrepreneur,married,secondary,no,5059,no,no,,13,may,437,2,0,no
47,housemaid,married,primary,no,5000,no,no,cellular,10,aug,1225,2,0,no
46,blue-collar,married,primary,no,5328,yes,no,,21,may,526,8,0,no
34,management,divorced,secondary,no,5291,no,no,cellular,7,aug,91,2,0,no
55,technician,single,tertiary,no,4297,yes,no,cellular,8,may,123,3,0,no
23,admin.,single,secondary,no,5589,yes,no,cellular,6,may,62,1,0,no
75,blue-collar,married,secondary,no,11053,no,no,cellular,11,feb,865,2,1,no
58,admin.,married,secondary,no,6142,no,no,telephone,4,feb,82,3,0,no
35,admin.,married,secondary,no,5725,yes,no,cellular,20,nov,219,7,1,no
27,management,married,tertiary,no,5802,no,no,cellular,22,sep,569,1,0,yes
24,technician,married,secondary,no,5556,yes,no,cellular,18,aug,460,2,0,yes
48,admin.,married,secondary,no,5191,yes,no,cellular,5,feb,238,3,0,no
31,technician,single,secondary,no,5373,no,no,cellular,22,aug,346,5,0,no
57,technician,married,secondary,no,11164,no,no,cellular,19,nov,161,2,0,no
53,management,married,tertiary,no,5037,no,no,cellular,28,aug,51,9,0,no
42,blue-collar,married,primary,no,6156,yes,no,telephone,20,apr,37,1,0,no
50,entrepreneur,married,secondary,no,5806,yes,yes,cellular,7,may,141,8,2,no
59,admin.,married,secondary,no,7381,no,no,cellular,30,apr,173,2,0,no
38,services,married,secondary,no,4686,yes,no,,28,may,66,2,0,no
39,blue-collar,married,secondary,no,5285,yes,yes,,6,may,209,1,0,no
28,blue-collar,single,primary,no,6199,yes,no,cellular,30,jul,1011,20,0,no
55,management,divorced,tertiary,no,5481,yes,no,telephone,8,may,147,2,3,no
33,technician,single,tertiary,no,5137,no,no,cellular,25,aug,88,4,0,no
36,blue-collar,single,secondary,no,5168,yes,no,telephone,12,may,52,1,0,no
38,admin.,divorced,secondary,no,5156,yes,no,,17,jun,544,3,0,no
28,admin.,single,secondary,no,9745,no,no,telephone,12,may,360,1,5,yes
32,management,single,tertiary,no,,yes,no,cellular,11,aug,95,2,0,no
35,admin.,married,secondary,no,5786,no,yes,cellular,25,jul,322,1,0,no
58,technician,married,primary,no,9015,no,no,,20,jun,106,3,0,no
30,services,married,secondary,no,5000,yes,no,,9,may,20,1,0,no
33,blue-collar,married,secondary,no,5331,yes,no,cellular,14,may,178,7,5,no
36,blue-collar,married,secondary,no,6554,yes,no,,12,may,325,4,0,no
32,services,married,secondary,no,5132,yes,yes,,19,may,343,2,0,no
34,management,single,tertiary,no,10086,no,no,cellular,25,may,213,4,0,yes
42,admin.,married,secondary,no,5529,yes,yes,cellular,19,nov,193,3,0,no
41,management,married,tertiary,no,9824,no,yes,cellular,18,jul,168,7,0,no
63,retired,married,secondary,no,5474,no,no,cellular,25,jan,423,1,0,yes
38,admin.,divorced,tertiary,no,5086,yes,no,,6,may,218,1,0,no
54,blue-collar,married,primary,no,7281,yes,no,,20,jun,158,1,0,no
39,services,married,secondary,no,5186,yes,no,cellular,17,apr,433,1,0,no
46,blue-collar,married,secondary,no,5137,no,no,,20,jun,252,3,0,no
37,technician,married,tertiary,no,11968,no,no,cellular,1,jun,175,1,0,no
76,retired,divorced,primary,no,5086,no,no,cellular,12,aug,192,1,0,no
28,management,single,,no,5081,no,yes,cellular,8,jul,158,1,0,no
33,services,married,primary,no,11904,no,no,telephone,20,nov,114,2,0,no
46,self-employed,married,tertiary,no,5137,yes,yes,,5,may,246,1,0,no
30,student,single,secondary,no,5025,no,no,telephone,30,apr,44,1,0,no
60,management,married,tertiary,no,5759,no,no,cellular,14,aug,136,2,0,no
56,housemaid,married,tertiary,no,6922,yes,no,cellular,24,jul,,2,0,no
24,student,single,,no,8298,yes,no,,28,may,227,1,0,no
58,retired,married,secondary,no,5764,no,no,cellular,12,aug,219,4,0,no
79,retired,married,primary,no,13556,no,no,telephone,18,jan,326,2,2,yes
32,blue-collar,married,secondary,no,8514,yes,no,,20,may,226,2,0,no
33,services,married,primary,no,5000,yes,no,cellular,18,jul,351,2,0,no
77,retired,married,primary,no,5680,no,no,telephone,27,nov,341,4,3,no
60,housemaid,married,primary,no,5000,no,yes,telephone,22,jul,124,1,0,no
54,management,married,tertiary,no,7819,no,no,cellular,7,aug,123,3,0,no
30,blue-collar,married,primary,no,4482,yes,yes,,28,may,244,6,0,no
50,services,married,secondary,no,5060,no,yes,cellular,27,aug,151,8,0,no
50,management,married,secondary,no,5732,no,no,cellular,7,apr,736,7,0,no
37,technician,married,secondary,no,7707,yes,no,telephone,16,jul,109,1,0,no
41,technician,married,tertiary,no,5177,yes,no,telephone,11,jul,117,2,0,no
49,admin.,married,secondary,no,,no,yes,telephone,8,jul,77,2,0,no
41,blue-collar,married,primary,no,4796,yes,yes,,6,jun,42,1,0,no
40,technician,married,secondary,no,5990,yes,no,cellular,6,feb,252,3,0,no
38,blue-collar,married,secondary,no,5648,yes,no,,3,jun,179,1,0,no
34,technician,married,secondary,no,5050,no,no,cellular,11,aug,106,3,0,no
49,entrepreneur,married,secondary,no,6916,no,yes,telephone,14,jul,281,3,0,no
72,retired,married,primary,no,5763,no,no,cellular,24,apr,384,2,0,yes
34,blue-collar,married,secondary,no,5470,yes,yes,cellular,20,apr,217,1,0,no
31,technician,married,secondary,no,5000,no,yes,cellular,19,aug,144,4,0,no
33,blue-collar,single,secondary,no,10739,yes,yes,cellular,21,nov,374,1,0,no
31,management,married,tertiary,no,5000,no,no,,14,may,298,1,0,no
55,management,married,tertiary,no,4625,no,no,cellular,30,jul,814,2,0,yes
25,unemployed,married,secondary,no,5157,yes,no,cellular,28,jul,33,31,0,no
34,management,married,tertiary,no,6518,yes,no,cellular,20,nov,128,2,0,no
53,management,married,tertiary,no,6343,no,no,cellular,5,aug,129,4,0,no
39,management,single,tertiary,yes,4599,yes,no,cellular,19,aug,274,4,0,no
41,management,married,primary,no,10310,yes,no,cellular,17,nov,984,1,0,yes
32,blue-collar,single,secondary,no,7285,yes,no,,14,may,413,2,0,no
29,admin.,married,secondary,no,,yes,no,cellular,18,may,44,1,3,no
56,management,married,tertiary,no,5856,yes,yes,cellular,4,feb,70,4,7,no
19,student,single,,no,6169,no,no,cellular,6,feb,463,18,0,no
39,management,single,tertiary,no,8797,no,no,cellular,2,jun,96,2,0,no
32,blue-collar,single,secondary,no,5053,yes,no,cellular,18,nov,276,1,1,no
43,blue-collar,married,primary,no,7519,yes,no,cellular,16,apr,257,2,9,no
32,entrepreneur,married,primary,no,5795,no,no,cellular,8,aug,131,3,0,no
53,admin.,divorced,secondary,no,5000,yes,yes,cellular,30,apr,586,2,0,no
52,blue-collar,married,secondary,no,7087,yes,no,cellular,31,aug,267,1,1,yes
43,technician,single,secondary,no,5034,no,no,telephone,30,jul,29,1,0,no
48,technician,married,secondary,no,5005,no,no,,9,jun,65,6,0,no
27,technician,single,secondary,no,5015,yes,no,cellular,25,jul,67,3,0,no
27,management,single,tertiary,no,5390,no,no,cellular,28,oct,190,1,1,no
51,management,married,,no,5712,no,no,cellular,13,aug,287,2,0,no
39,admin.,single,tertiary,no,7600,yes,no,,17,jun,77,1,0,no
33,blue-collar,married,secondary,no,4759,yes,yes,,27,may,169,1,0,no
50,blue-collar,divorced,primary,no,6545,yes,no,cellular,20,nov,25,1,0,no
59,retired,divorced,secondary,no,6026,no,no,,5,nov,669,1,0,yes
58,housemaid,married,primary,no,5435,yes,no,telephone,28,jul,122,6,0,no
54,technician,married,tertiary,no,5876,no,no,cellular,27,oct,269,3,3,yes
60,blue-collar,married,secondary,no,6801,no,no,telephone,29,oct,167,1,0,no
38,management,married,tertiary,no,7278,yes,yes,cellular,13,may,244,1,0,no
39,blue-collar,married,,no,5157,yes,no,,30,may,99,6,0,no
40,admin.,married,secondary,no,6327,yes,yes,,26,may,76,2,0,no
55,blue-collar,married,primary,no,5284,no,yes,telephone,14,jul,252,4,0,no
36,management,married,tertiary,no,5495,no,no,cellular,12,mar,213,3,6,yes
31,admin.,single,secondary,no,6588,yes,no,,3,jun,,1,0,no
38,services,married,secondary,no,5000,yes,no,telephone,28,jul,121,2,0,no
52,management,married,secondary,no,5428,yes,no,,30,may,153,1,0,no
45,admin.,married,primary,no,5542,no,no,cellular,11,may,,5,3,no
32,blue-collar,married,primary,no,5066,no,no,cellular,19,nov,244,1,0,no
58,blue-collar,divorced,secondary,no,5314,no,no,,25,jun,67,2,0,no
35,management,married,tertiary,no,5024,yes,no,cellular,8,apr,169,1,2,no
36,management,single,tertiary,no,5613,no,no,cellular,7,aug,86,2,0,no
55,retired,married,secondary,no,6467,no,yes,cellular,29,jul,277,2,0,no
45,blue-collar,married,secondary,no,5192,yes,no,cellular,13,may,154,5,1,no
49,management,married,secondary,no,5321,no,no,,9,jun,135,3,0,no
44,blue-collar,married,secondary,no,5788,yes,no,cellular,17,apr,392,1,0,no
37,blue-collar,divorced,secondary,no,5048,yes,no,,8,may,133,2,0,no
35,blue-collar,married,secondary,no,5262,no,no,cellular,2,jul,96,2,4,no
36,blue-collar,married,secondary,no,9438,yes,no,,20,may,446,1,0,yes
44,services,single,secondary,no,10045,yes,no,cellular,21,nov,20,6,15,no
32,blue-collar,single,tertiary,no,8014,yes,no,cellular,7,may,291,2,0,no
56,management,married,tertiary,no,,no,no,,17,jun,214,8,0,no
32,management,married,tertiary,no,10878,no,no,cellular,19,aug,159,2,0,no
35,entrepreneur,married,tertiary,no,7723,yes,yes,cellular,8,aug,275,4,0,no
44,management,married,secondary,no,5576,yes,no,,8,may,128,3,0,no
59,entrepreneur,married,primary,no,5000,no,no,telephone,19,nov,207,2,1,no
31,blue-collar,single,tertiary,no,7197,yes,no,,23,may,146,3,0,no
60,blue-collar,married,,no,5104,yes,no,,5,may,22,1,0,no
33,technician,single,secondary,no,6279,yes,no,cellular,18,may,239,2,3,no
45,admin.,married,secondary,no,5295,yes,no,cellular,23,jul,92,1,0,no
45,blue-collar,married,primary,no,7128,yes,no,,19,may,149,4,0,no
57,admin.,married,secondary,no,5367,no,no,telephone,16,nov,107,2,0,no
36,management,married,tertiary,no,6477,no,no,cellular,7,aug,71,2,0,no
30,blue-collar,single,primary,no,5071,yes,no,,19,may,122,6,0,no
30,admin.,single,secondary,no,5127,yes,no,cellular,18,may,,6,1,no
59,unemployed,divorced,secondary,no,7921,no,no,telephone,3,feb,251,1,0,no
58,management,married,tertiary,no,,no,no,telephone,17,nov,215,3,0,no
49,retired,married,primary,no,6672,no,no,cellular,17,jul,128,3,0,no
48,technician,married,tertiary,no,14207,no,no,cellular,18,aug,445,3,0,no
28,technician,single,tertiary,no,5356,no,no,cellular,2,mar,76,2,0,no
59,management,divorced,primary,no,5133,yes,no,cellular,9,jul,206,1,0,no
40,management,married,tertiary,no,6217,yes,yes,cellular,18,nov,155,1,0,no
32,technician,divorced,secondary,no,5202,yes,no,cellular,4,feb,429,1,1,no
58,blue-collar,married,secondary,no,5590,no,yes,,5,jun,133,1,0,no
28,self-employed,single,tertiary,no,5442,no,no,cellular,19,jun,474,3,3,yes
27,technician,single,tertiary,no,5808,yes,no,cellular,15,may,578,1,1,no
38,management,single,tertiary,no,5427,yes,no,cellular,6,may,,3,2,no
53,technician,married,tertiary,no,5431,yes,no,,11,jun,74,1,0,no
60,services,married,tertiary,no,9256,yes,no,cellular,16,aug,239,3,1,yes
33,management,divorced,tertiary,no,5000,yes,yes,cellular,19,aug,275,8,0,no
52,services,divorced,secondary,no,5238,yes,no,cellular,6,may,101,1,5,no
64,retired,married,tertiary,no,5846,no,no,cellular,11,feb,671,1,3,yes
40,blue-collar,single,secondary,no,5003,no,no,cellular,19,nov,998,1,0,yes
52,admin.,married,secondary,no,5693,no,no,,12,jun,271,1,0,no
28,student,single,secondary,no,5000,yes,no,,15,may,133,3,0,no
49,management,married,secondary,no,5362,yes,no,,4,jun,84,2,0,no
28,technician,single,secondary,no,5618,yes,no,cellular,7,may,281,1,0,no
29,technician,single,tertiary,no,7893,yes,no,,3,jun,250,1,0,no
87,retired,married,primary,no,5230,no,no,cellular,30,oct,144,1,0,yes
37,management,divorced,secondary,no,6287,yes,no,cellular,14,may,432,1,0,no
36,services,married,primary,no,5179,no,no,,9,jun,411,1,0,no
35,self-employed,married,tertiary,no,5980,no,no,cellular,2,aug,428,2,6,no
33,admin.,married,tertiary,no,5079,yes,no,cellular,22,oct,249,2,2,yes
60,admin.,married,secondary,no,8043,no,no,cellular,19,aug,235,3,0,no
25,management,single,tertiary,no,5808,no,no,cellular,18,sep,267,2,2,yes
69,retired,married,secondary,no,5745,no,no,telephone,9,sep,595,1,0,no
41,student,married,secondary,no,6309,no,no,,20,jun,28,4,0,no
48,management,single,secondary,no,5290,yes,no,cellular,21,jul,257,2,0,no
35,blue-collar,divorced,primary,no,6792,yes,no,cellular,31,jul,630,6,0,yes
30,blue-collar,single,secondary,no,5178,yes,no,,20,may,747,5,0,no
59,management,married,tertiary,no,5000,no,no,cellular,27,aug,87,4,0,no
32,management,single,tertiary,no,5537,no,no,,29,may,187,3,0,no
28,blue-collar,single,secondary,no,5416,yes,no,,13,may,452,2,0,no
60,blue-collar,married,primary,no,6472,no,no,,20,jun,36,4,0,no
36,management,married,primary,no,8953,yes,no,cellular,19,nov,277,1,0,no
32,management,single,tertiary,no,5112,yes,no,cellular,5,may,118,1,0,no
34,management,divorced,tertiary,no,,yes,yes,cellular,20,nov,197,2,0,no
58,blue-collar,married,secondary,no,5000,no,yes,cellular,14,apr,101,5,0,no
53,management,married,,no,7240,yes,no,cellular,2,jun,282,2,1,yes
31,management,married,tertiary,no,,yes,no,cellular,14,may,,6,4,no
33,admin.,married,secondary,no,5000,yes,no,telephone,17,jul,1448,7,0,yes
46,unemployed,divorced,primary,no,5023,no,no,cellular,21,nov,344,1,0,no
29,blue-collar,married,secondary,no,5228,yes,no,cellular,11,may,,8,9,no
37,self-employed,married,secondary,no,5215,yes,no,,6,jun,61,1,0,no
58,blue-collar,married,primary,no,5023,yes,no,,20,may,91,6,0,no
34,management,married,secondary,no,5293,yes,no,,21,may,162,3,0,no
34,blue-collar,divorced,secondary,no,5000,no,yes,,21,may,339,1,0,no
49,entrepreneur,married,primary,no,5199,no,no,,13,may,113,2,0,no
53,admin.,married,secondary,no,5459,no,no,cellular,5,apr,558,1,0,yes
42,unemployed,married,secondary,no,13131,yes,no,,30,may,69,1,0,no
40,services,married,secondary,no,4622,yes,yes,cellular,13,may,541,1,6,no
30,blue-collar,single,primary,no,5395,no,no,cellular,21,nov,429,1,0,no
31,technician,divorced,secondary,no,,yes,no,,4,jun,135,2,0,no
55,admin.,married,secondary,no,5865,yes,no,cellular,27,oct,96,1,3,no
36,management,married,tertiary,no,5340,yes,no,cellular,20,apr,68,2,0,no
31,blue-collar,single,secondary,no,6882,no,no,cellular,7,may,529,2,0,no
26,management,married,tertiary,no,5265,no,no,cellular,30,jan,650,2,0,no
31,admin.,married,secondary,no,5389,yes,no,cellular,7,dec,69,1,2,no
49,admin.,married,secondary,no,5000,yes,yes,cellular,29,jul,71,7,0,no
54,management,married,tertiary,no,5384,yes,no,cellular,12,may,30,7,0,no
47,management,divorced,tertiary,no,5094,yes,no,cellular,31,jul,,19,0,no
61,management,married,secondary,no,6471,no,no,cellular,12,aug,331,2,0,no
49,blue-collar,married,primary,no,5937,yes,no,,12,jun,66,1,0,no
51,technician,married,secondary,no,5500,yes,no,cellular,20,nov,26,6,0,no
53,blue-collar,married,primary,no,5025,yes,no,,6,may,266,3,0,no
35,management,married,tertiary,no,5365,no,no,cellular,21,nov,168,2,0,no
25,unemployed,single,secondary,no,5034,no,yes,,4,jul,316,1,0,no
79,retired,married,primary,no,5429,no,no,telephone,8,jul,1006,2,0,yes
53,technician,married,primary,no,11839,yes,no,cellular,19,nov,77,1,0,no
21,student,single,secondary,no,5006,no,no,,9,may,622,1,0,no
33,blue-collar,married,secondary,no,5467,yes,no,,21,may,494,2,0,no
40,self-employed,divorced,secondary,no,6876,no,yes,,20,jun,269,1,0,no
34,entrepreneur,married,secondary,no,6847,yes,no,cellular,9,apr,543,3,6,no
52,retired,married,primary,no,5247,no,no,cellular,29,jul,268,6,0,no
27,admin.,married,secondary,no,5897,no,no,cellular,5,jun,397,1,0,yes
57,services,divorced,secondary,no,9664,no,no,cellular,21,nov,22,4,1,no
51,self-employed,divorced,secondary,no,6291,yes,no,,3,jun,51,2,0,no
31,student,single,tertiary,no,5064,no,no,cellular,15,sep,208,1,2,no
49,unemployed,married,tertiary,no,4529,yes,no,cellular,20,nov,77,3,7,no
32,management,single,tertiary,no,6160,yes,yes,,11,jun,450,2,0,no
28,admin.,single,tertiary,no,5014,no,no,cellular,1,jun,201,1,0,no
33,blue-collar,married,secondary,no,5026,yes,no,cellular,17,apr,342,3,1,no
50,blue-collar,married,,no,5452,no,no,cellular,20,aug,181,2,0,no
42,blue-collar,single,secondary,no,5382,yes,no,cellular,13,may,294,1,0,no
45,admin.,married,,no,7033,no,no,cellular,30,nov,123,1,4,no
34,unemployed,married,secondary,no,5000,yes,no,cellular,13,may,172,1,0,no
56,admin.,divorced,,no,5789,yes,no,cellular,8,may,1022,1,2,no
33,blue-collar,single,secondary,no,5142,yes,no,cellular,14,may,123,1,3,no
34,admin.,married,secondary,no,5645,yes,no,,19,may,420,1,0,no
37,blue-collar,married,,no,5897,yes,no,cellular,13,apr,119,2,2,no
37,blue-collar,married,secondary,no,5103,yes,no,cellular,12,may,153,1,0,no
35,admin.,single,secondary,no,5847,yes,no,cellular,11,may,85,2,0,no
38,retired,single,tertiary,no,5000,no,no,cellular,11,sep,260,3,3,yes
32,blue-collar,married,secondary,no,5517,yes,no,,5,may,528,1,0,no
52,technician,single,tertiary,no,6308,yes,no,,29,may,361,1,0,no
49,services,married,secondary,no,5066,yes,yes,cellular,21,nov,59,4,0,no
46,management,divorced,secondary,no,5361,yes,no,,19,may,86,7,0,no
42,entrepreneur,married,primary,yes,5066,yes,yes,cellular,6,feb,139,1,0,no
36,blue-collar,married,,no,5070,yes,no,,8,may,219,4,0,no
32,services,married,secondary,no,5180,yes,no,telephone,15,may,45,2,0,no
49,technician,married,tertiary,no,5279,yes,no,,19,may,168,4,0,no
46,services,married,secondary,no,5004,no,no,cellular,30,apr,268,1,5,yes
40,entrepreneur,married,secondary,no,6416,yes,no,,14,may,210,2,0,no
36,admin.,married,secondary,no,5465,yes,no,,20,may,160,1,0,no
36,admin.,married,secondary,no,5998,yes,no,,14,may,1044,2,0,no
34,technician,married,secondary,no,5550,no,yes,cellular,9,jul,601,1,0,no
46,management,married,tertiary,no,6285,yes,no,,27,may,,1,0,no
32,services,married,tertiary,no,9908,no,yes,cellular,13,may,491,2,0,no
32,unemployed,single,tertiary,no,5336,yes,no,,8,may,139,1,0,no
32,management,single,tertiary,no,5131,no,no,,3,jun,267,3,0,no
43,management,married,tertiary,no,5348,no,yes,cellular,15,jul,88,3,0,no
25,self-employed,single,tertiary,no,5453,yes,no,cellular,17,jul,134,1,0,no
55,admin.,married,secondary,no,6102,yes,no,,15,may,126,2,0,no
24,admin.,single,secondary,no,5926,yes,yes,cellular,15,may,191,1,0,no
40,management,divorced,tertiary,no,5502,yes,no,cellular,3,feb,267,4,3,no
38,management,single,tertiary,no,13669,yes,no,telephone,20,apr,,3,6,no
48,blue-collar,single,primary,no,5316,no,no,,5,jun,560,2,0,no
36,management,married,tertiary,no,14324,yes,no,cellular,30,mar,138,8,0,no
57,management,married,tertiary,no,5000,no,no,cellular,19,aug,188,4,0,no
45,admin.,married,secondary,no,5072,yes,yes,cellular,15,may,262,2,2,no
33,self-employed,single,tertiary,no,5061,no,no,cellular,19,aug,836,3,0,yes
38,technician,single,secondary,no,5173,no,no,cellular,29,aug,150,4,0,no
26,services,single,secondary,yes,4838,yes,no,cellular,15,may,44,2,0,no
30,management,single,tertiary,no,5047,no,yes,cellular,31,jul,,17,0,no
55,services,divorced,tertiary,no,6983,yes,no,telephone,19,nov,123,1,0,no
34,blue-collar,married,secondary,no,5326,yes,yes,,15,may,150,2,0,no
60,admin.,married,secondary,no,7552,no,yes,cellular,30,jan,255,2,4,no
36,management,single,tertiary,no,6283,no,no,cellular,18,aug,92,5,0,no
65,housemaid,married,primary,no,7179,yes,no,cellular,4,sep,112,7,0,no
39,self-employed,married,tertiary,no,6047,no,no,,6,jun,554,1,0,yes
52,blue-collar,married,primary,no,5036,no,no,cellular,13,aug,109,2,0,no
55,technician,married,secondary,yes,4692,no,no,cellular,2,feb,781,1,0,yes
26,management,single,tertiary,no,6177,no,no,cellular,19,oct,116,1,0,no
40,self-employed,married,primary,no,7077,yes,no,cellular,13,may,363,1,24,no
52,entrepreneur,married,secondary,no,5000,no,no,cellular,7,aug,82,2,0,no
29,self-employed,married,tertiary,no,5001,no,no,cellular,18,jul,167,3,0,no
41,blue-collar,married,primary,no,12735,yes,no,cellular,20,nov,220,1,1,no
30,technician,single,tertiary,no,6922,yes,no,cellular,18,may,546,1,0,no
28,student,single,secondary,no,5153,no,no,cellular,23,jul,1124,2,0,yes
26,blue-collar,married,secondary,no,7770,yes,no,,8,may,141,1,0,no
58,management,married,secondary,no,5139,no,no,cellular,27,may,188,1,2,no
29,management,single,tertiary,no,5021,yes,no,cellular,14,may,107,4,3,no
48,technician,married,secondary,no,5178,yes,no,,17,jun,320,4,0,no
35,blue-collar,married,secondary,no,5444,yes,no,cellular,15,apr,244,3,0,no
26,services,single,secondary,no,5209,yes,no,cellular,22,jul,319,2,0,no
49,blue-collar,married,,no,8096,no,no,,16,jun,147,2,0,no
34,admin.,married,secondary,no,10320,no,no,cellular,3,mar,114,6,5,no
32,services,married,secondary,no,9885,yes,yes,cellular,18,nov,400,2,0,no
31,admin.,married,secondary,no,5000,yes,yes,cellular,18,nov,79,3,0,no
48,unemployed,married,primary,no,10462,no,no,,6,jun,29,4,0,no
40,blue-collar,married,secondary,no,11767,yes,no,cellular,20,nov,97,2,0,no
42,technician,divorced,secondary,no,7974,yes,no,,21,may,187,5,0,no
48,technician,married,secondary,no,5427,no,no,,14,may,201,1,0,no
38,services,married,secondary,no,13876,no,no,cellular,2,feb,280,1,1,no
53,management,married,tertiary,no,5146,no,no,,30,may,150,1,0,no
59,retired,divorced,secondary,no,5319,no,no,cellular,24,jul,129,1,0,no
28,unemployed,single,secondary,no,5304,no,no,cellular,14,jun,516,1,0,no
41,blue-collar,married,primary,no,5389,yes,no,,16,jun,127,2,0,no
50,management,single,primary,no,5766,no,no,,17,jun,174,2,0,no
31,admin.,married,secondary,no,5000,yes,no,cellular,29,jul,82,5,0,no
30,technician,single,secondary,no,8107,yes,no,,3,jun,,2,0,no
59,admin.,divorced,secondary,no,5174,yes,no,,16,may,204,1,0,no
33,technician,divorced,secondary,yes,4695,no,yes,,9,may,109,1,0,no
35,self-employed,married,secondary,no,5670,no,no,cellular,9,jul,378,1,0,no
30,management,single,tertiary,no,11164,yes,no,,27,may,152,11,0,no
71,retired,married,secondary,no,7850,no,no,cellular,17,feb,185,1,0,yes
30,services,single,primary,no,5079,yes,no,cellular,15,may,317,1,0,no
24,services,married,secondary,yes,5110,yes,no,,23,may,27,1,0,no
34,technician,single,secondary,no,10039,no,no,cellular,20,nov,205,6,0,no
34,blue-collar,married,secondary,no,5360,yes,no,telephone,19,nov,46,1,2,no
52,admin.,married,secondary,no,5199,no,no,cellular,28,jan,978,2,1,no
33,self-employed,single,secondary,no,5238,yes,yes,cellular,5,feb,45,5,0,no
38,blue-collar,married,secondary,no,10092,yes,no,,17,jun,145,6,0,no
41,admin.,divorced,secondary,no,6088,yes,no,cellular,28,jan,138,1,0,no
42,management,divorced,tertiary,no,5221,yes,no,,7,may,720,2,0,no
38,blue-collar,divorced,secondary,no,5889,no,yes,,18,jun,362,1,0,no
48,blue-collar,married,primary,no,5750,yes,no,cellular,18,may,90,6,0,no
34,technician,single,secondary,no,5000,yes,yes,,16,may,214,1,0,no
46,blue-collar,married,primary,no,6291,yes,no,cellular,14,may,142,3,17,no
33,technician,married,secondary,no,6844,yes,no,,29,may,241,3,0,no
40,management,married,tertiary,no,5089,yes,yes,telephone,9,feb,148,6,0,no
36,admin.,married,secondary,no,9280,no,no,,19,jun,227,6,0,no
32,technician,single,secondary,no,5000,no,no,cellular,21,aug,126,2,0,no
33,blue-collar,married,secondary,no,5625,yes,no,,28,may,410,1,0,no
55,technician,married,,no,5574,yes,no,cellular,29,jan,243,2,0,no
58,management,married,primary,no,5320,yes,no,,30,may,171,2,0,no
25,technician,single,tertiary,no,5468,yes,no,,15,may,147,1,0,no
47,services,married,secondary,no,5440,yes,no,,12,jun,91,1,0,no
40,unemployed,married,secondary,no,5000,yes,no,cellular,19,nov,332,1,1,no
59,retired,married,secondary,no,10706,yes,no,cellular,25,jul,471,2,0,no
40,management,married,tertiary,no,12780,no,no,telephone,4,may,364,1,1,no
30,management,married,secondary,no,4441,yes,yes,cellular,7,may,98,1,2,no
25,entrepreneur,single,tertiary,no,,yes,yes,cellular,15,may,117,2,0,no
58,retired,married,primary,no,6987,no,no,telephone,14,jul,185,4,0,no
39,entrepreneur,married,,no,5098,yes,no,telephone,15,may,59,3,1,no
40,self-employed,married,tertiary,no,5642,no,no,cellular,18,nov,147,3,0,no
38,blue-collar,married,secondary,no,5526,yes,yes,,23,may,553,2,0,no
66,management,single,tertiary,no,11483,no,no,cellular,13,aug,275,1,0,no
47,management,married,tertiary,no,7306,no,no,telephone,6,aug,239,4,0,yes
37,blue-collar,married,secondary,no,5954,yes,no,,2,jun,402,9,0,no
36,management,single,tertiary,no,4321,yes,yes,cellular,7,may,172,1,1,no
50,blue-collar,married,primary,no,4999,no,no,cellular,19,aug,195,2,0,no
76,retired,married,primary,no,7590,no,no,telephone,9,feb,68,12,0,no
58,management,single,tertiary,no,5331,no,yes,cellular,28,jul,82,3,0,no
42,admin.,married,secondary,no,9209,yes,no,,5,jun,57,6,0,no
58,services,divorced,secondary,no,5462,no,no,cellular,13,nov,495,1,1,yes
28,self-employed,single,tertiary,no,5000,yes,no,cellular,21,jul,,1,0,no
41,technician,married,secondary,no,5000,no,no,cellular,29,aug,141,2,0,no
30,management,married,tertiary,no,5151,no,no,cellular,19,aug,82,4,0,no
32,management,divorced,tertiary,no,5883,yes,no,cellular,10,dec,798,1,5,yes
27,services,single,secondary,no,5266,no,yes,cellular,7,jul,232,1,0,no
48,management,married,tertiary,no,5000,no,no,cellular,26,aug,60,5,0,no
36,technician,married,tertiary,no,5491,yes,no,,8,may,103,3,0,no
54,management,married,tertiary,no,5003,no,yes,cellular,8,jul,443,1,0,no
36,blue-collar,married,secondary,no,5198,yes,no,,9,may,400,2,0,no
52,housemaid,married,secondary,no,,no,no,,5,jun,132,1,0,no
34,technician,divorced,secondary,no,5000,yes,yes,cellular,18,aug,374,16,0,no
43,technician,married,secondary,no,5136,no,no,cellular,25,aug,363,7,0,yes
32,management,single,tertiary,no,5028,no,no,cellular,8,aug,111,2,0,no
33,management,single,tertiary,no,5335,no,no,cellular,29,aug,130,4,0,no
51,housemaid,married,,no,5174,no,no,telephone,29,jul,308,3,0,no
39,unemployed,married,secondary,no,5270,yes,no,,3,jun,116,1,0,no
44,management,single,tertiary,no,6206,no,no,cellular,9,jul,160,2,0,no
49,housemaid,divorced,primary,no,5198,yes,no,,13,may,205,3,0,no
25,technician,married,tertiary,no,5914,yes,no,cellular,12,may,185,2,0,no
39,self-employed,married,secondary,no,5031,yes,no,cellular,20,nov,61,2,4,no
54,technician,married,secondary,no,5000,no,no,telephone,14,aug,159,2,6,no
32,management,single,tertiary,no,5347,yes,no,cellular,18,may,213,1,6,no
36,management,married,tertiary,no,5860,yes,no,,20,may,294,15,0,no
54,technician,married,secondary,no,5089,yes,no,cellular,10,jul,140,3,0,no
31,technician,married,secondary,no,5000,yes,yes,cellular,28,jan,71,1,9,no
45,services,married,secondary,no,5000,no,yes,cellular,8,jul,47,7,0,no
31,admin.,single,secondary,no,5068,yes,no,cellular,16,apr,570,2,0,no
45,technician,married,secondary,no,4851,yes,no,cellular,14,jul,287,2,0,no
33,services,divorced,secondary,no,7411,yes,no,cellular,23,oct,130,1,1,yes
46,management,divorced,tertiary,no,5225,yes,no,cellular,14,may,201,1,1,no
43,self-employed,single,tertiary,no,7731,no,no,cellular,21,nov,,7,0,no
50,management,married,tertiary,no,5112,yes,no,cellular,4,nov,70,5,5,no
44,management,divorced,tertiary,no,5000,no,no,cellular,22,aug,54,2,0,no
42,services,married,secondary,no,8620,yes,no,,27,may,22,16,0,no
26,blue-collar,single,secondary,no,5179,no,no,cellular,30,jul,103,3,0,no
47,admin.,single,secondary,no,6544,yes,no,cellular,6,apr,104,1,1,no
48,blue-collar,married,primary,no,5199,no,no,telephone,18,aug,29,2,0,no
60,blue-collar,married,,no,5231,yes,no,,12,may,57,2,0,no
27,admin.,divorced,secondary,no,5076,yes,no,,4,jun,236,1,0,no
30,unemployed,single,tertiary,no,5302,no,no,cellular,11,feb,528,3,0,yes
28,admin.,single,secondary,no,5189,yes,no,cellular,31,jul,68,2,0,no
58,retired,married,primary,no,5565,no,no,telephone,7,jul,876,1,0,yes
37,entrepreneur,married,tertiary,no,5310,no,no,cellular,1,sep,76,1,0,no
36,services,married,secondary,no,6746,yes,no,,26,may,99,1,0,no
39,technician,married,secondary,no,5006,yes,no,cellular,18,may,122,3,4,no
52,unemployed,married,primary,no,4890,no,yes,cellular,29,jan,141,1,0,no
55,retired,married,secondary,no,7749,yes,yes,,29,may,58,2,0,no
30,management,single,tertiary,no,11495,no,no,cellular,30,mar,78,3,0,no
36,blue-collar,single,secondary,no,5035,yes,no,,3,jun,435,3,0,no
39,admin.,married,secondary,no,4350,no,no,cellular,15,may,123,2,1,no
47,blue-collar,married,primary,no,5292,no,yes,telephone,28,jul,210,3,0,no
42,housemaid,single,primary,no,10774,yes,no,,15,may,54,2,0,no
42,management,married,secondary,no,7416,yes,no,,20,may,138,4,0,no
58,retired,married,secondary,no,5035,no,no,cellular,29,jul,336,7,0,no
68,retired,married,secondary,no,,yes,no,cellular,4,aug,249,1,0,yes
43,technician,married,secondary,no,5050,no,no,,28,may,63,1,0,no
44,blue-collar,married,secondary,no,4326,yes,no,,5,may,257,1,0,no
49,technician,married,tertiary,no,8726,no,no,cellular,5,aug,875,2,0,yes
57,retired,married,tertiary,no,6180,yes,yes,,14,may,191,2,0,no
61,self-employed,divorced,tertiary,no,11610,no,no,cellular,24,feb,481,2,0,yes
36,admin.,single,secondary,no,5319,yes,no,cellular,18,may,120,2,0,no
31,blue-collar,married,secondary,no,6545,yes,yes,cellular,13,may,207,1,0,no
51,technician,married,tertiary,no,6315,no,no,telephone,5,jun,303,2,0,no
31,technician,single,tertiary,no,5424,no,no,cellular,21,aug,93,2,0,no
56,blue-collar,married,primary,no,5151,no,no,cellular,3,feb,128,1,0,no
30,technician,single,tertiary,no,4030,no,yes,cellular,21,aug,194,2,0,no
38,services,married,secondary,no,4238,yes,yes,,30,may,408,2,0,no
35,services,married,secondary,no,5181,yes,no,cellular,31,jul,,3,0,no
31,blue-collar,married,,no,4880,yes,no,cellular,17,jul,231,2,0,no
39,admin.,divorced,secondary,no,6022,yes,no,,20,jun,20,3,0,no
50,management,married,tertiary,no,5078,yes,no,cellular,14,jan,218,3,9,no
39,technician,married,tertiary,no,5209,no,no,,23,jul,36,2,0,no
26,admin.,married,secondary,no,7469,no,no,cellular,16,jul,136,8,0,no
55,technician,married,secondary,no,5000,no,no,cellular,19,nov,336,1,0,no
43,blue-collar,divorced,primary,no,5328,no,yes,cellular,8,jul,192,1,0,no
34,housemaid,married,tertiary,no,5000,no,no,cellular,26,may,141,1,1,no
51,self-employed,married,primary,no,5307,yes,yes,,17,jun,65,2,0,no
31,management,married,tertiary,no,6384,yes,no,cellular,30,jan,203,2,3,no
32,management,married,tertiary,no,5000,no,no,cellular,26,aug,104,9,0,no
53,technician,married,secondary,no,5719,yes,no,,14,may,230,1,0,no
44,management,divorced,tertiary,no,5000,no,no,cellular,10,aug,71,1,0,no
38,entrepreneur,married,tertiary,no,11704,yes,no,,21,may,205,2,0,no
47,self-employed,married,tertiary,no,9543,yes,no,,14,may,162,1,0,no
36,management,married,tertiary,no,5000,yes,no,,27,may,145,2,0,no
30,management,single,tertiary,no,5149,yes,no,,3,jun,220,2,0,no
46,blue-collar,married,secondary,no,3600,yes,no,telephone,6,may,309,3,4,no
33,entrepreneur,married,secondary,no,4882,yes,yes,,27,may,421,3,0,no
43,blue-collar,married,secondary,no,7160,no,no,cellular,8,sep,261,1,1,yes
38,management,married,tertiary,no,8452,no,no,cellular,13,aug,132,2,0,no
27,technician,single,secondary,no,5842,no,no,cellular,30,jul,273,1,1,no
38,management,married,,no,8576,no,no,cellular,25,nov,349,2,1,yes
41,unemployed,married,tertiary,no,6666,no,no,,9,jun,291,3,0,no
29,technician,married,secondary,no,5000,yes,no,cellular,28,jul,83,6,0,no
39,services,married,secondary,no,5000,yes,no,,20,may,793,2,0,no
42,blue-collar,single,primary,no,6628,yes,no,cellular,5,feb,119,1,8,no
47,services,married,secondary,no,5051,yes,yes,,16,may,312,1,0,no
30,blue-collar,single,secondary,yes,5447,no,no,,14,may,103,6,0,no
34,admin.,married,secondary,no,5396,yes,no,cellular,16,jul,101,3,0,no
45,housemaid,married,primary,no,9994,no,no,,20,jun,48,1,0,no
43,admin.,married,secondary,no,8215,yes,no,cellular,21,jul,228,3,0,no
59,blue-collar,married,primary,no,7814,no,no,,20,jun,,3,0,no
50,technician,married,secondary,no,5000,no,no,cellular,7,jul,152,2,0,no
39,blue-collar,married,secondary,no,5293,yes,no,,23,may,160,3,0,no
36,technician,married,secondary,no,5474,yes,no,,27,may,59,1,0,no
44,blue-collar,married,secondary,no,,yes,no,cellular,21,nov,297,1,0,no
36,technician,married,tertiary,no,5000,no,no,cellular,22,aug,147,2,0,no
27,management,single,tertiary,no,5088,no,no,cellular,4,may,143,1,0,no
29,services,married,secondary,no,5308,yes,no,,28,may,75,1,0,no
70,retired,married,secondary,no,6164,no,no,telephone,14,may,338,3,2,no
44,management,married,tertiary,no,,no,no,,11,jun,29,2,0,no
55,management,married,tertiary,no,5000,yes,no,,14,may,159,2,0,no
36,technician,divorced,secondary,no,4565,yes,no,,2,jun,85,8,0,no
28,technician,single,secondary,no,5389,yes,no,cellular,11,may,,7,0,no
50,management,divorced,tertiary,no,5356,no,no,cellular,8,may,198,2,5,no
49,technician,married,secondary,no,7718,no,no,,19,may,114,2,0,no
71,retired,divorced,tertiary,no,5261,no,no,cellular,12,aug,1117,2,0,no
31,admin.,single,secondary,no,5757,no,no,cellular,3,feb,343,2,0,no
45,management,single,tertiary,no,5016,no,no,cellular,31,jul,59,2,0,no
42,blue-collar,married,secondary,no,4578,no,no,cellular,9,jul,31,1,0,no
45,admin.,married,secondary,no,5248,no,no,cellular,16,jul,212,2,0,no
47,technician,married,primary,no,5145,yes,no,,7,may,157,6,0,no
60,retired,divorced,secondary,no,5598,no,yes,cellular,8,jul,96,1,0,no
35,management,married,tertiary,no,5949,yes,no,,27,may,245,2,0,no
31,technician,single,tertiary,no,5614,no,no,cellular,11,aug,72,4,0,no
33,blue-collar,married,primary,no,6209,yes,no,cellular,16,apr,700,1,0,no
50,self-employed,married,tertiary,no,5202,yes,no,cellular,15,apr,107,1,4,no
51,blue-collar,married,secondary,no,6840,yes,no,cellular,18,aug,312,3,0,no
34,technician,married,secondary,no,5114,yes,yes,cellular,4,jun,153,1,3,no
56,services,married,secondary,no,4771,no,yes,cellular,23,jul,55,10,0,no
29,services,married,secondary,no,5182,yes,no,telephone,13,may,38,3,0,no
31,blue-collar,married,secondary,no,5401,no,no,cellular,14,aug,96,3,0,no
44,technician,divorced,,no,5759,yes,no,,23,may,397,1,0,no
55,retired,married,secondary,no,9194,no,yes,telephone,30,jul,208,3,0,no
35,student,single,,no,5000,no,no,telephone,28,jan,122,3,0,no
36,technician,married,tertiary,no,5629,yes,yes,cellular,29,dec,109,1,1,no
54,retired,married,secondary,no,5153,yes,yes,,26,may,74,1,0,no
32,management,married,tertiary,no,5553,yes,no,cellular,22,jul,72,1,0,no
36,management,divorced,tertiary,no,6057,no,no,cellular,5,feb,383,2,0,no
60,retired,married,secondary,no,5078,yes,no,,12,may,113,3,0,no
32,technician,single,secondary,no,4972,no,yes,,4,jul,400,1,0,no
57,management,married,tertiary,no,5929,no,no,cellular,19,aug,387,8,0,no
34,blue-collar,married,primary,no,5428,yes,no,cellular,18,may,59,2,0,no
27,student,single,secondary,no,5268,yes,no,cellular,13,may,528,1,2,no
52,management,single,tertiary,no,5083,no,no,cellular,26,aug,1223,6,0,yes
45,admin.,divorced,,no,5998,yes,no,telephone,30,jul,38,2,0,no
58,admin.,single,secondary,no,7223,no,no,cellular,4,dec,1139,2,1,no
39,blue-collar,single,primary,no,5006,yes,no,cellular,19,nov,286,2,0,no
48,blue-collar,single,secondary,no,5312,yes,yes,cellular,3,feb,369,2,0,no
36,management,single,secondary,no,5000,no,no,cellular,13,aug,333,5,0,no
31,technician,single,secondary,no,5691,yes,no,cellular,8,may,198,1,0,no
41,management,married,tertiary,no,5771,yes,no,cellular,26,aug,106,8,0,no
30,self-employed,single,secondary,no,5192,no,no,cellular,22,jul,423,1,0,no
57,retired,married,tertiary,no,5000,no,no,cellular,12,aug,116,4,0,no
29,admin.,single,secondary,no,6070,yes,no,,19,may,30,1,1,yes
29,services,divorced,secondary,no,5084,yes,no,cellular,13,apr,1101,2,0,yes
30,management,single,tertiary,no,5002,no,no,cellular,16,jun,102,1,1,no
44,management,married,tertiary,no,6242,yes,no,cellular,6,aug,384,6,0,no
33,student,single,,no,10969,no,no,cellular,4,sep,156,2,8,no
56,admin.,divorced,secondary,no,8337,yes,no,telephone,17,nov,99,3,0,no
26,services,single,secondary,no,6347,no,no,telephone,18,jun,280,6,5,yes
52,technician,married,secondary,no,5064,no,no,telephone,29,aug,20,2,0,no
32,management,single,secondary,no,5249,yes,no,,2,jun,258,1,0,no
36,technician,single,secondary,no,5000,no,no,cellular,29,aug,85,6,0,no
26,blue-collar,married,secondary,no,5128,no,no,,4,jul,355,1,0,no
37,blue-collar,married,secondary,no,5196,yes,no,,5,jun,66,3,0,no
34,technician,married,secondary,no,5351,yes,no,cellular,18,jul,467,1,0,no
26,services,single,secondary,no,10533,yes,no,cellular,7,may,582,2,4,no
32,services,married,secondary,no,5038,yes,no,cellular,15,may,744,1,0,yes
30,management,single,tertiary,yes,5035,no,no,cellular,30,jul,185,4,0,no
27,technician,single,secondary,no,5235,yes,no,cellular,12,may,,5,0,no
42,admin.,single,secondary,no,5030,yes,no,cellular,4,feb,98,1,3,no
33,blue-collar,single,primary,no,5092,yes,no,,9,may,127,1,0,no
37,blue-collar,married,secondary,no,5067,no,no,,3,jun,45,2,0,no
45,blue-collar,married,secondary,no,9022,yes,no,cellular,29,jan,244,3,0,no
36,entrepreneur,married,tertiary,no,8057,no,no,,16,jun,,4,0,yes
39,management,single,tertiary,no,5000,yes,no,cellular,12,may,561,4,3,no
33,management,single,tertiary,no,5349,no,no,cellular,22,aug,182,1,0,no
47,services,married,secondary,no,7322,no,no,cellular,22,aug,618,1,0,no
49,entrepreneur,married,secondary,no,5167,yes,yes,,6,may,198,3,0,no
46,management,divorced,secondary,no,5558,no,no,cellular,19,aug,126,6,0,no
31,services,married,secondary,no,4770,yes,yes,cellular,16,jul,715,1,0,no
43,unemployed,divorced,secondary,no,9094,yes,no,cellular,21,nov,63,1,0,no
30,blue-collar,single,secondary,yes,5239,yes,no,,21,may,412,1,0,yes
43,management,divorced,tertiary,no,5497,no,no,cellular,13,may,66,1,22,no
42,blue-collar,married,secondary,no,5179,yes,no,cellular,17,nov,96,1,0,no
30,admin.,single,tertiary,no,5305,no,no,cellular,30,apr,633,1,2,yes
33,management,single,tertiary,no,4933,yes,no,,5,may,364,1,0,no
41,admin.,married,secondary,no,9539,no,no,,30,may,298,3,0,no
29,blue-collar,single,secondary,no,5770,yes,no,cellular,17,apr,341,1,0,no
38,unemployed,married,secondary,no,4327,yes,no,,26,may,364,1,0,no
29,technician,married,tertiary,no,5858,yes,no,cellular,12,jun,234,7,1,no
80,housemaid,married,primary,no,5000,no,no,cellular,23,feb,639,1,1,yes
38,management,single,tertiary,no,10244,no,no,cellular,8,aug,310,4,0,no
36,blue-collar,divorced,primary,no,5117,yes,no,,2,jun,123,4,0,no
38,self-employed,married,tertiary,no,5846,no,no,cellular,2,jun,253,1,0,no
44,management,married,secondary,yes,5000,yes,no,cellular,11,jul,96,2,0,no
31,management,married,tertiary,no,6331,no,no,cellular,30,apr,297,1,3,yes
31,services,single,secondary,no,5031,yes,yes,,26,may,501,2,0,no
57,admin.,divorced,primary,no,5179,yes,no,cellular,15,may,67,1,2,no
37,blue-collar,married,primary,no,5543,yes,no,,21,may,281,1,0,no
50,blue-collar,married,secondary,no,5253,yes,yes,cellular,5,may,,2,0,no
60,retired,married,primary,no,,no,no,cellular,6,oct,205,1,0,no
51,management,married,tertiary,no,10108,yes,no,cellular,8,oct,272,1,8,no
48,blue-collar,married,secondary,no,6738,yes,no,cellular,15,apr,349,1,0,no
42,blue-collar,married,primary,no,4903,yes,no,cellular,3,feb,216,4,5,no
36,blue-collar,married,secondary,no,5199,yes,no,cellular,9,jul,183,1,0,no
43,management,married,tertiary,no,5489,yes,no,cellular,8,may,130,1,2,no
31,admin.,married,primary,no,5355,yes,yes,,4,jun,61,6,0,no
49,technician,single,secondary,no,4903,yes,no,,6,jun,92,2,0,no
35,management,divorced,tertiary,no,5473,no,yes,cellular,5,aug,37,2,0,no
44,entrepreneur,married,secondary,no,11649,yes,no,cellular,19,nov,354,2,0,no
34,self-employed,married,tertiary,no,5263,no,no,cellular,4,may,203,1,8,no
46,blue-collar,married,secondary,no,5781,no,no,,13,may,152,1,0,no
49,blue-collar,married,primary,no,6032,yes,no,,2,jun,41,5,0,no
32,blue-collar,married,secondary,no,5119,no,no,cellular,4,may,20,5,0,no
35,management,divorced,tertiary,no,5434,yes,no,cellular,11,may,277,1,2,no
51,admin.,married,secondary,no,7967,no,no,,17,jun,83,2,0,no
57,retired,divorced,secondary,no,4669,yes,no,,6,may,531,1,0,no
59,management,married,tertiary,no,6585,no,no,telephone,28,aug,91,5,0,no
40,services,divorced,,no,9384,yes,no,,5,may,315,1,0,no
49,management,single,tertiary,no,5588,no,no,cellular,28,aug,70,9,0,no
51,management,married,secondary,no,8180,yes,no,cellular,9,jul,384,1,0,no
35,admin.,married,secondary,yes,5000,no,yes,,4,jul,105,3,0,no
29,self-employed,married,secondary,no,4924,yes,no,,27,may,305,2,0,no
32,services,single,secondary,no,5152,yes,no,cellular,25,may,158,2,0,yes
37,housemaid,divorced,secondary,no,6040,yes,no,cellular,13,may,199,1,2,no
49,unemployed,married,primary,no,4616,yes,no,,27,may,25,1,0,no
45,technician,married,,no,5473,yes,no,,27,may,147,1,0,no
34,technician,single,secondary,no,5475,yes,no,cellular,29,jul,538,8,0,no
53,technician,married,secondary,no,5000,no,no,cellular,22,aug,77,9,0,no
42,entrepreneur,married,primary,no,5149,no,no,cellular,20,aug,94,2,0,no
43,technician,married,secondary,no,8285,yes,no,,13,may,,2,0,yes
52,retired,married,secondary,no,5424,no,no,cellular,19,nov,143,1,3,no
34,blue-collar,single,secondary,no,5079,no,yes,cellular,20,nov,104,1,0,no
34,technician,divorced,tertiary,no,5674,yes,no,cellular,7,aug,587,2,0,yes
27,services,married,secondary,no,5000,yes,no,cellular,22,jul,,13,0,yes
43,unemployed,married,tertiary,no,5058,yes,no,cellular,9,feb,48,4,0,no
41,technician,married,tertiary,no,5532,yes,no,cellular,9,jul,74,1,0,no
72,retired,married,secondary,no,9130,no,no,cellular,12,nov,427,1,0,no
35,blue-collar,married,primary,no,5422,yes,no,cellular,14,may,73,1,0,no
41,management,married,tertiary,no,5437,yes,no,,3,jun,,21,0,no
36,blue-collar,divorced,primary,no,4692,yes,no,cellular,12,may,725,1,0,yes
51,housemaid,married,primary,no,5030,yes,no,cellular,14,jul,333,2,0,no
37,self-employed,married,tertiary,no,5137,no,no,cellular,13,aug,244,6,0,no
42,admin.,single,secondary,no,4753,yes,yes,telephone,21,oct,519,1,1,yes
26,admin.,single,secondary,no,5321,yes,no,cellular,22,jul,242,7,0,no
23,services,single,secondary,no,5250,yes,no,cellular,18,may,222,1,0,no
50,management,married,tertiary,no,4530,yes,no,cellular,19,nov,130,2,1,no
37,blue-collar,married,secondary,no,5140,yes,yes,cellular,7,may,490,1,0,no
35,management,married,tertiary,no,7793,no,no,cellular,20,nov,258,2,0,no
37,management,married,tertiary,no,5410,no,no,cellular,29,jan,337,2,0,no
79,retired,divorced,,no,7628,no,no,telephone,8,jul,220,7,2,no
39,technician,married,secondary,no,5116,no,no,cellular,24,aug,79,2,2,no
47,services,married,secondary,no,5000,yes,no,telephone,9,jul,250,1,0,no
44,blue-collar,married,secondary,no,5878,yes,no,cellular,2,jun,130,1,0,no
36,management,single,tertiary,no,7944,no,no,cellular,18,aug,882,8,0,yes
33,blue-collar,single,secondary,no,8975,yes,yes,cellular,17,apr,515,1,1,no
42,services,married,secondary,no,5096,yes,no,cellular,5,may,238,3,2,no
35,technician,single,tertiary,no,7288,no,no,telephone,28,may,32,2,0,no
31,blue-collar,married,secondary,no,5472,yes,no,,13,may,907,2,0,no
58,services,married,primary,no,5065,no,no,,27,jun,162,1,0,no
46,management,married,tertiary,no,5000,no,no,,7,may,70,2,0,no
41,admin.,single,secondary,no,5400,yes,no,,4,jun,99,6,0,no
58,technician,married,secondary,no,12495,yes,no,,13,may,325,1,0,no
33,blue-collar,married,secondary,no,5137,no,yes,cellular,18,jul,305,12,0,no
31,unemployed,married,secondary,no,5024,yes,no,cellular,19,nov,631,1,0,no
55,technician,divorced,secondary,no,8450,no,no,cellular,10,feb,169,1,1,yes
38,technician,single,secondary,no,5311,yes,no,cellular,28,may,61,2,0,no
55,housemaid,married,secondary,no,5139,no,no,cellular,22,aug,256,2,0,no
47,management,single,tertiary,no,5000,no,no,,11,jun,58,3,0,no
51,housemaid,married,primary,no,5492,yes,no,,20,may,142,3,0,no
46,management,single,tertiary,no,5334,yes,no,telephone,4,may,36,6,2,no
61,management,married,tertiary,no,5997,no,no,cellular,10,mar,106,1,0,yes
47,management,single,tertiary,no,5440,no,no,cellular,21,aug,71,4,0,no
34,technician,married,secondary,no,5047,no,no,cellular,25,aug,132,6,0,no
34,blue-collar,married,secondary,no,6298,yes,no,,20,may,120,1,0,no
41,management,divorced,tertiary,no,8355,no,no,cellular,14,oct,181,2,1,no
36,blue-collar,divorced,secondary,no,4989,no,no,,5,jun,152,2,0,no
26,blue-collar,single,secondary,no,5396,yes,no,,28,may,302,1,0,no
35,management,married,tertiary,no,5008,no,no,cellular,23,apr,93,3,0,yes
36,blue-collar,married,secondary,no,6409,no,no,,17,jun,235,2,0,no
26,management,single,tertiary,no,5170,no,no,cellular,15,jun,129,1,0,yes
58,management,married,primary,no,7769,yes,no,cellular,11,jul,94,2,0,no
50,blue-collar,married,secondary,no,7320,yes,no,cellular,7,apr,310,1,0,no
61,retired,married,secondary,no,5076,yes,no,cellular,15,jul,195,7,0,no
28,technician,single,secondary,no,7034,yes,no,,21,may,196,1,0,no
49,blue-collar,single,primary,no,8018,yes,no,,15,may,93,1,0,no
74,retired,married,secondary,no,5921,no,no,telephone,17,apr,394,2,0,yes
53,blue-collar,married,secondary,no,5483,yes,no,cellular,3,feb,288,3,0,no
46,self-employed,married,secondary,no,5390,yes,no,cellular,31,jul,208,2,0,no
47,management,married,tertiary,no,5000,no,no,cellular,27,oct,508,1,0,yes
42,blue-collar,single,primary,no,5092,no,no,cellular,30,jul,86,2,0,no
56,services,married,secondary,no,,yes,no,cellular,21,nov,189,1,0,no
42,technician,married,secondary,no,5002,no,no,,29,may,249,2,0,no
49,housemaid,married,primary,no,5249,yes,no,cellular,21,nov,450,1,0,no
43,unemployed,single,,no,8274,yes,no,cellular,22,may,680,1,1,no
39,services,married,secondary,no,10731,yes,no,,20,may,175,2,0,no
66,retired,married,primary,no,5206,no,no,cellular,9,feb,479,1,0,yes
30,technician,single,tertiary,no,7325,no,no,cellular,5,apr,270,3,4,no
38,management,single,tertiary,no,5000,no,no,cellular,24,jul,164,1,0,no
31,blue-collar,married,secondary,no,6664,yes,no,cellular,20,apr,,1,1,no
32,technician,married,secondary,no,8333,no,no,cellular,8,aug,50,4,0,no
48,technician,married,secondary,no,12020,no,no,cellular,6,aug,80,2,0,no
34,admin.,married,tertiary,no,5037,no,no,cellular,6,feb,45,1,0,no
28,student,single,secondary,no,5028,no,no,cellular,29,jan,220,2,0,no
40,admin.,single,secondary,no,6670,yes,no,,18,jun,161,2,0,no
36,entrepreneur,married,secondary,no,5134,no,no,,20,may,98,1,0,no
52,retired,married,secondary,no,5603,no,yes,,9,jun,79,1,0,no
46,admin.,married,primary,no,5276,yes,yes,,6,may,157,2,0,no
25,technician,single,secondary,no,7157,yes,no,cellular,21,jul,339,1,0,no
52,blue-collar,married,secondary,no,5161,yes,no,,13,may,274,2,0,no
40,blue-collar,married,primary,no,8658,yes,no,,14,may,977,1,0,no
26,management,divorced,tertiary,yes,4598,no,yes,,12,may,127,2,0,no
26,blue-collar,single,primary,no,8342,yes,no,,4,jun,329,4,0,no
35,self-employed,single,secondary,no,6732,no,no,telephone,21,nov,1441,3,0,no
40,admin.,single,secondary,no,5263,yes,no,,6,may,231,1,0,no
31,management,married,tertiary,no,5623,yes,no,cellular,13,may,96,2,5,no
32,admin.,married,secondary,no,8540,yes,no,cellular,18,may,213,1,1,no
33,admin.,married,secondary,no,5095,yes,no,cellular,30,apr,335,1,0,yes
53,services,divorced,secondary,no,5765,yes,no,cellular,14,may,959,3,7,yes
46,technician,divorced,secondary,no,4176,yes,no,cellular,7,aug,429,3,0,yes
28,management,single,tertiary,no,10549,no,no,cellular,28,jul,383,6,0,no
31,blue-collar,married,secondary,no,5191,yes,no,,2,jun,40,1,0,no
44,blue-collar,married,primary,no,5420,yes,no,,7,may,110,2,0,no
35,admin.,married,secondary,no,5000,no,no,,7,may,326,1,0,no
50,technician,divorced,,no,7706,yes,no,,28,may,179,3,0,no
32,technician,married,secondary,yes,5004,yes,yes,cellular,25,aug,132,8,0,no
51,admin.,married,secondary,no,5423,yes,yes,cellular,16,oct,95,1,0,no
51,management,married,tertiary,no,4108,yes,yes,cellular,14,aug,248,2,0,no
31,blue-collar,married,,no,4880,yes,no,cellular,3,feb,100,3,2,no
41,admin.,divorced,secondary,no,4635,yes,no,,28,may,226,10,0,no
57,technician,married,tertiary,no,,no,yes,,20,jun,174,3,0,no
34,management,single,tertiary,no,13038,yes,no,cellular,20,apr,29,3,1,no
47,technician,married,secondary,no,4062,yes,no,,28,may,176,2,0,no
47,admin.,divorced,secondary,no,6139,yes,no,cellular,11,jul,106,2,0,no
36,self-employed,married,secondary,no,5189,yes,no,cellular,19,nov,136,1,1,no
29,housemaid,single,tertiary,no,5019,no,no,cellular,5,feb,110,2,2,yes
39,technician,married,secondary,no,8663,no,no,cellular,11,aug,230,3,0,no
53,blue-collar,single,,no,5000,no,no,,12,may,140,7,0,no
47,blue-collar,married,secondary,yes,4386,yes,no,,26,may,118,2,0,no
51,technician,divorced,secondary,no,7323,yes,yes,cellular,18,aug,151,10,0,no
48,blue-collar,married,secondary,no,5425,yes,no,telephone,9,jul,693,2,0,no
32,technician,married,secondary,no,10122,no,no,cellular,13,aug,31,1,0,no
36,management,divorced,tertiary,no,5608,no,no,cellular,26,aug,125,2,0,no
50,self-employed,married,primary,no,5341,yes,yes,cellular,20,apr,670,4,2,yes
39,admin.,married,secondary,no,5607,yes,no,cellular,12,may,454,2,3,yes
31,blue-collar,married,secondary,no,6495,yes,yes,,23,may,159,3,0,no
49,admin.,married,secondary,no,5381,no,no,cellular,5,aug,504,2,0,no
33,unemployed,divorced,secondary,no,5385,no,no,telephone,27,aug,29,28,0,no
26,management,single,tertiary,no,6274,yes,no,cellular,1,jun,190,1,1,no
27,blue-collar,married,secondary,no,5362,yes,no,,14,may,332,2,0,no
51,blue-collar,married,primary,no,5377,yes,no,telephone,3,feb,143,4,1,no
26,admin.,single,secondary,no,5802,no,no,cellular,30,jan,77,1,2,no
45,admin.,married,secondary,no,5194,no,no,cellular,31,jul,517,4,0,no
54,technician,married,secondary,no,4685,no,yes,cellular,10,jul,,1,0,yes
49,technician,married,tertiary,no,6843,yes,no,cellular,25,may,269,1,0,no
47,technician,married,secondary,no,4991,no,no,cellular,14,aug,457,2,0,no
42,housemaid,married,primary,no,5083,no,yes,cellular,7,aug,184,1,0,no
50,entrepreneur,married,tertiary,no,5433,yes,no,cellular,18,may,47,4,0,no
37,admin.,married,secondary,no,4893,yes,no,,28,may,158,2,0,no
54,blue-collar,married,primary,no,9503,no,no,telephone,21,nov,168,3,0,no
40,services,married,secondary,no,5051,yes,no,cellular,11,may,50,1,0,no
50,services,married,secondary,no,5961,no,yes,cellular,14,aug,757,4,0,no
57,retired,married,secondary,no,5049,yes,yes,cellular,25,aug,93,4,0,no
33,technician,married,secondary,no,8470,no,no,cellular,11,aug,285,2,0,no
49,technician,married,secondary,no,4853,yes,no,cellular,20,apr,390,1,0,no
35,services,married,secondary,no,5000,yes,no,cellular,18,may,146,2,0,no
28,blue-collar,single,secondary,no,5000,yes,no,,28,may,386,1,0,no
58,management,married,tertiary,no,5172,no,no,cellular,19,aug,145,7,0,no
31,admin.,single,secondary,no,4593,no,yes,cellular,7,jul,230,1,0,no
36,management,divorced,tertiary,no,5649,no,no,cellular,16,jul,237,2,1,no
49,blue-collar,single,primary,no,6040,no,no,cellular,8,jul,474,2,0,no
30,unemployed,married,secondary,no,5142,yes,no,,20,may,350,4,0,no
29,services,single,secondary,no,5209,yes,no,cellular,28,jul,487,7,0,no
50,management,married,,no,8304,no,no,,5,jun,1009,2,0,no
26,student,single,tertiary,no,5294,no,no,cellular,5,mar,87,1,2,yes
27,housemaid,married,secondary,no,9848,yes,yes,telephone,23,jul,82,3,0,no
32,blue-collar,single,secondary,no,6670,yes,no,cellular,18,may,183,1,0,no
62,self-employed,married,secondary,no,5367,no,no,telephone,2,mar,139,5,0,no
34,blue-collar,single,secondary,no,,yes,no,,3,jun,115,3,0,no
25,admin.,single,tertiary,no,6420,no,no,cellular,8,apr,124,2,0,no
34,management,single,tertiary,no,5340,yes,no,,3,jun,633,28,0,no
44,technician,single,secondary,no,6679,no,no,telephone,20,oct,718,1,0,yes
38,management,married,tertiary,no,6198,yes,no,cellular,2,feb,63,1,0,no
57,admin.,married,secondary,no,5169,no,no,cellular,14,aug,180,1,2,no
36,self-employed,married,tertiary,no,5506,no,no,cellular,25,aug,47,1,1,no
41,entrepreneur,married,secondary,no,6249,yes,no,cellular,9,jul,391,1,0,no
36,management,single,tertiary,no,5678,no,yes,,4,jul,85,3,0,no
27,management,single,tertiary,no,5212,yes,no,cellular,15,may,373,1,0,no
37,technician,divorced,secondary,no,5023,no,no,cellular,20,aug,289,2,0,no
47,management,single,tertiary,no,9402,no,no,telephone,10,dec,805,1,1,yes
31,services,divorced,primary,no,5459,yes,no,cellular,7,may,623,1,1,yes
39,self-employed,married,secondary,no,9722,yes,no,,17,jun,483,1,0,no
35,admin.,divorced,tertiary,no,6555,yes,no,,9,may,26,2,0,no
40,blue-collar,married,secondary,no,5061,yes,no,,7,may,112,3,0,no
38,management,single,tertiary,no,5000,yes,no,cellular,17,nov,213,2,0,no
31,technician,married,secondary,no,8706,yes,no,cellular,20,nov,129,1,0,no
36,blue-collar,married,primary,no,6177,no,no,cellular,15,apr,330,1,4,yes
53,management,married,primary,no,7096,no,no,,9,jun,104,1,0,no
59,blue-collar,married,primary,no,5748,no,no,,29,may,184,1,0,no
29,management,single,tertiary,no,8357,no,no,cellular,21,jul,,3,0,no
30,admin.,single,secondary,no,8809,yes,no,,3,jun,159,4,0,no
52,admin.,married,secondary,no,5395,yes,no,,15,may,391,3,0,no
55,blue-collar,married,secondary,no,6011,yes,no,cellular,12,aug,112,2,0,no
56,blue-collar,married,primary,no,5420,yes,no,,9,may,76,1,0,no
32,admin.,married,secondary,no,5076,yes,no,,21,may,189,2,0,no
24,blue-collar,married,secondary,no,5000,no,no,,28,may,94,1,0,no
51,blue-collar,married,primary,no,5844,yes,no,,29,may,184,3,0,no
36,management,married,tertiary,no,6318,yes,no,cellular,7,aug,100,2,0,no
36,technician,married,tertiary,no,5167,yes,no,cellular,28,jan,57,1,0,no
42,management,married,tertiary,no,7187,yes,no,cellular,17,nov,525,3,0,yes
49,admin.,married,secondary,no,,yes,no,cellular,21,nov,60,1,0,no
48,management,married,secondary,no,7294,yes,no,,26,may,251,11,0,no
36,management,married,secondary,no,5080,yes,no,,30,may,251,3,0,no
48,management,married,primary,no,7537,no,no,cellular,26,aug,219,6,0,no
30,technician,married,tertiary,no,5569,no,no,cellular,27,aug,976,12,0,yes
27,management,single,tertiary,yes,5000,no,yes,cellular,8,jul,46,1,0,no
38,entrepreneur,married,tertiary,no,5000,yes,no,cellular,18,nov,185,3,0,no
36,technician,single,secondary,yes,5012,no,no,cellular,12,aug,587,2,0,yes
45,technician,married,secondary,no,5049,no,no,cellular,29,jul,65,2,0,no
44,housemaid,married,tertiary,no,5460,no,no,,17,jun,491,1,0,no
42,technician,married,secondary,no,5613,yes,no,cellular,11,may,432,2,0,no
37,entrepreneur,married,tertiary,no,12944,no,no,cellular,21,nov,102,1,0,no
48,blue-collar,married,secondary,no,6143,yes,no,cellular,17,apr,264,1,1,no
57,retired,married,primary,no,4536,yes,no,cellular,4,feb,75,1,6,no
44,services,married,secondary,no,6989,yes,yes,cellular,20,apr,106,2,0,no
48,technician,married,secondary,no,5017,yes,yes,cellular,17,nov,81,1,0,no
56,retired,married,primary,no,4999,no,no,cellular,27,aug,89,23,0,no
37,management,married,tertiary,no,6698,yes,no,,6,jun,95,2,0,no
47,blue-collar,married,secondary,no,10306,yes,no,,15,may,322,1,0,no
54,housemaid,married,,no,5000,no,no,cellular,14,apr,94,5,3,no
51,retired,divorced,secondary,no,6679,no,no,cellular,12,aug,417,1,9,yes
47,admin.,married,secondary,no,8676,no,no,cellular,18,oct,567,1,3,yes
25,management,married,tertiary,no,4758,yes,yes,cellular,18,may,600,4,4,yes
39,services,single,secondary,no,5471,no,no,,15,oct,,1,0,no
40,management,married,tertiary,no,13902,yes,no,cellular,14,aug,464,5,0,no
38,management,single,tertiary,no,6704,no,no,cellular,1,sep,222,1,0,no
34,management,married,tertiary,no,8050,yes,no,cellular,13,may,469,1,0,yes
53,housemaid,married,primary,no,7581,no,no,cellular,15,apr,99,1,0,no
32,services,married,secondary,no,5162,yes,no,,14,may,297,2,0,no
35,blue-collar,married,secondary,no,5243,yes,no,cellular,20,apr,41,3,0,no
24,student,single,secondary,no,6847,no,no,cellular,9,dec,390,1,0,no
58,blue-collar,married,primary,no,5000,yes,no,,29,may,535,2,0,no
49,management,married,primary,no,8371,no,no,cellular,11,nov,269,2,0,yes
45,services,single,secondary,no,6757,yes,no,cellular,20,apr,1010,3,1,no
55,management,married,tertiary,no,5171,yes,no,cellular,8,aug,73,6,0,no
42,entrepreneur,married,tertiary,no,5157,yes,yes,,7,may,650,1,0,no
28,admin.,married,secondary,no,5934,yes,no,,4,jul,53,2,0,no
48,blue-collar,married,secondary,no,4981,no,yes,,4,jul,270,1,0,no
51,management,single,tertiary,yes,4945,yes,no,cellular,18,aug,119,6,0,no
38,housemaid,married,primary,no,5021,no,no,cellular,26,aug,634,2,0,no
27,blue-collar,single,secondary,no,5014,no,no,,14,may,72,2,0,no
50,technician,single,secondary,no,5246,yes,no,cellular,17,nov,270,1,2,no
44,blue-collar,married,primary,no,5887,yes,no,cellular,12,may,165,2,1,no
40,management,married,tertiary,no,5051,no,no,cellular,19,aug,164,2,0,no
29,services,single,secondary,no,4713,yes,no,cellular,18,may,196,1,0,no
34,services,married,secondary,no,5000,yes,no,cellular,14,jul,78,4,0,no
44,self-employed,single,tertiary,no,7734,yes,no,cellular,12,may,897,4,0,yes
50,entrepreneur,married,tertiary,no,5052,no,no,cellular,31,jul,22,8,0,no
34,management,married,tertiary,no,7594,yes,no,cellular,21,nov,161,3,0,no
54,retired,divorced,primary,no,5022,no,no,,20,jun,23,4,0,no
34,technician,married,tertiary,no,6611,yes,no,cellular,11,may,490,2,0,no
34,admin.,single,tertiary,no,5018,yes,yes,cellular,30,apr,359,1,0,yes
52,blue-collar,married,primary,no,6331,yes,no,cellular,29,jul,213,2,0,no
60,student,married,,no,12337,no,no,cellular,4,aug,122,1,0,no
39,management,single,secondary,no,5835,yes,no,,29,may,587,4,0,no
58,retired,married,primary,no,10092,no,no,,11,jun,199,6,0,no
41,technician,divorced,secondary,no,5052,no,no,cellular,20,aug,261,2,0,no
48,technician,married,secondary,no,,no,no,telephone,31,jul,,3,0,no
58,management,married,tertiary,no,6831,no,no,cellular,17,nov,,1,0,no
40,self-employed,married,primary,no,5092,yes,no,,13,may,92,1,0,no
48,management,married,tertiary,no,5586,yes,yes,cellular,6,may,179,2,0,no
52,blue-collar,divorced,primary,no,6758,yes,no,,15,may,41,1,0,no
50,self-employed,married,secondary,no,7061,yes,yes,cellular,29,jan,197,2,3,no
25,technician,single,secondary,no,5959,no,no,cellular,9,jul,144,5,0,no
54,retired,married,primary,no,5208,no,no,,12,may,255,1,0,no
34,services,married,secondary,no,4685,yes,no,,8,may,56,2,0,no
48,management,married,tertiary,yes,4987,yes,no,cellular,15,may,20,6,2,no
37,admin.,married,tertiary,no,5801,no,no,cellular,11,aug,331,7,0,no
66,retired,married,tertiary,no,6948,no,no,cellular,28,jan,216,1,4,yes
32,management,single,tertiary,no,5751,yes,no,,8,may,64,1,0,no
45,blue-collar,married,secondary,no,5784,yes,yes,,3,jun,34,1,0,no
43,blue-collar,single,secondary,no,5024,no,no,cellular,12,may,68,1,1,no
41,management,married,tertiary,no,5072,yes,no,,7,may,764,3,0,no
40,technician,divorced,tertiary,no,6871,yes,no,cellular,17,nov,64,1,0,no
44,services,single,secondary,no,6378,yes,no,,8,may,257,2,0,no
43,blue-collar,married,primary,no,5188,yes,no,cellular,12,may,58,3,5,no
30,student,single,tertiary,no,11836,no,no,cellular,27,feb,30,3,0,no
32,services,married,secondary,no,5061,yes,no,cellular,8,jul,529,5,0,no
57,admin.,married,secondary,no,4033,yes,no,telephone,15,may,,7,0,no
31,blue-collar,single,tertiary,no,5462,yes,yes,,19,may,147,1,0,no
49,student,married,secondary,no,5000,no,no,cellular,28,aug,173,2,0,no
31,admin.,single,secondary,no,10527,yes,no,,21,may,132,1,0,no
41,admin.,married,tertiary,no,6287,no,no,,16,jun,286,1,0,no
44,management,married,tertiary,no,,no,no,,18,jun,476,1,0,no
54,entrepreneur,married,,no,6956,no,no,cellular,19,nov,221,5,0,no
37,blue-collar,divorced,secondary,no,5000,yes,no,cellular,21,apr,146,4,0,yes
34,management,married,secondary,no,4706,yes,no,,27,may,532,2,0,no
43,technician,married,secondary,no,5275,no,no,cellular,25,aug,69,6,0,no
44,management,married,tertiary,no,5724,yes,no,cellular,17,nov,157,2,1,no
44,services,married,secondary,no,5027,no,no,cellular,25,may,,1,0,no
53,admin.,divorced,secondary,no,5026,yes,no,cellular,7,may,56,1,1,no
36,technician,married,secondary,no,5191,no,no,cellular,31,aug,69,1,0,no
58,technician,divorced,secondary,no,4877,no,no,cellular,5,aug,131,2,0,no
26,student,single,secondary,no,4853,no,no,,4,jun,95,2,0,no
34,technician,single,secondary,no,5179,no,no,cellular,19,aug,294,3,0,no
55,blue-collar,married,primary,no,6086,yes,no,cellular,6,may,146,1,2,no
55,blue-collar,married,secondary,no,5471,yes,no,,30,may,58,2,0,no
34,entrepreneur,married,tertiary,no,5105,yes,no,,28,may,249,2,0,no
41,entrepreneur,divorced,secondary,no,6588,yes,yes,,20,jun,,8,0,no
38,housemaid,divorced,secondary,no,5070,no,no,cellular,27,oct,255,3,1,yes
28,blue-collar,single,secondary,no,7700,no,no,cellular,3,feb,337,4,0,no
41,technician,married,secondary,no,6602,yes,no,cellular,2,jun,142,1,0,no
30,admin.,married,tertiary,no,5000,yes,no,cellular,24,jul,209,2,0,no
39,technician,married,,no,5839,no,no,,30,may,825,2,0,no
41,admin.,married,secondary,no,,yes,no,,5,jun,87,1,0,no
36,technician,married,secondary,no,10902,yes,no,,23,may,219,4,0,no
37,management,married,tertiary,no,5547,yes,yes,,21,may,143,1,0,no
59,self-employed,married,tertiary,no,8800,no,yes,cellular,9,jul,70,1,0,no
26,technician,single,secondary,no,5261,yes,no,,27,may,371,2,0,no
43,technician,married,secondary,no,5000,yes,yes,cellular,4,feb,539,8,5,no
42,management,married,secondary,yes,4966,no,no,cellular,5,feb,176,1,0,no
46,blue-collar,married,,no,14328,yes,no,cellular,5,may,725,3,0,yes
31,admin.,married,secondary,no,5005,yes,yes,cellular,16,jul,101,7,0,no
43,unemployed,married,secondary,no,8529,no,no,cellular,5,feb,169,2,0,no
48,blue-collar,single,tertiary,no,7330,yes,no,,4,jun,,1,0,no
41,blue-collar,married,secondary,no,6334,yes,no,cellular,20,apr,234,5,0,no
32,self-employed,married,tertiary,no,8601,no,no,cellular,22,aug,171,15,0,no
45,technician,married,tertiary,no,5265,no,no,cellular,28,aug,,3,0,no
52,admin.,single,,no,7227,no,no,cellular,24,feb,242,2,0,yes
37,self-employed,married,secondary,no,5487,no,yes,cellular,27,aug,155,15,0,no
38,blue-collar,divorced,secondary,no,5000,yes,no,cellular,11,may,580,1,1,no
36,services,single,secondary,no,5174,yes,no,,7,may,223,2,0,no
58,retired,married,secondary,no,,no,no,cellular,18,nov,297,1,0,no
37,management,married,tertiary,no,8288,no,no,cellular,8,aug,124,2,0,no
30,technician,single,secondary,no,5057,no,no,cellular,2,feb,465,2,0,no
47,technician,married,secondary,no,7246,yes,no,cellular,10,jul,330,1,0,no
40,technician,married,secondary,no,9441,yes,no,cellular,20,nov,153,2,2,no
42,management,divorced,tertiary,no,5000,no,no,,19,may,131,2,0,no
71,unemployed,married,tertiary,no,5353,no,no,cellular,27,jan,208,1,2,no
54,blue-collar,married,secondary,no,5448,yes,yes,cellular,5,aug,98,1,0,no
53,entrepreneur,married,primary,no,5027,yes,no,telephone,10,sep,230,3,0,yes
33,blue-collar,divorced,secondary,no,5474,no,no,cellular,22,jul,400,2,0,no
30,technician,single,tertiary,no,6185,yes,no,cellular,30,apr,284,1,1,no
39,services,divorced,secondary,no,5282,yes,no,cellular,17,jul,243,1,0,no
32,blue-collar,married,secondary,no,5002,yes,no,cellular,15,may,,9,1,no
34,technician,single,secondary,no,5060,no,no,cellular,7,aug,274,2,0,no
39,self-employed,single,tertiary,no,8972,no,no,cellular,30,jul,122,3,0,no
75,retired,married,secondary,no,,no,no,telephone,15,jul,219,2,0,no
33,admin.,divorced,secondary,no,5818,yes,yes,cellular,16,apr,301,3,0,no
40,services,married,secondary,no,14374,yes,no,cellular,21,nov,,8,1,no
37,technician,married,,no,5047,no,no,,19,jun,374,3,0,no
69,retired,married,primary,no,5279,no,no,telephone,12,aug,26,1,0,no
52,unemployed,married,primary,no,5020,yes,no,telephone,28,jan,172,1,0,no
31,admin.,divorced,secondary,no,5360,no,no,cellular,15,may,332,1,2,no
28,technician,single,secondary,no,6532,no,no,cellular,22,may,253,1,5,no
29,management,single,tertiary,no,6673,no,no,cellular,16,aug,200,2,3,no
46,services,married,secondary,no,7420,no,no,cellular,19,nov,405,2,0,no
28,blue-collar,married,secondary,no,5100,yes,yes,,27,may,132,2,0,no
41,admin.,married,secondary,no,5000,no,no,,20,jun,89,1,0,no
42,technician,divorced,secondary,no,6533,no,yes,cellular,5,aug,86,1,0,no
34,admin.,single,secondary,no,5296,no,no,cellular,7,jul,147,4,0,no
28,blue-collar,married,secondary,no,7788,yes,no,,6,jun,369,2,0,yes
43,management,single,secondary,no,5109,yes,no,,27,may,64,3,0,no
32,technician,married,secondary,no,5485,no,no,cellular,26,aug,98,14,0,no
33,technician,single,tertiary,no,5125,no,no,telephone,29,aug,66,2,0,no
70,retired,married,secondary,no,5616,no,no,cellular,27,apr,149,2,1,no
36,services,married,secondary,no,8064,yes,no,telephone,26,aug,240,3,4,no
53,technician,married,secondary,no,5206,no,no,cellular,26,aug,87,6,0,no
30,blue-collar,single,secondary,no,11900,no,no,cellular,21,nov,816,1,0,no
45,services,divorced,secondary,no,4821,no,no,,3,jul,155,2,0,no
31,services,single,secondary,no,5481,yes,no,cellular,20,nov,106,2,2,no
28,admin.,married,secondary,no,5012,yes,no,cellular,30,jan,73,3,3,no
45,blue-collar,married,primary,no,5000,no,no,,23,may,574,5,0,no
51,management,married,tertiary,no,5176,yes,yes,,1,jun,,1,2,no
53,management,married,primary,no,9086,no,no,,20,jun,,3,0,no
40,technician,married,secondary,no,5257,yes,no,,16,may,731,4,0,no
53,blue-collar,married,primary,no,5053,yes,no,cellular,7,apr,208,1,1,no
31,blue-collar,divorced,secondary,no,5006,yes,no,cellular,29,jan,821,1,0,no
30,management,married,tertiary,no,5562,no,no,cellular,21,aug,137,4,0,no
53,entrepreneur,married,secondary,no,4882,yes,no,,9,may,101,3,0,no
40,blue-collar,married,primary,no,7805,yes,no,cellular,14,may,173,6,23,no
26,management,single,secondary,no,5565,yes,no,,6,jun,582,11,0,no
47,blue-collar,married,secondary,no,5000,yes,no,cellular,21,jul,676,1,0,no
51,management,married,tertiary,no,6612,no,no,cellular,16,mar,384,1,5,no
45,unemployed,married,primary,no,5180,yes,yes,,27,may,62,2,0,no
35,management,married,tertiary,no,5000,yes,no,cellular,21,jul,295,3,0,no
36,management,single,tertiary,no,5876,yes,no,,23,may,241,2,0,no
57,admin.,married,secondary,no,7137,no,no,telephone,8,jul,132,7,0,no
42,blue-collar,married,primary,no,5260,yes,no,telephone,31,jul,175,2,0,no
32,blue-collar,married,secondary,yes,4947,yes,no,cellular,16,apr,648,1,1,yes
30,management,married,tertiary,no,5944,no,no,cellular,29,oct,251,2,0,yes
36,technician,married,secondary,no,7394,no,no,cellular,14,aug,184,2,0,no
43,technician,married,secondary,no,5297,yes,no,cellular,14,oct,119,3,0,no
69,retired,single,tertiary,no,7144,no,no,cellular,29,jul,417,1,4,yes
31,technician,single,tertiary,no,5969,no,no,cellular,15,jun,95,1,0,no
35,technician,married,secondary,no,5000,no,no,cellular,14,jul,125,2,0,no
26,entrepreneur,married,tertiary,no,5037,yes,yes,cellular,6,may,207,1,2,no
46,technician,married,secondary,no,5410,no,yes,cellular,21,nov,162,5,0,no
30,technician,married,secondary,no,6211,yes,no,cellular,18,may,176,1,0,no
33,management,single,tertiary,no,5071,no,no,cellular,22,aug,,6,0,no
34,management,married,tertiary,no,5436,yes,no,cellular,17,apr,28,1,1,no
48,blue-collar,married,primary,no,5559,yes,no,,15,may,1231,2,0,no
31,management,married,tertiary,no,6170,no,no,cellular,20,aug,200,4,0,no
46,management,divorced,tertiary,no,5025,no,no,,26,may,103,2,0,no
40,services,married,secondary,no,6325,no,no,,11,jun,150,2,0,no
39,entrepreneur,married,secondary,no,5000,no,no,cellular,21,nov,108,7,0,no
33,technician,single,secondary,no,5647,yes,yes,cellular,4,feb,124,1,1,no
50,blue-collar,married,primary,no,7142,yes,no,cellular,29,jan,309,2,1,no
84,retired,divorced,primary,no,5639,no,no,telephone,18,may,353,3,0,yes
40,blue-collar,married,primary,no,5177,yes,yes,telephone,21,jul,742,4,0,no
55,management,married,tertiary,no,5236,no,no,cellular,4,aug,200,1,0,no
40,services,divorced,secondary,no,6959,yes,no,,30,may,177,1,0,no
46,admin.,married,primary,no,5096,no,no,telephone,4,feb,151,2,0,no
43,self-employed,single,tertiary,no,5000,no,no,,19,jun,147,1,0,no
34,blue-collar,married,secondary,no,5250,yes,no,,29,may,193,6,0,no
35,technician,single,secondary,no,5126,no,no,cellular,22,aug,112,2,0,no
57,retired,married,,no,6621,yes,no,,19,jun,108,1,0,no
25,student,single,secondary,no,5008,no,no,cellular,22,apr,107,2,0,yes
32,self-employed,married,tertiary,no,5189,yes,no,,6,jun,106,2,0,no
52,retired,single,secondary,no,5316,no,no,cellular,12,may,463,3,0,no
31,self-employed,single,tertiary,yes,4718,yes,no,cellular,20,nov,131,3,0,no
34,management,married,tertiary,no,4692,yes,no,cellular,30,apr,140,2,0,no
42,technician,divorced,secondary,no,5248,no,no,cellular,19,aug,163,4,0,no
47,blue-collar,divorced,primary,no,5126,yes,no,,3,jun,,2,0,yes
50,self-employed,divorced,tertiary,no,5013,yes,no,cellular,20,apr,76,1,0,yes
30,technician,married,secondary,no,4607,yes,yes,cellular,16,jul,435,1,0,yes
33,services,single,secondary,no,5358,yes,no,cellular,7,may,302,1,3,no
56,technician,single,tertiary,no,5917,no,no,,9,jun,306,1,0,no
34,admin.,divorced,secondary,no,6268,yes,no,cellular,15,may,259,3,0,no
33,technician,married,secondary,no,4837,yes,yes,cellular,8,aug,502,2,0,no
32,management,single,tertiary,no,5473,yes,no,cellular,11,may,72,2,1,no
34,management,married,tertiary,no,9831,yes,no,cellular,4,feb,265,1,0,no
37,technician,married,secondary,no,6063,yes,no,cellular,31,jul,413,2,0,no
30,management,married,secondary,no,5000,yes,no,cellular,12,may,756,3,0,no
29,blue-collar,married,secondary,no,5424,yes,yes,,14,may,241,2,0,no
56,unemployed,divorced,primary,no,5802,no,no,telephone,3,feb,258,2,0,no
31,management,married,tertiary,no,5430,yes,no,cellular,25,jul,137,16,0,no
59,unemployed,married,,no,8940,no,no,,5,jun,48,2,0,no
36,housemaid,married,secondary,no,7880,no,no,,12,jun,283,1,0,no
51,blue-collar,divorced,secondary,no,6069,yes,no,,30,may,247,2,0,no
54,self-employed,divorced,primary,no,9382,yes,no,telephone,18,may,193,4,0,no
37,management,married,tertiary,no,5000,no,no,cellular,11,mar,129,4,2,no
32,technician,married,tertiary,no,8939,no,no,cellular,8,aug,209,2,0,no
42,self-employed,married,tertiary,no,5753,no,no,,17,jun,31,1,0,no
29,blue-collar,married,secondary,no,5358,no,no,cellular,21,jul,88,5,0,no
52,blue-collar,married,primary,no,6141,yes,no,cellular,12,may,22,5,0,no
40,technician,married,secondary,no,6259,no,no,,20,may,234,5,0,no
30,services,married,secondary,no,5227,no,yes,,3,jun,23,1,0,no
55,entrepreneur,divorced,secondary,no,5538,yes,no,cellular,7,aug,353,2,0,yes
49,management,married,tertiary,no,5092,yes,no,,6,may,221,2,0,no
33,technician,married,tertiary,no,13023,no,no,cellular,25,feb,196,1,4,no
32,services,single,secondary,no,7478,no,yes,cellular,20,nov,395,1,0,no
21,student,single,secondary,no,11844,no,no,cellular,14,aug,126,3,7,no
42,technician,married,secondary,no,5440,yes,no,cellular,3,feb,,5,0,no
56,self-employed,married,secondary,no,5800,no,yes,cellular,9,jul,170,1,0,no
39,unemployed,single,secondary,no,5914,no,no,,5,jun,20,1,0,no
30,entrepreneur,single,secondary,no,5638,no,no,cellular,14,jul,358,6,0,no
55,retired,married,secondary,no,5159,no,no,cellular,28,aug,159,1,0,no
43,blue-collar,married,primary,no,5483,yes,no,cellular,12,may,225,3,0,no
53,unemployed,married,secondary,no,5094,no,no,cellular,10,aug,493,1,14,yes
57,retired,married,secondary,no,6044,no,no,telephone,11,jan,585,1,2,yes
39,self-employed,single,,no,5000,no,no,,20,jun,,11,0,no
56,technician,divorced,tertiary,no,5401,yes,no,telephone,20,nov,26,1,0,no
29,services,single,,no,5033,no,no,,1,jul,161,1,0,no
38,blue-collar,married,primary,no,5506,yes,yes,,12,jun,122,1,0,no
59,management,married,tertiary,no,6881,no,no,cellular,19,nov,456,2,0,no
42,technician,single,,no,5344,yes,no,,3,jun,26,7,0,no
46,blue-collar,married,primary,no,5000,yes,no,,12,may,51,9,0,no
31,admin.,married,secondary,no,5003,yes,no,cellular,28,jul,37,12,0,no
35,services,divorced,secondary,no,5221,yes,no,cellular,14,may,150,1,1,no
50,self-employed,married,secondary,no,5036,no,no,cellular,13,aug,104,10,0,no
42,blue-collar,married,primary,no,5969,yes,no,cellular,13,may,721,1,0,no
36,services,single,secondary,no,5760,no,no,,20,jun,,13,0,no
25,admin.,single,tertiary,no,5220,no,no,cellular,26,may,68,1,0,no
42,management,single,tertiary,no,,no,no,cellular,4,may,74,3,0,no
27,student,single,tertiary,no,4852,yes,no,cellular,11,sep,146,3,1,no
32,blue-collar,married,primary,no,5415,yes,no,,2,jun,777,4,0,yes
57,management,married,tertiary,no,6341,yes,no,,8,may,339,2,0,no
48,blue-collar,married,secondary,no,5865,yes,no,cellular,13,may,78,2,0,no
34,blue-collar,divorced,secondary,no,4434,yes,no,,26,may,248,2,0,no
33,services,married,secondary,no,5210,yes,yes,,20,may,201,1,0,no
26,technician,single,secondary,no,6275,yes,no,,20,jun,,9,0,no
50,blue-collar,married,secondary,no,5579,no,no,cellular,26,aug,83,4,0,no
60,technician,single,tertiary,no,7934,no,no,cellular,8,aug,233,2,0,no
47,management,married,tertiary,no,11637,yes,no,cellular,17,apr,174,2,0,no
31,management,married,tertiary,no,5271,no,no,cellular,18,nov,89,1,0,no
52,technician,married,tertiary,no,5000,no,no,cellular,9,aug,145,3,4,no
36,services,married,secondary,no,5472,yes,no,,19,jun,1017,1,0,no
43,blue-collar,married,primary,no,5487,yes,no,,7,may,548,2,0,no
30,technician,single,tertiary,no,5699,yes,no,cellular,11,aug,213,4,0,no
32,blue-collar,married,secondary,no,5150,no,no,cellular,5,feb,210,1,0,no
31,management,single,tertiary,no,6130,yes,no,cellular,17,apr,224,3,4,no
29,management,single,secondary,no,5584,yes,no,,16,jun,541,19,0,no
48,services,divorced,secondary,no,8186,no,yes,cellular,9,apr,104,1,0,no
32,services,single,secondary,no,5133,no,no,cellular,15,apr,171,1,0,yes
30,housemaid,single,tertiary,no,5868,no,no,cellular,7,aug,387,2,0,no
48,blue-collar,married,secondary,no,5480,yes,no,cellular,15,may,830,1,2,yes
51,blue-collar,married,,no,6883,yes,no,,5,may,57,1,0,no
34,management,married,tertiary,no,5606,no,no,cellular,20,apr,97,1,0,yes
35,blue-collar,married,secondary,no,5603,yes,no,cellular,17,apr,,2,0,no
49,management,single,primary,no,5548,no,no,telephone,31,jul,115,6,0,no
36,unemployed,married,secondary,no,4128,yes,yes,cellular,20,nov,153,1,1,no
37,blue-collar,divorced,secondary,no,5033,yes,no,cellular,20,nov,106,2,1,no
37,management,married,tertiary,no,6689,yes,no,,29,may,645,2,0,no
49,blue-collar,married,primary,no,5902,no,no,,9,jun,210,2,0,no
44,services,divorced,secondary,no,5000,yes,yes,,13,may,97,1,0,no
40,student,married,secondary,no,5260,no,no,cellular,19,nov,52,1,6,no
57,technician,married,secondary,no,5589,yes,no,cellular,2,feb,223,1,4,no
39,technician,married,secondary,no,5626,yes,no,cellular,11,may,126,2,0,no
38,services,married,secondary,no,5000,no,yes,cellular,16,jul,1473,6,0,no
51,blue-collar,divorced,secondary,no,5078,yes,no,,27,may,723,2,0,no
27,blue-collar,single,secondary,no,8792,no,no,cellular,22,apr,279,2,0,yes
38,blue-collar,single,tertiary,no,,no,no,telephone,17,jul,293,20,0,no
30,technician,single,secondary,no,4478,yes,yes,cellular,5,may,670,2,6,yes
36,student,single,,no,5386,no,no,,18,jun,359,2,0,no
37,unemployed,married,secondary,no,6978,no,no,cellular,9,sep,404,1,1,yes
53,admin.,married,secondary,no,5459,no,no,cellular,14,oct,317,6,1,no
38,unemployed,married,tertiary,no,7812,yes,no,cellular,30,apr,830,1,0,yes
48,management,married,tertiary,no,10057,no,yes,cellular,19,nov,37,1,0,no
26,housemaid,married,secondary,no,4241,yes,no,cellular,11,jul,191,1,0,no
33,blue-collar,single,secondary,no,4584,yes,no,,16,may,767,2,0,yes
47,technician,married,,no,7106,yes,no,,6,may,168,1,0,no
45,management,divorced,tertiary,no,5220,yes,no,,18,jun,89,4,0,no
32,blue-collar,divorced,secondary,no,5000,yes,no,,2,jun,746,2,0,no
69,retired,married,,no,5426,no,no,telephone,9,mar,225,1,1,yes
65,blue-collar,married,,no,9717,no,no,telephone,6,aug,256,1,0,yes
37,blue-collar,married,secondary,no,5395,yes,no,,6,may,219,2,0,no
45,blue-collar,divorced,primary,no,5000,yes,no,cellular,21,jul,211,2,0,no
36,blue-collar,married,secondary,no,4794,yes,no,,8,may,177,2,0,no
62,self-employed,divorced,tertiary,no,5006,yes,no,cellular,13,oct,216,1,4,yes
37,management,married,tertiary,no,9039,no,yes,cellular,25,jul,106,2,0,no
39,services,divorced,secondary,no,5687,yes,no,cellular,9,jul,869,1,0,yes
38,technician,single,secondary,no,4758,yes,no,cellular,18,may,1173,3,6,yes
31,management,married,tertiary,no,5582,yes,no,cellular,15,jul,58,2,0,no
58,blue-collar,divorced,primary,no,13218,yes,no,cellular,31,jul,124,10,0,no
44,management,single,tertiary,no,6424,yes,no,cellular,8,aug,201,2,0,no
31,blue-collar,married,secondary,no,5092,yes,no,,16,may,688,1,0,yes
33,technician,single,secondary,no,7085,no,no,cellular,9,feb,501,2,0,yes
36,technician,single,tertiary,no,5197,no,no,cellular,30,apr,260,1,0,yes
31,technician,single,secondary,no,7305,no,no,cellular,4,aug,139,1,0,no
45,admin.,married,secondary,no,4453,yes,no,,3,jun,214,2,0,no
30,technician,single,tertiary,no,5411,no,no,cellular,21,apr,142,1,0,no
34,blue-collar,married,secondary,no,5584,yes,no,cellular,18,jul,154,2,0,no
34,management,married,tertiary,no,5997,yes,yes,cellular,21,nov,81,1,0,no
39,admin.,divorced,secondary,no,5083,yes,no,cellular,30,jul,69,6,0,no
41,management,married,tertiary,no,11563,no,no,cellular,27,aug,136,8,0,no
32,services,single,secondary,no,5000,yes,no,cellular,31,jul,99,13,0,no
32,management,single,tertiary,no,5000,no,no,cellular,21,nov,,6,0,no
36,blue-collar,married,primary,no,5398,yes,no,,12,jun,278,1,0,no
35,admin.,married,tertiary,no,6145,yes,no,cellular,2,feb,82,2,0,no
32,management,single,tertiary,no,5002,yes,no,cellular,11,sep,100,2,0,yes
33,management,single,tertiary,no,5201,yes,no,cellular,19,nov,171,1,1,no
49,entrepreneur,married,primary,no,5563,no,no,,19,jun,84,1,0,no
35,management,married,tertiary,no,8161,no,no,cellular,8,aug,433,2,0,no
31,technician,married,secondary,no,5000,no,yes,cellular,15,jul,624,6,0,no
42,management,married,secondary,no,6331,no,no,cellular,23,jul,698,2,0,no
34,housemaid,married,primary,no,7929,no,no,cellular,14,aug,518,2,0,yes
32,services,married,secondary,yes,4780,yes,yes,cellular,25,jul,123,2,0,no
29,management,single,tertiary,no,10980,yes,no,,28,may,317,1,0,no
32,services,single,secondary,no,5048,yes,no,cellular,20,apr,,3,0,no
50,housemaid,single,,no,5000,no,no,telephone,28,jul,118,8,0,no
58,retired,married,secondary,no,8382,no,yes,cellular,28,may,294,2,2,no
59,technician,married,secondary,no,7308,no,no,cellular,30,apr,815,1,1,yes
25,student,married,tertiary,no,5010,yes,no,cellular,21,jul,857,4,0,yes
57,services,married,secondary,no,5162,yes,no,,5,may,174,1,0,no
30,blue-collar,single,secondary,no,6073,yes,no,cellular,5,may,1130,4,0,no
26,services,single,secondary,no,6700,yes,no,cellular,7,may,,5,0,no
50,services,single,primary,no,5148,yes,no,,7,may,198,2,0,no
39,services,married,secondary,no,5000,yes,no,cellular,8,may,503,1,0,no
45,blue-collar,married,primary,no,5185,yes,no,cellular,29,jan,249,3,0,no
37,management,divorced,tertiary,no,5896,no,yes,cellular,14,aug,343,2,0,no
47,blue-collar,divorced,primary,no,6279,yes,no,cellular,6,feb,479,2,0,no
50,technician,married,tertiary,no,5199,yes,yes,cellular,3,feb,116,2,1,no
40,management,married,secondary,no,5099,no,no,cellular,9,feb,,5,0,no
35,blue-collar,married,primary,no,5378,yes,no,,16,may,427,3,0,no
53,management,married,tertiary,no,5015,no,no,cellular,20,aug,921,2,0,yes
35,admin.,married,secondary,no,5147,yes,yes,cellular,29,jan,41,1,7,no
54,technician,married,secondary,no,7225,no,yes,cellular,13,aug,73,2,0,no
35,admin.,single,secondary,no,6810,yes,no,cellular,25,may,65,2,0,no
31,housemaid,married,,yes,4994,no,yes,telephone,7,jul,94,2,0,no
46,technician,divorced,secondary,no,5435,yes,no,,15,may,192,3,0,no
52,management,married,secondary,no,5335,no,no,cellular,21,oct,411,1,1,yes
34,admin.,divorced,secondary,no,4749,no,no,cellular,18,jul,641,1,0,yes
46,services,divorced,secondary,no,5005,yes,yes,cellular,29,jan,305,2,0,no
54,self-employed,married,secondary,no,5641,yes,no,cellular,17,apr,472,1,2,no
37,admin.,married,tertiary,no,5000,yes,no,cellular,21,jul,115,1,0,no
39,admin.,married,tertiary,no,5722,no,no,telephone,23,apr,141,1,0,no
50,technician,married,tertiary,no,8337,yes,yes,telephone,31,jul,24,14,0,no
44,technician,divorced,secondary,no,5000,no,no,cellular,28,jul,264,5,0,no
56,admin.,married,secondary,no,6504,yes,no,,29,may,66,2,0,no
40,services,married,tertiary,no,5035,no,no,cellular,3,jul,318,4,3,no
36,services,married,secondary,no,5895,yes,yes,,4,jun,622,1,0,no
33,management,married,tertiary,no,5752,yes,no,cellular,11,aug,104,4,0,no
33,blue-collar,single,secondary,no,6925,yes,no,cellular,2,mar,76,2,0,no
42,services,married,secondary,no,4754,yes,no,,7,may,149,1,0,no
30,self-employed,single,tertiary,no,5901,yes,yes,,16,may,601,1,0,no
33,admin.,single,secondary,no,5894,no,no,cellular,5,feb,509,2,0,no
26,blue-collar,single,secondary,no,5592,yes,yes,,27,may,174,1,0,no
26,admin.,single,secondary,no,8529,no,yes,cellular,7,sep,57,2,0,no
37,services,married,secondary,no,5000,yes,yes,cellular,31,jul,,2,0,no
59,retired,married,primary,no,5000,no,no,cellular,5,jun,493,2,0,yes
49,blue-collar,married,primary,no,5371,yes,no,cellular,31,jul,,44,0,no
33,blue-collar,single,primary,no,5001,yes,no,cellular,20,apr,257,1,0,no
46,technician,single,secondary,no,5834,yes,no,cellular,11,jul,196,2,0,no
55,entrepreneur,married,primary,no,5298,yes,no,,8,may,144,3,0,no
49,services,married,tertiary,no,5306,yes,no,cellular,18,aug,285,7,0,no
51,technician,married,secondary,no,5143,yes,no,,16,may,627,1,0,no
27,admin.,married,secondary,no,5186,yes,no,,27,may,136,2,0,no
44,technician,married,secondary,no,10597,no,no,,20,jun,27,3,0,no
40,services,single,secondary,no,6547,yes,no,cellular,12,may,88,2,1,no
36,management,married,tertiary,no,6852,no,no,,8,may,362,1,0,no
46,admin.,single,secondary,no,6790,yes,no,,5,jun,214,5,0,no
30,services,single,secondary,no,5020,yes,no,cellular,20,apr,404,6,1,no
35,admin.,married,secondary,no,13652,yes,no,,24,jun,103,6,0,no
31,technician,single,secondary,no,6626,no,no,cellular,7,may,356,2,3,no
37,admin.,married,secondary,no,5749,no,no,cellular,21,apr,219,1,0,no
49,blue-collar,married,,no,5051,yes,no,,7,may,984,1,0,no
27,services,single,secondary,yes,4999,no,no,cellular,22,jul,60,2,0,no
32,blue-collar,married,secondary,no,4968,yes,no,cellular,12,may,145,1,0,no
70,retired,divorced,secondary,no,11850,no,no,telephone,5,mar,252,3,1,no
22,technician,single,secondary,no,5333,no,yes,telephone,12,nov,129,1,0,no
58,blue-collar,married,secondary,no,4973,no,yes,telephone,31,jul,77,13,0,no
33,blue-collar,married,secondary,no,5932,yes,no,,21,may,226,1,0,no
83,retired,divorced,primary,no,5000,no,no,telephone,31,may,664,1,3,no
50,management,divorced,tertiary,no,5100,yes,yes,cellular,13,may,157,1,3,no
53,blue-collar,married,secondary,no,4374,yes,no,cellular,9,jul,205,1,0,no
37,management,single,tertiary,no,5009,no,no,cellular,26,aug,484,2,0,no
55,services,divorced,primary,no,5653,no,no,,6,jun,800,1,0,no
49,admin.,married,secondary,no,8608,yes,no,,13,nov,231,1,0,yes
41,blue-collar,married,primary,no,5293,yes,yes,cellular,7,may,102,1,0,no
40,management,single,tertiary,no,5036,yes,no,,27,may,240,3,0,no
48,management,married,tertiary,no,5263,yes,no,,5,may,350,2,0,no
27,student,single,secondary,no,13366,no,no,cellular,7,may,458,2,1,no
30,management,single,tertiary,no,7186,yes,no,,3,jun,366,1,0,no
37,entrepreneur,single,secondary,no,,yes,no,telephone,4,may,115,1,0,no
37,services,single,secondary,no,5105,no,yes,,17,jun,260,4,0,no
40,blue-collar,married,secondary,no,5440,yes,no,,5,jun,327,2,0,no
73,retired,married,,no,5519,no,no,telephone,16,oct,434,1,1,yes
50,management,married,tertiary,no,,yes,yes,cellular,21,nov,166,1,0,no
53,blue-collar,married,primary,no,5225,no,no,cellular,18,jul,171,7,0,no
47,blue-collar,married,secondary,no,7548,yes,no,cellular,11,may,577,1,1,no
33,technician,divorced,secondary,no,5000,no,no,cellular,21,aug,224,8,0,no
50,blue-collar,married,,no,7284,yes,no,telephone,31,jul,1088,17,0,yes
51,blue-collar,married,primary,no,5040,yes,no,cellular,13,may,79,1,1,no
42,housemaid,divorced,tertiary,no,5364,no,no,cellular,18,nov,52,1,0,no
34,technician,single,secondary,no,5174,no,no,telephone,11,may,259,4,0,no
44,technician,married,secondary,no,,yes,no,cellular,5,aug,163,1,0,no
32,admin.,married,secondary,no,5000,yes,yes,cellular,17,nov,159,2,2,no
60,retired,married,tertiary,no,5225,no,no,cellular,19,aug,54,2,0,no
60,retired,divorced,tertiary,no,7131,no,no,cellular,10,jul,421,6,0,no
29,blue-collar,single,secondary,no,4980,no,yes,cellular,21,jul,574,1,0,yes
39,management,single,secondary,no,5036,no,no,cellular,29,aug,70,2,0,no
47,blue-collar,married,primary,no,7642,no,no,cellular,13,aug,310,2,0,no
30,admin.,married,tertiary,no,5400,yes,no,cellular,7,may,223,1,0,no
31,technician,single,tertiary,no,6214,no,no,cellular,3,feb,39,1,0,no
34,management,single,tertiary,no,4708,yes,no,cellular,19,aug,181,6,0,no
51,admin.,married,secondary,no,6415,yes,no,,2,jun,151,3,0,no
38,blue-collar,married,secondary,no,5213,yes,no,,16,jun,270,15,0,no
47,admin.,single,secondary,no,7540,no,no,cellular,18,nov,110,5,0,no
46,housemaid,single,tertiary,no,8232,no,no,telephone,15,jun,94,2,0,no
33,management,married,tertiary,no,5296,no,no,cellular,16,jul,90,2,0,no
30,management,married,tertiary,no,5042,no,no,cellular,25,aug,115,6,0,no
40,technician,married,secondary,no,5697,no,no,cellular,24,jun,220,2,2,no
38,blue-collar,single,secondary,no,,yes,no,cellular,17,apr,291,4,1,no
63,retired,divorced,secondary,no,6490,no,no,cellular,8,jun,506,1,0,yes
33,management,married,tertiary,no,5150,no,no,cellular,21,aug,151,2,0,no
59,retired,married,secondary,no,5000,no,no,,5,jun,812,1,0,yes
29,management,single,tertiary,no,9210,yes,no,cellular,18,may,119,1,0,no
54,services,divorced,secondary,no,6012,yes,no,cellular,12,may,33,3,2,no
57,technician,married,secondary,no,,yes,no,,30,may,352,3,0,no
57,blue-collar,married,primary,no,10431,yes,yes,,6,may,383,1,0,no
28,services,single,secondary,no,5317,yes,no,,16,may,21,3,0,no
30,technician,single,secondary,no,9787,yes,no,cellular,18,nov,266,1,2,no
28,blue-collar,married,secondary,no,5225,yes,yes,,7,may,866,2,0,no
45,services,divorced,primary,no,8854,yes,no,,20,jun,,3,0,no
29,services,divorced,secondary,no,5092,yes,no,cellular,7,may,240,1,0,no
42,blue-collar,married,primary,no,4990,yes,no,,9,may,291,4,0,no
31,blue-collar,married,secondary,no,4383,yes,no,,2,jun,115,2,0,no
59,housemaid,divorced,primary,no,5195,no,no,,5,may,366,2,0,no
41,blue-collar,married,primary,no,6172,yes,no,,15,may,153,1,0,no
57,housemaid,married,secondary,no,5000,no,no,cellular,22,aug,197,2,0,no
43,services,divorced,secondary,no,5000,no,no,cellular,31,jul,106,4,0,no
30,services,divorced,secondary,no,4906,yes,no,cellular,14,jul,41,2,0,no
26,admin.,single,secondary,no,5609,no,no,telephone,28,jan,112,1,0,no
52,management,single,tertiary,no,5004,no,yes,cellular,28,jul,30,9,0,no
32,entrepreneur,divorced,secondary,no,6121,yes,yes,cellular,16,apr,211,3,0,no
39,management,divorced,tertiary,no,5355,yes,no,cellular,25,aug,313,5,0,no
31,blue-collar,married,secondary,no,8653,yes,yes,cellular,21,nov,252,1,4,no
83,retired,divorced,primary,no,6097,no,no,telephone,5,mar,181,1,0,yes
34,management,married,tertiary,no,5436,no,yes,cellular,28,jul,118,4,0,no
40,blue-collar,married,secondary,no,9795,yes,no,cellular,17,apr,57,1,0,no
39,self-employed,married,secondary,no,5266,no,no,cellular,11,may,102,2,0,no
50,unemployed,married,secondary,no,8357,no,no,cellular,9,jun,239,4,0,yes
30,technician,married,tertiary,no,5101,yes,yes,cellular,7,jul,187,3,0,no
43,blue-collar,married,secondary,no,,yes,no,cellular,15,may,66,2,0,no
49,blue-collar,married,secondary,no,6568,no,no,,21,may,206,6,0,no
41,retired,single,primary,no,5000,no,no,cellular,8,may,239,1,2,no
35,blue-collar,married,secondary,no,5305,yes,no,cellular,18,may,,7,25,no
57,retired,married,tertiary,no,5031,no,no,cellular,19,aug,260,2,0,no
29,entrepreneur,married,secondary,no,5452,yes,no,,27,may,,1,0,no
48,admin.,married,secondary,no,5005,yes,no,,7,may,697,2,0,no
38,entrepreneur,divorced,tertiary,no,12929,no,no,cellular,8,jul,182,3,0,no
41,entrepreneur,married,primary,no,5039,yes,no,cellular,21,nov,549,2,0,yes
39,housemaid,married,primary,no,5267,no,no,,9,jun,1151,5,0,no
31,management,married,tertiary,no,9945,no,no,cellular,11,aug,445,1,0,no
51,technician,married,secondary,no,5463,yes,no,,13,may,213,5,0,no
35,unemployed,single,secondary,no,7116,yes,no,cellular,13,may,409,2,0,no
45,admin.,divorced,secondary,no,5059,yes,no,cellular,24,jul,873,8,0,yes
28,blue-collar,married,secondary,no,5131,yes,no,,12,may,147,5,0,no
57,retired,married,secondary,no,5107,no,no,cellular,14,jul,85,2,0,no
36,unemployed,married,secondary,no,4965,no,no,cellular,30,jan,339,3,0,no
49,technician,married,primary,no,5230,yes,no,,8,may,96,1,0,no
34,management,single,tertiary,no,7679,yes,no,cellular,7,may,195,1,0,no
65,retired,married,primary,no,5493,no,no,cellular,16,oct,622,1,1,no
26,services,single,secondary,no,5256,yes,no,cellular,4,may,101,2,0,no
52,blue-collar,married,primary,no,4867,no,no,,5,jun,96,2,0,no
32,blue-collar,single,secondary,no,5811,yes,no,cellular,14,may,563,1,0,yes
33,unemployed,married,tertiary,no,5302,yes,yes,cellular,16,apr,670,1,0,no
43,management,married,tertiary,no,8529,yes,no,cellular,4,aug,190,3,0,no
26,technician,single,tertiary,no,5075,yes,yes,,19,may,351,1,0,no
45,technician,married,secondary,no,5999,yes,no,cellular,20,nov,215,6,2,no
30,management,single,tertiary,no,12845,yes,no,,3,jun,59,1,0,no
37,services,divorced,primary,no,5260,yes,no,cellular,17,apr,446,2,0,no
45,management,single,tertiary,no,7048,yes,no,cellular,18,oct,310,1,1,yes
34,management,married,tertiary,no,6557,yes,yes,,13,may,213,1,0,no
35,services,married,secondary,no,5505,yes,yes,,27,may,371,2,0,no
41,admin.,married,tertiary,no,6536,no,no,cellular,4,may,54,2,0,no
42,self-employed,married,tertiary,no,5000,no,no,cellular,8,aug,118,6,0,no
48,blue-collar,married,,no,5439,yes,no,cellular,2,feb,212,1,2,no
45,management,married,primary,no,5044,no,no,,11,jun,81,1,0,no
47,management,married,tertiary,no,5295,yes,no,cellular,5,aug,157,1,0,no
37,blue-collar,married,primary,no,5190,yes,yes,,8,may,194,1,0,no
32,management,married,secondary,no,8935,yes,no,,29,may,129,2,0,no
40,management,married,tertiary,no,4983,yes,yes,cellular,11,may,474,1,1,yes
35,technician,single,secondary,no,5175,yes,no,cellular,29,jan,219,1,1,no
31,technician,single,secondary,no,9888,yes,no,telephone,5,may,475,4,2,no
36,technician,single,tertiary,no,5040,no,no,cellular,26,aug,359,3,0,no
44,management,married,tertiary,no,9460,no,no,telephone,31,jul,168,2,0,no
52,admin.,divorced,secondary,no,5098,no,yes,,19,jun,148,1,0,no
28,student,single,secondary,no,5330,no,no,telephone,2,feb,197,1,0,no
45,blue-collar,married,primary,no,,no,no,,11,jun,42,2,0,no
38,management,married,tertiary,no,,no,no,,17,jun,118,3,0,no
39,blue-collar,married,primary,no,6506,yes,no,cellular,11,may,299,2,0,no
28,management,single,tertiary,no,5000,no,no,telephone,27,may,198,2,0,no
31,technician,single,secondary,no,5775,no,no,cellular,2,feb,361,1,0,no
46,blue-collar,married,primary,no,5258,yes,no,,27,may,217,1,0,no
22,student,single,secondary,no,5246,yes,no,telephone,12,may,25,1,0,no
49,blue-collar,single,primary,no,7146,yes,no,cellular,7,may,,2,2,yes
44,unemployed,married,secondary,no,5304,yes,no,,12,may,129,2,0,no
31,self-employed,single,secondary,no,5360,yes,no,,26,may,592,4,0,no
53,blue-collar,married,primary,no,8316,yes,no,,23,may,331,6,0,no
55,management,married,tertiary,no,11880,no,no,cellular,8,aug,353,2,0,no
35,technician,married,secondary,no,7189,no,no,cellular,19,nov,256,3,0,no
35,blue-collar,married,secondary,no,10304,yes,no,cellular,20,nov,340,1,2,no
37,management,single,tertiary,no,5102,yes,no,cellular,21,aug,101,2,0,no
50,blue-collar,married,secondary,no,5181,yes,no,cellular,17,apr,599,2,0,no
37,management,married,primary,no,8953,yes,no,cellular,6,apr,610,2,1,no
37,blue-collar,single,primary,no,11969,yes,no,,20,may,412,1,0,no
29,management,single,tertiary,no,5572,no,no,cellular,16,dec,314,1,1,yes
31,admin.,single,secondary,no,5223,yes,no,cellular,17,apr,508,1,11,no
40,technician,married,secondary,no,4604,yes,no,,26,may,127,1,0,no
47,services,divorced,secondary,no,5164,no,no,,5,may,212,1,0,no
55,self-employed,married,secondary,no,7678,no,yes,cellular,18,aug,151,12,0,no
33,technician,single,secondary,no,5920,yes,no,cellular,21,nov,58,1,4,no
53,services,divorced,secondary,no,9554,no,no,cellular,5,feb,,6,0,no
38,management,single,tertiary,no,5623,no,no,cellular,28,jun,297,4,4,yes
61,management,married,secondary,no,5967,no,no,cellular,20,aug,180,1,0,no
43,unemployed,divorced,secondary,no,6577,yes,no,cellular,19,nov,87,1,0,no
42,housemaid,married,primary,no,5001,yes,no,telephone,28,jul,59,5,0,no
36,management,divorced,tertiary,no,5000,no,no,cellular,28,aug,81,4,0,no
31,technician,single,tertiary,no,6166,yes,no,,3,jun,207,1,0,no
59,management,married,,no,8534,no,no,cellular,21,nov,216,4,0,no
29,blue-collar,married,primary,no,5200,yes,no,,30,may,322,2,0,no
33,technician,married,secondary,no,9790,yes,no,cellular,20,apr,137,1,2,no
44,blue-collar,married,primary,no,4763,yes,no,telephone,10,jul,73,1,0,no
43,blue-collar,married,secondary,no,6335,yes,no,,6,may,371,2,0,no
42,management,married,tertiary,no,5603,yes,no,cellular,5,nov,298,5,0,no
32,management,single,tertiary,no,5577,no,no,cellular,7,aug,101,2,0,no
43,management,married,tertiary,no,5000,yes,no,cellular,17,nov,110,1,0,no
39,admin.,single,secondary,no,5163,yes,no,cellular,30,jan,107,2,0,no
23,blue-collar,married,primary,no,6158,yes,no,cellular,16,apr,743,1,0,no
43,services,married,secondary,no,5642,no,no,cellular,31,jul,644,2,0,no
46,admin.,married,secondary,no,5466,yes,no,cellular,29,jan,169,1,0,no
31,technician,married,secondary,no,5119,yes,no,cellular,4,feb,380,1,0,no
38,management,married,tertiary,no,8436,no,no,cellular,21,nov,663,4,0,yes
53,blue-collar,married,primary,no,5238,yes,no,cellular,11,may,238,2,5,no
37,blue-collar,married,primary,no,5378,yes,no,,9,may,514,1,0,no
49,entrepreneur,divorced,secondary,no,5032,no,no,cellular,5,feb,128,1,0,no
31,unemployed,single,secondary,no,5315,no,no,cellular,30,jan,130,1,1,no
45,management,married,tertiary,no,11945,no,no,cellular,5,aug,131,5,3,no
58,admin.,married,secondary,no,8496,yes,no,,2,jun,111,4,0,no
35,blue-collar,single,secondary,no,5000,yes,no,cellular,16,apr,169,1,0,no
32,technician,single,secondary,no,5309,yes,yes,cellular,16,apr,346,1,3,no
28,technician,single,tertiary,no,5000,yes,no,,4,jun,205,6,0,no
26,technician,single,secondary,no,5668,yes,no,,28,may,576,3,0,yes
48,management,married,tertiary,no,6175,yes,no,telephone,18,nov,1476,3,0,no
30,blue-collar,single,secondary,no,5363,no,no,cellular,28,jul,171,3,0,no
31,entrepreneur,single,tertiary,no,5038,no,no,cellular,20,nov,185,2,0,no
31,management,married,tertiary,no,6183,yes,no,,27,may,676,6,0,no
45,blue-collar,divorced,primary,no,5942,no,no,cellular,21,nov,,1,0,no
38,admin.,married,secondary,no,9196,yes,no,cellular,12,may,193,2,0,no
34,management,married,tertiary,no,5297,yes,no,cellular,26,aug,63,4,0,no
42,services,married,secondary,no,4909,yes,yes,cellular,5,feb,43,1,0,no
60,self-employed,married,primary,no,5362,no,yes,cellular,29,jul,816,6,0,yes
42,blue-collar,single,secondary,no,6080,yes,yes,cellular,13,may,951,3,4,yes
32,admin.,single,secondary,no,5620,yes,no,,26,may,1234,3,0,yes
42,unemployed,divorced,tertiary,no,4834,no,no,cellular,29,aug,85,4,0,no
33,services,married,secondary,no,5288,yes,no,cellular,17,apr,306,1,0,no
42,admin.,married,,no,5642,yes,yes,,16,may,509,2,0,no
51,technician,married,tertiary,no,7506,no,no,cellular,30,nov,210,3,0,no
36,technician,divorced,secondary,no,5566,yes,no,,20,may,129,2,0,no
46,blue-collar,married,secondary,no,5668,yes,no,,15,may,1263,2,0,yes
40,blue-collar,married,secondary,no,6100,yes,no,,29,may,660,2,0,no
49,blue-collar,married,secondary,no,5322,no,no,cellular,14,aug,356,2,0,no
38,blue-collar,married,secondary,no,6205,yes,no,cellular,20,apr,45,4,1,no
32,services,single,secondary,no,5473,yes,no,cellular,7,jul,624,5,0,no
33,services,married,secondary,no,4667,yes,no,cellular,30,jul,329,5,0,no
57,self-employed,married,tertiary,yes,,yes,yes,,9,may,153,1,0,no
57,technician,married,secondary,no,5295,no,no,cellular,19,aug,151,11,0,no
28,blue-collar,married,secondary,no,6137,no,no,cellular,6,feb,129,4,3,no
44,entrepreneur,single,tertiary,no,6136,yes,yes,cellular,3,apr,345,2,7,no
