"Marca temporal","¿Qué grupo te envió la encuesta?","1. Sexo","2. ¿Cuál es tu peso actual (kg)? ","3. ¿Cuál es tu estatura en metros? ","4. Edad en años cumplidos","5. Carrera universitaria","6. Ciclo académico","7. ¿En cuántos cursos te encuentras matriculado actualmente?","8. Considerando los últimos 7 días, ¿Cuántas horas en total a la semana dedicaste a realizar actividad física (deporte, gimnasio, caminatas intensas, etc.)?","9. ¿Cuántas horas al día en promedio dedico al estudio (de lunes a viernes) sin contar las horas de clases?","10. ¿Cuál de las siguientes opciones describe mejor tu alimentación actual?","11. ¿Cuántas comidas principales (ej. desayuno, almuerzo, cena) consumes habitualmente en un día?","12. ¿Cuántas veces a la semana consumes comidas rápidas con alto contenido calórico y grasas (pizzas, hamburguesas, papas fritas, pollo frito, hot dogs, tacos)?","13. ¿Cuántos días a la semana preparas tu propia comida en casa para traerla a la universidad? (donde 0 = ningún día, 6= de lunes a sábado)","14. ¿Cuántos días a la semana realizas actividad física? (0 = ningún día , 7 = todos los días (de lunes a domingo)","15. ¿Cómo calificarías tu nivel de actividad física semanal?","16. ¿Cómo calificarías la calidad de tu sueño en general?  ","17. ¿Cuántas horas duermes en promedio por noche?  Considerar desde el momento que se recuestan y dejan de usar los dispositivos móviles hasta que se despiertan.","18. ¿Cuántas veces al mes consumes alcohol?  ( 0 = ninguna vez, 1, 2, 3, … ) ","19. ¿Qué cantidad de desayuno consumes habitualmente?","20. ¿Cuántos días a la semana consumes bebidas energéticas? (0 = ningún día de la semana, 1, 2, …, 7)","21. Cuando consumes bebidas energéticas, ¿cuántas unidades tomas por día?","22. ¿Cómo calificarías tu nivel de consumo de café o bebidas energizantes para estudiar?","23. ¿Cuál es tu percepción del nivel de estrés?","24. ¿Cuántos litros de agua pura en promedio consumes al día? Ejemplo 1.5","25. ¿Qué actividades consideras te ayudan a disminuir el nivel de estrés?","26. ¿Cuál es el motivo principal por el que realizas actividad física?","27. Qué tipo de actividad física realizas con mayor frecuencia durante el ciclo académico 2026-I?","28. ¿Cómo percibes tu estado de salud general?  ","29. ¿Padeces alguna enfermedad crónica (diabetes, asma, etc.)?  ","30. ¿Aproximadamente cuántos soles gastas en promedio al mes en productos que consideras saludables?","31. ¿Con qué frecuencia se siente con energía para realizar sus actividades diarias?","32. ¿Considera que sus hábitos de alimentación influyen en su estado de salud?","33. ¿Considera que dormir pocas horas afecta su bienestar físico y mental?","34. ¿Con qué frecuencia se siente emocionalmente bien?"
"2026/04/22 7:49:15 p.m. GMT-5","8","Masculino","60","1.60","19","Ingeniería, Tecnología y Construcción.","2","7","8","2","Omnívora: Consume alimentos de origen animal y vegetal.","4","3","4","2","Bajo","Mala","6","0","3","0","0","4","2","1.5","Dormir más horas que lo habitual","Recreación y socialización con amigos.","Deportes colectivos (futbol, basket, vóley).","Regular","No","20","Rara vez","Bastante","Regular","Rara vez"
"2026/04/22 7:53:56 p.m. GMT-5","8","Masculino","65","1.72","20","Ingeniería, Tecnología y Construcción.","5","5","5","13","Omnívora: Consume alimentos de origen animal y vegetal.","3","3","2","5","Alto","Buena","7","2","3","0","1","0","2","3","Realizar actividad física","Recreación y socialización con amigos.","Anaeróbica (pesas, entrenamiento de fuerza).","Buena","No","10","Frecuentemente","Bastante","Bastante","Frecuentemente"
"2026/04/22 7:56:26 p.m. GMT-5","5","Masculino","68","1.64","20","Ingeniería, Tecnología y Construcción.","3","6","4","4","Omnívora: Consume alimentos de origen animal y vegetal.","4","1","4","4","Regular","Regular","7","0","3","0","0","0","3","3","Realizar actividad física","Mejora del rendimiento físico / Estética.","Anaeróbica (pesas, entrenamiento de fuerza).","Regular","No","100","A veces","Regular","Regular","Frecuentemente"
"2026/04/22 7:59:53 p.m. GMT-5","8","Masculino","62","1.75","19","Ingeniería, Tecnología y Construcción.","5","5","1","2","Omnívora: Consume alimentos de origen animal y vegetal.","4","3","2","2","Bajo","Buena","7","2","3","0","1","3","2","1","Jugar videojuegos","Recreación y socialización con amigos.","Aeróbica (correr, nadar, bicicleta).","Regular","Sí","0","A veces","Poco","Bastante","Frecuentemente"
"2026/04/22 8:17:54 p.m. GMT-5","5","Masculino","60","1.62","20","Ciencias de la Salud.","7","6","2","4","Omnívora: Consume alimentos de origen animal y vegetal.","3","3","0","1","Alto","Regular","6","4","3","0","0","0","3","1.5","Salir a pasear o conversar con mis amigos","Mejora del rendimiento físico / Estética.","Mixta.","Buena","No","10","Rara vez","Regular","Bastante","A veces"
"2026/04/22 8:20:32 p.m. GMT-5","5","Femenino","65","1.58","18","Ciencias Sociales y Derecho.","3","8","4","7.5","Omnívora: Consume alimentos de origen animal y vegetal.","2","2","1","4","Regular","Mala","6","0","2","0","0","0","2","1","Salir a pasear o conversar con mis amigos","Recreación y socialización con amigos.","Aeróbica (correr, nadar, bicicleta).","Regular","No","10","A veces","Bastante","Bastante","A veces"
"2026/04/22 8:23:06 p.m. GMT-5","8","Masculino","54","1.64","17","Ingeniería, Tecnología y Construcción.","3","6","1","6","Flexitariana: Es una dieta principalmente vegetariana, pero que permite el consumo ocasional de carne o pescado.","3","5","3","0","Bajo","Regular","6","0","2","1","0","1","2","1","Dormir más horas que lo habitual","Reducción de estrés y ansiedad","Aeróbica (correr, nadar, bicicleta).","Regular","No","20","Rara vez","Regular","Bastante","A veces"
"2026/04/22 8:23:21 p.m. GMT-5","5","Masculino","65","1.82","18","Ingeniería, Tecnología y Construcción.","2","6","6","5","Omnívora: Consume alimentos de origen animal y vegetal.","3","5","0","4","Regular","Mala"," 7","6","1","3","1","2","3"," 2","Jugar videojuegos","Mejora del rendimiento físico / Estética.","Deportes colectivos (futbol, basket, vóley).","Regular","No","20","A veces","Poco","Bastante","Frecuentemente"
"2026/04/22 8:25:12 p.m. GMT-5","8","Femenino","49","1.53","18","Ingeniería, Tecnología y Construcción.","3","5","2","6","Omnívora: Consume alimentos de origen animal y vegetal.","2","3","0","3","Regular","Regular","6","0","4","6","1","3","4","1","Otros motivos","Recreación y socialización con amigos.","No realizo actividad física.","Mala","No","0","Nunca","Bastante","Bastante","Rara vez"
"2026/04/22 8:25:12 p.m. GMT-5","8","Femenino","49","1.58","18","Ingeniería, Tecnología y Construcción.","3","5","5","15","Flexitariana: Es una dieta principalmente vegetariana, pero que permite el consumo ocasional de carne o pescado.","4","3","1","5","Regular","Muy mala","5","1","1","3","1","3","2","2","Salir a pasear o conversar con mis amigos","Reducción de estrés y ansiedad","Mixta.","Regular","No","100","Nunca","Bastante","Poco","Frecuentemente"
"2026/04/22 8:33:11 p.m. GMT-5","5","Masculino","72","1.70 ","18 ","Ciencias Sociales y Derecho.","3","6","2 ","4 ","Omnívora: Consume alimentos de origen animal y vegetal.","3 ","1 ","2 ","3 ","Regular","Regular","5 ","0","4","1","0","4","4","2 ","Salir a pasear o conversar con mis amigos","Recreación y socialización con amigos.","Aeróbica (correr, nadar, bicicleta).","Regular","No","100 ","Siempre","Bastante","Bastante","A veces"
"2026/04/22 8:35:42 p.m. GMT-5","5","Femenino","50","1.58","18","Ciencias Sociales y Derecho.","3","7","1","1","Omnívora: Consume alimentos de origen animal y vegetal.","3","1","0","0","Bajo","Regular","6","1","3","0","0","1","1","3","Salir a pasear o conversar con mis amigos","Mejora del rendimiento físico / Estética.","No realizo actividad física.","Buena","No","40","Frecuentemente","Muy poco","Regular","Frecuentemente"
"2026/04/22 8:38:59 p.m. GMT-5","5","Masculino","80","1.68","20","Ingeniería, Tecnología y Construcción.","3","6","2","2.5","Omnívora: Consume alimentos de origen animal y vegetal.","3","3","0","4","Regular","Regular","6","0","3","3","2","2","2","2.0","Salir a pasear o conversar con mis amigos","Mejora del rendimiento físico / Estética.","Anaeróbica (pesas, entrenamiento de fuerza).","Regular","No","100","Frecuentemente","Regular","Bastante","Frecuentemente"
"2026/04/22 8:39:21 p.m. GMT-5","5","Masculino","74","1.72","18","Ciencias de la Salud.","1","6","2","2.5","Omnívora: Consume alimentos de origen animal y vegetal.","3","1","0","5","Regular","Regular","9","0","2","0","1","0","1","1.8","Realizar actividad física","Mejora del rendimiento físico / Estética.","Anaeróbica (pesas, entrenamiento de fuerza).","Regular","No","200","Nunca","Poco","Bastante","Rara vez"
"2026/04/22 8:43:19 p.m. GMT-5","5","Masculino","82","1.71","25","Ciencias de la Salud.","3","6","3 ","4","Omnívora: Consume alimentos de origen animal y vegetal.","3","1","6","2","Regular","Muy mala","5","0","1","1","0","0","3","2","Realizar actividad física","Mejora del rendimiento físico / Estética.","Deportes colectivos (futbol, basket, vóley).","Regular","No","30","A veces","Bastante","Bastante","A veces"
"2026/04/22 8:49:11 p.m. GMT-5","5","Femenino","65","1.63","19","Ciencias Sociales y Derecho.","5","6","1","2","Omnívora: Consume alimentos de origen animal y vegetal.","3","1","4 ","0","Muy bajo","Mala","6","0","3","0","0","0","1","2.5","Salir a pasear o conversar con mis amigos","Salud general y recomendación médica.","No realizo actividad física.","Regular","Sí","50","Frecuentemente","Regular","Bastante","Frecuentemente"
"2026/04/22 8:50:13 p.m. GMT-5","5","Masculino","83","1.73","18","Ingeniería, Tecnología y Construcción.","3","6","2","4","Omnívora: Consume alimentos de origen animal y vegetal.","3","1","0","1","Bajo","Mala","6","0","3","0","0","0","3","1","Jugar videojuegos","Salud general y recomendación médica.","Mixta.","Mala","No","10","A veces","Bastante","Bastante","Rara vez"
"2026/04/22 8:54:18 p.m. GMT-5","8","Femenino","67","1.68","19","Ingeniería, Tecnología y Construcción.","3","5","5","10","Omnívora: Consume alimentos de origen animal y vegetal.","2","2","1","2","Bajo","Regular","6","1","1","0","0","2","2","2","Salir a pasear o conversar con mis amigos","Recreación y socialización con amigos.","Anaeróbica (pesas, entrenamiento de fuerza).","Buena","No","30","Frecuentemente","Bastante","Bastante","Frecuentemente"
"2026/04/22 8:56:18 p.m. GMT-5","5","Masculino","70","1.75","20","Ingeniería, Tecnología y Construcción.","3","5","2","8","Omnívora: Consume alimentos de origen animal y vegetal.","2","1","0","1","Bajo","Mala","6","0","0","0","0","0","2","2.5","Realizar actividad física","Reducción de estrés y ansiedad","No realizo actividad física.","Regular","No","100","A veces","Regular","Regular","A veces"
"2026/04/22 9:01:11 p.m. GMT-5","5","Femenino","58","1.65","18","Ciencias Sociales y Derecho.","3","8","2","4.5","Vegetariana: Excluye carne y pescado.","2","2","6","7","Regular","Muy mala","6","1","3","2","2","2","3","1","Jugar videojuegos","Mejora del rendimiento físico / Estética.","Aeróbica (correr, nadar, bicicleta).","Regular","No","20","A veces","Bastante","Bastante","Siempre"
"2026/04/22 9:02:33 p.m. GMT-5","5","Masculino","52","1.65","18","Ingeniería, Tecnología y Construcción.","3","6","1","1","Omnívora: Consume alimentos de origen animal y vegetal.","3","1","0","0","Muy bajo","Regular","6","1","2","0","0","0","2","1","Jugar videojuegos","Salud general y recomendación médica.","No realizo actividad física.","Buena","No","0","A veces","Bastante","Bastante","Siempre"
"2026/04/22 9:11:05 p.m. GMT-5","9","Masculino","70","1.7","25","Ingeniería, Tecnología y Construcción.","8","5","2.5","4","Omnívora: Consume alimentos de origen animal y vegetal.","3","1","0","5","Regular","Mala","6","2","3","0","0","0","1","2","Jugar videojuegos","Salud general y recomendación médica.","Mixta.","Regular","No","0","A veces","Regular","Bastante","Frecuentemente"
"2026/04/22 9:11:43 p.m. GMT-5","9","Femenino","55","1.52","18","Ingeniería, Tecnología y Construcción.","3","6","3","2","Omnívora: Consume alimentos de origen animal y vegetal.","3","4","4","3","Regular","Buena","6","0","2","0","0","0","3","1","Dormir más horas que lo habitual","Reducción de estrés y ansiedad","Aeróbica (correr, nadar, bicicleta).","Regular","No","50","A veces","Poco","Bastante","Frecuentemente"
"2026/04/22 9:14:40 p.m. GMT-5","5","Femenino","60","1.6","19","Administración, Negocios y Contabilidad.","3","6","6","3","Omnívora: Consume alimentos de origen animal y vegetal.","2","1","0","4","Regular","Mala","5","1","3","3","1","2","2","1","Dormir más horas que lo habitual","Mejora del rendimiento físico / Estética.","Anaeróbica (pesas, entrenamiento de fuerza).","Regular","No","50","Frecuentemente","Bastante","Bastante","Frecuentemente"
"2026/04/22 9:15:32 p.m. GMT-5","9","Masculino","85","1.85","25","Ingeniería, Tecnología y Construcción.","7","6","4","8","Omnívora: Consume alimentos de origen animal y vegetal.","2","3","2","3","Regular","Regular","5","3","2","0","0","3","3","3","Jugar videojuegos","Mejora del rendimiento físico / Estética.","Mixta.","Regular","No","30","A veces","Bastante","Bastante","Frecuentemente"
"2026/04/22 9:16:53 p.m. GMT-5","5","Femenino","60","1.58","22","Ciencias de la Salud.","3","7 ","1.0","2.00","Flexitariana: Es una dieta principalmente vegetariana, pero que permite el consumo ocasional de carne o pescado.","2 ","2","0","2","Muy bajo","Muy mala","5 ","0","1","0","0","0","3","1","Salir a pasear o conversar con mis amigos","Reducción de estrés y ansiedad","Aeróbica (correr, nadar, bicicleta).","Regular","Sí","40","Rara vez","Bastante","","A veces"
"2026/04/22 9:19:32 p.m. GMT-5","8","Masculino","62","1.68","29","Humanidades, Artes y Educación.","4","7","2","6","Omnívora: Consume alimentos de origen animal y vegetal.","4","1","0","0","Muy bajo","Regular","6","4","3","0","0","1","3","2","Realizar actividad física","Mejora del rendimiento físico / Estética.","Mixta.","Buena","No","0","Frecuentemente","Regular","Bastante","Frecuentemente"
"2026/04/22 9:21:32 p.m. GMT-5","9","Masculino","71","1.69","24","Ingeniería, Tecnología y Construcción.","7","6","3","6","Omnívora: Consume alimentos de origen animal y vegetal.","3","1","0","2","Bajo","Mala","6","2","1","1","1","0","2","1","Jugar videojuegos","Recreación y socialización con amigos.","Deportes colectivos (futbol, basket, vóley).","Regular","No","10","A veces","Bastante","Bastante","Rara vez"
"2026/04/22 9:23:00 p.m. GMT-5","9","Femenino","68","1.60 ","19","Ciencias Exactas y Ambientales.","1","5","8","5","Omnívora: Consume alimentos de origen animal y vegetal.","3","2","2","5","Regular","Regular","6","0","3","0","0","1","3","2","Jugar videojuegos","Recreación y socialización con amigos.","Mixta.","Buena","No","5","Rara vez","Bastante","Bastante","Frecuentemente"
"2026/04/22 9:26:48 p.m. GMT-5","5","Femenino","55","1.70","19","Humanidades, Artes y Educación.","5","3","1","3","Omnívora: Consume alimentos de origen animal y vegetal.","3","2","0","5","Bajo","Regular","7","0","3","0","0","1","4","1","Salir a pasear o conversar con mis amigos","Recreación y socialización con amigos.","No realizo actividad física.","Regular","No","50","A veces","Regular","Regular","Frecuentemente"
"2026/04/22 9:28:10 p.m. GMT-5","5","Femenino","75","1.63","18","Ciencias Sociales y Derecho.","3","5","1.50","5","Flexitariana: Es una dieta principalmente vegetariana, pero que permite el consumo ocasional de carne o pescado.","3","3","0","0","Muy bajo","Muy mala","2","0","2","0","0","0","2","1.50","Salir a pasear o conversar con mis amigos","Recreación y socialización con amigos.","No realizo actividad física.","Regular","Sí","20 ","Rara vez","Nunca","Regular","Frecuentemente"
"2026/04/22 9:32:09 p.m. GMT-5","5","Femenino","65","1.60","18","Humanidades, Artes y Educación.","3","7","1","2","Omnívora: Consume alimentos de origen animal y vegetal.","2","1","0","0","Muy bajo","Mala","7","1","0","0","0","1","3","1","Jugar videojuegos","Recreación y socialización con amigos.","No realizo actividad física.","Mala","Sí","50","Rara vez","Regular","Bastante","Rara vez"
"2026/04/22 9:33:04 p.m. GMT-5","5","Femenino","65","1.58","25","Ciencias de la Salud.","3","7","1 ","5","Omnívora: Consume alimentos de origen animal y vegetal.","3","1","0","0","Muy bajo","Muy buena","8","0","3","0","0","0","4","2.5 ","Salir a pasear o conversar con mis amigos","Reducción de estrés y ansiedad","No realizo actividad física.","Regular","No","50","Frecuentemente","Bastante","Bastante","Frecuentemente"
"2026/04/22 9:35:43 p.m. GMT-5","9","Masculino","56","1.70","18","Ingeniería, Tecnología y Construcción.","1","6 ","2 ","6","Omnívora: Consume alimentos de origen animal y vegetal.","2","1","7","2","Regular","Buena","6","2","2","0","0","2","1","2","Realizar actividad física","Mejora del rendimiento físico / Estética.","Deportes colectivos (futbol, basket, vóley).","Regular","No","250","A veces","Bastante","Bastante","A veces"
"2026/04/22 9:38:19 p.m. GMT-5","5","Masculino","61","1.66","19","Ingeniería, Tecnología y Construcción.","5","5","7","4","Omnívora: Consume alimentos de origen animal y vegetal.","3","1","2","4","Alto","Mala","7","4","1","2","1","0","3","2.5","Realizar actividad física","Mejora del rendimiento físico / Estética.","Mixta.","Regular","No","50","A veces","Poco","Regular","A veces"
"2026/04/22 9:39:40 p.m. GMT-5","5","Femenino","62","1.64","19","Humanidades, Artes y Educación.","1","6","1","4","Omnívora: Consume alimentos de origen animal y vegetal.","3","2","0","1","Bajo","Buena","7","0","3","0","0","2","2","1","Salir a pasear o conversar con mis amigos","Mejora del rendimiento físico / Estética.","Aeróbica (correr, nadar, bicicleta).","Regular","No","0","A veces","Regular","Bastante","Frecuentemente"
"2026/04/22 9:42:41 p.m. GMT-5","9","Femenino","69","1.68","20","Ingeniería, Tecnología y Construcción.","3","5","5","3","Omnívora: Consume alimentos de origen animal y vegetal.","3","1","0","1","Bajo","Regular","4","0","3","0","0","3","3","1","Ir de compras","Mejora del rendimiento físico / Estética.","Anaeróbica (pesas, entrenamiento de fuerza).","Buena","No","150","A veces","Bastante","Bastante","Frecuentemente"
"2026/04/22 9:47:16 p.m. GMT-5","9","Femenino","50","1.54","19","Humanidades, Artes y Educación.","1","6","2.5","5.5","Vegetariana: Excluye carne y pescado.","3","2","0","3","Regular","Regular","6","0","2","1","1","1","3","1","Jugar videojuegos","Reducción de estrés y ansiedad","Deportes colectivos (futbol, basket, vóley).","Regular","No","100","Rara vez","Poco","Bastante","A veces"
"2026/04/22 9:50:42 p.m. GMT-5","5","Femenino","61","1.60","17","Humanidades, Artes y Educación.","1","6","2","2 ","Omnívora: Consume alimentos de origen animal y vegetal.","3","1","0","2","Regular","Regular","4","0","2","0","0","0","4","1","Ir de compras","Mejora del rendimiento físico / Estética.","Anaeróbica (pesas, entrenamiento de fuerza).","Regular","No","0","Frecuentemente","Regular","Bastante","A veces"
"2026/04/22 9:51:16 p.m. GMT-5","9","Masculino","89","1.76","20","Ciencias de la Salud.","10","6","1.5","3","Omnívora: Consume alimentos de origen animal y vegetal.","2","3","0","2","Bajo","Regular","7 ","0","0","3","3","4","3","2","Dormir más horas que lo habitual","Reducción de estrés y ansiedad","Deportes colectivos (futbol, basket, vóley).","Regular","No","20","A veces","Bastante","Bastante","A veces"
"2026/04/22 10:00:53 p.m. GMT-5","9","Masculino","61","1.62","26","Ingeniería, Tecnología y Construcción.","9","5","1","8","Omnívora: Consume alimentos de origen animal y vegetal.","3","1","6","1","Bajo","Mala","6","0","3","0","0","0","3","1","Salir a pasear o conversar con mis amigos","Mejora del rendimiento físico / Estética.","Aeróbica (correr, nadar, bicicleta).","Buena","No","50","Siempre","Bastante","Poco","Frecuentemente"
"2026/04/22 10:01:04 p.m. GMT-5","5","Masculino","68","1.64","18","Ciencias de la Salud.","3","6","1.5","2","Flexitariana: Es una dieta principalmente vegetariana, pero que permite el consumo ocasional de carne o pescado.","4","2","4","3","Regular","Regular","6","0","3","0","0","2","3","2","Dormir más horas que lo habitual","Mejora del rendimiento físico / Estética.","Aeróbica (correr, nadar, bicicleta).","Mala","No","40","Frecuentemente","Bastante","Bastante","A veces"
"2026/04/22 10:03:07 p.m. GMT-5","5","Masculino","70","1","17","Humanidades, Artes y Educación.","1","6","1.","1.","Omnívora: Consume alimentos de origen animal y vegetal.","3","1","6","0","Bajo","Regular","7 ","1","3","0","0","1","3","2.0","Salir a pasear o conversar con mis amigos","Mejora del rendimiento físico / Estética.","No realizo actividad física.","Regular","No","10","A veces","Bastante","Bastante","A veces"
"2026/04/22 10:06:00 p.m. GMT-5","5","Femenino","60","1.57","20","Ciencias de la Salud.","3","6","2","7","Omnívora: Consume alimentos de origen animal y vegetal.","3","1","3","2","Bajo","Regular","6","0","3","0","0","0","2","2 ","Dormir más horas que lo habitual","Reducción de estrés y ansiedad","Mixta.","Regular","No","30 ","A veces","Bastante","Bastante","Frecuentemente"
"2026/04/22 10:06:24 p.m. GMT-5","8","Femenino","66","1.64","20","Administración, Negocios y Contabilidad.","3","6","2","5","Omnívora: Consume alimentos de origen animal y vegetal.","3","2","0","2","Regular","Regular","8","0","4","0","0","1","3","2","Salir a pasear o conversar con mis amigos","Recreación y socialización con amigos.","Mixta.","Regular","No","50","Frecuentemente","Regular","Bastante","Frecuentemente"
"2026/04/22 10:17:10 p.m. GMT-5","8","Masculino","67","1.71","17","Ingeniería, Tecnología y Construcción.","1","6","10","1","Omnívora: Consume alimentos de origen animal y vegetal.","3","1","2","5","Regular","Regular","8","0","3","0","0","1","2","2.5","Salir a pasear o conversar con mis amigos","Mejora del rendimiento físico / Estética.","Deportes colectivos (futbol, basket, vóley).","Buena","No","300","Frecuentemente","Bastante","Bastante","Frecuentemente"
"2026/04/22 10:21:28 p.m. GMT-5","5","Masculino","83","1.73","21","Ingeniería, Tecnología y Construcción.","6","5","4","2","Omnívora: Consume alimentos de origen animal y vegetal.","2","2","0","4","Regular","Mala","7","0","0","0","0","4","4","2","Dormir más horas que lo habitual","Mejora del rendimiento físico / Estética.","Anaeróbica (pesas, entrenamiento de fuerza).","Buena","No","100","Frecuentemente","Bastante","Bastante","A veces"
"2026/04/22 10:22:26 p.m. GMT-5","5","Masculino","70","1.65","20","Ingeniería, Tecnología y Construcción.","9","5","3","0","Omnívora: Consume alimentos de origen animal y vegetal.","3","4","0","1","Muy bajo","Regular","5","5","3","0","1","0","2","3.5","Jugar videojuegos","Mejora del rendimiento físico / Estética.","Mixta.","Regular","No","10","Nunca","Nunca","Muy poco","Rara vez"
"2026/04/22 10:25:49 p.m. GMT-5","5","Femenino","51","1.59","18","Administración, Negocios y Contabilidad.","1","7","2","2.30","Omnívora: Consume alimentos de origen animal y vegetal.","4","3","5","2","Bajo","Regular","8","0","3","0","0","0","3","1.5","Realizar actividad física","Salud general y recomendación médica.","Deportes colectivos (futbol, basket, vóley).","Buena","No","60","Frecuentemente","Regular","Regular","Frecuentemente"
"2026/04/22 10:27:18 p.m. GMT-5","5","Femenino","68","1.66","21","Ciencias Sociales y Derecho.","7","7","1","5","Omnívora: Consume alimentos de origen animal y vegetal.","3","4","0","0","Muy bajo","Regular","8","2","3","0","0","1","3","2","Salir a pasear o conversar con mis amigos","Salud general y recomendación médica.","Deportes colectivos (futbol, basket, vóley).","Regular","Sí","0","A veces","Regular","Bastante","Frecuentemente"
"2026/04/22 10:29:54 p.m. GMT-5","5","Masculino","76","1.77","19","Ingeniería, Tecnología y Construcción.","3","5","1","7","Omnívora: Consume alimentos de origen animal y vegetal.","2","3","0","0","Muy bajo","Muy mala","3","0","0","2","2","2","4","2","Salir a pasear o conversar con mis amigos","Reducción de estrés y ansiedad","No realizo actividad física.","Muy mala","No","0 ","Rara vez","Bastante","Bastante","Frecuentemente"
"2026/04/22 10:30:10 p.m. GMT-5","8","Masculino","55","1.64","17","Ingeniería, Tecnología y Construcción.","1","6","4","14","Omnívora: Consume alimentos de origen animal y vegetal.","3","1","5","4","Bajo","Regular","6","0","3","2","1","0","2","1.5","Jugar videojuegos","Mejora del rendimiento físico / Estética.","Aeróbica (correr, nadar, bicicleta).","Regular","No","15","Frecuentemente","Bastante","Bastante","Frecuentemente"
"2026/04/22 10:32:44 p.m. GMT-5","5","Femenino","55","1.58","19","Ingeniería, Tecnología y Construcción.","5","6","2","10","Omnívora: Consume alimentos de origen animal y vegetal.","1","1","0","2","Bajo","Muy mala","4","0","0","0","0","0","4","1","Dormir más horas que lo habitual","Salud general y recomendación médica.","Anaeróbica (pesas, entrenamiento de fuerza).","Regular","No","100","A veces","Bastante","Bastante","Siempre"
"2026/04/22 10:32:46 p.m. GMT-5","9","Masculino","82","1.74","23","Ingeniería, Tecnología y Construcción.","9","8","3","2","Omnívora: Consume alimentos de origen animal y vegetal.","4","6","7","3","Regular","Mala","5","2","3","0","0","0","1","2","Realizar actividad física","Mejora del rendimiento físico / Estética.","Deportes colectivos (futbol, basket, vóley).","Buena","No","200","Frecuentemente","Regular","Bastante","Frecuentemente"
"2026/04/22 10:34:07 p.m. GMT-5","8","Masculino","73","1.83","19","Ingeniería, Tecnología y Construcción.","3","5","5","6","Omnívora: Consume alimentos de origen animal y vegetal.","3","1","4","7","Regular","Regular","8","20","3","1","1","0","0","2.7","Jugar videojuegos","Mejora del rendimiento físico / Estética.","Deportes colectivos (futbol, basket, vóley).","Regular","Sí","1","A veces","Poco","Poco","A veces"
"2026/04/22 10:34:11 p.m. GMT-5","5","Femenino","100","1.50","22","Ingeniería, Tecnología y Construcción.","10","8","1.5","18","Omnívora: Consume alimentos de origen animal y vegetal.","3","8","2","2","Muy bajo","Regular","6","1","3","0","0","3","3","3","Salir a pasear o conversar con mis amigos","Salud general y recomendación médica.","Anaeróbica (pesas, entrenamiento de fuerza).","Mala","No","50","A veces","Bastante","Bastante","A veces"
"2026/04/22 10:34:17 p.m. GMT-5","5","Femenino","56","1.55","18 ","Ciencias Exactas y Ambientales.","3","2","1.5","2.00","Omnívora: Consume alimentos de origen animal y vegetal.","3","1","0","2","Muy bajo","Mala","4","0","2","2","1","4","3","2.00","Realizar actividad física","Reducción de estrés y ansiedad","Deportes colectivos (futbol, basket, vóley).","Mala","No","30","Rara vez","Bastante","Bastante","Rara vez"
"2026/04/22 10:42:16 p.m. GMT-5","8","Masculino","80","1.75","19","Administración, Negocios y Contabilidad.","5","4","1","1","Omnívora: Consume alimentos de origen animal y vegetal.","3","1","0","1","Bajo","Regular","5 ","1","3","7","2","4","3","2","Dormir más horas que lo habitual","Mejora del rendimiento físico / Estética.","Mixta.","Regular","No","10","A veces","Bastante","Bastante","A veces"
"2026/04/22 10:45:24 p.m. GMT-5","5","Femenino","55","1.55","23","Ciencias de la Salud.","9","8","1.5","15","Omnívora: Consume alimentos de origen animal y vegetal.","3","5","2","1","Muy bajo","Mala","5","1","2","0","0","0","3","2.5","Dormir más horas que lo habitual","Recreación y socialización con amigos.","No realizo actividad física.","Regular","No","15","A veces","Regular","Bastante","A veces"
"2026/04/22 10:46:10 p.m. GMT-5","5","Masculino","55","1.73","21","Ingeniería, Tecnología y Construcción.","6","5","1","3","Omnívora: Consume alimentos de origen animal y vegetal.","2","2","1","1","Bajo","Mala","7","0","0","0","0","4","3","2","Jugar videojuegos","Reducción de estrés y ansiedad","No realizo actividad física.","Regular","No","30","A veces","Regular","Regular","Frecuentemente"
"2026/04/22 10:46:43 p.m. GMT-5","9","Masculino","73","1.7","19","Ingeniería, Tecnología y Construcción.","5","5","2","8","Omnívora: Consume alimentos de origen animal y vegetal.","3","1","6","1","Alto","Buena","7","2","3","1","2","0","1","3","Otros motivos","Recreación y socialización con amigos.","Deportes colectivos (futbol, basket, vóley).","Buena","No","0","Frecuentemente","Bastante","Bastante",""
"2026/04/22 10:50:56 p.m. GMT-5","9","Femenino","80","1.65","25","Administración, Negocios y Contabilidad.","10","4","2","15","Frugívora/Frutariana: Basada principalmente en el consumo de frutas.","3","1","6","4","Alto","Regular","7","0","2","0","0","3","2","3","Realizar actividad física","Mejora del rendimiento físico / Estética.","Anaeróbica (pesas, entrenamiento de fuerza).","Muy buena","No","400","Frecuentemente","Poco","Bastante","Frecuentemente"
"2026/04/22 10:51:19 p.m. GMT-5","8","Femenino","56","1.55","20","Ingeniería, Tecnología y Construcción.","5","6","1","2","Omnívora: Consume alimentos de origen animal y vegetal.","3","2","1","0","Muy bajo","Muy mala","8","4","1","0","0","3","4","1.5","Dormir más horas que lo habitual","Mejora del rendimiento físico / Estética.","No realizo actividad física.","Regular","No","20","","Bastante","Bastante","A veces"
"2026/04/22 10:52:31 p.m. GMT-5","8","Masculino","71","1.73","19","Ingeniería, Tecnología y Construcción.","5","4","6","0.50","Omnívora: Consume alimentos de origen animal y vegetal.","2","3","0","2","Muy bajo","Muy mala","9","0","1","7","2","4","0","1","Jugar videojuegos","Salud general y recomendación médica.","No realizo actividad física.","Regular","No","0","Frecuentemente","Regular","Bastante","Siempre"
"2026/04/22 10:53:10 p.m. GMT-5","5","Femenino","56","1.54 ","21","Ciencias de la Salud.","9","8","7.5","4","Omnívora: Consume alimentos de origen animal y vegetal.","3","1","5","3","Regular","Regular","5 ","0","3","0","0","0","3","1","Realizar actividad física","Reducción de estrés y ansiedad","Mixta.","Buena","No","50","Frecuentemente","Bastante","Bastante","A veces"
"2026/04/22 11:01:18 p.m. GMT-5","8","Masculino","68","1.68","19","Ciencias Exactas y Ambientales.","5","5","4","3","Omnívora: Consume alimentos de origen animal y vegetal.","2","2","5","3","Regular","Regular","6","4","0","0","0","0","1","2.5","Dormir más horas que lo habitual","Mejora del rendimiento físico / Estética.","Deportes colectivos (futbol, basket, vóley).","Buena","No","0","Siempre","Bastante","Regular","Siempre"
"2026/04/22 11:01:30 p.m. GMT-5","8","Femenino","68","1.65","19","Ingeniería, Tecnología y Construcción.","5","6","1","8 ","Omnívora: Consume alimentos de origen animal y vegetal.","3","1","1","3","Alto","Mala","6","4","3","1","1","1","3","2","Realizar actividad física","Mejora del rendimiento físico / Estética.","Mixta.","Regular","No","100","A veces","Regular","Bastante","Frecuentemente"
"2026/04/22 11:02:36 p.m. GMT-5","5","Masculino","90","1.83","23","Ciencias de la Salud.","10","1","1","1","Omnívora: Consume alimentos de origen animal y vegetal.","3","3","0","3","Muy bajo","Regular","4","0","3","0","0","0","0","2","Jugar videojuegos","Mejora del rendimiento físico / Estética.","Anaeróbica (pesas, entrenamiento de fuerza).","Mala","No","30","Frecuentemente","Bastante","Muy poco","Siempre"
"2026/04/22 11:02:37 p.m. GMT-5","8","Masculino","70","1.70","19","Ingeniería, Tecnología y Construcción.","5","5","8","2","Omnívora: Consume alimentos de origen animal y vegetal.","3","7","0","4","Regular","Mala","6","0","4","0","0","0","4","1","Jugar videojuegos","Mejora del rendimiento físico / Estética.","Anaeróbica (pesas, entrenamiento de fuerza).","Regular","Sí","30","Frecuentemente","Bastante","Bastante","Frecuentemente"
"2026/04/22 11:11:29 p.m. GMT-5","8","Femenino","70","1.70","19","Ciencias de la Salud.","2","6","1","6","Omnívora: Consume alimentos de origen animal y vegetal.","3","1","0","3","Regular","Regular","7","0","3","0","0","0","4","2","Realizar actividad física","Salud general y recomendación médica.","Anaeróbica (pesas, entrenamiento de fuerza).","Regular","No","30 ","A veces","Regular","Bastante","A veces"
"2026/04/22 11:12:48 p.m. GMT-5","8","Masculino","71","1.69","19","Ingeniería, Tecnología y Construcción.","3","6","4","1","Omnívora: Consume alimentos de origen animal y vegetal.","3","3","0","2","Bajo","Regular","7","1","1","0","0","0","2","2","Salir a pasear o conversar con mis amigos","Reducción de estrés y ansiedad","Mixta.","Regular","Sí","50","A veces","Regular","Regular","Frecuentemente"
"2026/04/22 11:20:39 p.m. GMT-5","9","Masculino","75","1.79","20","Ingeniería, Tecnología y Construcción.","5","8","2.60","4","Vegetariana: Excluye carne y pescado.","2","1","6","7","Alto","Regular","8","1","4","7","2","0","1","3","Realizar actividad física","Mejora del rendimiento físico / Estética.","Deportes colectivos (futbol, basket, vóley).","Buena","No","400","Siempre","Bastante","Bastante","Siempre"
"2026/04/22 11:22:36 p.m. GMT-5","8","Masculino","79","1.71","21","Ciencias de la Salud.","6","5","11","7 ","Omnívora: Consume alimentos de origen animal y vegetal.","3","1","5","4","Regular","Mala","5","2","3","0","0","2","3","1.5","Realizar actividad física","Recreación y socialización con amigos.","Mixta.","Buena","No","120","Frecuentemente","Bastante","Bastante","Frecuentemente"
"2026/04/22 11:31:46 p.m. GMT-5","8","Femenino","48","1.61","19","Administración, Negocios y Contabilidad.","5","5","4","1","Omnívora: Consume alimentos de origen animal y vegetal.","2","1","0","0","Bajo","Regular","6","5","0","0","0","0","3","1","Salir a pasear o conversar con mis amigos","Recreación y socialización con amigos.","Aeróbica (correr, nadar, bicicleta).","Buena","No","30","Rara vez","Bastante","Bastante","A veces"
"2026/04/22 11:44:20 p.m. GMT-5","8","Femenino","54","1.59","19","Administración, Negocios y Contabilidad.","5","7","6","8","Flexitariana: Es una dieta principalmente vegetariana, pero que permite el consumo ocasional de carne o pescado.","2","1","6","6","Regular","Muy mala","3","2","2","4","1","3","4","2","Ir de compras","Salud general y recomendación médica.","Mixta.","Regular","No","300","A veces","Bastante","Bastante","Frecuentemente"
"2026/04/22 11:48:36 p.m. GMT-5","5","Masculino","62","1.67","19","Ingeniería, Tecnología y Construcción.","2","7","1","3","Omnívora: Consume alimentos de origen animal y vegetal.","3","2","3","1","Regular","Regular","7","0","3","1","1","1","2","1.5","Dormir más horas que lo habitual","Salud general y recomendación médica.","Anaeróbica (pesas, entrenamiento de fuerza).","Regular","No","60","A veces","Regular","Bastante","Rara vez"
"2026/04/23 12:00:23 a.m. GMT-5","5","Femenino","55","1.53","24","Ciencias de la Salud.","9","8","1","5","Omnívora: Consume alimentos de origen animal y vegetal.","3","5","1","1","Muy bajo","Regular","3","4","4","4","0","0","4","1","Salir a pasear o conversar con mis amigos","Reducción de estrés y ansiedad","Aeróbica (correr, nadar, bicicleta).","Regular","No","100","A veces","Regular","Bastante","A veces"
"2026/04/23 12:13:11 a.m. GMT-5","8","Femenino","55","0.155","19","Ciencias de la Salud.","5","5","21","4","Omnívora: Consume alimentos de origen animal y vegetal.","3","3","0","7","Regular","Mala","5","0","3","0","0","3","4","1.0","Jugar videojuegos","Reducción de estrés y ansiedad","Mixta.","Regular","No","20","A veces","Regular","Bastante","Rara vez"
"2026/04/23 12:14:15 a.m. GMT-5","8","Femenino","68","1.73","20","Ingeniería, Tecnología y Construcción.","7","5","3","2","Omnívora: Consume alimentos de origen animal y vegetal.","2","2","0","3","Regular","Muy mala","5","10","1","1","1","0","2","3","Realizar actividad física","Recreación y socialización con amigos.","Deportes colectivos (futbol, basket, vóley).","Buena","No","200","Frecuentemente","Bastante","Bastante","Frecuentemente"
"2026/04/23 12:16:35 a.m. GMT-5","9","Masculino","65","1.70","22","Ingeniería, Tecnología y Construcción.","6","5","3","1","Omnívora: Consume alimentos de origen animal y vegetal.","3","2","4","2","Regular","Mala","5","1","3","0","0","0","1","1","Realizar actividad física","Mejora del rendimiento físico / Estética.","Deportes colectivos (futbol, basket, vóley).","Regular","No","30","Frecuentemente","Regular","Bastante","Frecuentemente"
"2026/04/23 12:23:06 a.m. GMT-5","8","Masculino","56","1.76","20","Ingeniería, Tecnología y Construcción.","3","5","1","1","Omnívora: Consume alimentos de origen animal y vegetal.","3","2","0","0","Muy bajo","Regular","7","0","3","2","1","2","3","1","Jugar videojuegos","Reducción de estrés y ansiedad","No realizo actividad física.","Buena","No","10","A veces","Bastante","Bastante","A veces"
"2026/04/23 12:28:33 a.m. GMT-5","8","Masculino","65","1.82","17","Ingeniería, Tecnología y Construcción.","1","6","6","4","Omnívora: Consume alimentos de origen animal y vegetal.","3","3","4","3","Alto","Mala","6","2","3","0","0","0","1","3","Realizar actividad física","Mejora del rendimiento físico / Estética.","Anaeróbica (pesas, entrenamiento de fuerza).","Buena","No","100","Frecuentemente","Regular","Bastante","Frecuentemente"
"2026/04/23 12:35:20 a.m. GMT-5","9","Femenino","72","1.53","25","Humanidades, Artes y Educación.","10","7","12 ","3","Omnívora: Consume alimentos de origen animal y vegetal.","2","1","2","6","Alto","Buena","7","1","3","0","0","4","1","2 ","Salir a pasear o conversar con mis amigos","Mejora del rendimiento físico / Estética.","Anaeróbica (pesas, entrenamiento de fuerza).","Buena","No","100","Frecuentemente","Regular","Bastante","Siempre"
"2026/04/23 12:49:00 a.m. GMT-5","9","Masculino","91","1.72","24","Ciencias Sociales y Derecho.","8","5","2 ","8","Omnívora: Consume alimentos de origen animal y vegetal.","2","1","0","1","Regular","Mala","4","1","0","0","0","1","2","5","Jugar videojuegos","Reducción de estrés y ansiedad","Deportes colectivos (futbol, basket, vóley).","Regular","No","0","A veces","Poco","Poco","A veces"
"2026/04/23 12:54:40 a.m. GMT-5","5","Masculino","60","1.66","19","Administración, Negocios y Contabilidad.","5","6","1.5","5","Omnívora: Consume alimentos de origen animal y vegetal.","3","2","0","4","Alto","Buena","7","0","3","0","0","2","3","2","Dormir más horas que lo habitual","Mejora del rendimiento físico / Estética.","Mixta.","Buena","No","30","Frecuentemente","Bastante","Bastante","A veces"
"2026/04/23 1:02:17 a.m. GMT-5","9","Femenino","69","1.55","26","Ingeniería, Tecnología y Construcción.","5","5","3","18","Frugívora/Frutariana: Basada principalmente en el consumo de frutas.","2","3","0","2","Regular","Regular","6","1","1","3","1","2","2","1","Dormir más horas que lo habitual","Reducción de estrés y ansiedad","Mixta.","Buena","No","200","Frecuentemente","Muy poco","Muy poco","Frecuentemente"
"2026/04/23 4:51:02 a.m. GMT-5","8","Femenino","61","1.64","20","Ingeniería, Tecnología y Construcción.","6","6","8","3","Omnívora: Consume alimentos de origen animal y vegetal.","3","2","3","5","Muy alto","Regular","7","0","3","0","0","0","3","1.8","Realizar actividad física","Mejora del rendimiento físico / Estética.","Deportes colectivos (futbol, basket, vóley).","Buena","No","20","A veces","Bastante","Bastante","Frecuentemente"
"2026/04/23 5:15:41 a.m. GMT-5","8","Masculino","61","1.72","19","Ciencias de la Salud.","5","6","4","4","Omnívora: Consume alimentos de origen animal y vegetal.","3","1","2","4","Alto","Buena","6","0","1","0","0","0","1","3","Realizar actividad física","Mejora del rendimiento físico / Estética.","Anaeróbica (pesas, entrenamiento de fuerza).","Muy buena","No","50","Frecuentemente","Bastante","Bastante","Frecuentemente"
"2026/04/23 6:13:42 a.m. GMT-5","5","Masculino","73.2","1.8","18","Ingeniería, Tecnología y Construcción.","3","7","2","10","Omnívora: Consume alimentos de origen animal y vegetal.","3","1","2","3","Regular","Regular","6","4","3","0","0","3","2","2","Dormir más horas que lo habitual","Mejora del rendimiento físico / Estética.","Anaeróbica (pesas, entrenamiento de fuerza).","Regular","No","0","Frecuentemente","Regular","Regular","Frecuentemente"
"2026/04/23 7:03:32 a.m. GMT-5","5","Masculino","80","1.80","19","Ingeniería, Tecnología y Construcción.","3","6","2","18","Omnívora: Consume alimentos de origen animal y vegetal.","3","2","4","2","Bajo","Regular","6","0","2","0","No consumo","0","2","2.5","Realizar actividad física","Reducción de estrés y ansiedad","Mixta.","Buena","No","0","Frecuentemente","Regular","Regular","Frecuentemente"
"2026/04/23 7:18:09 a.m. GMT-5","5","Masculino","63.3","1.70","19","Ingeniería, Tecnología y Construcción.","3","6","6","2","Omnívora: Consume alimentos de origen animal y vegetal.","3","1","0","5","Alto","Regular","6.5","0","3","0","0","0","2","2","Realizar actividad física","Mejora del rendimiento físico / Estética.","Anaeróbica (pesas, entrenamiento de fuerza).","Buena","No","170","A veces","Poco","Bastante","Frecuentemente"
"2026/04/23 7:48:29 a.m. GMT-5","9","Femenino","69","1.58","17","Ciencias Exactas y Ambientales.","1","6","2","3","Omnívora: Consume alimentos de origen animal y vegetal.","3","1","1","7","Regular","Regular","6","0","3","0","0","2","4","1","Salir a pasear o conversar con mis amigos","Reducción de estrés y ansiedad","No realizo actividad física.","Mala","Sí","2","A veces","Bastante","Bastante","A veces"
"2026/04/23 8:24:34 a.m. GMT-5","8","Masculino","77","1.74","20","Ingeniería, Tecnología y Construcción.","7","7","8","1.5","Omnívora: Consume alimentos de origen animal y vegetal.","3","2","2","5","Regular","Regular","7.5","4","3","0","0","1","1","2","Realizar actividad física","Reducción de estrés y ansiedad","Anaeróbica (pesas, entrenamiento de fuerza).","Regular","No","150","Frecuentemente","Bastante","Bastante","Frecuentemente"
"2026/04/23 9:20:49 a.m. GMT-5","9","Masculino","72","1.70","18","Ingeniería, Tecnología y Construcción.","2","5","5","7","Omnívora: Consume alimentos de origen animal y vegetal.","3","4","0","4","Regular","Regular","5","4","2","0","0","0","3","3.2","Realizar actividad física","Mejora del rendimiento físico / Estética.","Deportes colectivos (futbol, basket, vóley).","Buena","No","500","","Poco","Bastante","Frecuentemente"
"2026/04/23 10:05:36 a.m. GMT-5","9","Masculino","120","1.7","23","Humanidades, Artes y Educación.","1","4","2","0.3","Omnívora: Consume alimentos de origen animal y vegetal.","4","5","2","0","Muy alto","Muy buena","3","6","3","6","1","0","0","1","Jugar videojuegos","Recreación y socialización con amigos.","No realizo actividad física.","Muy buena","Sí","400","Siempre","Nunca","Nunca","Nunca"
"2026/04/23 10:39:29 a.m. GMT-5","3","Masculino","70","1.83","18","Ingeniería, Tecnología y Construcción.","3","5","16","1","Omnívora: Consume alimentos de origen animal y vegetal.","3","1","1","7","Alto","Buena","6","2","4","0","0","0","1","3","Realizar actividad física","Mejora del rendimiento físico / Estética.","Mixta.","Buena","No","120","Frecuentemente","Regular","Poco","Frecuentemente"
"2026/04/23 10:47:29 a.m. GMT-5","3","Masculino","76","1.70","18","Ingeniería, Tecnología y Construcción.","3","6","10","3","Omnívora: Consume alimentos de origen animal y vegetal.","5","3","0","5","Muy alto","Mala","5","3","4","0","1","0","4","2","Realizar actividad física","Mejora del rendimiento físico / Estética.","Deportes colectivos (futbol, basket, vóley).","Muy buena","No","0","Frecuentemente","Bastante","Bastante","Siempre"
"2026/04/23 10:49:37 a.m. GMT-5","3","Masculino","85","1.74","21","Ingeniería, Tecnología y Construcción.","7","4","3","10","Omnívora: Consume alimentos de origen animal y vegetal.","3","1","1","3","Bajo","Mala","4","0","3","1","2","0","3","2","Realizar actividad física","Recreación y socialización con amigos.","Deportes colectivos (futbol, basket, vóley).","Regular","No","10","A veces","Regular","Bastante","A veces"
"2026/04/23 10:55:01 a.m. GMT-5","3","Femenino","70","1.60","22","Administración, Negocios y Contabilidad.","7","4","3","5","Omnívora: Consume alimentos de origen animal y vegetal.","4","2","6","2","Muy bajo","Muy mala","5","0","4","0","0","0","4","1","Salir a pasear o conversar con mis amigos","Salud general y recomendación médica.","No realizo actividad física.","Muy mala","Sí","0","Rara vez","Muy poco","Bastante","Frecuentemente"
"2026/04/23 10:55:37 a.m. GMT-5","3","Masculino","60","1.78","17","Ingeniería, Tecnología y Construcción.","3","6","7","10","Omnívora: Consume alimentos de origen animal y vegetal.","4","3","3","3","Regular","Regular","6","0","3","3","2","3","3","1.5","Salir a pasear o conversar con mis amigos","Reducción de estrés y ansiedad","Deportes colectivos (futbol, basket, vóley).","Regular","No","25","A veces","Bastante","Bastante","Frecuentemente"
"2026/04/23 11:08:05 a.m. GMT-5","3","Masculino","64","1.80","19","Ingeniería, Tecnología y Construcción.","5","5","8","10","Omnívora: Consume alimentos de origen animal y vegetal.","4","1","6","6","Regular","Regular","7","1","4","0","0","0","2","3","Dormir más horas que lo habitual","Mejora del rendimiento físico / Estética.","Deportes colectivos (futbol, basket, vóley).","Buena","No","20","Frecuentemente","Bastante","Bastante","Frecuentemente"
"2026/04/23 12:01:04 p.m. GMT-5","3","Masculino","70","1.74","26","Ingeniería, Tecnología y Construcción.","10","1","12","6","Omnívora: Consume alimentos de origen animal y vegetal.","3","1","2","5","Alto","Regular","7","1","3","2","1","0","2","2.5","Realizar actividad física","Mejora del rendimiento físico / Estética.","Deportes colectivos (futbol, basket, vóley).","Buena","No","60","Frecuentemente","Bastante","Bastante","A veces"
"2026/04/23 12:14:59 p.m. GMT-5","3","Masculino","75","1.63","23","Ingeniería, Tecnología y Construcción.","3","5","8","3","Omnívora: Consume alimentos de origen animal y vegetal.","3","5","3","3","Regular","Mala","6","6","3","4","2","4","3","3","Jugar videojuegos","Reducción de estrés y ansiedad","Deportes colectivos (futbol, basket, vóley).","Regular","Sí","50","A veces","Bastante","Regular","A veces"
"2026/04/23 12:18:05 p.m. GMT-5","3","Masculino","100","1.87","22","Ciencias Exactas y Ambientales.","7","6","2","2","Omnívora: Consume alimentos de origen animal y vegetal.","3","3","0","3","Regular","Mala","6","0","3","3","1","2","3","3","Realizar actividad física","Reducción de estrés y ansiedad","Deportes colectivos (futbol, basket, vóley).","Regular","No","300","Frecuentemente","Regular","Bastante","A veces"
"2026/04/23 12:24:34 p.m. GMT-5","8","Femenino","75","1.63","18","Humanidades, Artes y Educación.","3","5","2","7","Omnívora: Consume alimentos de origen animal y vegetal.","3","2","0","2","Regular","Mala","5","3","3","2","1","0","4","3","Jugar videojuegos","Mejora del rendimiento físico / Estética.","No realizo actividad física.","Regular","No","200","Rara vez","Regular","Bastante","A veces"
"2026/04/23 12:39:54 p.m. GMT-5","3","Masculino","73","1.81","18","Ingeniería, Tecnología y Construcción.","1","6","30","2","Omnívora: Consume alimentos de origen animal y vegetal.","4","2","4","7","Alto","Regular","7","0","3","5","2","1","2","2.2","Realizar actividad física","Mejora del rendimiento físico / Estética.","Mixta.","Buena","No","20","A veces","Regular","Regular","Frecuentemente"
"2026/04/23 1:23:57 p.m. GMT-5","5","Masculino","64 ","1.65","17","Ingeniería, Tecnología y Construcción.","1","9","2 ","5","Omnívora: Consume alimentos de origen animal y vegetal.","3","1","0","2","Regular","Regular","6","0","3","0","0","0","2","2","Jugar videojuegos","Reducción de estrés y ansiedad","Anaeróbica (pesas, entrenamiento de fuerza).","Regular","No","0","Frecuentemente","Regular","Poco","Frecuentemente"
"2026/04/23 2:14:14 p.m. GMT-5","8","Femenino","57","1.52","20","Ingeniería, Tecnología y Construcción.","7","7","5","6","Omnívora: Consume alimentos de origen animal y vegetal.","2","1","0","6","Bajo","Mala","5","1","1","0","0","4","4","1","Salir a pasear o conversar con mis amigos","Salud general y recomendación médica.","Mixta.","Regular","No","160","A veces","Bastante","Bastante","A veces"
"2026/04/23 2:17:10 p.m. GMT-5","5","Masculino","60","1.70","18","Ingeniería, Tecnología y Construcción.","2","6","1.5","14","Omnívora: Consume alimentos de origen animal y vegetal.","3","3","0","2","Regular","Regular","6","0","3","0","0","0","1","1.5","Otros motivos","Recreación y socialización con amigos.","Mixta.","Regular","No","100","Frecuentemente","Regular","Regular","Frecuentemente"
"2026/04/23 2:17:36 p.m. GMT-5","8","Masculino","71","1.81","17","Ingeniería, Tecnología y Construcción.","1","6","1","4","Omnívora: Consume alimentos de origen animal y vegetal.","4","1","0","1","Bajo","Regular","6","0","3","2","1","2","3","1","Realizar actividad física","Mejora del rendimiento físico / Estética.","Deportes colectivos (futbol, basket, vóley).","Regular","Sí","30","A veces","Regular","Bastante","A veces"
"2026/04/23 2:37:57 p.m. GMT-5","5","Femenino","85","1.68","24","Humanidades, Artes y Educación.","10","5","1","4","Omnívora: Consume alimentos de origen animal y vegetal.","2","1","5","3","Regular","Buena","7","0","2","1","1","1","3","2","Dormir más horas que lo habitual","Salud general y recomendación médica.","Aeróbica (correr, nadar, bicicleta).","Regular","No","50","A veces","Bastante","Bastante","A veces"
"2026/04/23 2:42:53 p.m. GMT-5","5","Femenino","63","1.61","22","Administración, Negocios y Contabilidad.","7","8","2","15","Omnívora: Consume alimentos de origen animal y vegetal.","3","4","5","1","Muy bajo","Mala","4.5","0","1","0","0","1","2","1","Dormir más horas que lo habitual","Mejora del rendimiento físico / Estética.","Anaeróbica (pesas, entrenamiento de fuerza).","Regular","No","120","A veces","Regular","Bastante","A veces"
"2026/04/23 3:03:52 p.m. GMT-5","5","Femenino","60","1.68","23","Humanidades, Artes y Educación.","10","1","4 ","2","Omnívora: Consume alimentos de origen animal y vegetal.","3","1","0","2","Regular","Regular","6.5","0","2","0","0","1","2","1.5","Realizar actividad física","Reducción de estrés y ansiedad","Mixta.","Buena","No","20","Frecuentemente","Regular","Bastante","Frecuentemente"
"2026/04/23 3:13:58 p.m. GMT-5","5","Masculino","74","1.69","18","Humanidades, Artes y Educación.","3","6","1","3 ","Omnívora: Consume alimentos de origen animal y vegetal.","3","4","0","0","Muy bajo","Muy mala","7","0","4","1","1","1","4","1.5","Realizar actividad física","Reducción de estrés y ansiedad","No realizo actividad física.","Mala","No","0","Rara vez","Regular","Bastante","Frecuentemente"
"2026/04/23 3:14:31 p.m. GMT-5","9","Femenino","70","1.73","18","Ingeniería, Tecnología y Construcción.","4","6","4.5","0","Omnívora: Consume alimentos de origen animal y vegetal.","1","3","1","3","Alto","Mala","5","6","0","0","0","4","1","3","Salir a pasear o conversar con mis amigos","Salud general y recomendación médica.","Deportes colectivos (futbol, basket, vóley).","Regular","No","300","Frecuentemente","Poco","Poco","Rara vez"
"2026/04/23 4:14:37 p.m. GMT-5","8","Masculino","72","1.76","21","Ingeniería, Tecnología y Construcción.","4","5","1","3","Crudista: Consiste en consumir alimentos crudos o cocinados a bajas temperaturas, generalmente orgánicos.","3","4","0","3","Regular","Regular","5","0","2","0","0","0","0","3","Salir a pasear o conversar con mis amigos","Reducción de estrés y ansiedad","Deportes colectivos (futbol, basket, vóley).","Regular","No","4","A veces","Poco","Bastante","Frecuentemente"
"2026/04/23 4:18:08 p.m. GMT-5","8","Femenino","47","1.53","19","Ingeniería, Tecnología y Construcción.","5","3","3.5","2","Omnívora: Consume alimentos de origen animal y vegetal.","2","1","3","2","Muy bajo","Mala","5","0","2","0","0","1","3","2","Realizar actividad física","Mejora del rendimiento físico / Estética.","Anaeróbica (pesas, entrenamiento de fuerza).","Regular","No","20","Frecuentemente","Regular","Regular","Frecuentemente"
"2026/04/23 4:26:04 p.m. GMT-5","3","Femenino","60","1.58","18","Administración, Negocios y Contabilidad.","3","8","1.5","3","Flexitariana: Es una dieta principalmente vegetariana, pero que permite el consumo ocasional de carne o pescado.","2","1","2","2","Bajo","Mala","5","0","0","1","1","1","3","3","Salir a pasear o conversar con mis amigos","Recreación y socialización con amigos.","Mixta.","Regular","No","50","A veces","Bastante","Bastante","A veces"
"2026/04/23 4:28:08 p.m. GMT-5","3","Masculino","65","1.74","17","Ciencias Sociales y Derecho.","1","4","1.5","18","Omnívora: Consume alimentos de origen animal y vegetal.","3","1","6","2","Bajo","Regular","7","2","3","2","1","3","3","3","Salir a pasear o conversar con mis amigos","Mejora del rendimiento físico / Estética.","Anaeróbica (pesas, entrenamiento de fuerza).","Buena","No","20","Frecuentemente","Regular","Bastante","Frecuentemente"
"2026/04/23 4:30:27 p.m. GMT-5","5","Femenino","68","1.64","22","Ciencias de la Salud.","10","6","12","3","Omnívora: Consume alimentos de origen animal y vegetal.","3","1","1","4","Regular","Regular","6.5","0","3","0","1","2","4","1.5","Realizar actividad física","Mejora del rendimiento físico / Estética.","Mixta.","Regular","No","80","A veces","Bastante","Bastante","A veces"
"2026/04/23 4:32:30 p.m. GMT-5","3","Masculino","85","1.70","18","Ciencias de la Salud.","3","7","2","6","Omnívora: Consume alimentos de origen animal y vegetal.","4","1","7","2","Bajo","Regular","6","0","3","3","1","2","3","1.5","Realizar actividad física","Salud general y recomendación médica.","Anaeróbica (pesas, entrenamiento de fuerza).","Regular","No","409","Frecuentemente","Bastante","Bastante","Frecuentemente"
"2026/04/23 4:33:36 p.m. GMT-5","3","Masculino","60","1.64","18","Ciencias de la Salud.","3","6","4.0","3.5","Omnívora: Consume alimentos de origen animal y vegetal.","3","1","0","3","Regular","Regular","6","0","3","0","0","0","2","1.0","Salir a pasear o conversar con mis amigos","Salud general y recomendación médica.","Aeróbica (correr, nadar, bicicleta).","Regular","No","450","Frecuentemente","Bastante","Bastante","Frecuentemente"
"2026/04/23 4:36:27 p.m. GMT-5","5","Femenino","67","1.56","42","Humanidades, Artes y Educación.","9","6","4","4","Omnívora: Consume alimentos de origen animal y vegetal.","2","1","6","4","Muy bajo","Mala","6","2","0","0","0","2","4","1","Realizar actividad física","Mejora del rendimiento físico / Estética.","Aeróbica (correr, nadar, bicicleta).","Regular","No","10","A veces","Bastante","Bastante","Frecuentemente"
"2026/04/23 4:38:14 p.m. GMT-5","3","Femenino","45","1.6","18","Ingeniería, Tecnología y Construcción.","2","6","4","6","Omnívora: Consume alimentos de origen animal y vegetal.","3","2","1","3","Bajo","Mala","4","0","3","4","2","3","3","2","Dormir más horas que lo habitual","Reducción de estrés y ansiedad","Deportes colectivos (futbol, basket, vóley).","Buena","No","25","A veces","Regular","Bastante","A veces"
"2026/04/23 4:41:00 p.m. GMT-5","3","Masculino","68","1.72","18","Ciencias de la Salud.","3","7","4","18","Flexitariana: Es una dieta principalmente vegetariana, pero que permite el consumo ocasional de carne o pescado.","4","5","0","2","Bajo","Mala","5","1","4","0","0","1","4","1.5","Dormir más horas que lo habitual","Reducción de estrés y ansiedad","Mixta.","Regular","No","350","A veces","Bastante","Bastante","Frecuentemente"
"2026/04/23 4:42:20 p.m. GMT-5","3","Masculino","90","1.75","18","Ciencias de la Salud.","3","6","1","3","Omnívora: Consume alimentos de origen animal y vegetal.","4","4","6","4","Regular","Mala","4","0","4","3","2","0","3","1","Jugar videojuegos","Mejora del rendimiento físico / Estética.","Anaeróbica (pesas, entrenamiento de fuerza).","Regular","No","100","Frecuentemente","Bastante","Bastante","A veces"
"2026/04/23 4:48:03 p.m. GMT-5","3","Masculino","74","1.82","18","Ciencias de la Salud.","3","5","3 ","8","Omnívora: Consume alimentos de origen animal y vegetal.","5","3","0","4","Alto","Regular","8","0","3","0","1","0","3","3","Realizar actividad física","Mejora del rendimiento físico / Estética.","Anaeróbica (pesas, entrenamiento de fuerza).","Muy buena","No","100","Frecuentemente","Bastante","Bastante","Frecuentemente"
"2026/04/23 4:53:40 p.m. GMT-5","3","Femenino","53","1.55","18","Ciencias de la Salud.","3","4","1","9","Omnívora: Consume alimentos de origen animal y vegetal.","2","1","5","3","Regular","Mala","4","1","3","4","1","4","3","1","Salir a pasear o conversar con mis amigos","Reducción de estrés y ansiedad","Aeróbica (correr, nadar, bicicleta).","Regular","No","320","Frecuentemente","Regular","Regular","A veces"
"2026/04/23 4:59:56 p.m. GMT-5","3","Masculino","50","1.65","18","Ciencias de la Salud.","3","6","1","5","Omnívora: Consume alimentos de origen animal y vegetal.","3","2","0","1","Bajo","Regular","6","0","1","0","0","1","3","1","Salir a pasear o conversar con mis amigos","Reducción de estrés y ansiedad","Mixta.","Regular","No","0","A veces","Regular","Bastante","Frecuentemente"
"2026/04/23 5:02:50 p.m. GMT-5","5","Masculino","73","1.76","21","Ciencias de la Salud.","9","6","7","1","Omnívora: Consume alimentos de origen animal y vegetal.","3","1","0","4","Alto","Regular","6","1","2","0","1","0","4","3","Salir a pasear o conversar con mis amigos","Salud general y recomendación médica.","Mixta.","Regular","No","150","A veces","Bastante","Bastante","A veces"
"2026/04/23 5:25:33 p.m. GMT-5","3","Femenino","58","1.58","21","Ciencias de la Salud.","4","5","1","5","Omnívora: Consume alimentos de origen animal y vegetal.","4","1","5","1","Muy bajo","Mala","5","0","3","0","0","1","3","2","Salir a pasear o conversar con mis amigos","Reducción de estrés y ansiedad","Aeróbica (correr, nadar, bicicleta).","Regular","No","10","A veces","Bastante","Bastante","A veces"
"2026/04/23 5:56:26 p.m. GMT-5","5","Femenino","52","1.63","24","Humanidades, Artes y Educación.","9","7","1","2","Omnívora: Consume alimentos de origen animal y vegetal.","3","1","0","1","Bajo","Regular","7","2","4","0","0","0","4","2.5","Dormir más horas que lo habitual","Reducción de estrés y ansiedad","No realizo actividad física.","Regular","No","0","Frecuentemente","Poco","Regular","A veces"
"2026/04/23 5:59:36 p.m. GMT-5","5","Femenino","62","1.57","21","Ciencias de la Salud.","9","6","1 ","4","Omnívora: Consume alimentos de origen animal y vegetal.","3","3","5","0","Bajo","Buena","7","4","2","0","0","0","3","1.5","Salir a pasear o conversar con mis amigos","Mejora del rendimiento físico / Estética.","No realizo actividad física.","Regular","No","10","Frecuentemente","Bastante","Bastante","Frecuentemente"
"2026/04/23 6:24:17 p.m. GMT-5","5","Femenino","60","1.58","52","Ciencias de la Salud.","8","6","3.5","1","Omnívora: Consume alimentos de origen animal y vegetal.","3","1","2","1","Bajo","Regular","7","1","3","0","0","1","3","2","Realizar actividad física","Salud general y recomendación médica.","Anaeróbica (pesas, entrenamiento de fuerza).","Regular","No","150","Frecuentemente","Bastante","Bastante","Frecuentemente"
"2026/04/23 6:33:55 p.m. GMT-5","3","Masculino","53","1.61","22","Ingeniería, Tecnología y Construcción.","6","4","5","6","Omnívora: Consume alimentos de origen animal y vegetal.","2","5","0","7","Regular","Muy mala","7","0","0","0","0","0","2","2","Jugar videojuegos","Reducción de estrés y ansiedad","Aeróbica (correr, nadar, bicicleta).","Regular","No","0","Siempre","Bastante","Bastante","Nunca"
"2026/04/23 6:58:13 p.m. GMT-5","3","Femenino","55","1.45 ","26","Ciencias de la Salud.","4","5","1.5","6","Omnívora: Consume alimentos de origen animal y vegetal.","3","2","2","1","Regular","Regular","5","0","3","1","1","1","2","3 ","Salir a pasear o conversar con mis amigos","Mejora del rendimiento físico / Estética.","Aeróbica (correr, nadar, bicicleta).","Buena","No","30","Siempre","Bastante","Regular","Siempre"
"2026/04/23 7:14:11 p.m. GMT-5","3","Masculino","76","1.68","24","Administración, Negocios y Contabilidad.","8","6","10","7","Omnívora: Consume alimentos de origen animal y vegetal.","3","1","7","7","Alto","Buena","8","2","3","2","1","0","2","3.5","Realizar actividad física","Mejora del rendimiento físico / Estética.","Anaeróbica (pesas, entrenamiento de fuerza).","Buena","No","500","Siempre","Bastante","Bastante","Frecuentemente"
"2026/04/23 7:53:11 p.m. GMT-5","3","Femenino","49","1.5","18","Ingeniería, Tecnología y Construcción.","3","5","1","5","Omnívora: Consume alimentos de origen animal y vegetal.","3","1","0","0","Bajo","Mala","7","1","0","0","0","0","3","1.5","Salir a pasear o conversar con mis amigos","Salud general y recomendación médica.","No realizo actividad física.","Regular","No","30","Rara vez","Regular","Bastante","A veces"
"2026/04/23 11:34:13 p.m. GMT-5","9","Masculino","67","1.67","23","Humanidades, Artes y Educación.","10","6","2.5","3","Omnívora: Consume alimentos de origen animal y vegetal.","3","1","0","3","Regular","Buena","9","2","3","0","0","0","2","4.5","Jugar videojuegos","Reducción de estrés y ansiedad","Mixta.","Buena","No","300","Frecuentemente","Regular","Regular","Frecuentemente"
"2026/04/24 8:47:01 a.m. GMT-5","8","Masculino","65","1.82","18","Ingeniería, Tecnología y Construcción.","3","6","1","18","Omnívora: Consume alimentos de origen animal y vegetal.","3","5","0","1","Bajo","Mala","6","0","1","0","0","0","1","7","Otros motivos","Reducción de estrés y ansiedad","Aeróbica (correr, nadar, bicicleta).","Regular","Sí","50","A veces","Poco","Muy poco","Siempre"
"2026/04/24 8:50:15 a.m. GMT-5","8","Femenino","142","1.62","18","Ingeniería, Tecnología y Construcción.","3","6","1","6","Omnívora: Consume alimentos de origen animal y vegetal.","3","2","0","1","Bajo","Mala","7","0","2","1","0","0","0","4","Dormir más horas que lo habitual","Mejora del rendimiento físico / Estética.","No realizo actividad física.","Regular","No","200","A veces","Regular","Muy poco","Siempre"
"2026/04/24 11:37:47 a.m. GMT-5","6","Masculino","85","1.84","18","Administración, Negocios y Contabilidad.","3","5","14","6","Omnívora: Consume alimentos de origen animal y vegetal.","3","2","5","6","Alto","Buena","7","2","4","1","1","1","3","3","Realizar actividad física","Mejora del rendimiento físico / Estética.","Mixta.","Buena","No","100","Frecuentemente","Regular","Bastante","A veces"
"2026/04/24 11:47:03 a.m. GMT-5","8","Femenino","53","1.56","18","Ingeniería, Tecnología y Construcción.","2","5","6.5","2.5","Omnívora: Consume alimentos de origen animal y vegetal.","3","1","5","5","Regular","Regular","7","0","3","0","0","2","2","2","Jugar videojuegos","Recreación y socialización con amigos.","No realizo actividad física.","Regular","No","0","Siempre","Bastante","Bastante","Siempre"
"2026/04/24 12:31:02 p.m. GMT-5","5","Masculino","65.8","1.65","25","Ingeniería, Tecnología y Construcción.","3","6","2","3","Vegana: Dieta estricta basada exclusivamente en alimentos de origen vegetal, excluyendo cualquier producto animal.","3","1","1","1","Bajo","Buena","7","0","3","0","0","0","1","2","Realizar actividad física","Mejora del rendimiento físico / Estética.","Deportes colectivos (futbol, basket, vóley).","Muy buena","No","29","Frecuentemente","Bastante","Bastante","Siempre"
"2026/04/24 1:01:10 p.m. GMT-5","5","Femenino","80","1.70","20","Ingeniería, Tecnología y Construcción.","7","6","4","3","Omnívora: Consume alimentos de origen animal y vegetal.","3","1","0","3","Regular","Buena","8","3","3","1","1","1","3","4","Dormir más horas que lo habitual","Salud general y recomendación médica.","Mixta.","Regular","No","50","A veces","Regular","Bastante","A veces"
"2026/04/24 1:29:27 p.m. GMT-5","5","Femenino","60","1.57","19","Ciencias Exactas y Ambientales.","7","5","1.5","4 ","Omnívora: Consume alimentos de origen animal y vegetal.","3","1","3","2","Regular","Regular","5","0","2","0","0","0","3","1","Realizar actividad física","Reducción de estrés y ansiedad","Aeróbica (correr, nadar, bicicleta).","Buena","No","30","A veces","Poco","Bastante","Frecuentemente"
"2026/04/24 1:40:57 p.m. GMT-5","5","Femenino","57","1.62","20","Ciencias Exactas y Ambientales.","7","4","1","4","Omnívora: Consume alimentos de origen animal y vegetal.","3","1","4","4","Regular","Regular","7","0","3","0","0","0","2","1","Ir de compras","Salud general y recomendación médica.","Mixta.","Buena","No","20","Frecuentemente","Bastante","Bastante","Frecuentemente"
"2026/04/24 1:52:59 p.m. GMT-5","5","Femenino","60","1.56","20","Ingeniería, Tecnología y Construcción.","7","5","2","5","Omnívora: Consume alimentos de origen animal y vegetal.","3","2","2","1","Bajo","Regular","6","0","4","0","0","0","4","2.5","Ir de compras","Reducción de estrés y ansiedad","Aeróbica (correr, nadar, bicicleta).","Regular","No","50","A veces","Regular","Regular","A veces"
"2026/04/24 3:42:51 p.m. GMT-5","8","Masculino","80","1.79","17","Ingeniería, Tecnología y Construcción.","1","6","1","18","Omnívora: Consume alimentos de origen animal y vegetal.","3","2","4","3","Bajo","Regular","6","0","3","4","1","2","0","4.5","Dormir más horas que lo habitual","Mejora del rendimiento físico / Estética.","Aeróbica (correr, nadar, bicicleta).","Buena","Sí","100","A veces","Bastante","Poco","Frecuentemente"
"2026/04/24 4:03:05 p.m. GMT-5","6","Femenino","49","1.62","19","Ingeniería, Tecnología y Construcción.","3","6","1","9","Flexitariana: Es una dieta principalmente vegetariana, pero que permite el consumo ocasional de carne o pescado.","3","1","5","0","Muy bajo","Buena","8","2","3","7","1","4","4","1","Dormir más horas que lo habitual","Mejora del rendimiento físico / Estética.","No realizo actividad física.","Regular","No","100","Rara vez","Regular","Bastante","Frecuentemente"
"2026/04/24 4:04:22 p.m. GMT-5","8","Femenino","75","1.60","19","Ciencias Sociales y Derecho.","5","6","2 ","3 ","Flexitariana: Es una dieta principalmente vegetariana, pero que permite el consumo ocasional de carne o pescado.","2","1","2","4","Regular","Mala","6","2","1","0","0","2","3","3","Salir a pasear o conversar con mis amigos","Salud general y recomendación médica.","Deportes colectivos (futbol, basket, vóley).","Regular","No","40","Frecuentemente","Poco","Poco","A veces"
"2026/04/24 4:16:28 p.m. GMT-5","6","Masculino","51","1.63","22","Ingeniería, Tecnología y Construcción.","7","7","1.5","5","Omnívora: Consume alimentos de origen animal y vegetal.","2","5","2","2","Regular","Regular","6","0","1","2","1","0","2","2","Jugar videojuegos","Reducción de estrés y ansiedad","Deportes colectivos (futbol, basket, vóley).","Regular","No","70","A veces","Bastante","Bastante","Frecuentemente"
"2026/04/24 4:20:46 p.m. GMT-5","6","Masculino","70","1.7","20","Ingeniería, Tecnología y Construcción.","8","4","3","2","Omnívora: Consume alimentos de origen animal y vegetal.","3","2","2","3","Regular","Buena","6","1","3","2","2","4","4","5","Realizar actividad física","Reducción de estrés y ansiedad","Deportes colectivos (futbol, basket, vóley).","Regular","No","20","Rara vez","Muy poco","Poco","A veces"
"2026/04/24 4:30:35 p.m. GMT-5","6","Masculino","70","1.72","20","Ingeniería, Tecnología y Construcción.","5","10","1","4","Frugívora/Frutariana: Basada principalmente en el consumo de frutas.","3","2","0","7","Alto","Buena","7","2","2","2","1","2","2","3.5","Realizar actividad física","Mejora del rendimiento físico / Estética.","Deportes colectivos (futbol, basket, vóley).","Muy buena","No","120","Frecuentemente","Regular","Poco","Frecuentemente"
"2026/04/24 4:58:12 p.m. GMT-5","8","Masculino","78","1.73","18","Ingeniería, Tecnología y Construcción.","3","6","2","5","Omnívora: Consume alimentos de origen animal y vegetal.","4","2","0","7","Regular","Regular","7","2","2","0","0","0","3","2","Salir a pasear o conversar con mis amigos","Mejora del rendimiento físico / Estética.","Aeróbica (correr, nadar, bicicleta).","Buena","No","50","Siempre","Bastante","Bastante","Siempre"
"2026/04/24 4:58:52 p.m. GMT-5","8","Masculino","55","1.70","17","Ingeniería, Tecnología y Construcción.","1","6","2.5","1","Omnívora: Consume alimentos de origen animal y vegetal.","3","1","2","2","Bajo","Mala","5","0","3","0","0","0","4","1","Dormir más horas que lo habitual","Reducción de estrés y ansiedad","Aeróbica (correr, nadar, bicicleta).","Mala","No","0","Rara vez","Bastante","Bastante","A veces"
"2026/04/24 5:26:21 p.m. GMT-5","9","Masculino","77","2","25","Humanidades, Artes y Educación.","10","4","5","3","Omnívora: Consume alimentos de origen animal y vegetal.","3","3","3","3","Bajo","Regular","6","0","3","2","1","3","3","1","Realizar actividad física","Reducción de estrés y ansiedad","Deportes colectivos (futbol, basket, vóley).","Regular","No","20","Frecuentemente","Bastante","Bastante","Frecuentemente"
"2026/04/24 5:36:46 p.m. GMT-5","8","Masculino","65","1.78","18","Ingeniería, Tecnología y Construcción.","3","3","9","12","Omnívora: Consume alimentos de origen animal y vegetal.","3","3","2","5","Alto","Regular","7","0","3","0","0","0","2","3","Realizar actividad física","Mejora del rendimiento físico / Estética.","Deportes colectivos (futbol, basket, vóley).","Muy buena","No","500","Frecuentemente","Bastante","Bastante","A veces"
"2026/04/24 5:44:16 p.m. GMT-5","5","Femenino","40","1.60","18","Ciencias Sociales y Derecho.","3","4","4","4","Omnívora: Consume alimentos de origen animal y vegetal.","2","2","0","5","Regular","Mala","7","4","2","0","0","2","3","1.5","Ir de compras","Recreación y socialización con amigos.","Aeróbica (correr, nadar, bicicleta).","Regular","No","40","Rara vez","Regular","Regular","Frecuentemente"
"2026/04/24 5:58:35 p.m. GMT-5","5","Masculino","65","1.74","18","Ingeniería, Tecnología y Construcción.","3","6","10","2","Omnívora: Consume alimentos de origen animal y vegetal.","3","1","0","7","Muy alto","Muy buena","8.5","0","4","0","0","0","0","1","Realizar actividad física","Mejora del rendimiento físico / Estética.","Aeróbica (correr, nadar, bicicleta).","Muy buena","No","0","Siempre","Bastante","Bastante","Frecuentemente"
"2026/04/24 5:59:01 p.m. GMT-5","3","Masculino","67","1.65","23","Administración, Negocios y Contabilidad.","10","4","1","8","Omnívora: Consume alimentos de origen animal y vegetal.","3","9","0","0","Muy bajo","Muy mala","7","4","2","7","4","3","2","1","Salir a pasear o conversar con mis amigos","Reducción de estrés y ansiedad","Deportes colectivos (futbol, basket, vóley).","Mala","No","0","Siempre","Regular","Regular","Nunca"
"2026/04/24 6:23:00 p.m. GMT-5","8","Femenino","48","1.60","19","Ciencias de la Salud.","1","7","4 ","1","Omnívora: Consume alimentos de origen animal y vegetal.","3","4","0","2","Regular","Regular","6 ","3","3","0","0","1","3","1.5","Realizar actividad física","Recreación y socialización con amigos.","Mixta.","Regular","No","60","Frecuentemente","Regular","Regular","Frecuentemente"
"2026/04/24 6:30:34 p.m. GMT-5","5","Masculino","71","1.73","18","Humanidades, Artes y Educación.","3","7","5","3","Omnívora: Consume alimentos de origen animal y vegetal.","3","1","0","5","Alto","Mala","5.5","0","4","1","2","1","2","1.6","Salir a pasear o conversar con mis amigos","Mejora del rendimiento físico / Estética.","Anaeróbica (pesas, entrenamiento de fuerza).","Buena","No","0","Rara vez","Bastante","Regular","Frecuentemente"
"2026/04/24 6:31:50 p.m. GMT-5","8","Masculino","55 ","1.72","19","Ciencias de la Salud.","5","5","1","4","Omnívora: Consume alimentos de origen animal y vegetal.","3","2","1","2","Regular","Regular","7 ","1","3","2","1","2","4","1","Otros motivos","Mejora del rendimiento físico / Estética.","Anaeróbica (pesas, entrenamiento de fuerza).","Regular","No","1000","Frecuentemente","Regular","Bastante","A veces"
"2026/04/24 6:39:07 p.m. GMT-5","5","Masculino","70","1.70","19","Ingeniería, Tecnología y Construcción.","5","7","14","2.5","Omnívora: Consume alimentos de origen animal y vegetal.","3","1","0","5","Alto","Buena","7","2","3","0","0","0","2","2","Jugar videojuegos","Mejora del rendimiento físico / Estética.","Deportes colectivos (futbol, basket, vóley).","Muy buena","No","0","A veces","Bastante","Bastante","Frecuentemente"
"2026/04/24 6:40:45 p.m. GMT-5","8","Masculino","75","1.75","19","Ingeniería, Tecnología y Construcción.","5","6","2","12","Omnívora: Consume alimentos de origen animal y vegetal.","3","1.5","0","1","Muy bajo","Regular","6.43","0","3","0","0","1","3","1","Jugar videojuegos","Salud general y recomendación médica.","Aeróbica (correr, nadar, bicicleta).","Buena","No","0","Rara vez","Muy poco","Bastante","Frecuentemente"
"2026/04/24 6:46:47 p.m. GMT-5","5","Femenino","50.7","1.60","18","Ciencias de la Salud.","3","7","6.5","1.5","Omnívora: Consume alimentos de origen animal y vegetal.","5","1","5","5","Alto","Regular","6","2","3","0","0","1","3","1.5","Ir de compras","Mejora del rendimiento físico / Estética.","Mixta.","Buena","No","2000","A veces","Bastante","Bastante","Frecuentemente"
"2026/04/24 7:43:32 p.m. GMT-5","5","Masculino","71","1.73","18","Ingeniería, Tecnología y Construcción.","3","3","4","2","Omnívora: Consume alimentos de origen animal y vegetal.","4","1","2","3","Regular","Regular","8","1","3","0","0","1","1","1.5","Realizar actividad física","Mejora del rendimiento físico / Estética.","Mixta.","Buena","No","15","Frecuentemente","Bastante","Bastante","Frecuentemente"
"2026/04/24 7:56:59 p.m. GMT-5","8","Masculino","65","1.75 ","19","Ciencias de la Salud.","5","6","4","5","Omnívora: Consume alimentos de origen animal y vegetal.","3","1","7","6","Regular","Regular","5","10","4","2","0","2","1","2","Realizar actividad física","Mejora del rendimiento físico / Estética.","Anaeróbica (pesas, entrenamiento de fuerza).","Regular","No","30","A veces","Poco","Poco","A veces"
"2026/04/24 8:07:19 p.m. GMT-5","8","Femenino","57","1.59","19","Ingeniería, Tecnología y Construcción.","5","4","3","4","Omnívora: Consume alimentos de origen animal y vegetal.","4","3","0","3","Bajo","Regular","6","0","3","0","0","1","4","3","Ir de compras","Reducción de estrés y ansiedad","Aeróbica (correr, nadar, bicicleta).","Regular","No","300","Frecuentemente","Bastante","Bastante","Frecuentemente"
"2026/04/24 8:09:39 p.m. GMT-5","8","Masculino","150","3","100","Ciencias de la Salud.","2","10","5","7.9","Vegetariana: Excluye carne y pescado.","6","8","6","7","Muy bajo","Regular"," 12","6","2","0","4","3","4","10","Salir a pasear o conversar con mis amigos","Salud general y recomendación médica.","Deportes colectivos (futbol, basket, vóley).","Muy buena","Sí","2000","Siempre","Poco","Regular","Nunca"
"2026/04/24 8:11:10 p.m. GMT-5","8","Masculino","73","1.72","20","Ingeniería, Tecnología y Construcción.","6","6","2","4","Omnívora: Consume alimentos de origen animal y vegetal.","3","4","0","0","Bajo","Regular","8","3","2","2","1","3","3","2","Salir a pasear o conversar con mis amigos","Mejora del rendimiento físico / Estética.","Deportes colectivos (futbol, basket, vóley).","Regular","No","0","A veces","Regular","Bastante","Frecuentemente"
"2026/04/24 8:26:38 p.m. GMT-5","5","Femenino","78","1.64","18","Ciencias de la Salud.","3","7","4.5","2.5","Omnívora: Consume alimentos de origen animal y vegetal.","3","1","3","3","Regular","Regular","7","0","3","0","0","1","3","1.5","Realizar actividad física","Salud general y recomendación médica.","Mixta.","Regular","No","40","A veces","Bastante","Bastante","A veces"
"2026/04/24 8:30:39 p.m. GMT-5","8","Masculino","65","1.6","20","Ingeniería, Tecnología y Construcción.","6","6","2","1","Crudista: Consiste en consumir alimentos crudos o cocinados a bajas temperaturas, generalmente orgánicos.","3","2","1","0","Alto","Buena","4","5","3","3","2","0","2","2","Jugar videojuegos","Recreación y socialización con amigos.","Deportes colectivos (futbol, basket, vóley).","Regular","Sí","2","A veces","Poco","Regular","Rara vez"
"2026/04/24 8:32:00 p.m. GMT-5","6","Masculino","64","1.73","17","Ingeniería, Tecnología y Construcción.","3","6","1","0","Omnívora: Consume alimentos de origen animal y vegetal.","3","10","3","0","Regular","Regular","10","0","3","0","0","2","1","1.5","Dormir más horas que lo habitual","Mejora del rendimiento físico / Estética.","Deportes colectivos (futbol, basket, vóley).","Regular","No","150","Frecuentemente","Bastante","Bastante","Frecuentemente"
"2026/04/24 8:44:13 p.m. GMT-5","5","Femenino","56","1.68","18","Ciencias de la Salud.","3","7","1.5","14.0","Crudista: Consiste en consumir alimentos crudos o cocinados a bajas temperaturas, generalmente orgánicos.","2","1","0","0","Muy bajo","Muy mala","5","0","1","0","0","0","4","1","Ir de compras","Mejora del rendimiento físico / Estética.","No realizo actividad física.","Regular","No","500","A veces","Regular","Bastante","A veces"
"2026/04/24 8:49:12 p.m. GMT-5","8","Masculino","64","1.75","18","Ingeniería, Tecnología y Construcción.","5","5","1","10","Omnívora: Consume alimentos de origen animal y vegetal.","3","1","6","1","Regular","Regular","6","7","3","0","0","0","3","1","Salir a pasear o conversar con mis amigos","Mejora del rendimiento físico / Estética.","Mixta.","Buena","Sí","0","A veces","Bastante","Regular","Frecuentemente"
"2026/04/24 8:49:36 p.m. GMT-5","8","Femenino","55","1.60","19","Ingeniería, Tecnología y Construcción.","5","5","3","4","Omnívora: Consume alimentos de origen animal y vegetal.","3","1","3","2","Bajo","Mala","6","2","2","1","1","1","3","1","Jugar videojuegos","Reducción de estrés y ansiedad","Aeróbica (correr, nadar, bicicleta).","Regular","No","20","Rara vez","Regular","Bastante","Rara vez"
"2026/04/24 8:52:12 p.m. GMT-5","5","Femenino","48","1.58","18","Ciencias Sociales y Derecho.","3","6","15 ","2","Omnívora: Consume alimentos de origen animal y vegetal.","3","1","5","5","Muy alto","Buena","6","0","3","0","0","0","3","1.5","Dormir más horas que lo habitual","Mejora del rendimiento físico / Estética.","Mixta.","Buena","No","0","Frecuentemente","Bastante","Bastante","Frecuentemente"
"2026/04/24 9:55:48 p.m. GMT-5","8","Masculino","60","1.70","18","Ingeniería, Tecnología y Construcción.","5","5","1","5","Omnívora: Consume alimentos de origen animal y vegetal.","3","3","5","0","Muy bajo","Mala","5","0","2","0","0","2","4","1","Salir a pasear o conversar con mis amigos","Salud general y recomendación médica.","Deportes colectivos (futbol, basket, vóley).","Regular","No","30","Rara vez","Regular","Poco","Frecuentemente"
"2026/04/24 9:57:28 p.m. GMT-5","5","Femenino","69","1.61","18","Ciencias Sociales y Derecho.","3","6","3","15","Omnívora: Consume alimentos de origen animal y vegetal.","3","3","2","3","Regular","Mala","6","0","2","0","0","4","2","2","Salir a pasear o conversar con mis amigos","Salud general y recomendación médica.","Anaeróbica (pesas, entrenamiento de fuerza).","Mala","No","300","Frecuentemente","Regular","Regular","Frecuentemente"
"2026/04/24 9:59:00 p.m. GMT-5","5","Femenino","55","1.51","18","Ciencias de la Salud.","3","7","2 ","3","Omnívora: Consume alimentos de origen animal y vegetal.","2","3","2","2","Bajo","Regular","6","1","1","0","0","1","3","1","Dormir más horas que lo habitual","Mejora del rendimiento físico / Estética.","Mixta.","Mala","Sí","20","A veces","Bastante","Bastante","A veces"
"2026/04/24 10:25:57 p.m. GMT-5","5","Femenino","60","1.64","18","Ciencias de la Salud.","2","6","1.5","3.5","Omnívora: Consume alimentos de origen animal y vegetal.","3","2","3","0","Bajo","Regular","6","3","2","0","0","0","4","1.5","Salir a pasear o conversar con mis amigos","Mejora del rendimiento físico / Estética.","No realizo actividad física.","Regular","No","160","A veces","Bastante","Bastante","Frecuentemente"
"2026/04/24 10:31:13 p.m. GMT-5","5","Femenino","64","1.6","18","Ciencias de la Salud.","3","8","5","2","Omnívora: Consume alimentos de origen animal y vegetal.","2","3","3","0","Muy bajo","Muy mala","5","0","1","2","1","1","3","1.5","Dormir más horas que lo habitual","Mejora del rendimiento físico / Estética.","No realizo actividad física.","Regular","No","39","Rara vez","Bastante","Regular","Frecuentemente"
"2026/04/24 10:52:34 p.m. GMT-5","5","Masculino","65","1.65","22 ","Ingeniería, Tecnología y Construcción.","5","5 ","1","6.5","Omnívora: Consume alimentos de origen animal y vegetal.","3","2","6","0","Regular","Regular","7","0","3","0","0","0","2","2","Dormir más horas que lo habitual","Mejora del rendimiento físico / Estética.","No realizo actividad física.","Buena","No","10","A veces","Muy poco","Muy poco","A veces"
"2026/04/24 11:10:46 p.m. GMT-5","5","Femenino","65","1.60","20","Humanidades, Artes y Educación.","6","2","1","2","Omnívora: Consume alimentos de origen animal y vegetal.","2","1","6","0","Alto","Buena","6","0","2","0","0","0","3","1.5","Salir a pasear o conversar con mis amigos","Mejora del rendimiento físico / Estética.","Deportes colectivos (futbol, basket, vóley).","Buena","No","0","Frecuentemente","","Bastante","Frecuentemente"
"2026/04/24 11:52:40 p.m. GMT-5","8","Femenino","60","1.63","19","Administración, Negocios y Contabilidad.","5","4","4","4","Omnívora: Consume alimentos de origen animal y vegetal.","1","1","4","2","Regular","Mala","5","1","0","0","0","0","3","2","Salir a pasear o conversar con mis amigos","Mejora del rendimiento físico / Estética.","Anaeróbica (pesas, entrenamiento de fuerza).","Regular","No","15","Rara vez","Bastante","Bastante","Siempre"
"2026/04/25 1:09:46 a.m. GMT-5","8","Femenino","92","1.63","18","Ingeniería, Tecnología y Construcción.","5","3","1","7","Omnívora: Consume alimentos de origen animal y vegetal.","2","5","0","0","Bajo","Regular","4","0","1","1","1","1","3","1","Salir a pasear o conversar con mis amigos","Recreación y socialización con amigos.","No realizo actividad física.","Regular","No","0","A veces","Bastante","Poco","A veces"
"2026/04/25 6:39:58 a.m. GMT-5","5","Femenino","43","1.55","18","Ciencias Sociales y Derecho.","3","5","1","0.5","Omnívora: Consume alimentos de origen animal y vegetal.","3","2","4","0","Muy bajo","Mala","4","2","1","3","1","2","4","1","Otros motivos","Recreación y socialización con amigos.","Deportes colectivos (futbol, basket, vóley).","Regular","Sí","20","Rara vez","Bastante","Bastante","Nunca"
"2026/04/25 7:39:24 a.m. GMT-5","5","Masculino","77","1.73","20","Ingeniería, Tecnología y Construcción.","4","6","2","4","Omnívora: Consume alimentos de origen animal y vegetal.","2","1","0","2","Bajo","Regular","7","0","2","7","2","4","2","2.5","Dormir más horas que lo habitual","Salud general y recomendación médica.","Mixta.","Regular","No","200","A veces","Bastante","Bastante","Siempre"
"2026/04/25 8:21:06 a.m. GMT-5","5","Masculino","68","1.7","18","Ingeniería, Tecnología y Construcción.","3","6","6","16","Omnívora: Consume alimentos de origen animal y vegetal.","4","1","4","4","Alto","Regular","6","0","3","0","0","0","4","1.2","Realizar actividad física","Salud general y recomendación médica.","Anaeróbica (pesas, entrenamiento de fuerza).","Regular","No","50","A veces","Regular","Bastante","A veces"
"2026/04/25 8:42:30 a.m. GMT-5","9","Masculino","85","1.71","20","Ingeniería, Tecnología y Construcción.","5","4","6","5","Omnívora: Consume alimentos de origen animal y vegetal.","3","1","0","2","Regular","Regular","7","0","3","0","0","0","2","3","Dormir más horas que lo habitual","Salud general y recomendación médica.","Deportes colectivos (futbol, basket, vóley).","Mala","No","0","Frecuentemente","Regular","Bastante","Frecuentemente"
"2026/04/25 8:50:53 a.m. GMT-5","1","Masculino","54","1.64","20","Ingeniería, Tecnología y Construcción.","4","6","2","4","Omnívora: Consume alimentos de origen animal y vegetal.","3","1","2","5","Alto","Regular","6","2","2","1","1","1","3","2","Realizar actividad física","Reducción de estrés y ansiedad","Anaeróbica (pesas, entrenamiento de fuerza).","Regular","No","300","Frecuentemente","Bastante","Bastante","A veces"
"2026/04/25 9:06:30 a.m. GMT-5","9","Femenino","64","1.62","24","Ingeniería, Tecnología y Construcción.","9","4","14 ","3","Omnívora: Consume alimentos de origen animal y vegetal.","2","2","0","7","Alto","Regular","6","0","1","2","al dia no, pero de ves en cuando","0","3","2","Realizar actividad física","Mejora del rendimiento físico / Estética.","Mixta.","Regular","No","250","A veces","Regular","Bastante","Frecuentemente"
"2026/04/25 9:12:22 a.m. GMT-5","5","Femenino","90","1.65","19","Ingeniería, Tecnología y Construcción.","3","6","2.5","3.5","Omnívora: Consume alimentos de origen animal y vegetal.","3","2","5","2","Bajo","Regular","6.5","1","3","0","0","1","3","1.5","Salir a pasear o conversar con mis amigos","Mejora del rendimiento físico / Estética.","Anaeróbica (pesas, entrenamiento de fuerza).","Regular","Sí","50","Frecuentemente","Bastante","Bastante","A veces"
"2026/04/25 9:25:15 a.m. GMT-5","5","Femenino","63","1.67","17","Ingeniería, Tecnología y Construcción.","1","6","1","3.5","Omnívora: Consume alimentos de origen animal y vegetal.","3","1","0","1","Bajo","Mala","4","1","3","0","0","0","4","2","Salir a pasear o conversar con mis amigos","Mejora del rendimiento físico / Estética.","Mixta.","Regular","Sí","350","Frecuentemente","Regular","Bastante","A veces"
"2026/04/25 9:29:40 a.m. GMT-5","1","Masculino","72","1.75","19","Ingeniería, Tecnología y Construcción.","4","7","10","1","Omnívora: Consume alimentos de origen animal y vegetal.","3","1","0","5","Regular","Buena","8","2","2","0","0","0","3","2.5","Dormir más horas que lo habitual","Salud general y recomendación médica.","Mixta.","Regular","No","500","A veces","Bastante","Bastante","A veces"
"2026/04/25 9:41:28 a.m. GMT-5","5","Masculino","87","1.72","28","Ingeniería, Tecnología y Construcción.","3","6","14","3","Omnívora: Consume alimentos de origen animal y vegetal.","3","1","5","6","Alto","Mala","6","4","3","0","1","4","3","3","Salir a pasear o conversar con mis amigos","Mejora del rendimiento físico / Estética.","Mixta.","Regular","No","0","Frecuentemente","Bastante","Bastante","Frecuentemente"
"2026/04/25 9:42:37 a.m. GMT-5","5","Masculino","1","3","18","Ciencias Sociales y Derecho.","3","8","10","12","Crudista: Consiste en consumir alimentos crudos o cocinados a bajas temperaturas, generalmente orgánicos.","6","7","1","0","Muy bajo","Muy buena","2","0","0","0","Seis mil setescientos sesenta y siete (6767) gramos de bebida energética.","2","4","2","Jugar videojuegos","Recreación y socialización con amigos.","No realizo actividad física.","Regular","Sí","0","A veces","Poco","Bastante","Siempre"
"2026/04/25 9:47:12 a.m. GMT-5","5","Femenino","42","1.63","21","Ingeniería, Tecnología y Construcción.","8","3","1","15","Omnívora: Consume alimentos de origen animal y vegetal.","3","1","0","0","Muy bajo","Buena","7.5","0","3","0","0","4","3","1.5","Salir a pasear o conversar con mis amigos","Reducción de estrés y ansiedad","No realizo actividad física.","Buena","No","5","A veces","Bastante","Bastante","Frecuentemente"
"2026/04/25 9:51:32 a.m. GMT-5","5","Femenino","56","1.53","19","Ciencias de la Salud.","3","7","2","14","Omnívora: Consume alimentos de origen animal y vegetal.","3","1","1","1","Bajo","Regular","6","1","3","0","0","1","2","1","Dormir más horas que lo habitual","Recreación y socialización con amigos.","Deportes colectivos (futbol, basket, vóley).","Buena","No","10","A veces","Poco","Regular","Frecuentemente"
"2026/04/25 10:47:43 a.m. GMT-5","5","Masculino","85","1.78","19","Ingeniería, Tecnología y Construcción.","1","6","2","5","Omnívora: Consume alimentos de origen animal y vegetal.","3","3","5","5","Regular","Mala","6","0","1","3","1","4","4","3","Realizar actividad física","Mejora del rendimiento físico / Estética.","Mixta.","Regular","No","100","Rara vez","Regular","Regular","Frecuentemente"
"2026/04/25 11:34:59 a.m. GMT-5","5","Masculino","58","1.68","18","Ingeniería, Tecnología y Construcción.","3","7","1","12","Omnívora: Consume alimentos de origen animal y vegetal.","3","1","5","0","Bajo","Buena","5","0","3","0","0","3","2","2.5","Jugar videojuegos","Reducción de estrés y ansiedad","No realizo actividad física.","Regular","Sí","50","Frecuentemente","Bastante","Regular","Frecuentemente"
"2026/04/25 1:29:19 p.m. GMT-5","1","Femenino","68","1.70","19","Ingeniería, Tecnología y Construcción.","4","5","1","2","Omnívora: Consume alimentos de origen animal y vegetal.","2","3","6","0","Regular","Regular","5","0","2","0","0","4","3","2","Otros motivos","Reducción de estrés y ansiedad","No realizo actividad física.","Regular","No","5","A veces","Regular","Poco","A veces"
"2026/04/25 2:06:44 p.m. GMT-5","5","Femenino","50","1.50","20","Ingeniería, Tecnología y Construcción.","2","9","1","6","Flexitariana: Es una dieta principalmente vegetariana, pero que permite el consumo ocasional de carne o pescado.","3","3","0","3","Bajo","Regular","6","0","1","2","0","0","3","2","Salir a pasear o conversar con mis amigos","Reducción de estrés y ansiedad","Deportes colectivos (futbol, basket, vóley).","Regular","No","150","A veces","Muy poco","Regular","A veces"
"2026/04/25 2:08:39 p.m. GMT-5","5","Femenino","48","1.54","25","Ingeniería, Tecnología y Construcción.","10","5","6","12","Omnívora: Consume alimentos de origen animal y vegetal.","3","3","3","0","Bajo","Regular","6","0","3","0","0","0","3","1","Salir a pasear o conversar con mis amigos","Mejora del rendimiento físico / Estética.","Aeróbica (correr, nadar, bicicleta).","Regular","No","12","A veces","Bastante","Bastante","Frecuentemente"
"2026/04/25 2:14:08 p.m. GMT-5","5","Femenino","55","1.62","18 ","Ingeniería, Tecnología y Construcción.","1","6","6","1.3","Omnívora: Consume alimentos de origen animal y vegetal.","3","2","0","3","Bajo","Regular","5","6","3","1","1","3","4","1","Ir de compras","Mejora del rendimiento físico / Estética.","Aeróbica (correr, nadar, bicicleta).","Buena","No","100","Frecuentemente","Bastante","Bastante","A veces"
"2026/04/25 2:34:00 p.m. GMT-5","5","Masculino","84","1.78","23","Ingeniería, Tecnología y Construcción.","5","7","5","16","Vegetariana: Excluye carne y pescado.","4","4","3","3","Regular","Mala","6","0","3","0","1","0","3","2.5","Realizar actividad física","Mejora del rendimiento físico / Estética.","Mixta.","Buena","No","150","Frecuentemente","Bastante","Bastante","Frecuentemente"
"2026/04/25 2:43:27 p.m. GMT-5","5","Masculino","67","1.69","22","Ingeniería, Tecnología y Construcción.","5","7","3","5","Omnívora: Consume alimentos de origen animal y vegetal.","2","3","3","2","Bajo","Mala","5","0","1","0","0","0","3","2","Dormir más horas que lo habitual","Mejora del rendimiento físico / Estética.","Aeróbica (correr, nadar, bicicleta).","Mala","No","5","A veces","Bastante","Bastante","A veces"
"2026/04/25 2:43:28 p.m. GMT-5","5","Masculino","85","1.75","23","Ingeniería, Tecnología y Construcción.","10","3","2","6","Flexitariana: Es una dieta principalmente vegetariana, pero que permite el consumo ocasional de carne o pescado.","2","3","1","1","Bajo","Regular","5","1","2","3","2","2","2","1","Realizar actividad física","Reducción de estrés y ansiedad","Deportes colectivos (futbol, basket, vóley).","Regular","No","5","Frecuentemente","Regular","Regular","A veces"
"2026/04/25 2:50:19 p.m. GMT-5","5","Masculino","63","1.57","19","Ingeniería, Tecnología y Construcción.","3","5","12","8","Omnívora: Consume alimentos de origen animal y vegetal.","3","1","0","6","Alto","Buena","8","0","3","0","0","3","3","5","Realizar actividad física","Mejora del rendimiento físico / Estética.","Anaeróbica (pesas, entrenamiento de fuerza).","Regular","No","0","Frecuentemente","Bastante","Bastante","A veces"
"2026/04/25 3:01:48 p.m. GMT-5","5","Masculino","61","1.69","21","Ingeniería, Tecnología y Construcción.","5","7","4","5","Omnívora: Consume alimentos de origen animal y vegetal.","3","1","0","2","Alto","Mala","5","1","2","2","2","1","2","1","Realizar actividad física","Mejora del rendimiento físico / Estética.","Aeróbica (correr, nadar, bicicleta).","Regular","No","5","A veces","Bastante","Regular","A veces"
"2026/04/25 3:06:11 p.m. GMT-5","5","Femenino","54","1","21","Humanidades, Artes y Educación.","7","6","8 ","3","Flexitariana: Es una dieta principalmente vegetariana, pero que permite el consumo ocasional de carne o pescado.","2","1","5","6","Alto","Regular","7","2","0","0","1","2","2","2","Realizar actividad física","Mejora del rendimiento físico / Estética.","Anaeróbica (pesas, entrenamiento de fuerza).","Buena","No","200","A veces","Poco","Poco","Frecuentemente"
"2026/04/25 3:14:36 p.m. GMT-5","5","Masculino","96","1.77","21","Ingeniería, Tecnología y Construcción.","5","5","8","0","Omnívora: Consume alimentos de origen animal y vegetal.","3","2","5","5","Alto","Regular","8","2","2","0","1","1","4","1","Salir a pasear o conversar con mis amigos","Mejora del rendimiento físico / Estética.","Anaeróbica (pesas, entrenamiento de fuerza).","Regular","No","0","Frecuentemente","Bastante","Regular","Rara vez"
"2026/04/25 3:32:24 p.m. GMT-5","5","Femenino","56","1.56","20","Ciencias de la Salud.","9","6","3.5","10","Omnívora: Consume alimentos de origen animal y vegetal.","3","1","5","2","Bajo","Regular","4","1","1","0","0","2","3","1","Otros motivos","Mejora del rendimiento físico / Estética.","No realizo actividad física.","Regular","No","30","A veces","Regular","Bastante","A veces"
"2026/04/25 3:40:09 p.m. GMT-5","5","Femenino","57","1.6","21","Ciencias Sociales y Derecho.","8","4","10","16","Omnívora: Consume alimentos de origen animal y vegetal.","5","2","6","5","Regular","Mala","5","2","3","2","1","0","3","1","Realizar actividad física","Mejora del rendimiento físico / Estética.","Anaeróbica (pesas, entrenamiento de fuerza).","Regular","No","180","A veces","Bastante","Bastante","Frecuentemente"
"2026/04/25 3:46:25 p.m. GMT-5","5","Masculino","82","1.81","21","Ingeniería, Tecnología y Construcción.","6","5","8","5","Omnívora: Consume alimentos de origen animal y vegetal.","4","1","3","5","Regular","Regular","6","0","3","1","1","1","2","1.8","Jugar videojuegos","Mejora del rendimiento físico / Estética.","Anaeróbica (pesas, entrenamiento de fuerza).","Regular","No","10","Frecuentemente","Regular","Poco","Frecuentemente"
"2026/04/25 3:54:37 p.m. GMT-5","5","Femenino","62","1.62","20","Ingeniería, Tecnología y Construcción.","7","6","4","15","Vegana: Dieta estricta basada exclusivamente en alimentos de origen vegetal, excluyendo cualquier producto animal.","2","4","5","3","Bajo","Regular","9","1","0","0","0","2","2","2","Dormir más horas que lo habitual","Reducción de estrés y ansiedad","Aeróbica (correr, nadar, bicicleta).","Regular","Sí","0","Rara vez","Regular","Bastante","Rara vez"
"2026/04/25 3:56:40 p.m. GMT-5","5","Femenino","50","1.50","21","Ingeniería, Tecnología y Construcción.","7","6","4","5","Frugívora/Frutariana: Basada principalmente en el consumo de frutas.","5","4","7","3","Regular","Regular","6","1","1","0","0","0","3","3","Salir a pasear o conversar con mis amigos","Mejora del rendimiento físico / Estética.","Mixta.","Regular","No","100","","Bastante","Bastante","A veces"
"2026/04/25 4:06:23 p.m. GMT-5","5","Femenino","45","1.50","23","Ciencias Exactas y Ambientales.","8","3","2","8","Vegetariana: Excluye carne y pescado.","3","2","6","3","Bajo","Regular","6","0","3","0","0","0","4","1.5","Salir a pasear o conversar con mis amigos","Mejora del rendimiento físico / Estética.","Mixta.","Regular","No","150","A veces","Bastante","Bastante","Siempre"
"2026/04/25 4:10:50 p.m. GMT-5","9","Masculino","79","1","25","Ciencias Sociales y Derecho.","9","3","1","3","Omnívora: Consume alimentos de origen animal y vegetal.","3","1","0","0","Muy bajo","Regular","7","1","2","0","1","1","2","1.5","Dormir más horas que lo habitual","Salud general y recomendación médica.","No realizo actividad física.","Regular","No","5","A veces","Bastante","Bastante","A veces"
"2026/04/25 4:34:11 p.m. GMT-5","5","Femenino","47","1.55","21","Administración, Negocios y Contabilidad.","8","6","6","9","Omnívora: Consume alimentos de origen animal y vegetal.","3","1","5","4","Alto","Regular","4","0","3","0","0","3","3","2.5","Realizar actividad física","Reducción de estrés y ansiedad","Deportes colectivos (futbol, basket, vóley).","Buena","No","100","Frecuentemente","Bastante","Bastante","A veces"
"2026/04/25 4:40:02 p.m. GMT-5","5","Femenino","64","1.59","20","Ingeniería, Tecnología y Construcción.","7","6","5.5","5","Flexitariana: Es una dieta principalmente vegetariana, pero que permite el consumo ocasional de carne o pescado.","3","3","4","5","Regular","Regular","7","0","4","3","1","4","3","1","Dormir más horas que lo habitual","Mejora del rendimiento físico / Estética.","Anaeróbica (pesas, entrenamiento de fuerza).","Regular","No","200","A veces","Bastante","Bastante","A veces"
"2026/04/25 5:09:27 p.m. GMT-5","5","Femenino","57","1.58","19","Ingeniería, Tecnología y Construcción.","5","5","2","2","Omnívora: Consume alimentos de origen animal y vegetal.","4","1","2","1","Bajo","Regular","6","1","3","0","0","0","3","2","Dormir más horas que lo habitual","Mejora del rendimiento físico / Estética.","Deportes colectivos (futbol, basket, vóley).","Buena","No","50","A veces","Regular","Bastante","Frecuentemente"
"2026/04/25 5:41:21 p.m. GMT-5","5","Femenino","63","1.63 ","22","Ingeniería, Tecnología y Construcción.","3","3","4","5","Flexitariana: Es una dieta principalmente vegetariana, pero que permite el consumo ocasional de carne o pescado.","2","1","0","2","Bajo","Buena","8","0","2","0","0","0","1","2","Realizar actividad física","Mejora del rendimiento físico / Estética.","Aeróbica (correr, nadar, bicicleta).","Regular","No","0","A veces","Bastante","Regular","Frecuentemente"
"2026/04/25 5:42:07 p.m. GMT-5","5","Femenino","59","1.59","22","Ingeniería, Tecnología y Construcción.","10","5","2","1","Omnívora: Consume alimentos de origen animal y vegetal.","4","1","4","2","Regular","Regular","6","0","2","0","0","3","4","4","Realizar actividad física","Recreación y socialización con amigos.","Deportes colectivos (futbol, basket, vóley).","Buena","No","10","Frecuentemente","Regular","Nunca","Siempre"
"2026/04/25 5:42:16 p.m. GMT-5","5","Femenino","62","1.50","24","Ingeniería, Tecnología y Construcción.","10","5","4","2","Omnívora: Consume alimentos de origen animal y vegetal.","3","2","4","1","Regular","Mala","5","0","1","0","0","2","4","1","Dormir más horas que lo habitual","Reducción de estrés y ansiedad","Aeróbica (correr, nadar, bicicleta).","Regular","Sí","50","A veces","Poco","Bastante","Frecuentemente"
"2026/04/25 5:42:28 p.m. GMT-5","5","Femenino","60","1.65","23","Ingeniería, Tecnología y Construcción.","10","4","2","13","Omnívora: Consume alimentos de origen animal y vegetal.","2","6","6","2","Bajo","Mala","5","0","3","3","0","3","3","2","Ir de compras","Reducción de estrés y ansiedad","Aeróbica (correr, nadar, bicicleta).","Regular","No","100","A veces","Poco","","A veces"
"2026/04/25 5:42:32 p.m. GMT-5","5","Femenino","64","1.63","23","Ingeniería, Tecnología y Construcción.","8","6","8","2","Omnívora: Consume alimentos de origen animal y vegetal.","3","5","2","4","Regular","Regular","7","0","3","1","1","1","3","1.5","Realizar actividad física","Recreación y socialización con amigos.","Deportes colectivos (futbol, basket, vóley).","Regular","No","200","Frecuentemente","Regular","Regular","A veces"
"2026/04/25 5:49:36 p.m. GMT-5","5","Femenino","48","1.50","21","Ingeniería, Tecnología y Construcción.","7","7","3","9","Vegetariana: Excluye carne y pescado.","3","2","4","1","Regular","Regular","6","0","3","0","0","1","4","3","Realizar actividad física","Mejora del rendimiento físico / Estética.","Deportes colectivos (futbol, basket, vóley).","Regular","No","50","A veces","Poco","Regular","Rara vez"
"2026/04/25 5:49:53 p.m. GMT-5","5","Femenino","55","1","23","Ingeniería, Tecnología y Construcción.","9","7","3","10","Flexitariana: Es una dieta principalmente vegetariana, pero que permite el consumo ocasional de carne o pescado.","2","1","0","4","Regular","Regular","7","0","2","6","0","2","2","1.5","Salir a pasear o conversar con mis amigos","Mejora del rendimiento físico / Estética.","Anaeróbica (pesas, entrenamiento de fuerza).","Regular","No","600","Frecuentemente","Bastante","Bastante","Siempre"
"2026/04/25 6:07:21 p.m. GMT-5","5","Femenino","58","1.56","18","Administración, Negocios y Contabilidad.","3","6","3.5","2","Omnívora: Consume alimentos de origen animal y vegetal.","3","4","2","5","Regular","Buena","7","7","3","0","0","1","3","2","Salir a pasear o conversar con mis amigos","Salud general y recomendación médica.","Aeróbica (correr, nadar, bicicleta).","Buena","No","30","A veces","Regular","Regular","Frecuentemente"
"2026/04/25 6:19:43 p.m. GMT-5","5","Femenino","58","1.63","17","Ingeniería, Tecnología y Construcción.","1","6","1","8","Omnívora: Consume alimentos de origen animal y vegetal.","3","1","4","5","Regular","Muy buena","7","0","3","0","0","1","2","1.5","Salir a pasear o conversar con mis amigos","Mejora del rendimiento físico / Estética.","Aeróbica (correr, nadar, bicicleta).","Buena","No","100","Frecuentemente","Bastante","Bastante","Frecuentemente"
"2026/04/25 6:20:02 p.m. GMT-5","5","Femenino","50","1.60","18","Administración, Negocios y Contabilidad.","3","6","1","8","Vegana: Dieta estricta basada exclusivamente en alimentos de origen vegetal, excluyendo cualquier producto animal.","4","1","6","1","Bajo","Regular","4","0","2","0","1","2","4","3","Salir a pasear o conversar con mis amigos","Reducción de estrés y ansiedad","Mixta.","Regular","No","450","Rara vez","Poco","Regular","A veces"
"2026/04/25 6:42:35 p.m. GMT-5","5","Femenino","57","1.59","18","Ingeniería, Tecnología y Construcción.","2","6","4","1.5","Omnívora: Consume alimentos de origen animal y vegetal.","2","3","0","4","Bajo","Regular","5","2","2","0","0","0","3","1","Realizar actividad física","Reducción de estrés y ansiedad","Deportes colectivos (futbol, basket, vóley).","Buena","No","400","A veces","Regular","Regular","A veces"
"2026/04/25 7:36:57 p.m. GMT-5","5","Femenino","70","1.62","22","Administración, Negocios y Contabilidad.","10","4","3","2","Flexitariana: Es una dieta principalmente vegetariana, pero que permite el consumo ocasional de carne o pescado.","3","2","4","2","Regular","Regular","6","1","1","3","1","4","3","1","Ir de compras","Mejora del rendimiento físico / Estética.","Aeróbica (correr, nadar, bicicleta).","Mala","No","200","Frecuentemente","Bastante","Bastante","Frecuentemente"
"2026/04/25 8:00:41 p.m. GMT-5","5","Masculino","69","1.69","18","Ciencias Sociales y Derecho.","3","7","6 ","10","Omnívora: Consume alimentos de origen animal y vegetal.","3","1","0","3","Alto","Regular","6","1","4","0","0","0","3","2.5","Realizar actividad física","Mejora del rendimiento físico / Estética.","Mixta.","Buena","No","150","A veces","Bastante","Bastante","A veces"
"2026/04/25 8:14:51 p.m. GMT-5","5","Femenino","54.5","1.51","18","Ingeniería, Tecnología y Construcción.","3","6","9.5","5","Omnívora: Consume alimentos de origen animal y vegetal.","4","2","5","5","Alto","Mala","4.5","2","4","0","0","0","4","3","Realizar actividad física","Mejora del rendimiento físico / Estética.","Mixta.","Regular","No","200","A veces","Bastante","Bastante","A veces"
"2026/04/25 8:56:49 p.m. GMT-5","5","Femenino","46","1.61","19","Administración, Negocios y Contabilidad.","3","6","8 ","7","Flexitariana: Es una dieta principalmente vegetariana, pero que permite el consumo ocasional de carne o pescado.","3","3","1","4","Regular","Mala","5","0","2","1","1","4","3","1","Salir a pasear o conversar con mis amigos","Mejora del rendimiento físico / Estética.","Mixta.","Regular","No","150","Frecuentemente","Regular","Regular","Frecuentemente"
"2026/04/25 9:37:29 p.m. GMT-5","5","Masculino","60","1.62","19","Ciencias Sociales y Derecho.","2","5","2","1","Vegetariana: Excluye carne y pescado.","3","3","4","3","Alto","Buena","8","0","3","2","1","2","3","1.5","Salir a pasear o conversar con mis amigos","Recreación y socialización con amigos.","Deportes colectivos (futbol, basket, vóley).","Regular","No","70","Frecuentemente","Regular","Regular","A veces"
"2026/04/25 9:42:21 p.m. GMT-5","8","Masculino","75","1.77","23","Ciencias Sociales y Derecho.","10","4","3","15","Omnívora: Consume alimentos de origen animal y vegetal.","3","2","3","3","Regular","Regular","7","2","3","2","1","3","3","1.5","Salir a pasear o conversar con mis amigos","Recreación y socialización con amigos.","Deportes colectivos (futbol, basket, vóley).","Regular","No","10","Frecuentemente","Regular","Bastante","A veces"
"2026/04/25 10:22:24 p.m. GMT-5","5","Masculino","70","1.73","19","Ingeniería, Tecnología y Construcción.","2","7","4","2","Omnívora: Consume alimentos de origen animal y vegetal.","3","3","2","3","Alto","Regular","7","2","3","1","1","1","3","1","Realizar actividad física","Reducción de estrés y ansiedad","Anaeróbica (pesas, entrenamiento de fuerza).","Buena","No","50","Frecuentemente","Regular","Poco","Frecuentemente"
"2026/04/26 8:53:29 a.m. GMT-5","5","Masculino","61.2 ","1.67 ","18","Ingeniería, Tecnología y Construcción.","2","5","2.5","5","Omnívora: Consume alimentos de origen animal y vegetal.","3"," 2","0","2","Bajo","Mala","7","0","3","1","1","0","3","2","Realizar actividad física","Recreación y socialización con amigos.","Deportes colectivos (futbol, basket, vóley).","Regular","No","4","Frecuentemente","Bastante","Bastante","A veces"
"2026/04/26 5:44:21 p.m. GMT-5","3","Masculino","70","1.70","18","Ingeniería, Tecnología y Construcción.","3","5","12","6","Omnívora: Consume alimentos de origen animal y vegetal.","4","1","0","5","Regular","Regular","7","2","3","0","0","0","2","2","Realizar actividad física","Recreación y socialización con amigos.","Deportes colectivos (futbol, basket, vóley).","Regular","Sí","3","A veces","Regular","Poco","A veces"
"2026/04/26 5:44:43 p.m. GMT-5","3","Masculino","93","1.87","18","Ingeniería, Tecnología y Construcción.","1","5","2","1","Crudista: Consiste en consumir alimentos crudos o cocinados a bajas temperaturas, generalmente orgánicos.","2","5","0","3","Regular","Mala","6","1","0","4","2","1","3","1","Realizar actividad física","Mejora del rendimiento físico / Estética.","Mixta.","Buena","No","10","A veces","Regular","Bastante","Frecuentemente"
"2026/04/26 5:49:00 p.m. GMT-5","3","Masculino","80 ","1.65","16","Ingeniería, Tecnología y Construcción.","1","6","4","5 ","Omnívora: Consume alimentos de origen animal y vegetal.","3","2","0","3 ","Bajo","Buena","6 ","0","2","0","0","3","3","2.5","Realizar actividad física","Mejora del rendimiento físico / Estética.","Anaeróbica (pesas, entrenamiento de fuerza).","Regular","No","200 ","Siempre","Bastante","Bastante","A veces"
"2026/04/26 5:56:44 p.m. GMT-5","3","Masculino","62","1.7","17","Ingeniería, Tecnología y Construcción.","1","5","7.5","1","Omnívora: Consume alimentos de origen animal y vegetal.","3","1","0","7","Muy alto","Regular","7","1","1","0","0","0","2","2.5","Jugar videojuegos","Mejora del rendimiento físico / Estética.","Deportes colectivos (futbol, basket, vóley).","Regular","No","20","Rara vez","Bastante","Regular","A veces"
"2026/04/26 6:10:26 p.m. GMT-5","8","Masculino","72","1.70","23","Ingeniería, Tecnología y Construcción.","6","6","6","0.2","Omnívora: Consume alimentos de origen animal y vegetal.","3","4","0","4","Regular","Mala","6","7","2","0","No tomo","0","4","1","Jugar videojuegos","Mejora del rendimiento físico / Estética.","Mixta.","Regular","Sí","0","Nunca","Poco","Poco","Nunca"
"2026/04/26 6:10:42 p.m. GMT-5","8","Masculino","90","1.75","18","Ingeniería, Tecnología y Construcción.","3","6","2","10","Omnívora: Consume alimentos de origen animal y vegetal.","3","5","0","2","Regular","Regular","6","2","3","0","0","0","3","2.5","Salir a pasear o conversar con mis amigos","Mejora del rendimiento físico / Estética.","Anaeróbica (pesas, entrenamiento de fuerza).","Regular","No","50","Frecuentemente","Regular","Regular","A veces"
"2026/04/26 6:18:05 p.m. GMT-5","8","Femenino","45","1.54","20","Ingeniería, Tecnología y Construcción.","4","5","6","2","Omnívora: Consume alimentos de origen animal y vegetal.","2","3","3","4","Alto","Muy buena","11","10","3","0","0","0","3","1.5","Dormir más horas que lo habitual","Reducción de estrés y ansiedad","Anaeróbica (pesas, entrenamiento de fuerza).","Regular","No","10","Rara vez","Regular","Bastante","Frecuentemente"
"2026/04/26 6:29:09 p.m. GMT-5","8","Masculino","54","1.73","26","Ingeniería, Tecnología y Construcción.","10","1","2","3","Omnívora: Consume alimentos de origen animal y vegetal.","3","2","2","1","Muy bajo","Mala","7","1","3","0","1","3","4","1","Salir a pasear o conversar con mis amigos","Salud general y recomendación médica.","Anaeróbica (pesas, entrenamiento de fuerza).","Mala","No","50","A veces","Bastante","Bastante","A veces"
"2026/04/26 6:31:19 p.m. GMT-5","5","Masculino","54.1","1.58","19","Humanidades, Artes y Educación.","5","5","13","18","Omnívora: Consume alimentos de origen animal y vegetal.","3","2","4","5","Muy alto","Regular","6","2","3","0","0","2","3","1.8","Realizar actividad física","Mejora del rendimiento físico / Estética.","Aeróbica (correr, nadar, bicicleta).","Buena","No","150","Frecuentemente","Bastante","Bastante","Frecuentemente"
"2026/04/26 6:37:09 p.m. GMT-5","4","Femenino","58","1.6","18","Ingeniería, Tecnología y Construcción.","3","6","1","3","Omnívora: Consume alimentos de origen animal y vegetal.","3","2","4","4","Bajo","Buena","7","2","2","0","0","0","3","2","Dormir más horas que lo habitual","Recreación y socialización con amigos.","No realizo actividad física.","Regular","No","35","Rara vez","Regular","Regular","A veces"
"2026/04/26 6:58:05 p.m. GMT-5","4","Masculino","70","1.70","22","Ingeniería, Tecnología y Construcción.","9","4","4","3 ","Flexitariana: Es una dieta principalmente vegetariana, pero que permite el consumo ocasional de carne o pescado.","3","2","7","7","Muy alto","Regular","5","2","3","1","1","2","1","1","Salir a pasear o conversar con mis amigos","Mejora del rendimiento físico / Estética.","Aeróbica (correr, nadar, bicicleta).","Buena","No","50","Frecuentemente","Regular","Regular","Frecuentemente"
"2026/04/26 7:24:49 p.m. GMT-5","3","Masculino","92","1.74","17","Ingeniería, Tecnología y Construcción.","1","10","1.5","2","Omnívora: Consume alimentos de origen animal y vegetal.","3","4","0","2","Regular","Mala","4.30","0","3","2","1","1","3","2","Realizar actividad física","Mejora del rendimiento físico / Estética.","Deportes colectivos (futbol, basket, vóley).","Regular","No","0","A veces","Poco","Bastante","A veces"
"2026/04/26 10:44:19 p.m. GMT-5","4","Masculino","62","1.80","18","Ingeniería, Tecnología y Construcción.","3","7","7","8","Omnívora: Consume alimentos de origen animal y vegetal.","3","1","0","4","Regular","Regular","6.5","4","3","0","0","0","2","4","Realizar actividad física","Mejora del rendimiento físico / Estética.","Anaeróbica (pesas, entrenamiento de fuerza).","Buena","Sí","10","Frecuentemente","Regular","Bastante","Frecuentemente"
"2026/04/27 12:19:35 a.m. GMT-5","8","Masculino","85","1.71","18","Ingeniería, Tecnología y Construcción.","5","5","2","4","Omnívora: Consume alimentos de origen animal y vegetal.","2","2","0","0","Regular","Mala","6","2","0","1","1","1","2","2.7","Salir a pasear o conversar con mis amigos","Salud general y recomendación médica.","Anaeróbica (pesas, entrenamiento de fuerza).","Mala","No","0","Rara vez","Bastante","Bastante","A veces"
"2026/04/27 11:02:51 a.m. GMT-5","1","Masculino","90","1.75","18","Ingeniería, Tecnología y Construcción.","4","5","2","10","Omnívora: Consume alimentos de origen animal y vegetal.","3","1","0","2","Muy bajo","Mala","6","3","2","2","1","4","3","2","Jugar videojuegos","Mejora del rendimiento físico / Estética.","Mixta.","Muy mala","No","600","Rara vez","Bastante","Bastante","Nunca"
"2026/04/27 1:07:43 p.m. GMT-5","4","Femenino","58","1.54","18","Ingeniería, Tecnología y Construcción.","2","6","1","15","Omnívora: Consume alimentos de origen animal y vegetal.","2","1","0","0","Bajo","Regular","4","0","0","0","0","0","3","2","Salir a pasear o conversar con mis amigos","Mejora del rendimiento físico / Estética.","Aeróbica (correr, nadar, bicicleta).","Buena","No","0","Rara vez","Regular","Regular","Siempre"
"2026/04/27 2:13:42 p.m. GMT-5","4","Femenino","75","1.63","23","Administración, Negocios y Contabilidad.","10","6","12","1","Omnívora: Consume alimentos de origen animal y vegetal.","3","3","4","5","Regular","Mala","7","4","2","0","0","3","3","2","Ir de compras","Salud general y recomendación médica.","Mixta.","Regular","No","200","Frecuentemente","Bastante","Bastante","A veces"
"2026/04/27 2:16:01 p.m. GMT-5","8","Masculino","65","1.75","18","Ingeniería, Tecnología y Construcción.","3","5","10.5","14","Omnívora: Consume alimentos de origen animal y vegetal.","4","1","0","7","Alto","Regular","6","2","3","0","0","0","3","3.5","Realizar actividad física","Mejora del rendimiento físico / Estética.","Aeróbica (correr, nadar, bicicleta).","Buena","No","200","Frecuentemente","Bastante","Bastante","A veces"
"2026/04/27 2:17:30 p.m. GMT-5","5","Masculino","79","1.74","18","Ingeniería, Tecnología y Construcción.","3","7","6.7","6.7","Omnívora: Consume alimentos de origen animal y vegetal.","3","2","6","4","Regular","Muy mala","7","1","1","0","0","2","3","1.5","Jugar videojuegos","Mejora del rendimiento físico / Estética.","Anaeróbica (pesas, entrenamiento de fuerza).","Regular","Sí","5","A veces","Regular","Bastante","Rara vez"
"2026/04/27 2:20:19 p.m. GMT-5","4","Masculino","76 ","1.72","18","Ingeniería, Tecnología y Construcción.","3","5","3","1","Flexitariana: Es una dieta principalmente vegetariana, pero que permite el consumo ocasional de carne o pescado.","3","2","5","6","Regular","Muy buena","8","2","3","0","0","2","1","3","Realizar actividad física","Recreación y socialización con amigos.","Aeróbica (correr, nadar, bicicleta).","Buena","No","10","Frecuentemente","Bastante","Bastante","Frecuentemente"
"2026/04/27 2:20:45 p.m. GMT-5","4","Femenino","53","1.68","19","Ingeniería, Tecnología y Construcción.","2","5","7","4","Omnívora: Consume alimentos de origen animal y vegetal.","5","2","0","4","Regular","Mala","4","0","4","0","0","0","3","1","Salir a pasear o conversar con mis amigos","Mejora del rendimiento físico / Estética.","Mixta.","Regular","No","0","Frecuentemente","Regular","Bastante","A veces"
"2026/04/27 2:20:49 p.m. GMT-5","4","Masculino","82","1.83","20","Ingeniería, Tecnología y Construcción.","6","5","12","10","Omnívora: Consume alimentos de origen animal y vegetal.","4","1","1","4","Regular","Regular","8","2","3","2","1","1","2","2","Salir a pasear o conversar con mis amigos","Reducción de estrés y ansiedad","Aeróbica (correr, nadar, bicicleta).","Regular","No","190","A veces","Poco","Poco","A veces"
"2026/04/27 2:21:13 p.m. GMT-5","4","Masculino","90","1.75","22","Administración, Negocios y Contabilidad.","4","5","8","8","Frugívora/Frutariana: Basada principalmente en el consumo de frutas.","3","3","4","3","Regular","Regular","7","2","2","3","1","2","1","2","Realizar actividad física","Mejora del rendimiento físico / Estética.","Deportes colectivos (futbol, basket, vóley).","Buena","No","100","A veces","Regular","Regular","Frecuentemente"
"2026/04/27 2:22:34 p.m. GMT-5","4","Masculino","80","1.80","21","Ciencias de la Salud.","3","4","10","12","Omnívora: Consume alimentos de origen animal y vegetal.","3","4","6","5","Regular","Regular","6","2","3","0","0","0","3","2","Salir a pasear o conversar con mis amigos","Salud general y recomendación médica.","Aeróbica (correr, nadar, bicicleta).","Buena","No","500","Frecuentemente","Bastante","Bastante","Siempre"
"2026/04/27 2:23:08 p.m. GMT-5","4","Masculino","65","1.77","21","Ciencias de la Salud.","10","7","3.5","8","Omnívora: Consume alimentos de origen animal y vegetal.","2","5","0","4","Regular","Mala","4","15","1","2","2","3","2","6","Realizar actividad física","Recreación y socialización con amigos.","Deportes colectivos (futbol, basket, vóley).","Mala","No","0","A veces","Bastante","Bastante","A veces"
"2026/04/27 2:26:08 p.m. GMT-5","4","Masculino","65","1","22","Ingeniería, Tecnología y Construcción.","6","5","1","4","Omnívora: Consume alimentos de origen animal y vegetal.","3","4","0","5","Regular","Muy mala","4","1","1","1","1","0","3","1","Dormir más horas que lo habitual","Mejora del rendimiento físico / Estética.","Deportes colectivos (futbol, basket, vóley).","Regular","No","1000","A veces","Regular","Bastante","Frecuentemente"
"2026/04/27 2:27:36 p.m. GMT-5","4","Masculino","73","1.75","23","Ingeniería, Tecnología y Construcción.","10","2","2 ","3","Omnívora: Consume alimentos de origen animal y vegetal.","3","2","7","7","Muy alto","Muy buena","10","0","4","7","4","2","1","2","Jugar videojuegos","Salud general y recomendación médica.","Mixta.","Muy buena","Sí","10","Nunca","Nunca","Poco","Frecuentemente"
"2026/04/27 2:28:17 p.m. GMT-5","4","Femenino","70","0.165","18","Ingeniería, Tecnología y Construcción.","2","5","1.5","5","Omnívora: Consume alimentos de origen animal y vegetal.","4","3","2","1","Bajo","Regular","6","0","2","0","0","3","2","2","Salir a pasear o conversar con mis amigos","Recreación y socialización con amigos.","Aeróbica (correr, nadar, bicicleta).","Buena","No","100","A veces","Muy poco","Bastante","Frecuentemente"
"2026/04/27 2:29:44 p.m. GMT-5","4","Masculino","70","1.70","17","Ingeniería, Tecnología y Construcción.","1","6","20","18","Omnívora: Consume alimentos de origen animal y vegetal.","4","2","4","5","Alto","Regular","6","5","3","2","3","1","4","3","Salir a pasear o conversar con mis amigos","Mejora del rendimiento físico / Estética.","Deportes colectivos (futbol, basket, vóley).","Regular","No","500","Frecuentemente","Bastante","Bastante","Rara vez"
"2026/04/27 2:30:42 p.m. GMT-5","4","Masculino","92","1.73","18","Ingeniería, Tecnología y Construcción.","2","6","7","10","Omnívora: Consume alimentos de origen animal y vegetal.","3","2","3","3","Regular","Regular","6","0","4","2","1","1","2","3 ","Realizar actividad física","Mejora del rendimiento físico / Estética.","Deportes colectivos (futbol, basket, vóley).","Mala","No","200","Frecuentemente","Bastante","Bastante","Siempre"
"2026/04/27 2:31:04 p.m. GMT-5","4","Masculino","67","1.74","21","Ingeniería, Tecnología y Construcción.","7","5","5","1","Omnívora: Consume alimentos de origen animal y vegetal.","3","1","2","3","Alto","Regular","7","1","3","0","0","3","3","2.5","Realizar actividad física","Mejora del rendimiento físico / Estética.","Deportes colectivos (futbol, basket, vóley).","Buena","No","100","Frecuentemente","Regular","Bastante","A veces"
"2026/04/27 2:32:28 p.m. GMT-5","4","Masculino","60","1.65","26","Ingeniería, Tecnología y Construcción.","4","4","6","1","Omnívora: Consume alimentos de origen animal y vegetal.","3","8","0","6","Regular","Regular","6","0","2","3","2","1","4","1","Realizar actividad física","Reducción de estrés y ansiedad","Aeróbica (correr, nadar, bicicleta).","Regular","No","30","Frecuentemente","Bastante","Bastante","A veces"
"2026/04/27 2:32:52 p.m. GMT-5","6","Femenino","60","1.6","19","Ingeniería, Tecnología y Construcción.","3","6","8","5","Omnívora: Consume alimentos de origen animal y vegetal.","3","1","0","4","Regular","Regular","6","2","3","0","0","0","3","2","Salir a pasear o conversar con mis amigos","Reducción de estrés y ansiedad","Anaeróbica (pesas, entrenamiento de fuerza).","Regular","No","100","Frecuentemente","Regular","Regular","A veces"
"2026/04/27 2:33:08 p.m. GMT-5","4","Masculino","66","1.70","17","Administración, Negocios y Contabilidad.","1","5","4","1","Omnívora: Consume alimentos de origen animal y vegetal.","2","2","2","4","Regular","Regular","7","5","0","1","1","3","2","3","Salir a pasear o conversar con mis amigos","Recreación y socialización con amigos.","Aeróbica (correr, nadar, bicicleta).","Buena","Sí","0","Frecuentemente","Poco","Regular","A veces"
"2026/04/27 2:34:05 p.m. GMT-5","6","Femenino","79","1","18","Ingeniería, Tecnología y Construcción.","3","7","6","8","Omnívora: Consume alimentos de origen animal y vegetal.","3","1","6","3","Regular","Buena","6","0","3","1","1","4","3","2","Dormir más horas que lo habitual","Salud general y recomendación médica.","Anaeróbica (pesas, entrenamiento de fuerza).","Regular","No","20","A veces","Bastante","Regular","A veces"
"2026/04/27 2:36:51 p.m. GMT-5","4","Masculino","80","1.70","21","Ingeniería, Tecnología y Construcción.","6","10","1","2","Flexitariana: Es una dieta principalmente vegetariana, pero que permite el consumo ocasional de carne o pescado.","3","7","1","1","Regular","Regular","7","4","3","2","1","1","3","1.5","Salir a pasear o conversar con mis amigos","Recreación y socialización con amigos.","Deportes colectivos (futbol, basket, vóley).","Regular","No","50","A veces","Regular","Bastante","A veces"
"2026/04/27 2:37:47 p.m. GMT-5","4","Femenino","58","1.57","18","Ciencias Exactas y Ambientales.","2","5","3.5","4.5","Omnívora: Consume alimentos de origen animal y vegetal.","3","2","6","3","Bajo","Mala","5","0","2","0","0","3","4","1","Realizar actividad física","Reducción de estrés y ansiedad","Deportes colectivos (futbol, basket, vóley).","Regular","No","50","A veces","Bastante","Bastante","Frecuentemente"
"2026/04/27 2:37:58 p.m. GMT-5","4","Femenino","60","1.61","19","Humanidades, Artes y Educación.","6","8","15","8","Omnívora: Consume alimentos de origen animal y vegetal.","3","3","5","5","Regular","Regular","5","0","3","0","0","0","2","2","Ir de compras","Mejora del rendimiento físico / Estética.","Anaeróbica (pesas, entrenamiento de fuerza).","Regular","No","50","A veces","Regular","Regular","A veces"
"2026/04/27 2:42:46 p.m. GMT-5","4","Masculino","60 ","1.76","17","Ingeniería, Tecnología y Construcción.","1","2","3","2","Flexitariana: Es una dieta principalmente vegetariana, pero que permite el consumo ocasional de carne o pescado.","1","2","3","6","Regular","Regular","5","0","1","0","0","1","3","1.5","Salir a pasear o conversar con mis amigos","Mejora del rendimiento físico / Estética.","Mixta.","Buena","No","10","Frecuentemente","Poco","Poco","Frecuentemente"
"2026/04/27 2:43:16 p.m. GMT-5","6","Femenino","60","1.69","18","Ingeniería, Tecnología y Construcción.","3","5","5","5","Omnívora: Consume alimentos de origen animal y vegetal.","2","6","2","4","Regular","Muy mala","5","4","2","6","2","4","2","2","Dormir más horas que lo habitual","Salud general y recomendación médica.","Mixta.","Regular","No","20","Frecuentemente","Bastante","Bastante","Frecuentemente"
"2026/04/27 2:45:40 p.m. GMT-5","4","Femenino","63","1.59","27","Administración, Negocios y Contabilidad.","9","6","10","10","Omnívora: Consume alimentos de origen animal y vegetal.","3","1","0","5","Regular","Mala","6","1","3","0","0","0","3","5","Realizar actividad física","Reducción de estrés y ansiedad","Mixta.","Regular","No","300","Frecuentemente","Regular","Bastante","Frecuentemente"
"2026/04/27 2:47:55 p.m. GMT-5","4","Masculino","64","1.71","22","Ingeniería, Tecnología y Construcción.","9","4","4","2","Omnívora: Consume alimentos de origen animal y vegetal.","4","2","0","3","Muy alto","Regular","6.5","4","2","2","1","3","2","2","Realizar actividad física","Mejora del rendimiento físico / Estética.","Deportes colectivos (futbol, basket, vóley).","Buena","No","250","Frecuentemente","Regular","Bastante","Frecuentemente"
"2026/04/27 2:49:01 p.m. GMT-5","4","Masculino","53","1.66","100","Ingeniería, Tecnología y Construcción.","10","9","6","2","Omnívora: Consume alimentos de origen animal y vegetal.","5","2","6","5","Alto","Mala","5","20","3","0","0","2","1","1","Otros motivos","Mejora del rendimiento físico / Estética.","Anaeróbica (pesas, entrenamiento de fuerza).","Buena","No","300","A veces","Bastante","Bastante","Frecuentemente"
"2026/04/27 2:50:38 p.m. GMT-5","4","Femenino","62","1.62","23","Ingeniería, Tecnología y Construcción.","1","5","1","1","Omnívora: Consume alimentos de origen animal y vegetal.","2","2","0","0","Bajo","Regular","6","2","3","1","0","2","3","3","Salir a pasear o conversar con mis amigos","Reducción de estrés y ansiedad","No realizo actividad física.","Buena","Sí","0","Frecuentemente","Regular","Bastante","A veces"
"2026/04/27 2:54:33 p.m. GMT-5","4","Masculino","63.5","1.62","22","Ingeniería, Tecnología y Construcción.","1","6","3","2.5","Omnívora: Consume alimentos de origen animal y vegetal.","3","1","6","6","Muy alto","Regular","6","0","3","0","Agua mineral nada más ","2","3","4","Jugar videojuegos","Mejora del rendimiento físico / Estética.","Mixta.","Regular","No","0","Frecuentemente","Regular","Poco","A veces"
"2026/04/27 2:58:27 p.m. GMT-5","6","Femenino","65","1.52","18","Humanidades, Artes y Educación.","3","5","4","2","Omnívora: Consume alimentos de origen animal y vegetal.","3","2","6","3","Regular","Mala","6","0","1","0","0","2","0","2","Realizar actividad física","Salud general y recomendación médica.","Anaeróbica (pesas, entrenamiento de fuerza).","Buena","No","70","A veces","Bastante","Bastante","Frecuentemente"
"2026/04/27 2:58:32 p.m. GMT-5","4","Femenino","57","1.60","19","Ciencias Sociales y Derecho.","3","7","4 ","5.5","Frugívora/Frutariana: Basada principalmente en el consumo de frutas.","3","2","0","6","Regular","Regular","4","3","2","5","0","3","1","1.5","Dormir más horas que lo habitual","Recreación y socialización con amigos.","Mixta.","Regular","No","8","A veces","Poco","Poco","A veces"
"2026/04/27 2:59:38 p.m. GMT-5","4","Femenino","68","1.63","20","Ingeniería, Tecnología y Construcción.","5","5","4","12","Omnívora: Consume alimentos de origen animal y vegetal.","1","1","0","3","Bajo","Buena","8","0","0","0","0","3","3","2 ","Salir a pasear o conversar con mis amigos","Mejora del rendimiento físico / Estética.","Mixta.","Regular","No","600","A veces","Bastante","Bastante","Frecuentemente"
"2026/04/27 3:00:16 p.m. GMT-5","4","Masculino","59","1.72","18","Ciencias de la Salud.","1","1","4.5","5","Omnívora: Consume alimentos de origen animal y vegetal.","3","1","0","1","Muy bajo","Mala","6.5","0","1","0","0","1","4","1.5","Otros motivos","Reducción de estrés y ansiedad","Deportes colectivos (futbol, basket, vóley).","Mala","Sí","0","Rara vez","Regular","Bastante","Rara vez"
"2026/04/27 3:01:14 p.m. GMT-5","4","Femenino","68","1.60","20","Humanidades, Artes y Educación.","2","5","5","2","Omnívora: Consume alimentos de origen animal y vegetal.","2","3","0","5","Muy bajo","Regular","5 ","3","1","0","0","3","4","1.5","Dormir más horas que lo habitual","Salud general y recomendación médica.","Mixta.","Regular","No","40","Rara vez","Bastante","Bastante",""
"2026/04/27 3:01:49 p.m. GMT-5","4","Masculino","90","1.90","21","Ingeniería, Tecnología y Construcción.","4","5","6","8","Flexitariana: Es una dieta principalmente vegetariana, pero que permite el consumo ocasional de carne o pescado.","4","2","1","3","Alto","Muy mala","7","1","3","2","0","1","2","1.5","Dormir más horas que lo habitual","Mejora del rendimiento físico / Estética.","Deportes colectivos (futbol, basket, vóley).","Regular","No","80","Frecuentemente","Bastante","Bastante","Frecuentemente"
"2026/04/27 3:17:46 p.m. GMT-5","4","Masculino","73","1.75","20","Ingeniería, Tecnología y Construcción.","7","4","2","2","Omnívora: Consume alimentos de origen animal y vegetal.","3","1","3","2","Bajo","Buena","8","0","3","0","0","1","2","1","Jugar videojuegos","Salud general y recomendación médica.","Aeróbica (correr, nadar, bicicleta).","Buena","No","0","A veces","Regular","Bastante","Frecuentemente"
"2026/04/27 3:18:45 p.m. GMT-5","4","Masculino","58","1.60","22","Administración, Negocios y Contabilidad.","5","6","1","2","Omnívora: Consume alimentos de origen animal y vegetal.","3","4","1","0","Muy bajo","Regular","7","3","3","0","0","2","3","1","Jugar videojuegos","Mejora del rendimiento físico / Estética.","No realizo actividad física.","Buena","No","1","Rara vez","Regular","Bastante","A veces"
"2026/04/27 3:19:19 p.m. GMT-5","4","Femenino","70","1.70","25","Administración, Negocios y Contabilidad.","3","5","5","5","Omnívora: Consume alimentos de origen animal y vegetal.","3","1","3","4","Alto","Buena","9","1","1","0","1","0","1","3","Salir a pasear o conversar con mis amigos","Reducción de estrés y ansiedad","Deportes colectivos (futbol, basket, vóley).","Buena","No","1","A veces","Poco","Poco","Frecuentemente"
"2026/04/27 3:21:02 p.m. GMT-5","4","Masculino","90","1.77","20","Ingeniería, Tecnología y Construcción.","4","8","1","0","Omnívora: Consume alimentos de origen animal y vegetal.","3","3","2","0","Muy bajo","Muy buena","5.3","0","2","0","0","0","2","3","Jugar videojuegos","Reducción de estrés y ansiedad","No realizo actividad física.","Buena","No","0","A veces","Bastante","Bastante","A veces"
"2026/04/27 3:26:04 p.m. GMT-5","4","Masculino","102","1.89","21","Ciencias de la Salud.","2","6","7","5","Omnívora: Consume alimentos de origen animal y vegetal.","2","3","0","4","Bajo","Mala","6","0","2","0","3","0","4","4","Dormir más horas que lo habitual","Reducción de estrés y ansiedad","No realizo actividad física.","Regular","No","10","A veces","Bastante","Poco","A veces"
"2026/04/27 3:30:40 p.m. GMT-5","8","Femenino","58","1.56","18","Administración, Negocios y Contabilidad.","3","5","4.5","10 ","Omnívora: Consume alimentos de origen animal y vegetal.","3","1","2","4","Regular","Regular","6","1","4","0","0","0","3","1.5","Salir a pasear o conversar con mis amigos","Salud general y recomendación médica.","Anaeróbica (pesas, entrenamiento de fuerza).","Buena","No","10","Frecuentemente","Bastante","Regular","Siempre"
"2026/04/27 3:33:15 p.m. GMT-5","4","Masculino","70","1.72","20","Administración, Negocios y Contabilidad.","6","5","4","0","Omnívora: Consume alimentos de origen animal y vegetal.","2","3","4","3","Regular","Mala","6","7","3","5","1","1","3","1.5","Jugar videojuegos","Salud general y recomendación médica.","Aeróbica (correr, nadar, bicicleta).","Regular","No","150","A veces","Regular","Regular","Frecuentemente"
"2026/04/27 3:34:03 p.m. GMT-5","4","Masculino","88","1.75","20","Ingeniería, Tecnología y Construcción.","5","3","3","5","Omnívora: Consume alimentos de origen animal y vegetal.","3","1","6","2","Bajo","Regular","6","0","3","0","0","1","3","2","Salir a pasear o conversar con mis amigos","Reducción de estrés y ansiedad","Aeróbica (correr, nadar, bicicleta).","Mala","No","0","A veces","Regular","Bastante","Frecuentemente"
"2026/04/27 3:35:31 p.m. GMT-5","5","Femenino","57","1.65","18","Ingeniería, Tecnología y Construcción.","3","5","2","2","Omnívora: Consume alimentos de origen animal y vegetal.","3","2","5","5","Bajo","Regular","5","4","2","0","1","0","3","1","Dormir más horas que lo habitual","Recreación y socialización con amigos.","No realizo actividad física.","Regular","No","80","Rara vez","Regular","Bastante","A veces"
"2026/04/27 3:36:02 p.m. GMT-5","6","Femenino","58","1.62","18","Ciencias de la Salud.","3","5","3","3","Omnívora: Consume alimentos de origen animal y vegetal.","2","1","4","4","Bajo","Regular","5","0","1","0","0","0","2","1","Otros motivos","Reducción de estrés y ansiedad","Anaeróbica (pesas, entrenamiento de fuerza).","Regular","No","50","A veces","Regular","Regular","A veces"
"2026/04/27 3:39:54 p.m. GMT-5","5","Masculino","66","1.72","21","Ingeniería, Tecnología y Construcción.","3","6","6.5","4.5","Omnívora: Consume alimentos de origen animal y vegetal.","3","3","3","3","Alto","Buena","6","4","3","1","1","0","3","2.0","Realizar actividad física","Mejora del rendimiento físico / Estética.","Deportes colectivos (futbol, basket, vóley).","Muy buena","No","200","Frecuentemente","Bastante","Regular","A veces"
"2026/04/27 3:43:43 p.m. GMT-5","6","Femenino","62","1","20","Humanidades, Artes y Educación.","7","6","4","4","Omnívora: Consume alimentos de origen animal y vegetal.","3","1","5","3","Regular","Regular","7","0","2","1","1","2","3","1.5","Dormir más horas que lo habitual","Mejora del rendimiento físico / Estética.","Mixta.","Regular","Sí","20","A veces","Poco","Regular","Frecuentemente"
"2026/04/27 3:46:06 p.m. GMT-5","5","Femenino","66","1.65","18","Ingeniería, Tecnología y Construcción.","3","6","1","2","Omnívora: Consume alimentos de origen animal y vegetal.","3","2","2","1","Bajo","Regular","7","6","3","0","0","1","3","2","Salir a pasear o conversar con mis amigos","Mejora del rendimiento físico / Estética.","Aeróbica (correr, nadar, bicicleta).","Regular","No","100","A veces","Regular","Bastante","A veces"
"2026/04/27 3:56:47 p.m. GMT-5","8","Femenino","54","1.67","18","Administración, Negocios y Contabilidad.","3","6","3.5","4","Omnívora: Consume alimentos de origen animal y vegetal.","3","2","5","4","Bajo","Regular","6","4","3","0","0","3","4","1.5","Salir a pasear o conversar con mis amigos","Mejora del rendimiento físico / Estética.","Mixta.","Buena","No","200","A veces","Regular","Regular","A veces"
"2026/04/27 4:06:57 p.m. GMT-5","5","Masculino","82.6","1.70","18","Ingeniería, Tecnología y Construcción.","3","5","7.5","5.5","Omnívora: Consume alimentos de origen animal y vegetal.","3","3","0","5","Alto","Regular","6","0","3","0","0","2","4","2","Realizar actividad física","Salud general y recomendación médica.","Mixta.","Buena","Sí","0","A veces","Bastante","Bastante","A veces"
"2026/04/27 4:13:03 p.m. GMT-5","9","Masculino","90","1.65","22","Ingeniería, Tecnología y Construcción.","7","4","3","4","Omnívora: Consume alimentos de origen animal y vegetal.","3","2","0","3","Regular","Regular","6","1","3","0","0","0","3","1","Realizar actividad física","Reducción de estrés y ansiedad","Aeróbica (correr, nadar, bicicleta).","Regular","Sí","90","Frecuentemente","Regular","Bastante","A veces"
"2026/04/27 4:15:55 p.m. GMT-5","5","Masculino","68","1.65","18","Ingeniería, Tecnología y Construcción.","3","6","4.5","3","Omnívora: Consume alimentos de origen animal y vegetal.","3","2","3","4","Regular","Buena","6","0","3","0","3","2","2","3","Realizar actividad física","Recreación y socialización con amigos.","Anaeróbica (pesas, entrenamiento de fuerza).","Buena","Sí","20","A veces","Poco","Muy poco","Frecuentemente"
"2026/04/27 4:21:14 p.m. GMT-5","4","Femenino","69","1.65","21","Ingeniería, Tecnología y Construcción.","7","5","7 ","12","Omnívora: Consume alimentos de origen animal y vegetal.","2","2","6","5","Bajo","Muy mala","5","0","0","0","0","1","4","2.5","Salir a pasear o conversar con mis amigos","Mejora del rendimiento físico / Estética.","Mixta.","Regular","Sí","0","A veces","Poco","Bastante","Frecuentemente"
"2026/04/27 5:11:45 p.m. GMT-5","5","Masculino","62","1.75","18","Ingeniería, Tecnología y Construcción.","3","6","2","7","Omnívora: Consume alimentos de origen animal y vegetal.","3","2","1","2","Regular","Regular","7","2","3","3","2","3","3","2.5","Salir a pasear o conversar con mis amigos","Reducción de estrés y ansiedad","Aeróbica (correr, nadar, bicicleta).","Regular","No","150","Frecuentemente","Regular","Bastante","A veces"
"2026/04/27 5:26:49 p.m. GMT-5","4","Masculino","76","1.72","24","Ingeniería, Tecnología y Construcción.","8","5","8","4","Omnívora: Consume alimentos de origen animal y vegetal.","3","4","2","7","Regular","Muy mala","4","1","3","0","1","1","4","1","Dormir más horas que lo habitual","Recreación y socialización con amigos.","Deportes colectivos (futbol, basket, vóley).","Regular","No","200","A veces","Regular","Bastante","A veces"
"2026/04/27 6:23:50 p.m. GMT-5","4","Femenino","65","1.57","22","Ciencias Sociales y Derecho.","8","8","1.5","2","Omnívora: Consume alimentos de origen animal y vegetal.","3","2","2","3","Bajo","Mala","4","2","1","2","2","1","4","1.5","Salir a pasear o conversar con mis amigos","Reducción de estrés y ansiedad","Mixta.","Regular","No","20","Rara vez","Regular","Regular","A veces"
"2026/04/27 6:32:53 p.m. GMT-5","2","Masculino","89","1.77","19","Ingeniería, Tecnología y Construcción.","5","6","1","2","Omnívora: Consume alimentos de origen animal y vegetal.","4","3","0","1","Muy bajo","Regular","6","0","1","2","2","2","4","1.5","Jugar videojuegos","Salud general y recomendación médica.","Aeróbica (correr, nadar, bicicleta).","Mala","No","70","Rara vez","Regular","Bastante","A veces"
"2026/04/27 6:40:15 p.m. GMT-5","2","Femenino","57","1.55","19","Ingeniería, Tecnología y Construcción.","5","6","7.5","15","Omnívora: Consume alimentos de origen animal y vegetal.","2","1","3","5","Regular","Muy mala","6","0","1","0","0","0","4","3.5","Dormir más horas que lo habitual","Reducción de estrés y ansiedad","Anaeróbica (pesas, entrenamiento de fuerza).","Buena","No","200","Frecuentemente","Bastante","Bastante","A veces"
"2026/04/27 6:41:37 p.m. GMT-5","2","Femenino","50","1.55","19","Ingeniería, Tecnología y Construcción.","5","5","1","3","Omnívora: Consume alimentos de origen animal y vegetal.","3","1","2","0","Bajo","Regular","7","0","3","0","0","2","3","2","Salir a pasear o conversar con mis amigos","Mejora del rendimiento físico / Estética.","Aeróbica (correr, nadar, bicicleta).","Regular","No","10","A veces","Regular","Bastante","Frecuentemente"
"2026/04/27 6:44:10 p.m. GMT-5","2","Femenino","53","1.65","19","Ingeniería, Tecnología y Construcción.","5","5","2","2","Omnívora: Consume alimentos de origen animal y vegetal.","3","1","3","1","Bajo","Regular","6","0","3","0","0","1","3","3","Dormir más horas que lo habitual","Reducción de estrés y ansiedad","Aeróbica (correr, nadar, bicicleta).","Buena","No","100","Frecuentemente","Bastante","Bastante","Frecuentemente"
"2026/04/27 6:54:44 p.m. GMT-5","4","Masculino","100","1.84","22","Ingeniería, Tecnología y Construcción.","7","5","2","12","Omnívora: Consume alimentos de origen animal y vegetal.","4","3","3","4","Regular","Regular","5","0","2","0","1","0","3","2","Jugar videojuegos","Mejora del rendimiento físico / Estética.","Deportes colectivos (futbol, basket, vóley).","Regular","No","2","A veces","Poco","Poco","A veces"
"2026/04/27 6:58:10 p.m. GMT-5","6","Femenino","78","1.81","20","Ingeniería, Tecnología y Construcción.","3","5","3","4","Omnívora: Consume alimentos de origen animal y vegetal.","3","1","5","3","Regular","Regular","7.5","1","3","0","0","2","1","1.75","Salir a pasear o conversar con mis amigos","Mejora del rendimiento físico / Estética.","Mixta.","Buena","No","30","Frecuentemente","Bastante","Bastante","Frecuentemente"
"2026/04/27 6:58:54 p.m. GMT-5","6","Femenino","52","1","18","Administración, Negocios y Contabilidad.","3","8","28","18","Omnívora: Consume alimentos de origen animal y vegetal.","3","1","6","7","Regular","Regular","6","2","3","1","1","1","3","2.5","Otros motivos","Salud general y recomendación médica.","Aeróbica (correr, nadar, bicicleta).","Regular","No","40","Frecuentemente","Bastante","Bastante","A veces"
"2026/04/27 7:10:03 p.m. GMT-5","4","Femenino","59","1.62","23","Ingeniería, Tecnología y Construcción.","8","6","4","2","Vegetariana: Excluye carne y pescado.","2","1","5","2","Bajo","Mala","6","4","2","3","1","4","2","1","Salir a pasear o conversar con mis amigos","Recreación y socialización con amigos.","Mixta.","Regular","Sí","100","A veces","Regular","Bastante","Frecuentemente"
"2026/04/27 7:16:00 p.m. GMT-5","4","Femenino","58","1.6","22","Ingeniería, Tecnología y Construcción.","10","6","8","18","Omnívora: Consume alimentos de origen animal y vegetal.","3","1","4","5","Regular","Mala","6","1","2","0","0","4","4","2","Realizar actividad física","Reducción de estrés y ansiedad","Anaeróbica (pesas, entrenamiento de fuerza).","Regular","No","25","Frecuentemente","Poco","Bastante","A veces"
"2026/04/27 7:34:39 p.m. GMT-5","6","Femenino","55","1.54","18","Ingeniería, Tecnología y Construcción.","2","8","18 ","2","Omnívora: Consume alimentos de origen animal y vegetal.","3","1","4","0","Bajo","Regular","7 ","0","0","0","0","0","0","1","Salir a pasear o conversar con mis amigos","Reducción de estrés y ansiedad","Anaeróbica (pesas, entrenamiento de fuerza).","Buena","No","20 ","A veces","Poco","Regular","A veces"
"2026/04/27 7:39:55 p.m. GMT-5","4","Masculino","56","1.70","17","Ingeniería, Tecnología y Construcción.","1","5","1.5","2 ","Omnívora: Consume alimentos de origen animal y vegetal.","3","3","0","1","Muy bajo","Mala","8","0","3","0","0","1","1","1","Salir a pasear o conversar con mis amigos","Recreación y socialización con amigos.","Deportes colectivos (futbol, basket, vóley).","Regular","No","0","A veces","Bastante","Bastante","Frecuentemente"
"2026/04/27 7:47:53 p.m. GMT-5","8","Masculino","68","1.68","19","Administración, Negocios y Contabilidad.","2","6","6","4","Omnívora: Consume alimentos de origen animal y vegetal.","3","1","3","3","Regular","Buena","8","0","3","0","0","3","3","2","Realizar actividad física","Mejora del rendimiento físico / Estética.","Anaeróbica (pesas, entrenamiento de fuerza).","Buena","No","40","Frecuentemente","Bastante","Bastante","Frecuentemente"
"2026/04/27 7:48:05 p.m. GMT-5","8","Femenino","58","1.57","19","Administración, Negocios y Contabilidad.","5","6","3","6","Omnívora: Consume alimentos de origen animal y vegetal.","2","1","0","1","Bajo","Mala","5","0","1","0","0","0","4","2","Ir de compras","Reducción de estrés y ansiedad","Mixta.","Regular","No","104","A veces","Regular","Bastante","Rara vez"
"2026/04/27 7:49:56 p.m. GMT-5","8","Masculino","70","1.70","20","Ingeniería, Tecnología y Construcción.","6","5","5","5","Omnívora: Consume alimentos de origen animal y vegetal.","2","3","6","4","Alto","Buena","7","5","0","0","0","0","1","3","Dormir más horas que lo habitual","Mejora del rendimiento físico / Estética.","Deportes colectivos (futbol, basket, vóley).","Muy buena","No","0","Siempre","Bastante","Bastante","Siempre"
"2026/04/27 8:13:35 p.m. GMT-5","4","Masculino","80","1.70","22","Ingeniería, Tecnología y Construcción.","7","4","6","2","Omnívora: Consume alimentos de origen animal y vegetal.","3","3","0","4","Bajo","Mala","9","2","3","0","0","3","1","1.5","Realizar actividad física","Reducción de estrés y ansiedad","Anaeróbica (pesas, entrenamiento de fuerza).","Regular","No","80","A veces","Bastante","Bastante","Frecuentemente"
"2026/04/27 8:21:53 p.m. GMT-5","3","Femenino","55","1.6","18","Ciencias Sociales y Derecho.","4","6","1","7","Omnívora: Consume alimentos de origen animal y vegetal.","2","2","0","0","Bajo","Regular","5","0","2","1","1","2","4","1","Dormir más horas que lo habitual","Reducción de estrés y ansiedad","No realizo actividad física.","Regular","No","40","A veces","Regular","Poco","Frecuentemente"
"2026/04/27 9:06:11 p.m. GMT-5","8","Masculino","55","1.75","19","Ciencias Exactas y Ambientales.","5","4","1","10","Omnívora: Consume alimentos de origen animal y vegetal.","3","2","0","0","Muy bajo","Buena","7","0","3","0","0","0","2","2","Realizar actividad física","Reducción de estrés y ansiedad","Anaeróbica (pesas, entrenamiento de fuerza).","Regular","No","0","Frecuentemente","Bastante","Bastante","A veces"
"2026/04/27 9:31:28 p.m. GMT-5","5","Femenino","56.59","1.56","18","Ingeniería, Tecnología y Construcción.","4","5","10","2","Omnívora: Consume alimentos de origen animal y vegetal.","2","2","0","4","Regular","Mala","5","4","2","0","0","3","3","1","Ir de compras","Mejora del rendimiento físico / Estética.","Mixta.","Regular","No","70","A veces","Bastante","Regular","A veces"
"2026/04/27 9:32:47 p.m. GMT-5","4","Masculino","90","1.73","20","Administración, Negocios y Contabilidad.","3","7","3","2.5","Omnívora: Consume alimentos de origen animal y vegetal.","3","4","0","1","Bajo","Mala","5","2","3","0","0","0","2","1.5","Realizar actividad física","Recreación y socialización con amigos.","Aeróbica (correr, nadar, bicicleta).","Mala","No","0","Rara vez","Bastante","Bastante","Frecuentemente"
"2026/04/28 8:50:31 a.m. GMT-5","4","Masculino","78","1.73","21","Ciencias de la Salud.","7","5","3.5","7","Omnívora: Consume alimentos de origen animal y vegetal.","3","1","0","6","Alto","Muy buena","7.5","0","3","0","0","0","0","2","Salir a pasear o conversar con mis amigos","Salud general y recomendación médica.","Mixta.","Buena","No","0","Frecuentemente","Regular","Bastante","Frecuentemente"
"2026/04/28 9:54:16 a.m. GMT-5","6","Masculino","60","1.70","23","Ingeniería, Tecnología y Construcción.","3","5","2","4","Omnívora: Consume alimentos de origen animal y vegetal.","3","1","6","0","Muy bajo","Mala","5","1","2","0","0","3","2","1.5","Jugar videojuegos","Mejora del rendimiento físico / Estética.","No realizo actividad física.","Buena","No","5","Frecuentemente","Regular","Regular","A veces"
"2026/04/28 11:10:44 a.m. GMT-5","8","Masculino","68","1.70","18","Ingeniería, Tecnología y Construcción.","3","5","6","3","Omnívora: Consume alimentos de origen animal y vegetal.","3 ","4","2","4","Regular","Mala","7","3","2","3","1","3","3","1","Realizar actividad física","Mejora del rendimiento físico / Estética.","Anaeróbica (pesas, entrenamiento de fuerza).","Regular","No","0","A veces","Regular","Bastante","Frecuentemente"
"2026/04/28 11:30:07 a.m. GMT-5","9","Masculino","80","1.65","20","Ingeniería, Tecnología y Construcción.","6","5","4","4","Omnívora: Consume alimentos de origen animal y vegetal.","3","4","0","4","Regular","Regular","6","1","3","2","1","2","3","1","Realizar actividad física","Reducción de estrés y ansiedad","Mixta.","Regular","Sí","100","Frecuentemente","Regular","Bastante","Frecuentemente"
"2026/04/28 12:21:46 p.m. GMT-5","8","Femenino","54","1.65","17","Ciencias Sociales y Derecho.","1","6","4.1","1.5 ","Omnívora: Consume alimentos de origen animal y vegetal.","3","1","1","2","Bajo","Mala","6","1","3","0","0","2","2","2.5","Dormir más horas que lo habitual","Recreación y socialización con amigos.","Aeróbica (correr, nadar, bicicleta).","Muy buena","No","26","A veces","Nunca","Poco","Frecuentemente"
"2026/04/28 12:30:58 p.m. GMT-5","8","Masculino","65","1.69","17","Administración, Negocios y Contabilidad.","1","5","4","3","Omnívora: Consume alimentos de origen animal y vegetal.","2","1","0","3","Regular","Regular","6","1","2","1","1","0","2","1","Otros motivos","Mejora del rendimiento físico / Estética.","Deportes colectivos (futbol, basket, vóley).","Buena","No","10","Frecuentemente","Regular","Poco","Frecuentemente"
"2026/04/28 1:29:42 p.m. GMT-5","8","Masculino","77","3","100","Ingeniería, Tecnología y Construcción.","8","6","5","18","Vegana: Dieta estricta basada exclusivamente en alimentos de origen vegetal, excluyendo cualquier producto animal.","10","9","6","0","Muy alto","Muy mala","12","10","4","7","Ga","3","3","10","Jugar videojuegos","Reducción de estrés y ansiedad","Deportes colectivos (futbol, basket, vóley).","Muy mala","No","1000","Rara vez","Regular","Muy poco","A veces"
"2026/04/28 1:43:05 p.m. GMT-5","9","Masculino","70","1.75","21","Ingeniería, Tecnología y Construcción.","7","5","3","6","Omnívora: Consume alimentos de origen animal y vegetal.","3","2","0","3","Regular","Buena","6","1","2","0","0","0","2","1.5","Dormir más horas que lo habitual","Reducción de estrés y ansiedad","Aeróbica (correr, nadar, bicicleta).","Buena","No","70","Frecuentemente","Bastante","Bastante","Frecuentemente"
"2026/04/28 2:26:08 p.m. GMT-5","8","Femenino","47","1.53","19","Ingeniería, Tecnología y Construcción.","1","6","1","15","Flexitariana: Es una dieta principalmente vegetariana, pero que permite el consumo ocasional de carne o pescado.","2","5","0","0","Muy bajo","Regular","10","1","0","0","0","1","4","1","Dormir más horas que lo habitual","Mejora del rendimiento físico / Estética.","No realizo actividad física.","Regular","No","50","A veces","Regular","Regular","Rara vez"
"2026/04/28 3:00:36 p.m. GMT-5","5","Femenino","55","1","18","Ingeniería, Tecnología y Construcción.","3","5","1","16","Omnívora: Consume alimentos de origen animal y vegetal.","4","1","0","1","Regular","Regular","7 ","0","3","0","1","0","3","2","Dormir más horas que lo habitual","Reducción de estrés y ansiedad","No realizo actividad física.","Regular","Sí","200","Frecuentemente","Bastante","Bastante","Frecuentemente"
"2026/04/28 3:14:35 p.m. GMT-5","9","Masculino","80","1.70","24","Ingeniería, Tecnología y Construcción.","9","4","6","6","Omnívora: Consume alimentos de origen animal y vegetal.","3","4","0","3","Regular","Buena","6","0","3","2","1","2","3","1","Realizar actividad física","Reducción de estrés y ansiedad","Mixta.","Regular","No","90","Frecuentemente","Regular","Bastante","Frecuentemente"
"2026/04/28 3:21:10 p.m. GMT-5","5","Masculino","80","1.82","20","Ingeniería, Tecnología y Construcción.","7","5","5","2","Omnívora: Consume alimentos de origen animal y vegetal.","3","3","2","6","Regular","Buena","6","0","3","2","1","3","2","4","Jugar videojuegos","Salud general y recomendación médica.","Mixta.","Buena","No","50","A veces","Regular","Regular","Frecuentemente"
"2026/04/28 4:09:06 p.m. GMT-5","6","Masculino","60","1.88","18","Ingeniería, Tecnología y Construcción.","4","8","2","1","Crudista: Consiste en consumir alimentos crudos o cocinados a bajas temperaturas, generalmente orgánicos.","4","5","2","3","Muy bajo","Buena","2","2","1","5","3","2","3","1","Realizar actividad física","Recreación y socialización con amigos.","Anaeróbica (pesas, entrenamiento de fuerza).","Muy buena","Sí","40","Nunca","Poco","Poco","Frecuentemente"
"2026/04/28 4:16:43 p.m. GMT-5","6","Masculino","86","1.85","20","Ingeniería, Tecnología y Construcción.","7","4","6","6","Omnívora: Consume alimentos de origen animal y vegetal.","2","6","0","4","Alto","Muy mala","6","0","0","0","0","1","2","5","Jugar videojuegos","Mejora del rendimiento físico / Estética.","Mixta.","Regular","No","60","","","",""
"2026/04/28 4:23:04 p.m. GMT-5","6","Masculino","82","1.79","26","Ingeniería, Tecnología y Construcción.","3","6","6","0","Omnívora: Consume alimentos de origen animal y vegetal.","2","1","0","3","Alto","Muy mala","5","4","0","0","1","2","1","2","Jugar videojuegos","Mejora del rendimiento físico / Estética.","Anaeróbica (pesas, entrenamiento de fuerza).","Regular","No","0","Rara vez","Bastante","Poco","Nunca"
"2026/04/28 4:26:24 p.m. GMT-5","6","Masculino","1","3","99","Ciencias Exactas y Ambientales.","10","10","30.0","0","Crudista: Consiste en consumir alimentos crudos o cocinados a bajas temperaturas, generalmente orgánicos.","9","7","7","0","Muy alto","Muy mala","12","20","4","7","0","4","0","6.7","Jugar videojuegos","Recreación y socialización con amigos.","No realizo actividad física.","Muy buena","Sí","2000","Nunca","Nunca","Nunca","Siempre"
"2026/04/28 4:45:16 p.m. GMT-5","9","Masculino","75","1.70","22","Ingeniería, Tecnología y Construcción.","6","5","5","5","Omnívora: Consume alimentos de origen animal y vegetal.","3","3","0","3","Bajo","Regular","6","2","3","0","0","3","3","2","Jugar videojuegos","Mejora del rendimiento físico / Estética.","Mixta.","Regular","No","15","A veces","Regular","Regular","A veces"
"2026/04/28 5:06:50 p.m. GMT-5","8","Masculino","56.2","1.67","17","Ingeniería, Tecnología y Construcción.","1","8","2","12","Omnívora: Consume alimentos de origen animal y vegetal.","3","2","1","3","Alto","Regular","6","2","3","0","0","0","1","2.5","Salir a pasear o conversar con mis amigos","Mejora del rendimiento físico / Estética.","Aeróbica (correr, nadar, bicicleta).","Buena","No","20","Frecuentemente","Poco","Regular","Frecuentemente"
"2026/04/28 5:27:47 p.m. GMT-5","2","Masculino","70","1.76","18","Ingeniería, Tecnología y Construcción.","3","6","1.5","1.5","Omnívora: Consume alimentos de origen animal y vegetal.","1","2","0","1","Muy bajo","Muy mala","3","3","0","0","1","4","2","3","Dormir más horas que lo habitual","Reducción de estrés y ansiedad","Anaeróbica (pesas, entrenamiento de fuerza).","Muy mala","No","600","Nunca","Muy poco","Poco","Nunca"
"2026/04/28 5:30:22 p.m. GMT-5","2","Masculino","54","1.74","19","Ingeniería, Tecnología y Construcción.","4","6","4.5","6","Omnívora: Consume alimentos de origen animal y vegetal.","3","1","2","3","Regular","Buena","7","2","3","1","1","0","2","1.5","Realizar actividad física","Salud general y recomendación médica.","Deportes colectivos (futbol, basket, vóley).","Buena","No","20","Frecuentemente","Bastante","Bastante","Siempre"
"2026/04/28 5:31:28 p.m. GMT-5","2","Femenino","50","1.57","19","Ingeniería, Tecnología y Construcción.","5","5","7","15","Flexitariana: Es una dieta principalmente vegetariana, pero que permite el consumo ocasional de carne o pescado.","3","4","0","2","Bajo","Regular","7","3","3","0","0","2","4","2.5","Salir a pasear o conversar con mis amigos","Recreación y socialización con amigos.","Aeróbica (correr, nadar, bicicleta).","Regular","No","70","A veces","Poco","Regular","A veces"
"2026/04/28 5:34:34 p.m. GMT-5","2","Masculino","65","1.72","21","Ingeniería, Tecnología y Construcción.","4","5","5","3","Omnívora: Consume alimentos de origen animal y vegetal.","3","1","3","4","Regular","Buena","7","0","3","1","1","0","3","3","Realizar actividad física","Mejora del rendimiento físico / Estética.","Anaeróbica (pesas, entrenamiento de fuerza).","Regular","No","250","A veces","Regular","Regular","A veces"
"2026/04/28 5:37:00 p.m. GMT-5","2","Masculino","70","1.80","18","Ingeniería, Tecnología y Construcción.","3","6","4","18","Vegetariana: Excluye carne y pescado.","3","3","5","4","Regular","Mala","4","0","3","2","1","3","3","1.2","Dormir más horas que lo habitual","Mejora del rendimiento físico / Estética.","Anaeróbica (pesas, entrenamiento de fuerza).","Regular","No","0","A veces","Poco","Bastante","Frecuentemente"
"2026/04/28 5:39:37 p.m. GMT-5","2","Femenino","56","1.54","18","Ingeniería, Tecnología y Construcción.","1","6","1.5","4","Omnívora: Consume alimentos de origen animal y vegetal.","3","3","0","0","Muy bajo","Regular","6","0","2","4","2","2","2","1.5","Ir de compras","Reducción de estrés y ansiedad","No realizo actividad física.","Regular","No","100","Rara vez","Muy poco","Muy poco","Rara vez"
"2026/04/28 5:40:08 p.m. GMT-5","2","Masculino","70","1.60","21","Ingeniería, Tecnología y Construcción.","4","5","5.3","2.5","Omnívora: Consume alimentos de origen animal y vegetal.","3","1","2","1","Muy bajo","Regular","6","0","2","0","0","0","3","1.2","Otros motivos","Recreación y socialización con amigos.","Deportes colectivos (futbol, basket, vóley).","Regular","No","0","A veces","Bastante","Regular","Frecuentemente"
"2026/04/28 5:46:48 p.m. GMT-5","2","Femenino","63","1.65","18","Ciencias Exactas y Ambientales.","3","6","7.5","18","Omnívora: Consume alimentos de origen animal y vegetal.","2","1","3","3","Bajo","Mala","5","1","0","0","0","4","3","1.5","Dormir más horas que lo habitual","Mejora del rendimiento físico / Estética.","Aeróbica (correr, nadar, bicicleta).","Regular","No","0","A veces","Bastante","Bastante","A veces"
"2026/04/28 5:48:32 p.m. GMT-5","2","Femenino","54","1.57","18","Ingeniería, Tecnología y Construcción.","1","5","1.5","2","Omnívora: Consume alimentos de origen animal y vegetal.","3","2","6","0","Bajo","Regular","7","0","2","0","0","1","3","2","Salir a pasear o conversar con mis amigos","Recreación y socialización con amigos.","No realizo actividad física.","Regular","No","50","A veces","Muy poco","Regular","A veces"
"2026/04/28 5:55:37 p.m. GMT-5","2","Masculino","62","1.66","27","Ingeniería, Tecnología y Construcción.","3","5","1","10","Omnívora: Consume alimentos de origen animal y vegetal.","2","2","0","1","Bajo","Regular","7","8","0","0","0","0","3","1.5","Jugar videojuegos","Recreación y socialización con amigos.","Aeróbica (correr, nadar, bicicleta).","Regular","No","1","A veces","Regular","Bastante","A veces"
"2026/04/28 5:57:29 p.m. GMT-5","2","Masculino","85","1.80","24","Ingeniería, Tecnología y Construcción.","4","5","3 ","2","Omnívora: Consume alimentos de origen animal y vegetal.","3","2","0","5","Regular","Mala","7","0","2","2","1","1","1","3","Jugar videojuegos","Reducción de estrés y ansiedad","Deportes colectivos (futbol, basket, vóley).","Buena","No","200","Frecuentemente","Bastante","Bastante","Frecuentemente"
"2026/04/28 5:58:06 p.m. GMT-5","5","Femenino","60","1.62","20","Ingeniería, Tecnología y Construcción.","6","7","2","10","Omnívora: Consume alimentos de origen animal y vegetal.","3","2","3","1","Bajo","Regular","8","0","3","0","0","2","3","1.5","Salir a pasear o conversar con mis amigos","Reducción de estrés y ansiedad","No realizo actividad física.","Regular","No","30","A veces","Regular","Regular","A veces"
"2026/04/28 5:58:44 p.m. GMT-5","2","Masculino","80","1.74","18","Ingeniería, Tecnología y Construcción.","3","5","5.5","3.5","Omnívora: Consume alimentos de origen animal y vegetal.","3","1","3","4","Regular","Buena","5","4","3","2","1","2","1","3.5","Jugar videojuegos","Salud general y recomendación médica.","Anaeróbica (pesas, entrenamiento de fuerza).","Regular","No","40","A veces","Regular","Regular","Frecuentemente"
"2026/04/28 6:01:35 p.m. GMT-5","2","Masculino","58","1.60","19","Ingeniería, Tecnología y Construcción.","5","4","1","5","Omnívora: Consume alimentos de origen animal y vegetal.","3","1","0","1","Bajo","Mala","6","0","3","1","1","0","4","2.5","Otros motivos","Mejora del rendimiento físico / Estética.","Mixta.","Regular","No","5","A veces","Bastante","Regular","A veces"
"2026/04/28 6:10:07 p.m. GMT-5","8","Masculino","68","1.76","19","Ingeniería, Tecnología y Construcción.","7","6","4","3","Omnívora: Consume alimentos de origen animal y vegetal.","3","1","0","2","Bajo","Buena","8","1","3","0","0","0","3","2","Salir a pasear o conversar con mis amigos","Reducción de estrés y ansiedad","Anaeróbica (pesas, entrenamiento de fuerza).","Buena","No","0","A veces","Regular","Bastante","Frecuentemente"
"2026/04/28 6:13:50 p.m. GMT-5","2","Masculino","70","1.65","19","Ingeniería, Tecnología y Construcción.","4","6","2","7","Omnívora: Consume alimentos de origen animal y vegetal.","3","1","5","2","Bajo","Mala","6","1","1","0","0","0","2","1","Jugar videojuegos","Salud general y recomendación médica.","Mixta.","Regular","Sí","0","Rara vez","Regular","Regular","A veces"
"2026/04/28 6:30:40 p.m. GMT-5","2","Masculino","76","1.75","18","Ingeniería, Tecnología y Construcción.","3","6","6","0","Omnívora: Consume alimentos de origen animal y vegetal.","3","2","0","4","Alto","Mala","6","3","2","1","1","1","3","1","Jugar videojuegos","Mejora del rendimiento físico / Estética.","Aeróbica (correr, nadar, bicicleta).","Regular","No","0","A veces","Bastante","Regular","Frecuentemente"
"2026/04/28 6:31:20 p.m. GMT-5","2","Masculino","45","1.61","18","Ciencias de la Salud.","1","7","4","4","Omnívora: Consume alimentos de origen animal y vegetal.","3","3","1","2","Bajo","Mala","4","5","3","0","0","0","2","2","Salir a pasear o conversar con mis amigos","Mejora del rendimiento físico / Estética.","Anaeróbica (pesas, entrenamiento de fuerza).","Buena","No","800","Frecuentemente","Regular","Regular","Frecuentemente"
"2026/04/28 6:33:04 p.m. GMT-5","2","Femenino","56","1.65","18","Ingeniería, Tecnología y Construcción.","3","5","5","8","Omnívora: Consume alimentos de origen animal y vegetal.","2","1","1","5","Regular","Mala","5","4","3","7","2","4","3","1","Salir a pasear o conversar con mis amigos","Mejora del rendimiento físico / Estética.","Anaeróbica (pesas, entrenamiento de fuerza).","Regular","No","15","Rara vez","Regular","Bastante","A veces"
"2026/04/28 6:34:23 p.m. GMT-5","8","Masculino","75","1.69","18","Ingeniería, Tecnología y Construcción.","3","5","2","10","Omnívora: Consume alimentos de origen animal y vegetal.","3","1","0","2","Bajo","Regular","6","1","2","0","0","0","3","1.2","Dormir más horas que lo habitual","Recreación y socialización con amigos.","Deportes colectivos (futbol, basket, vóley).","Regular","No","30","Frecuentemente","Bastante","Poco","A veces"
"2026/04/28 6:35:17 p.m. GMT-5","8","Masculino","80","1.60","18","Ingeniería, Tecnología y Construcción.","3","6","1.6","15","Omnívora: Consume alimentos de origen animal y vegetal.","3","6","0","1","Regular","Mala","5","0","2","0","0","0","2","4","Jugar videojuegos","Mejora del rendimiento físico / Estética.","Aeróbica (correr, nadar, bicicleta).","Mala","No","50","Rara vez","Regular","Regular","A veces"
"2026/04/28 6:47:21 p.m. GMT-5","2","Masculino","56","1.65","21","Ingeniería, Tecnología y Construcción.","8","5","3","8","Omnívora: Consume alimentos de origen animal y vegetal.","4","1","0","4","Regular","Mala","6","0","3","1","2","2","4","1","Realizar actividad física","Reducción de estrés y ansiedad","Deportes colectivos (futbol, basket, vóley).","Regular","No","0","A veces","Regular","Bastante","Rara vez"
"2026/04/28 7:15:46 p.m. GMT-5","1","Masculino","80","1.68","21","Ciencias Exactas y Ambientales.","1","3","1","6","Omnívora: Consume alimentos de origen animal y vegetal.","3","1","0","0","Bajo","Regular","5","0","3","1","1","1","3","2","Dormir más horas que lo habitual","Reducción de estrés y ansiedad","No realizo actividad física.","Mala","No","10","A veces","Regular","Bastante","Rara vez"
"2026/04/28 7:25:37 p.m. GMT-5","2","Masculino","67","1.65","20","Ingeniería, Tecnología y Construcción.","4","6","6","5","Omnívora: Consume alimentos de origen animal y vegetal.","3","4","0","4","Regular","Regular","6","1","3","0","0","4","4","1","Realizar actividad física","Mejora del rendimiento físico / Estética.","Deportes colectivos (futbol, basket, vóley).","Regular","No","180","Rara vez","Regular","Regular","A veces"
"2026/04/28 7:46:44 p.m. GMT-5","5","Femenino","48","1.50","17","Administración, Negocios y Contabilidad.","1","6","1.5","1","Omnívora: Consume alimentos de origen animal y vegetal.","3","1","7","1","Bajo","Regular","6","0","4","0","0","0","1","2","Realizar actividad física","Mejora del rendimiento físico / Estética.","No realizo actividad física.","Muy buena","No","10","A veces","Bastante","Bastante","Siempre"
"2026/04/28 7:55:39 p.m. GMT-5","2","Masculino","76.8","1.75","19","Ingeniería, Tecnología y Construcción.","3","6","14","10","Omnívora: Consume alimentos de origen animal y vegetal.","3","1","6","7","Alto","Regular","7","0","3","5","3","3","3","1.5","Jugar videojuegos","Reducción de estrés y ansiedad","Deportes colectivos (futbol, basket, vóley).","Regular","No","50","Siempre","Regular","Bastante","Frecuentemente"
"2026/04/28 7:56:02 p.m. GMT-5","1","Masculino","90","1.78","19","Ingeniería, Tecnología y Construcción.","5","4","8","2","Omnívora: Consume alimentos de origen animal y vegetal.","3","01","0","6","Alto","Buena","8","0","3","0","0","0","2","1","Realizar actividad física","Mejora del rendimiento físico / Estética.","Anaeróbica (pesas, entrenamiento de fuerza).","Regular","No","400","Frecuentemente","Bastante","Bastante","A veces"
"2026/04/28 8:04:13 p.m. GMT-5","2","Masculino","80","1.73","18","Ingeniería, Tecnología y Construcción.","1","5","4","5","Omnívora: Consume alimentos de origen animal y vegetal.","3","1","5","5","Regular","Buena","8","0","3","0","0","0","3","2","Salir a pasear o conversar con mis amigos","Salud general y recomendación médica.","Anaeróbica (pesas, entrenamiento de fuerza).","Regular","No","10","Frecuentemente","Regular","Bastante","Frecuentemente"
"2026/04/28 8:09:23 p.m. GMT-5","2","Masculino","52","1.78","19","Ingeniería, Tecnología y Construcción.","4","4","2.5","5","Omnívora: Consume alimentos de origen animal y vegetal.","3","1","0","0","Bajo","Mala","4","0","3","1","1","2","3","2","Jugar videojuegos","Reducción de estrés y ansiedad","No realizo actividad física.","Regular","No","50","A veces","Regular","Bastante","Rara vez"
"2026/04/28 8:25:47 p.m. GMT-5","2","Masculino","74","1.77","19","Ingeniería, Tecnología y Construcción.","4","5","1","5","Omnívora: Consume alimentos de origen animal y vegetal.","3","2","0","0","Muy bajo","Mala","5","0","3","0","0","0","0","2","Dormir más horas que lo habitual","Reducción de estrés y ansiedad","No realizo actividad física.","Mala","No","80","Nunca","Regular","Bastante","Rara vez"
"2026/04/28 8:36:51 p.m. GMT-5","2","Femenino","47","1.72","18","Ciencias de la Salud.","3","3","14","3","Omnívora: Consume alimentos de origen animal y vegetal.","3","2","4","4","Regular","Mala","4","7","3","0","0","0","3","1","Otros motivos","Salud general y recomendación médica.","Aeróbica (correr, nadar, bicicleta).","Buena","No","20","Frecuentemente","Regular","Bastante","A veces"
"2026/04/28 9:02:45 p.m. GMT-5","2","Masculino","56","1.63","18","Ingeniería, Tecnología y Construcción.","3","7","4","5","Omnívora: Consume alimentos de origen animal y vegetal.","3","2","1","2","Regular","Mala","4","0","1","0","0","3","3","2","Realizar actividad física","Reducción de estrés y ansiedad","Deportes colectivos (futbol, basket, vóley).","Regular","No","20","Frecuentemente","Regular","Regular","Frecuentemente"
"2026/04/28 9:35:17 p.m. GMT-5","3","Femenino","80","1.63","21","Ciencias de la Salud.","9","3","1","1","Omnívora: Consume alimentos de origen animal y vegetal.","3","1","0","2","Muy bajo","Muy mala","3","0","1","0","0","0","4","1","Salir a pasear o conversar con mis amigos","Salud general y recomendación médica.","No realizo actividad física.","Regular","No","0","Rara vez","Regular","Bastante","Rara vez"
"2026/04/28 9:38:42 p.m. GMT-5","2","Femenino","50","1.57","19","Ingeniería, Tecnología y Construcción.","4","5","2","15","Flexitariana: Es una dieta principalmente vegetariana, pero que permite el consumo ocasional de carne o pescado.","3","3","0","2","Bajo","Mala","6","0","3","0","0","3","4","3.5","Salir a pasear o conversar con mis amigos","Recreación y socialización con amigos.","Aeróbica (correr, nadar, bicicleta).","Regular","No","75","A veces","Poco","Regular","A veces"
"2026/04/28 9:43:54 p.m. GMT-5","3","Femenino","76","1.70","20","Ciencias de la Salud.","9","3","1.5","1.5","Omnívora: Consume alimentos de origen animal y vegetal.","2","1","0","7","Regular","Regular","6","0","3","0","0","0","3","1.5","Ir de compras","Reducción de estrés y ansiedad","Mixta.","Regular","No","100.","Frecuentemente","Bastante","Bastante","Frecuentemente"
"2026/04/28 9:44:13 p.m. GMT-5","3","Masculino","89","1.88","22","Administración, Negocios y Contabilidad.","10","5","2","2","Omnívora: Consume alimentos de origen animal y vegetal.","3","1","2","7","Muy alto","Regular","5","0","3","0","0","2","4","2.5","Realizar actividad física","Mejora del rendimiento físico / Estética.","Mixta.","Buena","No","50","Frecuentemente","Bastante","Regular","A veces"
"2026/04/28 9:51:40 p.m. GMT-5","3","Masculino","60","1.55","21","Ingeniería, Tecnología y Construcción.","6","5","1","7","Omnívora: Consume alimentos de origen animal y vegetal.","3","2","3","0","Bajo","Regular","6","4","3","1","1","2","3","2","Jugar videojuegos","Reducción de estrés y ansiedad","Anaeróbica (pesas, entrenamiento de fuerza).","Regular","No","20","Frecuentemente","Regular","Regular","A veces"
"2026/04/28 9:54:05 p.m. GMT-5","5","Masculino","65","1.65","20","Ingeniería, Tecnología y Construcción.","7","6","1","8","Omnívora: Consume alimentos de origen animal y vegetal.","3","2","5","0","Muy bajo","Buena","7","0","3","0","0","0","3","1.5","Salir a pasear o conversar con mis amigos","Mejora del rendimiento físico / Estética.","Aeróbica (correr, nadar, bicicleta).","Regular","No","10","Frecuentemente","Regular","Bastante","Frecuentemente"
"2026/04/28 9:54:16 p.m. GMT-5","5","Femenino","49","1.58","18","Ingeniería, Tecnología y Construcción.","3","5","5","15","Omnívora: Consume alimentos de origen animal y vegetal.","2","1","4","4","Regular","Buena","6","0","2","0","0","2","2","2","Realizar actividad física","Mejora del rendimiento físico / Estética.","Mixta.","Regular","No","400","A veces","Bastante","Poco","Frecuentemente"
"2026/04/28 9:55:16 p.m. GMT-5","5","Femenino","76","1.70","21","Humanidades, Artes y Educación.","5","5","1","2","Omnívora: Consume alimentos de origen animal y vegetal.","2","2","4","5","Muy bajo","Regular","5","1","3","0","0","0","3","2","Salir a pasear o conversar con mis amigos","Reducción de estrés y ansiedad","No realizo actividad física.","Buena","No","250","A veces","Bastante","Bastante","A veces"
"2026/04/28 9:55:56 p.m. GMT-5","5","Masculino","70","1.78","18","Ingeniería, Tecnología y Construcción.","3","5","5","1","Omnívora: Consume alimentos de origen animal y vegetal.","5","5","1","3","Alto","Regular","6","0","3","0","0","0","3","1","Realizar actividad física","Mejora del rendimiento físico / Estética.","Deportes colectivos (futbol, basket, vóley).","Regular","No","600","Frecuentemente","Bastante","Regular","A veces"
"2026/04/28 9:56:03 p.m. GMT-5","5","Femenino","65.4","1.58","21","Humanidades, Artes y Educación.","4","5","2.5","2.5","Omnívora: Consume alimentos de origen animal y vegetal.","2","1","3","2","Bajo","Mala","5","0","2","0","0","0","3","2.5","Dormir más horas que lo habitual","Mejora del rendimiento físico / Estética.","Mixta.","Regular","No","0","Rara vez","Regular","Bastante","A veces"
"2026/04/28 9:56:03 p.m. GMT-5","5","Femenino","75","1.68","19","Humanidades, Artes y Educación.","1","5","4","1","Omnívora: Consume alimentos de origen animal y vegetal.","3","1","4","4","Regular","Regular","8","0","2","0","0","2","4","1.5","Salir a pasear o conversar con mis amigos","Salud general y recomendación médica.","Mixta.","Regular","No","100","Frecuentemente","Bastante","Bastante","A veces"
"2026/04/28 9:57:21 p.m. GMT-5","5","Masculino","87","1.79","21","Ingeniería, Tecnología y Construcción.","9","5","1.5","3","Omnívora: Consume alimentos de origen animal y vegetal.","3","1","0","7","Regular","Regular","6","0","3","0","0","1","3","1.5","Realizar actividad física","Mejora del rendimiento físico / Estética.","Mixta.","Regular","No","30","Frecuentemente","Regular","Bastante","Frecuentemente"
"2026/04/28 9:59:13 p.m. GMT-5","5","Femenino","73","1.6","18","Ingeniería, Tecnología y Construcción.","3","5","1","3","Omnívora: Consume alimentos de origen animal y vegetal.","3","1","3","1","Bajo","Mala","6","0","2","0","0","0","2","2","Salir a pasear o conversar con mis amigos","Recreación y socialización con amigos.","No realizo actividad física.","Regular","No","20","A veces","Regular","Regular","A veces"
"2026/04/28 10:00:11 p.m. GMT-5","5","Femenino","75","1.50","21","Administración, Negocios y Contabilidad.","7","6","1.5","18","Omnívora: Consume alimentos de origen animal y vegetal.","3","4","5","0","Bajo","Regular","5","0","2","0","0","2","4","10","Salir a pasear o conversar con mis amigos","Reducción de estrés y ansiedad","No realizo actividad física.","Regular","No","50","Frecuentemente","Regular","Bastante","A veces"
"2026/04/28 10:01:42 p.m. GMT-5","3","Masculino","110 ","1.8","21","Ingeniería, Tecnología y Construcción.","5","6","4","2.5","Omnívora: Consume alimentos de origen animal y vegetal.","3","1","3","1","Bajo","Mala","4","1","2","0","0","2","3","2","Dormir más horas que lo habitual","Mejora del rendimiento físico / Estética.","Anaeróbica (pesas, entrenamiento de fuerza).","Regular","No","300","Rara vez","Poco","Regular","Rara vez"
"2026/04/28 10:02:45 p.m. GMT-5","5","Femenino","80","1.72","21","Administración, Negocios y Contabilidad.","8","10","10.5","10.5","Flexitariana: Es una dieta principalmente vegetariana, pero que permite el consumo ocasional de carne o pescado.","2","2","6","6","Regular","Regular","8","2","1","0","0","0","2","3","Salir a pasear o conversar con mis amigos","Mejora del rendimiento físico / Estética.","Mixta.","Regular","Sí","60","A veces","Bastante","Bastante","A veces"
"2026/04/28 10:07:34 p.m. GMT-5","3","Masculino","78","1.68","23","Ingeniería, Tecnología y Construcción.","7","4","1","9","Omnívora: Consume alimentos de origen animal y vegetal.","3","3","3","0","Muy bajo","Muy mala","6","14","3","2","3","3","1","2","Salir a pasear o conversar con mis amigos","Mejora del rendimiento físico / Estética.","Deportes colectivos (futbol, basket, vóley).","Regular","No","60","Rara vez","Regular","Regular","A veces"
"2026/04/28 10:07:41 p.m. GMT-5","5","Femenino","60","1.60","20","Ingeniería, Tecnología y Construcción.","5","5","2","4","Omnívora: Consume alimentos de origen animal y vegetal.","2","2","1","0","Muy bajo","Muy buena","6","2","0","0","0","0","3","3","Salir a pasear o conversar con mis amigos","Reducción de estrés y ansiedad","No realizo actividad física.","Regular","No","0","A veces","Regular","Bastante","Frecuentemente"
"2026/04/28 10:12:09 p.m. GMT-5","5","Femenino","46","1.55","20","Ingeniería, Tecnología y Construcción.","6","5","3","4","Omnívora: Consume alimentos de origen animal y vegetal.","5","1","4","2","Bajo","Regular","6","3","3","1","2","2","3","2","Salir a pasear o conversar con mis amigos","Salud general y recomendación médica.","Anaeróbica (pesas, entrenamiento de fuerza).","Buena","No","60","Frecuentemente","Bastante","Bastante","Frecuentemente"
"2026/04/28 10:14:14 p.m. GMT-5","5","Femenino","58","1.60","18","Ciencias Sociales y Derecho.","3","5","8","10","Omnívora: Consume alimentos de origen animal y vegetal.","3","1","4","4","Alto","Buena","7","2","3","0","0","3","3","2","Realizar actividad física","Reducción de estrés y ansiedad","Deportes colectivos (futbol, basket, vóley).","Buena","No","50","Frecuentemente","Bastante","Bastante","Frecuentemente"
"2026/04/28 10:20:06 p.m. GMT-5","5","Femenino","52","1.61","22","Ingeniería, Tecnología y Construcción.","8","7","1","7","Omnívora: Consume alimentos de origen animal y vegetal.","2","1","3","1","Bajo","Regular","7","0","1","0","0","0","2","1","Ir de compras","Reducción de estrés y ansiedad","Deportes colectivos (futbol, basket, vóley).","Regular","No","100","A veces","Bastante","Bastante","A veces"
"2026/04/28 10:24:32 p.m. GMT-5","5","Masculino","72","1.64","24","Ingeniería, Tecnología y Construcción.","5","4","7 ","3","Omnívora: Consume alimentos de origen animal y vegetal.","3","2","1","3","Regular","Regular","7","1","3","0","0","0","2","2","Realizar actividad física","Reducción de estrés y ansiedad","Deportes colectivos (futbol, basket, vóley).","Buena","No","200","A veces","Regular","Regular","Frecuentemente"
"2026/04/28 10:27:30 p.m. GMT-5","3","Masculino","60","1.68","23","Ciencias de la Salud.","2","6","1.5","2","Omnívora: Consume alimentos de origen animal y vegetal.","3","2","0","2","Regular","Regular","5","0","3","0","0","0","3","1.5","Jugar videojuegos","Reducción de estrés y ansiedad","Mixta.","Regular","No","100","Frecuentemente","Regular","Regular","Rara vez"
"2026/04/28 10:28:18 p.m. GMT-5","5","Femenino","62","1.70","21","Administración, Negocios y Contabilidad.","10","6","5","2","Omnívora: Consume alimentos de origen animal y vegetal.","2","2","4","3","Regular","Muy buena","9","4","3","0","0","0","2","1.5","Salir a pasear o conversar con mis amigos","Mejora del rendimiento físico / Estética.","Mixta.","Buena","No","150","A veces","Poco","Poco","A veces"
"2026/04/28 10:30:17 p.m. GMT-5","5","Masculino","64","1.66","24","Ingeniería, Tecnología y Construcción.","10","4","1","0","Omnívora: Consume alimentos de origen animal y vegetal.","3","3","0","0","Muy bajo","Regular","6","1","3","1","1","1","2","1.5","Salir a pasear o conversar con mis amigos","Mejora del rendimiento físico / Estética.","No realizo actividad física.","Buena","No","50","A veces","Bastante","Bastante","Siempre"
"2026/04/28 10:40:58 p.m. GMT-5","5","Femenino","68","1.70","19","Administración, Negocios y Contabilidad.","10","4","1","3","Omnívora: Consume alimentos de origen animal y vegetal.","3","2","0","1","Bajo","Buena","8","0","3","0","0","1","0","2","Salir a pasear o conversar con mis amigos","Mejora del rendimiento físico / Estética.","Anaeróbica (pesas, entrenamiento de fuerza).","Buena","No","10","A veces","Regular","Bastante","Siempre"
"2026/04/28 10:51:33 p.m. GMT-5","5","Masculino","56","1.66","20","Ingeniería, Tecnología y Construcción.","7","5","10","1","Frugívora/Frutariana: Basada principalmente en el consumo de frutas.","3","1","0","4","Bajo","Muy mala","9","0","2","2","1","3","1","1","Dormir más horas que lo habitual","Salud general y recomendación médica.","Aeróbica (correr, nadar, bicicleta).","Regular","No","300","Frecuentemente","Regular","","Frecuentemente"
"2026/04/28 10:52:25 p.m. GMT-5","5","Masculino","78","1.79","18","Ingeniería, Tecnología y Construcción.","2","4","10","1","Omnívora: Consume alimentos de origen animal y vegetal.","3","1","5","7","Bajo","Muy buena","9","0","3","0","0","0","1","1.5","Jugar videojuegos","Mejora del rendimiento físico / Estética.","Mixta.","Buena","No","0","A veces","Regular","Regular","Frecuentemente"
"2026/04/28 11:37:25 p.m. GMT-5","5","Masculino","87","1.73","27","Ingeniería, Tecnología y Construcción.","3","4","4","3","Omnívora: Consume alimentos de origen animal y vegetal.","2","1  ","2","4","Regular","Regular","4","3","1","3","1","3","3","2","Realizar actividad física","Reducción de estrés y ansiedad","Anaeróbica (pesas, entrenamiento de fuerza).","Regular","No","500","Frecuentemente","Poco","Regular","A veces"
"2026/04/29 12:18:41 a.m. GMT-5","2","Masculino","69","1.69","27","Ingeniería, Tecnología y Construcción.","3","5","4","6","Omnívora: Consume alimentos de origen animal y vegetal.","3","5","0","2","Bajo","Muy mala","3","1","1","1","2","1","4","2","Realizar actividad física","Reducción de estrés y ansiedad","Deportes colectivos (futbol, basket, vóley).","Regular","No","50","A veces","Poco","Regular","A veces"
"2026/04/29 6:44:07 a.m. GMT-5","3","Masculino","75","1.77","21","Ingeniería, Tecnología y Construcción.","6","4","2","2","Omnívora: Consume alimentos de origen animal y vegetal.","3","3","4","3","Regular","Buena","6","0","3","2","1","2","2","1","Salir a pasear o conversar con mis amigos","Mejora del rendimiento físico / Estética.","Anaeróbica (pesas, entrenamiento de fuerza).","Buena","No","30","Frecuentemente","Bastante","Bastante","Siempre"
"2026/04/29 10:01:20 a.m. GMT-5","8","Masculino","115","1.78","19","Administración, Negocios y Contabilidad.","5","6","1","4","Omnívora: Consume alimentos de origen animal y vegetal.","3","1","2","2","Regular","Muy buena","10","2","3","0","1","0","4","3","Jugar videojuegos","Salud general y recomendación médica.","Aeróbica (correr, nadar, bicicleta).","Buena","No","0","A veces","Regular","Nunca","Frecuentemente"
"2026/04/29 10:02:19 a.m. GMT-5","8","Masculino","59","1.65","21","Administración, Negocios y Contabilidad.","9","5","6","1","Omnívora: Consume alimentos de origen animal y vegetal.","3","1","2","4","Alto","Buena","8","1","4","0","0","0","3","3","Dormir más horas que lo habitual","Salud general y recomendación médica.","Anaeróbica (pesas, entrenamiento de fuerza).","Buena","Sí","390","Siempre","Bastante","Bastante","Frecuentemente"
"2026/04/29 10:04:20 a.m. GMT-5","8","Masculino","62","1.64","28","Ingeniería, Tecnología y Construcción.","10","1","4","6","Omnívora: Consume alimentos de origen animal y vegetal.","3","1","6","4","Regular","Buena","7","4","3","0","0","1","3","1.5","Realizar actividad física","Mejora del rendimiento físico / Estética.","Mixta.","Buena","No","15","Frecuentemente","Bastante","Regular","A veces"
"2026/04/29 10:07:18 a.m. GMT-5","8","Femenino","37.5","1.51","19","Ingeniería, Tecnología y Construcción.","3","5","1","2","Omnívora: Consume alimentos de origen animal y vegetal.","3","1","0","0","Bajo","Mala","6.5","3","3","0","0","0","3","1","Salir a pasear o conversar con mis amigos","Recreación y socialización con amigos.","No realizo actividad física.","Regular","No","0","A veces","Bastante","Regular","Frecuentemente"
"2026/04/29 10:10:06 a.m. GMT-5","8","Masculino","58","1.66","19","Ingeniería, Tecnología y Construcción.","5","6","1.5","6","Vegetariana: Excluye carne y pescado.","1","2","4","6","Alto","Regular","2","3","1","2","2","2","2","1.5","Jugar videojuegos","Salud general y recomendación médica.","Deportes colectivos (futbol, basket, vóley).","Mala","No","3","A veces","Poco","Poco","A veces"
"2026/04/29 10:33:38 a.m. GMT-5","8","Femenino","50","0","40","Humanidades, Artes y Educación.","1","10","24","0","Crudista: Consiste en consumir alimentos crudos o cocinados a bajas temperaturas, generalmente orgánicos.","20","20","0","7","Muy bajo","Muy mala","12","20","4","7","me compro todo tambo ","4","4","10","Otros motivos","Salud general y recomendación médica.","No realizo actividad física.","Muy mala","Sí","2000","Nunca","Nunca","Nunca","Nunca"
"2026/04/29 10:51:28 a.m. GMT-5","8","Masculino","85","1.75","19","Ingeniería, Tecnología y Construcción.","3","6","2","4","Omnívora: Consume alimentos de origen animal y vegetal.","3","4","0","4","Regular","Muy mala","4","0","4","2","1","1","4","3","Salir a pasear o conversar con mis amigos","Reducción de estrés y ansiedad","Anaeróbica (pesas, entrenamiento de fuerza).","Regular","No","100","A veces","Bastante","Bastante","A veces"
"2026/04/29 11:10:00 a.m. GMT-5","8","Masculino","55","1.65","19","Administración, Negocios y Contabilidad.","3","4","8.5","2","Omnívora: Consume alimentos de origen animal y vegetal.","3","1","0","6","Alto","Regular","6","0","3","0","1","0","3","1","Dormir más horas que lo habitual","Mejora del rendimiento físico / Estética.","Anaeróbica (pesas, entrenamiento de fuerza).","Buena","Sí","10","Frecuentemente","Regular","Bastante","Frecuentemente"
"2026/04/29 11:27:10 a.m. GMT-5","8","Masculino","91","1.94","21","Administración, Negocios y Contabilidad.","4","8","21 ","9","Omnívora: Consume alimentos de origen animal y vegetal.","5","2","6","7","Muy alto","Regular","7","1","4","0","0","0","1","3","Realizar actividad física","Mejora del rendimiento físico / Estética.","Deportes colectivos (futbol, basket, vóley).","Buena","No","450","Siempre","Bastante","Bastante","Frecuentemente"
"2026/04/29 11:37:27 a.m. GMT-5","2","Masculino","120","1.80","21","Ingeniería, Tecnología y Construcción.","8","7","1","4","Omnívora: Consume alimentos de origen animal y vegetal.","3","4","0","0","Muy bajo","Regular","7","0","4","0","0","3","4","3","Jugar videojuegos","Reducción de estrés y ansiedad","No realizo actividad física.","Mala","No","0","A veces","Bastante","Bastante","A veces"
"2026/04/29 11:40:24 a.m. GMT-5","2","Femenino","85","1.58","22","Ingeniería, Tecnología y Construcción.","8","6","1","6","Omnívora: Consume alimentos de origen animal y vegetal.","2","3","1","1","Bajo","Regular","6","0","2","0","0","3","4","2","Salir a pasear o conversar con mis amigos","Salud general y recomendación médica.","No realizo actividad física.","Regular","No","0","A veces","Regular","Regular","A veces"
"2026/04/29 11:49:03 a.m. GMT-5","2","Masculino","74","1.75","19","Ingeniería, Tecnología y Construcción.","4","5","5","3","Omnívora: Consume alimentos de origen animal y vegetal.","2","2","0","4","Regular","Regular","6","1","1","2","2","1","3","4","Jugar videojuegos","Mejora del rendimiento físico / Estética.","Deportes colectivos (futbol, basket, vóley).","Regular","No","40","A veces","Regular","Regular","A veces"
"2026/04/29 2:02:36 p.m. GMT-5","2","Masculino","73","1.78","19","Ingeniería, Tecnología y Construcción.","3","5","5","7","Omnívora: Consume alimentos de origen animal y vegetal.","3","1","0","5","Regular","Mala","5","0","1","0","0","4","2","1","Jugar videojuegos","Reducción de estrés y ansiedad","Aeróbica (correr, nadar, bicicleta).","Buena","No","0","Frecuentemente","Poco","Regular","Frecuentemente"
"2026/04/29 2:09:01 p.m. GMT-5","8","Masculino","73","1.70","20","Ingeniería, Tecnología y Construcción.","5","5","10","6","Omnívora: Consume alimentos de origen animal y vegetal.","2","2","0","5","Alto","Buena","6","1","2","0","0","1","3","3","Realizar actividad física","Mejora del rendimiento físico / Estética.","Mixta.","Buena","No","30","Frecuentemente","Poco","Regular","A veces"
"2026/04/29 2:12:38 p.m. GMT-5","8","Masculino","140","1.81","19","Ingeniería, Tecnología y Construcción.","5","5","6","2.5","Omnívora: Consume alimentos de origen animal y vegetal.","3","1","5","4","Alto","Regular","6","1","3","1","1","1","3","2","Jugar videojuegos","Salud general y recomendación médica.","Anaeróbica (pesas, entrenamiento de fuerza).","Buena","No","20","Frecuentemente","Regular","Bastante","Rara vez"
"2026/04/29 2:30:43 p.m. GMT-5","8","Femenino","55","1.60","19","Ingeniería, Tecnología y Construcción.","5","5","2","10","Omnívora: Consume alimentos de origen animal y vegetal.","3","1","2","2","Regular","Regular","5","1","3","1","1","3","4","1","Otros motivos","Mejora del rendimiento físico / Estética.","Aeróbica (correr, nadar, bicicleta).","Regular","No","50","Frecuentemente","Bastante","Bastante","A veces"
"2026/04/29 3:16:27 p.m. GMT-5","2","Masculino","95","1.80","18","Ingeniería, Tecnología y Construcción.","3","5","8","13","Omnívora: Consume alimentos de origen animal y vegetal.","3","1.00000","4","4","Alto","Regular","6 ","1","1","3","1","0","2","2","Realizar actividad física","Mejora del rendimiento físico / Estética.","Mixta.","Buena","No","0","Frecuentemente","Bastante","Bastante","A veces"
"2026/04/29 3:18:31 p.m. GMT-5","2","Masculino","90","1.82","18","Ingeniería, Tecnología y Construcción.","3","7","10","2","Omnívora: Consume alimentos de origen animal y vegetal.","3","3","4","5","Regular","Regular","5","2","3","1","1","2","2","4","Realizar actividad física","Mejora del rendimiento físico / Estética.","Deportes colectivos (futbol, basket, vóley).","Buena","No","50","Frecuentemente","Bastante","Bastante","Frecuentemente"
"2026/04/29 3:39:23 p.m. GMT-5","2","Masculino","74","1.71","18","Ingeniería, Tecnología y Construcción.","3","5","1","6","Omnívora: Consume alimentos de origen animal y vegetal.","3","4","0","0","Muy bajo","Mala","5","0","4","0","1","0","3","2","Salir a pasear o conversar con mis amigos","Mejora del rendimiento físico / Estética.","No realizo actividad física.","Muy mala","Sí","20","A veces","Bastante","Poco","Frecuentemente"
"2026/04/29 4:01:24 p.m. GMT-5","2","Masculino","64","1.61","25","Ingeniería, Tecnología y Construcción.","4","5","4","4","Omnívora: Consume alimentos de origen animal y vegetal.","3","2","3","2","Bajo","Muy mala","6","0","3","0","0","0","3","1","Realizar actividad física","Reducción de estrés y ansiedad","Deportes colectivos (futbol, basket, vóley).","Regular","No","0","A veces","Regular","Bastante","A veces"
"2026/04/29 4:03:17 p.m. GMT-5","2","Femenino","50","1.55","19","Ingeniería, Tecnología y Construcción.","5","5","1","11.5","Omnívora: Consume alimentos de origen animal y vegetal.","3","4","2","0","Muy bajo","Regular","5","0","2","0","0","0","3","1.2","Salir a pasear o conversar con mis amigos","Salud general y recomendación médica.","Aeróbica (correr, nadar, bicicleta).","Buena","No","100","Frecuentemente","Bastante","Bastante","A veces"
"2026/04/29 4:11:18 p.m. GMT-5","2","Masculino","64","1.7","14","Ingeniería, Tecnología y Construcción.","1","5","6.3","7","Omnívora: Consume alimentos de origen animal y vegetal.","3","1","3","6","Alto","Muy buena","7","0","3","3","1","1","3","2","Realizar actividad física","Mejora del rendimiento físico / Estética.","Mixta.","Muy buena","No","30","Siempre","Bastante","Bastante","Frecuentemente"
"2026/04/29 4:23:21 p.m. GMT-5","2","Masculino","64","1.73","17","Ingeniería, Tecnología y Construcción.","1","1","6","14","Omnívora: Consume alimentos de origen animal y vegetal.","1","1","5","5","Regular","Buena","7","0","2","0","0","2","3","2","Realizar actividad física","Mejora del rendimiento físico / Estética.","Mixta.","Regular","No","5","Frecuentemente","Regular","Poco","A veces"
"2026/04/29 4:31:14 p.m. GMT-5","8","Masculino","65","1.65","20","Ingeniería, Tecnología y Construcción.","5","4","14","1.5","Omnívora: Consume alimentos de origen animal y vegetal.","3","2","4","5","Alto","Buena","8","1","3","2","1","2","2","3.5","Salir a pasear o conversar con mis amigos","Mejora del rendimiento físico / Estética.","Anaeróbica (pesas, entrenamiento de fuerza).","Buena","No","30","Frecuentemente","Regular","Bastante","Siempre"
"2026/04/29 4:32:07 p.m. GMT-5","8","Masculino","55","1.75","19","Ciencias Exactas y Ambientales.","4","4","4","6","Crudista: Consiste en consumir alimentos crudos o cocinados a bajas temperaturas, generalmente orgánicos.","4","2","5","3","Alto","Regular","6","2","3","1","3","4","2","3","Salir a pasear o conversar con mis amigos","Recreación y socialización con amigos.","Anaeróbica (pesas, entrenamiento de fuerza).","Regular","No","15","Frecuentemente","Bastante","Bastante","Frecuentemente"
"2026/04/29 4:32:18 p.m. GMT-5","8","Masculino","63","1.70","19","Ingeniería, Tecnología y Construcción.","5","6","7.5","11","Omnívora: Consume alimentos de origen animal y vegetal.","3","2","3","5","Alto","Regular","7","1","3","1","1","1","3","3","Salir a pasear o conversar con mis amigos","Reducción de estrés y ansiedad","Anaeróbica (pesas, entrenamiento de fuerza).","Buena","No","70","Frecuentemente","Poco","Bastante","Frecuentemente"
"2026/04/29 4:32:44 p.m. GMT-5","8","Femenino","72","1.60","19","Ingeniería, Tecnología y Construcción.","5","4","9","4.5","Omnívora: Consume alimentos de origen animal y vegetal.","5","10","3","5","Regular","Mala","5","1","1","0","0","2","2","1.5","Salir a pasear o conversar con mis amigos","Mejora del rendimiento físico / Estética.","Mixta.","Regular","No","10","Frecuentemente","Regular","Poco","Frecuentemente"
"2026/04/29 4:33:30 p.m. GMT-5","2","Masculino","20 ","1.10 ","14","Administración, Negocios y Contabilidad.","1","1","1.","1.5","Crudista: Consiste en consumir alimentos crudos o cocinados a bajas temperaturas, generalmente orgánicos.","3","1","0","0","Alto","Muy buena","5","0","0","0","0","0","0","8","Realizar actividad física","Mejora del rendimiento físico / Estética.","Deportes colectivos (futbol, basket, vóley).","Muy mala","Sí","2","Nunca","Nunca","Muy poco","Frecuentemente"
"2026/04/29 4:46:43 p.m. GMT-5","8","Masculino","80","1.76","17","Ingeniería, Tecnología y Construcción.","3","7","8.5","6","Omnívora: Consume alimentos de origen animal y vegetal.","7","4","0","0","Muy bajo","Muy mala","3","9","0","7","6 moster","3","3","1.0","Otros motivos","Reducción de estrés y ansiedad","No realizo actividad física.","Muy mala","No","100 ","A veces","Regular","Muy poco","Frecuentemente"
"2026/04/29 4:46:55 p.m. GMT-5","8","Masculino","86","1.75","19","Ingeniería, Tecnología y Construcción.","3","7","8","12","Omnívora: Consume alimentos de origen animal y vegetal.","2","1","0","4","Regular","Regular","6","0","2","0","0","0","3","2.5","Realizar actividad física","Mejora del rendimiento físico / Estética.","Deportes colectivos (futbol, basket, vóley).","Buena","No","0","Frecuentemente","Regular","Bastante","Frecuentemente"
"2026/04/29 4:49:37 p.m. GMT-5","8","Masculino","75","1.69","18","Ingeniería, Tecnología y Construcción.","3","6","6","7","Omnívora: Consume alimentos de origen animal y vegetal.","2","1","5","3","Regular","Regular","7","0","0","0","0","0","1","3","Realizar actividad física","Salud general y recomendación médica.","Anaeróbica (pesas, entrenamiento de fuerza).","Regular","No","150","A veces","Muy poco","Regular","A veces"
"2026/04/29 5:00:51 p.m. GMT-5","8","Masculino","120","1","22","Ciencias Sociales y Derecho.","9","7","1","2","Vegetariana: Excluye carne y pescado.","8","8","7","7","Muy alto","Muy buena","0","9","2","0","3","2","2","6","Dormir más horas que lo habitual","Mejora del rendimiento físico / Estética.","Aeróbica (correr, nadar, bicicleta).","Muy buena","Sí","100","Rara vez","Muy poco","Poco","Frecuentemente"
"2026/04/29 5:02:16 p.m. GMT-5","8","Masculino","78","1.72","20","Ingeniería, Tecnología y Construcción.","5","6","2","2","Omnívora: Consume alimentos de origen animal y vegetal.","4","1","3","2","Regular","Buena","8","4","3","2","1","2","1","1","Jugar videojuegos","Recreación y socialización con amigos.","Deportes colectivos (futbol, basket, vóley).","Buena","No","200","Frecuentemente","Regular","Bastante","Frecuentemente"
"2026/04/29 5:05:25 p.m. GMT-5","8","Masculino","70","1.7","19","Ingeniería, Tecnología y Construcción.","3","5","5","3","Omnívora: Consume alimentos de origen animal y vegetal.","3","3","3","5","Alto","Regular","6","1","2","2","1","0","1","3","Realizar actividad física","Mejora del rendimiento físico / Estética.","Deportes colectivos (futbol, basket, vóley).","Buena","No","20","Frecuentemente","Poco","Poco","Frecuentemente"
"2026/04/29 5:09:07 p.m. GMT-5","8","Masculino","73","1.84","22","Ingeniería, Tecnología y Construcción.","8","4","7","2","Omnívora: Consume alimentos de origen animal y vegetal.","2","4","0","5","Bajo","Muy mala","4","12","2","2","1","3","3","1","Otros motivos","Reducción de estrés y ansiedad","Mixta.","Mala","No","0","A veces","Regular","Regular","Rara vez"
"2026/04/29 5:10:46 p.m. GMT-5","8","Masculino","90","1.8","19","Ingeniería, Tecnología y Construcción.","5","5","2","8","Omnívora: Consume alimentos de origen animal y vegetal.","1","2","0","1","Bajo","Muy mala","3","4","1","4","2","4","4","1.5","Jugar videojuegos","Reducción de estrés y ansiedad","Aeróbica (correr, nadar, bicicleta).","Mala","No","0","Rara vez","Regular","Bastante","Nunca"
"2026/04/29 5:11:16 p.m. GMT-5","8","Masculino","78","1.71","19","Ingeniería, Tecnología y Construcción.","4","5","6 ","4","Omnívora: Consume alimentos de origen animal y vegetal.","3","2","4","7","Alto","Mala","5","1","3","2","2","0","4","3","Otros motivos","Mejora del rendimiento físico / Estética.","Anaeróbica (pesas, entrenamiento de fuerza).","Regular","No","200","Frecuentemente","Regular","Regular","A veces"
"2026/04/29 5:12:48 p.m. GMT-5","8","Masculino","51","1.69","18","Ingeniería, Tecnología y Construcción.","5","4","1","10","Omnívora: Consume alimentos de origen animal y vegetal.","3","3","0","0","Muy bajo","Regular","6","0","3","0","0","0","3","1","Jugar videojuegos","Reducción de estrés y ansiedad","No realizo actividad física.","Mala","No","50","A veces","Bastante","Bastante","A veces"
"2026/04/29 5:21:21 p.m. GMT-5","8","Masculino","60","1.55","23","Ingeniería, Tecnología y Construcción.","6","4","7","3","Omnívora: Consume alimentos de origen animal y vegetal.","2","2","2","7","Alto","Regular","7","0","3","0","0","0","3","1.5","Realizar actividad física","Reducción de estrés y ansiedad","Aeróbica (correr, nadar, bicicleta).","Muy buena","No","70","Frecuentemente","Bastante","Bastante","Frecuentemente"
"2026/04/29 5:31:56 p.m. GMT-5","2","Femenino","50","1.58","17","Ciencias Sociales y Derecho.","1","1","1","10","Omnívora: Consume alimentos de origen animal y vegetal.","1","1","6","2","Regular","Mala","6","0","1","0","0","0","3","1","Dormir más horas que lo habitual","Salud general y recomendación médica.","Deportes colectivos (futbol, basket, vóley).","Buena","No","20","A veces","Poco","Poco","Frecuentemente"
"2026/04/29 5:35:41 p.m. GMT-5","8","Masculino","85","1.73","21","Ingeniería, Tecnología y Construcción.","9","4","5","3","Omnívora: Consume alimentos de origen animal y vegetal.","3","3","3","5","Regular","Buena","7","2","3","0","0","0","1","2","Realizar actividad física","Mejora del rendimiento físico / Estética.","Anaeróbica (pesas, entrenamiento de fuerza).","Buena","No","7","Frecuentemente","Regular","Bastante","Frecuentemente"
"2026/04/29 5:35:47 p.m. GMT-5","8","Masculino","85","1.8","22","Ingeniería, Tecnología y Construcción.","10","5","4","10","Vegana: Dieta estricta basada exclusivamente en alimentos de origen vegetal, excluyendo cualquier producto animal.","2","4","2","5","Regular","Regular","6","2","2","4","2","2","3","2","Dormir más horas que lo habitual","Reducción de estrés y ansiedad","Aeróbica (correr, nadar, bicicleta).","Regular","Sí","60","Rara vez","Poco","Muy poco","A veces"
"2026/04/29 5:44:25 p.m. GMT-5","8","Masculino","64","1.65","19","Ciencias de la Salud.","3","4","4.5","14","Omnívora: Consume alimentos de origen animal y vegetal.","4","2","4","3","Regular","Muy mala","5","0","3","6","1","4","3","3","Salir a pasear o conversar con mis amigos","Recreación y socialización con amigos.","Deportes colectivos (futbol, basket, vóley).","Buena","No","5 ","A veces","Bastante","Bastante","Siempre"
"2026/04/29 5:51:05 p.m. GMT-5","8","Masculino","53","1.73","20","Ingeniería, Tecnología y Construcción.","7","6","1","5","Vegetariana: Excluye carne y pescado.","3","1","6","0","Muy bajo","Buena","7","0","3","0","0","0","2","2","Salir a pasear o conversar con mis amigos","Salud general y recomendación médica.","Deportes colectivos (futbol, basket, vóley).","Muy buena","No","0","Siempre","Bastante","Bastante","Frecuentemente"
"2026/04/29 5:55:26 p.m. GMT-5","8","Femenino","61","1.60","20","Ingeniería, Tecnología y Construcción.","7","7","1","2","Omnívora: Consume alimentos de origen animal y vegetal.","3","3","4","1","Muy bajo","Regular","6","0","2","0","0","0","4","1","Dormir más horas que lo habitual","Recreación y socialización con amigos.","Anaeróbica (pesas, entrenamiento de fuerza).","Mala","No","20","A veces","Poco","Poco","Rara vez"
"2026/04/29 5:56:35 p.m. GMT-5","8","Masculino","55","1.62","25","Ingeniería, Tecnología y Construcción.","5","6","2","2","Omnívora: Consume alimentos de origen animal y vegetal.","3","1","5","5","Regular","Regular","5","0","4","0","0","4","4","2","Salir a pasear o conversar con mis amigos","Reducción de estrés y ansiedad","Deportes colectivos (futbol, basket, vóley).","Regular","No","29","A veces","Regular","Regular","Frecuentemente"
"2026/04/29 5:56:57 p.m. GMT-5","8","Masculino","72","1.70","21","Ingeniería, Tecnología y Construcción.","4","5","2","2","Vegetariana: Excluye carne y pescado.","3","1","0","2","Regular","Regular","6","1","1","1","0","2","1","1.5","Jugar videojuegos","Reducción de estrés y ansiedad","Deportes colectivos (futbol, basket, vóley).","Regular","No","10","Rara vez","Poco","Muy poco","A veces"
"2026/04/29 5:57:46 p.m. GMT-5","8","Masculino","85","1.75","21","Ingeniería, Tecnología y Construcción.","1","6","2","5","Omnívora: Consume alimentos de origen animal y vegetal.","3","2","0","2","Bajo","Regular","7","1","3","2","2","2","2","2","Jugar videojuegos","Reducción de estrés y ansiedad","Anaeróbica (pesas, entrenamiento de fuerza).","Buena","No","25","A veces","Regular","Bastante","A veces"
"2026/04/29 5:58:57 p.m. GMT-5","8","Masculino","55","1.75","20","Ingeniería, Tecnología y Construcción.","5","4","1","10","Omnívora: Consume alimentos de origen animal y vegetal.","2","4","0","0","Muy bajo","Mala","5","3","2","0","0","2","3","1","Jugar videojuegos","Mejora del rendimiento físico / Estética.","No realizo actividad física.","Regular","No","0","A veces","Bastante","Bastante","A veces"
"2026/04/29 6:01:22 p.m. GMT-5","8","Masculino","70","1.7","22","Ingeniería, Tecnología y Construcción.","5","6","6","2","Flexitariana: Es una dieta principalmente vegetariana, pero que permite el consumo ocasional de carne o pescado.","2","1","2","2","Alto","Regular","5","0","1","1","1","1","3","2.4","Realizar actividad física","Reducción de estrés y ansiedad","Deportes colectivos (futbol, basket, vóley).","Buena","No","89","A veces","Bastante","Regular","Frecuentemente"
"2026/04/29 6:10:30 p.m. GMT-5","8","Femenino","70","1.53","20","Ingeniería, Tecnología y Construcción.","5","4","1","4.5","Omnívora: Consume alimentos de origen animal y vegetal.","3","1","7","0","Muy bajo","Mala","5","4","2","0","1","1","4","1","Salir a pasear o conversar con mis amigos","Mejora del rendimiento físico / Estética.","Aeróbica (correr, nadar, bicicleta).","Regular","No","30","Rara vez","Bastante","Bastante","A veces"
"2026/04/29 6:15:42 p.m. GMT-5","8","Femenino","57","1.58","19","Ingeniería, Tecnología y Construcción.","5","6","8","3.5","Omnívora: Consume alimentos de origen animal y vegetal.","3","1","3","4","Alto","Regular","7","1","3","0","0","0","3","2.5","Realizar actividad física","Mejora del rendimiento físico / Estética.","Deportes colectivos (futbol, basket, vóley).","Buena","No","100","A veces","Regular","Bastante","Frecuentemente"
"2026/04/29 6:17:11 p.m. GMT-5","8","Masculino","72","1.7","18","Ingeniería, Tecnología y Construcción.","2","6","6.5","4 ","Omnívora: Consume alimentos de origen animal y vegetal.","3","1","3","4","Alto","Regular","7","0","3","2","1","2","3","2","Realizar actividad física","Mejora del rendimiento físico / Estética.","Anaeróbica (pesas, entrenamiento de fuerza).","Buena","No","150","Frecuentemente","Bastante","Bastante","Frecuentemente"
"2026/04/29 6:24:55 p.m. GMT-5","8","Masculino","63","1.68","19","Ingeniería, Tecnología y Construcción.","3","6","1","14","Omnívora: Consume alimentos de origen animal y vegetal.","3","4","1","2","Bajo","Regular","5","4","2","0","0","0","3","1","Realizar actividad física","Reducción de estrés y ansiedad","Anaeróbica (pesas, entrenamiento de fuerza).","Regular","No","10","A veces","Bastante","Bastante","A veces"
"2026/04/29 6:25:56 p.m. GMT-5","8","Femenino","53","2","18","Ciencias de la Salud.","4","3","2","10","Omnívora: Consume alimentos de origen animal y vegetal.","3","2","2","2","Bajo","Mala","5","3","4","1","1","3","3","1","Salir a pasear o conversar con mis amigos","Mejora del rendimiento físico / Estética.","Anaeróbica (pesas, entrenamiento de fuerza).","Regular","No","30","A veces","Bastante","Regular","A veces"
"2026/04/29 6:42:03 p.m. GMT-5","8","Masculino","66","1.80","19","Ciencias de la Salud.","1","8","10","4","Omnívora: Consume alimentos de origen animal y vegetal.","3","2","5","7","Muy alto","Buena","8","2","3","0","0","0","3","2.5","Realizar actividad física","Mejora del rendimiento físico / Estética.","Mixta.","Buena","No","0","Frecuentemente","Regular","Bastante","Frecuentemente"
"2026/04/29 7:12:58 p.m. GMT-5","8","Masculino","90","1.89","19","Ciencias de la Salud.","4","5","7.5","2.5","Omnívora: Consume alimentos de origen animal y vegetal.","3","1","0","5","Regular","Regular","8.5","1","2","3","1","0","2","2","Realizar actividad física","Mejora del rendimiento físico / Estética.","Deportes colectivos (futbol, basket, vóley).","Buena","No","200","Frecuentemente","Regular","Bastante","Frecuentemente"
"2026/04/29 8:09:13 p.m. GMT-5","2","Femenino","49","1.60","18","Ciencias de la Salud.","3","6","3.00","5.25","Flexitariana: Es una dieta principalmente vegetariana, pero que permite el consumo ocasional de carne o pescado.","2","4","6","3","Regular","Buena","7","0","3","0","0","3","2","2","Realizar actividad física","Salud general y recomendación médica.","Aeróbica (correr, nadar, bicicleta).","Buena","No","150","Frecuentemente","Bastante","Bastante","Frecuentemente"
"2026/04/29 8:31:30 p.m. GMT-5","2","Masculino","69","1.70","19","Ingeniería, Tecnología y Construcción.","5","4","2.5","4.5","Omnívora: Consume alimentos de origen animal y vegetal.","3","4","7","7","Alto","Regular","7.5 ","0","3","3","3","1","2","2.5","Realizar actividad física","Mejora del rendimiento físico / Estética.","Anaeróbica (pesas, entrenamiento de fuerza).","Regular","No","350","Frecuentemente","","Regular","Frecuentemente"
"2026/04/29 8:33:04 p.m. GMT-5","2","Femenino","60","1.50","25","Humanidades, Artes y Educación.","6","2","30","5","Flexitariana: Es una dieta principalmente vegetariana, pero que permite el consumo ocasional de carne o pescado.","3","2","5","4","Regular","Buena","7","1","4","0","0","0","2","2","Realizar actividad física","Salud general y recomendación médica.","Mixta.","Muy buena","No","10 ","Frecuentemente","Bastante","Regular","Siempre"
"2026/04/29 8:34:27 p.m. GMT-5","2","Femenino","58","1.51","32","Administración, Negocios y Contabilidad.","6","1","6 ","3","Crudista: Consiste en consumir alimentos crudos o cocinados a bajas temperaturas, generalmente orgánicos.","3","1","0","5","Regular","Buena","7","2","3","0","0","3","3","2","Realizar actividad física","Mejora del rendimiento físico / Estética.","Anaeróbica (pesas, entrenamiento de fuerza).","Buena","No","150","Frecuentemente","Bastante","Regular","Siempre"
"2026/04/29 8:38:50 p.m. GMT-5","2","Femenino","50","1.56","35","Ciencias de la Salud.","10","3","1","1","Crudista: Consiste en consumir alimentos crudos o cocinados a bajas temperaturas, generalmente orgánicos.","3","1","6","1","Regular","Buena","7","0","1","0","0","0","2","1","Salir a pasear o conversar con mis amigos","Reducción de estrés y ansiedad","Aeróbica (correr, nadar, bicicleta).","Buena","No","5","Frecuentemente","Bastante","Bastante","Frecuentemente"
"2026/04/29 8:40:08 p.m. GMT-5","2","Femenino","60","1.65","19","Ingeniería, Tecnología y Construcción.","4","6","5","16","Vegetariana: Excluye carne y pescado.","3","3","2","3","Bajo","Mala","5","0","3","0","0","3","3","5","Ir de compras","Recreación y socialización con amigos.","Mixta.","Regular","No","100","A veces","Poco","Regular","A veces"
"2026/04/29 8:47:57 p.m. GMT-5","2","Femenino","63","1.59","25","Administración, Negocios y Contabilidad.","9","3","2","3","Omnívora: Consume alimentos de origen animal y vegetal.","3","1","6","5","Regular","Buena","7","1","4","1","1","0","4","3","Realizar actividad física","Reducción de estrés y ansiedad","Anaeróbica (pesas, entrenamiento de fuerza).","Regular","No","100","Frecuentemente","Regular","Bastante","Siempre"
"2026/04/29 8:51:13 p.m. GMT-5","2","Femenino","75","1.68","26","Administración, Negocios y Contabilidad.","8","5","1.5","18","Omnívora: Consume alimentos de origen animal y vegetal.","3","2","6","1","Bajo","Regular","7","0","3","0","0","1","3","1.5","Dormir más horas que lo habitual","Reducción de estrés y ansiedad","Aeróbica (correr, nadar, bicicleta).","Regular","No","50","Rara vez","Regular","Bastante","A veces"
"2026/04/29 8:54:41 p.m. GMT-5","2","Femenino","74","1.61","24","Humanidades, Artes y Educación.","5","6","1","3","Omnívora: Consume alimentos de origen animal y vegetal.","3","2","6","0","Muy bajo","Regular","6","0","2","0","0","4","4","2","Ir de compras","Reducción de estrés y ansiedad","No realizo actividad física.","Regular","No","300","Rara vez","Bastante","Bastante","A veces"
"2026/04/29 9:07:41 p.m. GMT-5","2","Femenino","57","1.70","28","Humanidades, Artes y Educación.","8","7","5","6","Vegana: Dieta estricta basada exclusivamente en alimentos de origen vegetal, excluyendo cualquier producto animal.","2","2","6","7","Regular","Buena","8","0","3","0","0","2","1","1.5","Ir de compras","Reducción de estrés y ansiedad","Aeróbica (correr, nadar, bicicleta).","Buena","No","80","Siempre","Bastante","Bastante","Frecuentemente"
"2026/04/29 9:15:26 p.m. GMT-5","2","Masculino","73","1.72","22","Ingeniería, Tecnología y Construcción.","7","5","1.5","3 ","Omnívora: Consume alimentos de origen animal y vegetal.","3","2","3","4","Regular","Regular","6","2","2","2","1","0","4","1","Realizar actividad física","Mejora del rendimiento físico / Estética.","Mixta.","Buena","No","30","Nunca","Muy poco","Muy poco","A veces"
"2026/04/29 9:18:00 p.m. GMT-5","2","Femenino","55","1.57","26","Humanidades, Artes y Educación.","10","3","1.5","2","Omnívora: Consume alimentos de origen animal y vegetal.","3","1","0","1","Bajo","Regular","6","0","2","0","0","1","3","1","Realizar actividad física","Reducción de estrés y ansiedad","Deportes colectivos (futbol, basket, vóley).","Regular","No","30","Rara vez","Poco","Bastante","A veces"
"2026/04/29 10:28:48 p.m. GMT-5","8","Masculino","75","2","19","Ingeniería, Tecnología y Construcción.","4","5","1","2","Omnívora: Consume alimentos de origen animal y vegetal.","3","1","3","5","Regular","Buena","6","2","4","3","2","2","2","2","Jugar videojuegos","Salud general y recomendación médica.","Deportes colectivos (futbol, basket, vóley).","Buena","No","200","Frecuentemente","Regular","Poco","A veces"
"2026/04/29 10:42:36 p.m. GMT-5","8","Masculino","79","2","21","Ciencias Sociales y Derecho.","5","2","4","5","Frugívora/Frutariana: Basada principalmente en el consumo de frutas.","3","4","4","7","Muy alto","Muy mala","11","8","4","7","4","2","2","2","Ir de compras","Reducción de estrés y ansiedad","Anaeróbica (pesas, entrenamiento de fuerza).","Regular","Sí","1500","Frecuentemente","Muy poco","Poco","A veces"
"2026/04/30 9:47:16 a.m. GMT-5","2","Masculino","95","1.80","30","Ciencias de la Salud.","10","10","1","8","Omnívora: Consume alimentos de origen animal y vegetal.","4","4","3","1","Muy bajo","Mala","5","2","2","3","1","2","3","1","Dormir más horas que lo habitual","Mejora del rendimiento físico / Estética.","No realizo actividad física.","Mala","No","10","Rara vez","Bastante","Bastante","Frecuentemente"
"2026/04/30 11:15:08 a.m. GMT-5","6","Masculino","60","1.63","25","Ingeniería, Tecnología y Construcción.","10","7","2","2.5","Omnívora: Consume alimentos de origen animal y vegetal.","4","1","6","7","Alto","Buena","7.5","1","4","3","2","3","2","3","Realizar actividad física","Mejora del rendimiento físico / Estética.","Mixta.","Buena","No","40","Frecuentemente","Poco","Poco","Frecuentemente"
"2026/04/30 11:23:50 a.m. GMT-5","6","Masculino","64","1.78","23","Administración, Negocios y Contabilidad.","10","1","1.5","15","Omnívora: Consume alimentos de origen animal y vegetal.","3","1","0","1","Bajo","Regular","7","2","3","1","1","2","3","2.5","Realizar actividad física","Mejora del rendimiento físico / Estética.","Mixta.","Buena","No","300","A veces","Poco","Regular","Siempre"
"2026/04/30 11:25:13 a.m. GMT-5","6","Masculino","71","1.74","25","Administración, Negocios y Contabilidad.","10","3","3","5","Omnívora: Consume alimentos de origen animal y vegetal.","3","2","0","5","Alto","Regular","7","2","3","0","0","0","3","2","Realizar actividad física","Reducción de estrés y ansiedad","Mixta.","Regular","No","50","A veces","Regular","Regular","Frecuentemente"
"2026/04/30 11:30:51 a.m. GMT-5","6","Masculino","75","1.75","17 ","Ciencias de la Salud.","1","4","2","4","Omnívora: Consume alimentos de origen animal y vegetal.","1","1","6","6","Regular","Muy buena","8","0","3","0","0","0","1","3","Salir a pasear o conversar con mis amigos","Reducción de estrés y ansiedad","Deportes colectivos (futbol, basket, vóley).","Buena","No","50","Frecuentemente","Regular","Bastante","Frecuentemente"
"2026/04/30 12:37:37 p.m. GMT-5","3","Masculino","68","1.78","20","Ingeniería, Tecnología y Construcción.","3","5","8","8","Omnívora: Consume alimentos de origen animal y vegetal.","3","3","0","6","Alto","Regular","7","0","3","1","1","0","3","1","Jugar videojuegos","Mejora del rendimiento físico / Estética.","Mixta.","Regular","No","0","A veces","Poco","Poco","A veces"
"2026/04/30 7:57:05 p.m. GMT-5","2","Femenino","62","1.57","22","Ciencias de la Salud.","9","3","1","2.5","Omnívora: Consume alimentos de origen animal y vegetal.","4","2","6","4","Regular","Regular","5","0","2","0","No tomo","0","4","1.5","Dormir más horas que lo habitual","Reducción de estrés y ansiedad","Mixta.","Regular","No","126","A veces","Regular","Bastante","A veces"
"2026/05/01 4:21:47 p.m. GMT-5","2","Masculino","75","1.82","19","Ingeniería, Tecnología y Construcción.","3","5","1.5","6","Omnívora: Consume alimentos de origen animal y vegetal.","3","3","6","7","Regular","Regular","8","1","2","4","2","2","2","2","Jugar videojuegos","Recreación y socialización con amigos.","Anaeróbica (pesas, entrenamiento de fuerza).","Regular","Sí","34","A veces","Poco","Poco","A veces"
"2026/05/02 2:32:09 p.m. GMT-5","7","Masculino","90","1.90","21","Ingeniería, Tecnología y Construcción.","3","5","10","2","Omnívora: Consume alimentos de origen animal y vegetal.","3","2","6","2","Muy bajo","Regular","9","0","1","0","0","0","2","1","Salir a pasear o conversar con mis amigos","Reducción de estrés y ansiedad","Aeróbica (correr, nadar, bicicleta).","Regular","No","400","Frecuentemente","Regular","Poco","Frecuentemente"
"2026/05/02 3:09:45 p.m. GMT-5","1","Femenino","58","1.55","24","Administración, Negocios y Contabilidad.","7","7","1","2","Omnívora: Consume alimentos de origen animal y vegetal.","3","1","0","7","Regular","Regular","5","0","3","0","0","1","2","1","Realizar actividad física","Reducción de estrés y ansiedad","Aeróbica (correr, nadar, bicicleta).","Regular","No","0","A veces","Bastante","Regular","A veces"
"2026/05/02 4:17:37 p.m. GMT-5","7","Femenino","68","1.66","19","Ingeniería, Tecnología y Construcción.","3","6","4","5","Flexitariana: Es una dieta principalmente vegetariana, pero que permite el consumo ocasional de carne o pescado.","2","2","0","2","Bajo","Mala","6","0","1","0","0","1","4","1","Dormir más horas que lo habitual","Reducción de estrés y ansiedad","Deportes colectivos (futbol, basket, vóley).","Regular","No","50","A veces","Bastante","Bastante","A veces"
"2026/05/02 4:25:44 p.m. GMT-5","7","Masculino","85","1.68","18","Ingeniería, Tecnología y Construcción.","3","6","2","5","Omnívora: Consume alimentos de origen animal y vegetal.","3","2","6","4","Regular","Mala","5","0","3","3","2","4","3","1","Jugar videojuegos","Mejora del rendimiento físico / Estética.","Anaeróbica (pesas, entrenamiento de fuerza).","Buena","No","150","A veces","Bastante","Bastante","Frecuentemente"
"2026/05/02 4:34:29 p.m. GMT-5","7","Femenino","60","1.57","21","Ingeniería, Tecnología y Construcción.","7","4","2","3","Omnívora: Consume alimentos de origen animal y vegetal.","2","2","0","2","Bajo","Mala","5","1","1","0","1","1","3","1","Realizar actividad física","Mejora del rendimiento físico / Estética.","No realizo actividad física.","Regular","No","20","A veces","Regular","Regular","A veces"
"2026/05/02 4:34:37 p.m. GMT-5","7","Masculino","73","1.73","19","Ingeniería, Tecnología y Construcción.","3","6","8","3","Omnívora: Consume alimentos de origen animal y vegetal.","4","2","6","1","Bajo","Buena","6","0","2","0","0","1","1","1","Salir a pasear o conversar con mis amigos","Salud general y recomendación médica.","Mixta.","Regular","No","50","A veces","Regular","Regular","Frecuentemente"
"2026/05/02 5:00:06 p.m. GMT-5","2","Masculino","61","1.58","19","Ingeniería, Tecnología y Construcción.","5","5","1.5","5","Vegetariana: Excluye carne y pescado.","2","3","3","2","Muy bajo","Muy mala","4","1","2","3","2","2","1","3","Salir a pasear o conversar con mis amigos","Mejora del rendimiento físico / Estética.","Aeróbica (correr, nadar, bicicleta).","Regular","No","200","A veces","Muy poco","Muy poco","A veces"
"2026/05/02 5:02:47 p.m. GMT-5","2","Masculino","60","1.73","21","Ingeniería, Tecnología y Construcción.","3","6","1","0.1","Vegetariana: Excluye carne y pescado.","2","3","0","0","Bajo","Muy mala","5","5","0","0","0","2","4","3","Jugar videojuegos","Reducción de estrés y ansiedad","Anaeróbica (pesas, entrenamiento de fuerza).","Muy buena","No","30","A veces","Regular","Regular","Frecuentemente"
"2026/05/02 5:03:54 p.m. GMT-5","2","Masculino","90","1.75","21","Administración, Negocios y Contabilidad.","6","10","10","2","Omnívora: Consume alimentos de origen animal y vegetal.","2","1","6","5","Alto","Muy buena","7","2","1","1","1","3","3","2","Realizar actividad física","Mejora del rendimiento físico / Estética.","Anaeróbica (pesas, entrenamiento de fuerza).","Buena","No","300","Rara vez","Bastante","Bastante","A veces"
"2026/05/02 5:04:50 p.m. GMT-5","2","Masculino","63","1.70","18","Ingeniería, Tecnología y Construcción.","5","4","5","3","Omnívora: Consume alimentos de origen animal y vegetal.","3","2","1","3","Regular","Regular","6","0","1","1","1","1","1","4","Realizar actividad física","Recreación y socialización con amigos.","Deportes colectivos (futbol, basket, vóley).","Buena","No","100","A veces","Regular","Regular","Frecuentemente"
"2026/05/02 5:06:00 p.m. GMT-5","2","Masculino","73","1.74","22","Ingeniería, Tecnología y Construcción.","3","4","7.5","0","Omnívora: Consume alimentos de origen animal y vegetal.","3","1","6","4","Regular","Buena","8","20","3","0","0","0","0","1","Jugar videojuegos","Recreación y socialización con amigos.","Anaeróbica (pesas, entrenamiento de fuerza).","Buena","No","0","A veces","Regular","Bastante","Siempre"
"2026/05/02 5:19:52 p.m. GMT-5","2","Masculino","65","1.63","21","Ingeniería, Tecnología y Construcción.","7","5","3","2","Omnívora: Consume alimentos de origen animal y vegetal.","3","2","3","1","Bajo","Regular","6","0","2","2","2","2","2","3","Salir a pasear o conversar con mis amigos","Mejora del rendimiento físico / Estética.","Anaeróbica (pesas, entrenamiento de fuerza).","Regular","No","300","Rara vez","Poco","Regular","A veces"
"2026/05/02 5:22:44 p.m. GMT-5","2","Femenino","59","1.62","18","Ingeniería, Tecnología y Construcción.","3","7","1","4","Frugívora/Frutariana: Basada principalmente en el consumo de frutas.","4","2","5","1","Regular","Regular","7","0","3","0","0","1","2","3","Dormir más horas que lo habitual","Reducción de estrés y ansiedad","Aeróbica (correr, nadar, bicicleta).","Regular","No","10","A veces","Bastante","Bastante","Siempre"
"2026/05/02 5:24:45 p.m. GMT-5","2","Masculino","61","1.57","20","Ingeniería, Tecnología y Construcción.","5","5","5","3","Vegetariana: Excluye carne y pescado.","3","1","2","5","Alto","Regular","7","0","2","1","1","0","2","2.5","Dormir más horas que lo habitual","Reducción de estrés y ansiedad","Deportes colectivos (futbol, basket, vóley).","Regular","No","130","A veces","Muy poco","Regular","A veces"
"2026/05/02 5:34:50 p.m. GMT-5","2","Femenino","49.55","1.62","19","Ingeniería, Tecnología y Construcción.","3","6","1","3","Flexitariana: Es una dieta principalmente vegetariana, pero que permite el consumo ocasional de carne o pescado.","3","1","6","0","Bajo","Regular","7","0","3","0","0","0","2","4","Realizar actividad física","Mejora del rendimiento físico / Estética.","Aeróbica (correr, nadar, bicicleta).","Regular","No","2","A veces","Muy poco","Poco","Frecuentemente"
"2026/05/02 5:42:08 p.m. GMT-5","2","Masculino","72","1.60","30","Ingeniería, Tecnología y Construcción.","2","1","2.0","2.5","Flexitariana: Es una dieta principalmente vegetariana, pero que permite el consumo ocasional de carne o pescado.","3","2","5","2","Regular","Mala","5","0","3","0","0","1","3","1.8","Realizar actividad física","Reducción de estrés y ansiedad","Aeróbica (correr, nadar, bicicleta).","Regular","No","10","A veces","Bastante","Bastante","Rara vez"
"2026/05/02 5:51:06 p.m. GMT-5","2","Masculino","68","1","17","Ingeniería, Tecnología y Construcción.","1","4","1.5","14","Crudista: Consiste en consumir alimentos crudos o cocinados a bajas temperaturas, generalmente orgánicos.","3","2 ","4","5","Regular","Regular","7","2","2","2","0","2","2","3","Realizar actividad física","Mejora del rendimiento físico / Estética.","Deportes colectivos (futbol, basket, vóley).","Regular","No","180","A veces","Bastante","Poco","Frecuentemente"
"2026/05/02 6:02:10 p.m. GMT-5","2","Masculino","45","1.54","20","Ciencias Sociales y Derecho.","5","3","1.5","1.5","Frugívora/Frutariana: Basada principalmente en el consumo de frutas.","3  ","4","6","5","Regular","Regular","5","2","1","0","1","0","4","1.5","Dormir más horas que lo habitual","Salud general y recomendación médica.","Deportes colectivos (futbol, basket, vóley).","Regular","Sí","10","Frecuentemente","Regular","Regular","A veces"
"2026/05/02 6:14:08 p.m. GMT-5","2","Masculino","70","1.70","19","Ingeniería, Tecnología y Construcción.","5","5","1","5","Omnívora: Consume alimentos de origen animal y vegetal.","3","1","3","0","Muy bajo","Regular","6","1","2","0","0","1","4","2","Realizar actividad física","Reducción de estrés y ansiedad","No realizo actividad física.","Buena","No","5","Frecuentemente","Bastante","Bastante","Frecuentemente"
"2026/05/02 6:19:06 p.m. GMT-5","2","Masculino","75","1.65","19","Ingeniería, Tecnología y Construcción.","1","6","3","2","Omnívora: Consume alimentos de origen animal y vegetal.","3","1","0","3","Bajo","Regular","7","0","2","0","0","0","2","2","Salir a pasear o conversar con mis amigos","Mejora del rendimiento físico / Estética.","Aeróbica (correr, nadar, bicicleta).","Mala","No","20","A veces","Regular","Regular","Frecuentemente"
"2026/05/02 6:22:40 p.m. GMT-5","7","Masculino","56","1.70","19","Ingeniería, Tecnología y Construcción.","5","4","1","2.5","Flexitariana: Es una dieta principalmente vegetariana, pero que permite el consumo ocasional de carne o pescado.","5","2","0","2","Regular","Regular","8","3","0","4","3","3","2","2.0","Salir a pasear o conversar con mis amigos","Reducción de estrés y ansiedad","Anaeróbica (pesas, entrenamiento de fuerza).","Regular","Sí","5","Frecuentemente","Regular","Regular","Frecuentemente"
"2026/05/02 6:56:12 p.m. GMT-5","2","Masculino","75","1.82","19","Ingeniería, Tecnología y Construcción.","5","3","1","8","Omnívora: Consume alimentos de origen animal y vegetal.","4","2","0","0","Bajo","Regular","7","0","3","1","1","2","3","1","Realizar actividad física","Mejora del rendimiento físico / Estética.","Deportes colectivos (futbol, basket, vóley).","Regular","No","10","A veces","Bastante","Bastante","A veces"
"2026/05/02 7:21:24 p.m. GMT-5","7","Masculino","74","1.77","18","Ingeniería, Tecnología y Construcción.","5","7","1.5","6.5","Omnívora: Consume alimentos de origen animal y vegetal.","2","2","0","4","Bajo","Regular","7","1","0","1","1","3","3","2","Otros motivos","Mejora del rendimiento físico / Estética.","Aeróbica (correr, nadar, bicicleta).","Regular","No","30","Frecuentemente","Regular","Bastante","Rara vez"
"2026/05/02 8:55:29 p.m. GMT-5","2","Femenino","47","1.53","19","Humanidades, Artes y Educación.","4","7","1.5","3 ","Omnívora: Consume alimentos de origen animal y vegetal.","2","1","5","4","Regular","Regular","5","1","1","0","0","0","3","2","Salir a pasear o conversar con mis amigos","Reducción de estrés y ansiedad","Mixta.","Buena","No","50","Frecuentemente","Bastante","Bastante","Frecuentemente"
"2026/05/02 9:03:47 p.m. GMT-5","2","Femenino","38","1.49","18","Humanidades, Artes y Educación.","5","6","1","2","Omnívora: Consume alimentos de origen animal y vegetal.","3","1","6","5","Alto","Buena","7","0","3","0","0","0","3","1","Salir a pasear o conversar con mis amigos","Salud general y recomendación médica.","Mixta.","Muy buena","No","100","Frecuentemente","Bastante","Bastante","Frecuentemente"
"2026/05/02 9:33:08 p.m. GMT-5","2","Femenino","54","1.69","18","Humanidades, Artes y Educación.","2","7","6","12","Flexitariana: Es una dieta principalmente vegetariana, pero que permite el consumo ocasional de carne o pescado.","3","2","6","3","Regular","Regular","6","0","3","0","No consumo","1","2","1","Realizar actividad física","Reducción de estrés y ansiedad","Deportes colectivos (futbol, basket, vóley).","Regular","No","10","Frecuentemente","Bastante","Poco","Frecuentemente"
"2026/05/02 10:26:45 p.m. GMT-5","2","Masculino","50","1.50","21","Humanidades, Artes y Educación.","6","6","1","2","Omnívora: Consume alimentos de origen animal y vegetal.","3","1","2","0","Muy bajo","Buena","8","0","3","0","0","0","3","2","Jugar videojuegos","Salud general y recomendación médica.","No realizo actividad física.","Regular","No","0","Nunca","Muy poco","Muy poco","Frecuentemente"
"2026/05/02 11:42:51 p.m. GMT-5","2","Femenino","60","1.60","20","Administración, Negocios y Contabilidad.","6","5","7","15","Flexitariana: Es una dieta principalmente vegetariana, pero que permite el consumo ocasional de carne o pescado.","3","5","3","7","Alto","Regular","6","4","3","2","1","2","3","3","Realizar actividad física","Mejora del rendimiento físico / Estética.","Anaeróbica (pesas, entrenamiento de fuerza).","Regular","No","80","A veces","Regular","Regular","A veces"
"2026/05/02 11:47:24 p.m. GMT-5","2","Femenino","60","1.62","21","Ingeniería, Tecnología y Construcción.","5","6","7","15","Vegetariana: Excluye carne y pescado.","3","3","0","7","Regular","Regular","5","0","4","0","0","2","3","3","Ir de compras","Recreación y socialización con amigos.","Anaeróbica (pesas, entrenamiento de fuerza).","Regular","No","90","A veces","Poco","Regular","A veces"
"2026/05/03 12:37:49 a.m. GMT-5","2","Masculino","71","1.73","22","Ingeniería, Tecnología y Construcción.","2","5","1.5","6","Omnívora: Consume alimentos de origen animal y vegetal.","3","1","5","2","Bajo","Regular","6","2","3","0","0","1","2","2.5","Salir a pasear o conversar con mis amigos","Mejora del rendimiento físico / Estética.","No realizo actividad física.","Mala","No","20","A veces","Regular","Bastante","Frecuentemente"
"2026/05/03 12:22:23 p.m. GMT-5","2","Masculino","71","1.73","21","Ingeniería, Tecnología y Construcción.","4","4","2","2","Omnívora: Consume alimentos de origen animal y vegetal.","3","3","0","4","Bajo","Muy mala","4","0","3","0","0","0","3","2","Jugar videojuegos","Salud general y recomendación médica.","Aeróbica (correr, nadar, bicicleta).","Mala","No","0","A veces","Regular","Bastante","Frecuentemente"
"2026/05/03 1:05:40 p.m. GMT-5","2","Masculino","67","1.7","18","Ingeniería, Tecnología y Construcción.","4","7","7","9","Frugívora/Frutariana: Basada principalmente en el consumo de frutas.","3","7","4","3","Regular","Regular","9","0","2","2","2","2","2","2","Salir a pasear o conversar con mis amigos","Reducción de estrés y ansiedad","Deportes colectivos (futbol, basket, vóley).","Regular","No","10","A veces","Poco","Poco","A veces"
"2026/05/03 1:08:12 p.m. GMT-5","2","Femenino","67","1.78","18","Ingeniería, Tecnología y Construcción.","5","7","10","5","Flexitariana: Es una dieta principalmente vegetariana, pero que permite el consumo ocasional de carne o pescado.","4","4","6","7","Regular","Regular","8","0","3","5","2","4","2","4","Dormir más horas que lo habitual","Recreación y socialización con amigos.","Anaeróbica (pesas, entrenamiento de fuerza).","Regular","No","20","A veces","Poco","Poco","A veces"
"2026/05/03 1:12:02 p.m. GMT-5","2","Masculino","83","1.85","21","Ingeniería, Tecnología y Construcción.","4","7","3","4","Vegana: Dieta estricta basada exclusivamente en alimentos de origen vegetal, excluyendo cualquier producto animal.","3","1","0","1","Regular","Regular","10","0","2","3","2","2","1","1.5","Jugar videojuegos","Recreación y socialización con amigos.","Mixta.","Regular","No","20","A veces","Poco","Poco","A veces"
"2026/05/03 5:01:51 p.m. GMT-5","2","Femenino","81","1.65","21","Humanidades, Artes y Educación.","4","7","4","3","Omnívora: Consume alimentos de origen animal y vegetal.","3","1","0","2","Bajo","Mala","4 ","1","1","0","0","0","2","1","Realizar actividad física","Mejora del rendimiento físico / Estética.","Mixta.","Regular","No","300","A veces","Regular","Regular","Frecuentemente"
"2026/05/03 5:08:15 p.m. GMT-5","2","Masculino","70","1.64","21","Administración, Negocios y Contabilidad.","5","5","4","4","Omnívora: Consume alimentos de origen animal y vegetal.","3","1","4","3","Regular","Mala","9","3","3","1","1","1","1","2","Salir a pasear o conversar con mis amigos","Reducción de estrés y ansiedad","Deportes colectivos (futbol, basket, vóley).","Regular","No","20","A veces","Poco","Poco","A veces"
"2026/05/03 5:12:42 p.m. GMT-5","2","Femenino","75","1.50","25","Administración, Negocios y Contabilidad.","10","2 ","3 ","3","Omnívora: Consume alimentos de origen animal y vegetal.","3","1","6","1","Regular","Regular","8","0","4","0","0","4","4","1.0","Salir a pasear o conversar con mis amigos","Mejora del rendimiento físico / Estética.","Aeróbica (correr, nadar, bicicleta).","Buena","No","200","A veces","Bastante","Bastante","A veces"
"2026/05/03 5:43:53 p.m. GMT-5","2","Femenino","60","1.65","20","Humanidades, Artes y Educación.","9","5","1.30","6","Omnívora: Consume alimentos de origen animal y vegetal.","3","1","0","1","Bajo","Regular","9","1","0","0","0","0","2","1","Jugar videojuegos","Recreación y socialización con amigos.","Mixta.","Regular","No","0","A veces","Poco","Bastante","A veces"
"2026/05/03 6:09:19 p.m. GMT-5","7","Femenino","82","1.63","18","Ingeniería, Tecnología y Construcción.","5","3","1","3","Omnívora: Consume alimentos de origen animal y vegetal.","2","3","4","0","Bajo","Buena","4","0","1","1","2","4","4","4","Jugar videojuegos","Salud general y recomendación médica.","Aeróbica (correr, nadar, bicicleta).","Regular","Sí","10","Frecuentemente","Poco","Muy poco","A veces"
"2026/05/03 8:16:39 p.m. GMT-5","2","Femenino","60","1.61","21","Ingeniería, Tecnología y Construcción.","5","5","5","15","Vegetariana: Excluye carne y pescado.","3","2","0","5","Regular","Regular","5","0","3","0","0","2","3","3","Salir a pasear o conversar con mis amigos","Mejora del rendimiento físico / Estética.","Mixta.","Regular","No","90","A veces","Poco","Regular","A veces"
"2026/05/04 1:47:38 a.m. GMT-5","1","Femenino","59","1.6","21","Ciencias Sociales y Derecho.","7","6","2","8","Omnívora: Consume alimentos de origen animal y vegetal.","3","1","5","4","Regular","Mala","8","0","2","1","0","1","2","2","Ir de compras","Mejora del rendimiento físico / Estética.","Aeróbica (correr, nadar, bicicleta).","Mala","No","120","Rara vez","Regular","Bastante","Rara vez"
"2026/05/04 6:11:41 a.m. GMT-5","8","Masculino","120","2","20","Administración, Negocios y Contabilidad.","5","6","4","4","Omnívora: Consume alimentos de origen animal y vegetal.","4","7","4","3","Bajo","Mala","6","0","1","0","0","0","2","2","Jugar videojuegos","Mejora del rendimiento físico / Estética.","Anaeróbica (pesas, entrenamiento de fuerza).","Muy mala","No","30","Rara vez","Bastante","Regular","A veces"
"2026/05/04 9:38:04 a.m. GMT-5","2","Masculino","74","1.78","18","Ingeniería, Tecnología y Construcción.","2","7","1","4","Omnívora: Consume alimentos de origen animal y vegetal.","3","2","6","0","Regular","Regular","8","0","3","0","0","0","3","2","Jugar videojuegos","Salud general y recomendación médica.","Mixta.","Regular","No","20","A veces","Regular","Bastante","A veces"
"2026/05/04 9:41:41 a.m. GMT-5","2","Masculino","78","1.85","19","Ingeniería, Tecnología y Construcción.","3","6","4","4","Omnívora: Consume alimentos de origen animal y vegetal.","5","1","6","7","Alto","Buena","10","0","4","5","1","1","1","4","Realizar actividad física","Mejora del rendimiento físico / Estética.","Mixta.","Buena","No","50","Frecuentemente","Bastante","Bastante","Frecuentemente"
"2026/05/04 9:46:13 a.m. GMT-5","2","Femenino","57","1.72","18","Ingeniería, Tecnología y Construcción.","3","6","3","5","Omnívora: Consume alimentos de origen animal y vegetal.","3","1","6","2","Regular","Regular","8","3","3","2","2","0","1","2","Salir a pasear o conversar con mis amigos","Mejora del rendimiento físico / Estética.","Anaeróbica (pesas, entrenamiento de fuerza).","Regular","No","30","A veces","Poco","Bastante","A veces"
"2026/05/04 9:50:01 a.m. GMT-5","2","Femenino","76","1.76","20","Ingeniería, Tecnología y Construcción.","4","7","1","5","Omnívora: Consume alimentos de origen animal y vegetal.","3","1","0","0","Regular","Regular","9","4","3","2","4","3","3","1","Jugar videojuegos","Mejora del rendimiento físico / Estética.","No realizo actividad física.","Regular","No","10","A veces","Regular","Regular",""
"2026/05/04 9:53:21 a.m. GMT-5","2","Masculino","68","1.74","18","Ingeniería, Tecnología y Construcción.","3","6","1","5","Omnívora: Consume alimentos de origen animal y vegetal.","3","3","2","0","Bajo","Regular","6","3","2","3","2","2","2","2","Jugar videojuegos","Reducción de estrés y ansiedad","No realizo actividad física.","Regular","Sí","25","A veces","Poco","Poco","A veces"
"2026/05/04 9:53:24 a.m. GMT-5","2","Masculino","67","1.70","18","Ingeniería, Tecnología y Construcción.","3","4","5.5","6","Flexitariana: Es una dieta principalmente vegetariana, pero que permite el consumo ocasional de carne o pescado.","1","1","0","7","Regular","Mala","5","0","3","0","0","0","0","2","Jugar videojuegos","Mejora del rendimiento físico / Estética.","Aeróbica (correr, nadar, bicicleta).","Buena","No","0","A veces","Bastante","Regular","Siempre"
"2026/05/04 9:57:05 a.m. GMT-5","2","Femenino","65","1.64","18","Ciencias de la Salud.","2","6","3","5","Omnívora: Consume alimentos de origen animal y vegetal.","3","3","6","2","Regular","Regular","8","5","2","3","2","2","2","2","Salir a pasear o conversar con mis amigos","Salud general y recomendación médica.","Mixta.","Regular","No","47","A veces","Poco","Poco","A veces"
"2026/05/04 9:59:27 a.m. GMT-5","2","Masculino","60","1.60","18","Ciencias Sociales y Derecho.","4","6","2","3","Vegana: Dieta estricta basada exclusivamente en alimentos de origen vegetal, excluyendo cualquier producto animal.","3","2","6","4","Regular","Regular","7","0","3","1","1","1","1","1.4","Dormir más horas que lo habitual","Salud general y recomendación médica.","Mixta.","Regular","No","20","A veces","Poco","Poco","Frecuentemente"
"2026/05/04 10:00:44 a.m. GMT-5","2","Masculino","70","1.67","23","Ingeniería, Tecnología y Construcción.","6","5","1","1","Omnívora: Consume alimentos de origen animal y vegetal.","2","3","2","1","Bajo","Regular","6","1","2","1","1","1","2","2","Dormir más horas que lo habitual","Reducción de estrés y ansiedad","Aeróbica (correr, nadar, bicicleta).","Regular","No","130","A veces","Regular","Poco","Frecuentemente"
"2026/05/04 10:09:26 a.m. GMT-5","2","Masculino","75","1.74","23","Ingeniería, Tecnología y Construcción.","6","4","3","2","Omnívora: Consume alimentos de origen animal y vegetal.","3","1","4","3","Regular","Buena","8","1","3","1","1","1","1","3","Jugar videojuegos","Reducción de estrés y ansiedad","Mixta.","Buena","No","350","Frecuentemente","Regular","Bastante","Frecuentemente"
"2026/05/04 10:12:43 a.m. GMT-5","2","Femenino","60.10","1.61","19","Administración, Negocios y Contabilidad.","4","6","2","2","Flexitariana: Es una dieta principalmente vegetariana, pero que permite el consumo ocasional de carne o pescado.","3","2","4","4","Regular","Regular","7","0","4","0","0","1","3","2","Ir de compras","Salud general y recomendación médica.","Mixta.","Regular","No","5","A veces","Poco","Muy poco","Frecuentemente"
"2026/05/04 10:24:43 a.m. GMT-5","2","Masculino","68","1.59","20","Ingeniería, Tecnología y Construcción.","6","6","3","2","Omnívora: Consume alimentos de origen animal y vegetal.","2","1","1","1","Bajo","Regular","6","0","2","0","0","1","1","2.5","Salir a pasear o conversar con mis amigos","Recreación y socialización con amigos.","Mixta.","Buena","No","170","A veces","Regular","Regular","Frecuentemente"
"2026/05/04 10:36:23 a.m. GMT-5","2","Masculino","81","1.76","23","Ingeniería, Tecnología y Construcción.","7","4","1","2","Omnívora: Consume alimentos de origen animal y vegetal.","3","2","0","1","Muy bajo","Mala","5","0","2","0","0","1","1","2","Dormir más horas que lo habitual","Reducción de estrés y ansiedad","Deportes colectivos (futbol, basket, vóley).","Regular","No","240","A veces","Regular","Regular","Frecuentemente"
"2026/05/04 10:40:35 a.m. GMT-5","3","Masculino","78","1.80","17","Administración, Negocios y Contabilidad.","1","5","5","6","Flexitariana: Es una dieta principalmente vegetariana, pero que permite el consumo ocasional de carne o pescado.","2","3","1","6","Alto","Regular","8","3","2","5","3","2","1","3","Salir a pasear o conversar con mis amigos","Recreación y socialización con amigos.","Mixta.","Buena","Sí","3","Frecuentemente","Regular","Poco","Rara vez"
"2026/05/04 10:43:28 a.m. GMT-5","2","Femenino","59","1.61","17","Ingeniería, Tecnología y Construcción.","2","5","3","2","Flexitariana: Es una dieta principalmente vegetariana, pero que permite el consumo ocasional de carne o pescado.","4","1","5","5","Regular","Regular","5","0","3","1","0","2","2","2","Jugar videojuegos","Reducción de estrés y ansiedad","Mixta.","Regular","No","1","A veces","Poco","Regular","Frecuentemente"
"2026/05/04 10:46:49 a.m. GMT-5","2","Masculino","84","1.72","24","Ingeniería, Tecnología y Construcción.","8","3","1","3","Omnívora: Consume alimentos de origen animal y vegetal.","2","3","1","1","Muy bajo","Buena","7","0","3","0","0","0","1","2.5","Dormir más horas que lo habitual","Reducción de estrés y ansiedad","No realizo actividad física.","Regular","No","60","A veces","Regular","Regular","Frecuentemente"
"2026/05/04 10:51:17 a.m. GMT-5","2","Masculino","1.60","1.60","18","Humanidades, Artes y Educación.","2","5","2","7","Flexitariana: Es una dieta principalmente vegetariana, pero que permite el consumo ocasional de carne o pescado.","3","1","6","6","Regular","Regular","6","0","4","0","1","1","2","2","Jugar videojuegos","Recreación y socialización con amigos.","Anaeróbica (pesas, entrenamiento de fuerza).","Regular","No","5","Frecuentemente","Poco","Poco","Frecuentemente"
"2026/05/04 11:04:56 a.m. GMT-5","2","Femenino","59.9","1.60","18","Ciencias Exactas y Ambientales.","2","5","2","2","Vegana: Dieta estricta basada exclusivamente en alimentos de origen vegetal, excluyendo cualquier producto animal.","3","1","4","6","Regular","Regular","2","0","2","1","1","0","1","2","Realizar actividad física","Reducción de estrés y ansiedad","Mixta.","Regular","No","10","Frecuentemente","Muy poco","Regular","Frecuentemente"
"2026/05/04 11:22:57 a.m. GMT-5","2","Femenino","1.60","1.60","18","Administración, Negocios y Contabilidad.","3","6","2","1","Flexitariana: Es una dieta principalmente vegetariana, pero que permite el consumo ocasional de carne o pescado.","3","3","5","2","Regular","Regular","6","0","4","1","1","0","1","1.5","Salir a pasear o conversar con mis amigos","Reducción de estrés y ansiedad","Aeróbica (correr, nadar, bicicleta).","Regular","No","2","Frecuentemente","Poco","Regular","Frecuentemente"
"2026/05/04 11:48:19 a.m. GMT-5","2","Femenino","53","1.60","19","Ingeniería, Tecnología y Construcción.","4","5","5","15","Vegetariana: Excluye carne y pescado.","3","3","0","5","Bajo","Regular","6","0","3","0","0","2","3","3","Salir a pasear o conversar con mis amigos","Mejora del rendimiento físico / Estética.","Mixta.","Regular","No","93","A veces","Poco","Regular","A veces"
"2026/05/04 11:53:21 a.m. GMT-5","2","Femenino","54","1.59","19","Ingeniería, Tecnología y Construcción.","4","5","5","4","Vegetariana: Excluye carne y pescado.","3","3","0","5","Bajo","Regular","6","0","3","0","0","2","3","3","Salir a pasear o conversar con mis amigos","Mejora del rendimiento físico / Estética.","Aeróbica (correr, nadar, bicicleta).","Regular","No","100","A veces","Poco","Regular","A veces"
"2026/05/04 7:04:35 p.m. GMT-5","2","Femenino","59","1.57","19","Ingeniería, Tecnología y Construcción.","5","5","1","2","Omnívora: Consume alimentos de origen animal y vegetal.","3","1","2","1","Bajo","Buena","7","0","1","1","1","1","2","2.5","Ir de compras","Recreación y socialización con amigos.","No realizo actividad física.","Buena","No","180","Frecuentemente","Regular","Regular","Frecuentemente"
"2026/05/04 7:17:14 p.m. GMT-5","2","Masculino","63","1.72","21","Ingeniería, Tecnología y Construcción.","6","6","1","1","Omnívora: Consume alimentos de origen animal y vegetal.","2","1","1","2","Regular","Regular","6","0","3","0","0","2","3","2","Dormir más horas que lo habitual","Reducción de estrés y ansiedad","Mixta.","Regular","No","160","A veces","Regular","Regular","Frecuentemente"
"2026/05/04 7:23:12 p.m. GMT-5","2","Femenino","69","1.70","22","Ingeniería, Tecnología y Construcción.","7","4","1","2","Omnívora: Consume alimentos de origen animal y vegetal.","2","1","1","1","Bajo","Muy buena","8","0","2","0","0","1","1","3","Salir a pasear o conversar con mis amigos","Recreación y socialización con amigos.","Mixta.","Regular","No","150","A veces","Poco","Regular","Frecuentemente"
"2026/05/04 7:30:18 p.m. GMT-5","2","Masculino","66","1.59","20","Ingeniería, Tecnología y Construcción.","5","5","1","2","Omnívora: Consume alimentos de origen animal y vegetal.","3","1","1","1","Bajo","Regular","5","0","0","1","1","1","1","1.5","Jugar videojuegos","Reducción de estrés y ansiedad","Mixta.","Regular","No","200","A veces","Poco","Regular","Frecuentemente"
"2026/05/04 7:37:30 p.m. GMT-5","2","Masculino","67","1.70","22","Ingeniería, Tecnología y Construcción.","6","5","1","2","Omnívora: Consume alimentos de origen animal y vegetal.","2","3","1","2","Regular","Regular","6","0","2","0","0","1","2","2","Salir a pasear o conversar con mis amigos","Reducción de estrés y ansiedad","Mixta.","Regular","No","250","A veces","Regular","Regular","Frecuentemente"
"2026/05/04 7:40:32 p.m. GMT-5","2","Femenino","68","1.62","21","Ingeniería, Tecnología y Construcción.","6","5","2","2","Omnívora: Consume alimentos de origen animal y vegetal.","2","1","3","3","Alto","Muy buena","9","0","3","1","1","2","1","3.5","Realizar actividad física","Mejora del rendimiento físico / Estética.","Mixta.","Buena","No","400","Frecuentemente","Bastante","Bastante","Frecuentemente"
"2026/05/04 8:04:37 p.m. GMT-5","2","Masculino","70","1.75","22","Ingeniería, Tecnología y Construcción.","7","5","1","1","Omnívora: Consume alimentos de origen animal y vegetal.","3","1","1","1","Bajo","Regular","6","0","3","0","0","2","2","2","Salir a pasear o conversar con mis amigos","Reducción de estrés y ansiedad","Mixta.","Regular","No","100","A veces","Regular","Regular","Frecuentemente"
"2026/05/04 8:25:09 p.m. GMT-5","2","Masculino","76","1.75","22","Ingeniería, Tecnología y Construcción.","6","4","1","2","Omnívora: Consume alimentos de origen animal y vegetal.","3","1","1","2","Regular","Regular","5","0","2","0","0","1","2","2.5","Dormir más horas que lo habitual","Reducción de estrés y ansiedad","No realizo actividad física.","Regular","No","125","A veces","Regular","Regular","Frecuentemente"
"2026/05/04 8:30:52 p.m. GMT-5","2","Femenino","54","1.60","21","Ingeniería, Tecnología y Construcción.","5","5","3","4","Vegetariana: Excluye carne y pescado.","3","2","0","3","Muy bajo","Regular","5","0","3","0","0","2","3","3","Salir a pasear o conversar con mis amigos","Mejora del rendimiento físico / Estética.","Anaeróbica (pesas, entrenamiento de fuerza).","Regular","No","100","A veces","Poco","Regular","A veces"
"2026/05/04 8:34:11 p.m. GMT-5","2","Femenino","53","1.59","19","Ingeniería, Tecnología y Construcción.","4","5","5","4","Vegetariana: Excluye carne y pescado.","3","3","0","5","Regular","Regular","6","0","3","0","0","2","3","3","Salir a pasear o conversar con mis amigos","Recreación y socialización con amigos.","Anaeróbica (pesas, entrenamiento de fuerza).","Regular","No","100","A veces","Poco","Regular","A veces"
"2026/05/04 8:39:24 p.m. GMT-5","2","Femenino","54","1.60","20","Ingeniería, Tecnología y Construcción.","4","5","5","4","Vegetariana: Excluye carne y pescado.","3","3","0","5","Regular","Regular","6","0","3","0","0","2","3","3","Salir a pasear o conversar con mis amigos","Recreación y socialización con amigos.","Anaeróbica (pesas, entrenamiento de fuerza).","Regular","No","100","A veces","Poco","Regular","A veces"
"2026/05/04 8:42:31 p.m. GMT-5","2","Femenino","54","1.59","19","Ingeniería, Tecnología y Construcción.","4","5","4","4","Vegetariana: Excluye carne y pescado.","3","3","1","4","Regular","Mala","5","0","3","0","0","3","3","3","Salir a pasear o conversar con mis amigos","Recreación y socialización con amigos.","Deportes colectivos (futbol, basket, vóley).","Regular","No","120","A veces","Poco","Regular","A veces"
"2026/05/04 8:45:43 p.m. GMT-5","2","Femenino","50","1.58","19","Ingeniería, Tecnología y Construcción.","4","5","4","4","Vegetariana: Excluye carne y pescado.","3","3","1","4","Regular","Mala","5","0","3","1","1","2","3","3","Salir a pasear o conversar con mis amigos","Mejora del rendimiento físico / Estética.","Deportes colectivos (futbol, basket, vóley).","Regular","No","115","A veces","Poco","Regular","A veces"
"2026/05/05 9:38:14 a.m. GMT-5","3","Masculino","50","1.60","21","Ingeniería, Tecnología y Construcción.","8","7","1","0","Omnívora: Consume alimentos de origen animal y vegetal.","3","1","5","1","Bajo","Regular","4","0","3","0","0","0","3","1.5","Dormir más horas que lo habitual","Salud general y recomendación médica.","No realizo actividad física.","Mala","No","100","Rara vez","Regular","Bastante","Frecuentemente"
"2026/05/05 9:41:26 a.m. GMT-5","3","Masculino","48","1.59","20","Ingeniería, Tecnología y Construcción.","7","4","2","1.5","Vegana: Dieta estricta basada exclusivamente en alimentos de origen vegetal, excluyendo cualquier producto animal.","4","3","5","3","Regular","Mala","6","1","4","1","1","1","2","2.5","Salir a pasear o conversar con mis amigos","Reducción de estrés y ansiedad","Mixta.","Regular","No","80","A veces","Muy poco","Poco","Frecuentemente"
"2026/05/05 1:22:36 p.m. GMT-5","2","Femenino","54","1.60","19","Ingeniería, Tecnología y Construcción.","5","5","5","4","Vegetariana: Excluye carne y pescado.","3","2","0","5","Regular","Mala","5","0","0","0","0","2","3","2.5","Salir a pasear o conversar con mis amigos","Mejora del rendimiento físico / Estética.","Anaeróbica (pesas, entrenamiento de fuerza).","Regular","No","100","A veces","Poco","Regular","A veces"
"2026/05/05 1:25:03 p.m. GMT-5","2","Femenino","54","1.58","19","Ingeniería, Tecnología y Construcción.","3","5","1.5","4","Vegetariana: Excluye carne y pescado.","3","2","0","1","Muy bajo","Regular","6","0","3","1","1","2","3","2.5","Salir a pasear o conversar con mis amigos","Recreación y socialización con amigos.","Anaeróbica (pesas, entrenamiento de fuerza).","Regular","No","100","A veces","Poco","Regular","A veces"
"2026/05/05 7:32:42 p.m. GMT-5","2","Masculino","54","1.58","19","Ingeniería, Tecnología y Construcción.","4","5","5","4","Vegetariana: Excluye carne y pescado.","3","2","0","5","Regular","Mala","5","0","3","1","1","2","3","2.5","Salir a pasear o conversar con mis amigos","Mejora del rendimiento físico / Estética.","Anaeróbica (pesas, entrenamiento de fuerza).","Regular","No","100","A veces","Poco","Regular","A veces"
"2026/05/05 10:11:37 p.m. GMT-5","2","Femenino","77","1.53","19","Ingeniería, Tecnología y Construcción.","5","3","3","1","Omnívora: Consume alimentos de origen animal y vegetal.","2","2","0","2","Bajo","Regular","5","0","1","0","0","2","3","1.5","Dormir más horas que lo habitual","Mejora del rendimiento físico / Estética.","Anaeróbica (pesas, entrenamiento de fuerza).","Regular","No","30","A veces","Bastante","Bastante","A veces"
"2026/05/06 12:16:56 a.m. GMT-5","8","Femenino","49","1.48","19","Ingeniería, Tecnología y Construcción.","5","5","1","5","Omnívora: Consume alimentos de origen animal y vegetal.","3","3","2","1","Muy bajo","Mala","6","2","2","0","0","3","3","1","Jugar videojuegos","Mejora del rendimiento físico / Estética.","No realizo actividad física.","Regular","No","0","Rara vez","Regular","Poco","A veces"
"2026/05/06 12:34:13 p.m. GMT-5","6","Masculino","80","1.8","23","Ingeniería, Tecnología y Construcción.","7","6","2","4","Omnívora: Consume alimentos de origen animal y vegetal.","3","2","1","1","Bajo","Regular","7","1","1","0","0","2","2","3","Salir a pasear o conversar con mis amigos","Reducción de estrés y ansiedad","Deportes colectivos (futbol, basket, vóley).","Regular","No","200","Frecuentemente","Bastante","Regular","Frecuentemente"
"2026/05/06 12:37:34 p.m. GMT-5","6","Masculino","76","1.70","21","Ingeniería, Tecnología y Construcción.","1","5","4","8","Omnívora: Consume alimentos de origen animal y vegetal.","3","2","5","3","Bajo","Buena","7","0","4","2","2","2","1","2.0","Realizar actividad física","Mejora del rendimiento físico / Estética.","Deportes colectivos (futbol, basket, vóley).","Regular","No","40","Siempre","Bastante","Bastante","Siempre"
"2026/05/06 1:28:49 p.m. GMT-5","6","Femenino","68","1.56","32","Ciencias Sociales y Derecho.","10","5","2 ","3","Omnívora: Consume alimentos de origen animal y vegetal.","3","1","1","1","Bajo","Regular","7","1","1","1","0","1","3","1","Realizar actividad física","Salud general y recomendación médica.","Deportes colectivos (futbol, basket, vóley).","Regular","No","100","A veces","Bastante","Regular","Frecuentemente"
"2026/05/06 1:30:58 p.m. GMT-5","6","Masculino","56","1.73","17","Administración, Negocios y Contabilidad.","1","4","2","1","Frugívora/Frutariana: Basada principalmente en el consumo de frutas.","3","3","6","7","Regular","Regular","7","2","3","1","0","0","2","2","Salir a pasear o conversar con mis amigos","Recreación y socialización con amigos.","Deportes colectivos (futbol, basket, vóley).","Regular","No","10","Frecuentemente","Poco","Regular","Frecuentemente"
"2026/05/06 6:16:31 p.m. GMT-5","6","Masculino","65","1.72","21","Ingeniería, Tecnología y Construcción.","8","6","1","16","Omnívora: Consume alimentos de origen animal y vegetal.","2","2","4","1","Bajo","Mala","5","2","1","2","1","1","4","2","Jugar videojuegos","Reducción de estrés y ansiedad","Deportes colectivos (futbol, basket, vóley).","Mala","No","30","Rara vez","Bastante","Bastante","A veces"
"2026/05/06 6:46:11 p.m. GMT-5","6","Masculino","61","1.64","13","Ingeniería, Tecnología y Construcción.","2","10","1.30","2","Vegetariana: Excluye carne y pescado.","1","3","0","7","Regular","Buena","7","0","1","4","1","1","0","4 ","Realizar actividad física","Mejora del rendimiento físico / Estética.","Deportes colectivos (futbol, basket, vóley).","Buena","No","30","Siempre","Regular","Bastante","A veces"
"2026/05/07 12:58:17 p.m. GMT-5","4","Masculino","60","1.63","21","Ingeniería, Tecnología y Construcción.","5","4","1","10","Omnívora: Consume alimentos de origen animal y vegetal.","3","1","0","0","Muy bajo","Mala","4","0","3","0","0","2","4","1","Jugar videojuegos","Mejora del rendimiento físico / Estética.","No realizo actividad física.","Buena","No","0","A veces","Regular","Bastante","Frecuentemente"
"2026/05/07 7:50:56 p.m. GMT-5","1","Masculino","75","1.65","27","Ingeniería, Tecnología y Construcción.","10","6","2","12","Omnívora: Consume alimentos de origen animal y vegetal.","3","1","0","2","Regular","Regular","7","0","3","0","0","0","2","1.5","Dormir más horas que lo habitual","Reducción de estrés y ansiedad","Aeróbica (correr, nadar, bicicleta).","Regular","No","200","Frecuentemente","Regular","Bastante","Frecuentemente"
"2026/05/08 11:23:54 a.m. GMT-5","2","Masculino","80","1.75","24","Ingeniería, Tecnología y Construcción.","7","4","2","2","Omnívora: Consume alimentos de origen animal y vegetal.","2","3","1","1","Bajo","Regular","6","1","2","1","1","1","2","2","Dormir más horas que lo habitual","Reducción de estrés y ansiedad","Mixta.","Buena","No","100","A veces","Regular","Regular","Frecuentemente"
"2026/05/08 11:40:12 a.m. GMT-5","2","Masculino","89","1.68","29","Administración, Negocios y Contabilidad.","4","5","5","1","Omnívora: Consume alimentos de origen animal y vegetal.","3","2","0","2","Bajo","Regular","7","1","2","2","1","2","2","1.5","Jugar videojuegos","Recreación y socialización con amigos.","Deportes colectivos (futbol, basket, vóley).","Buena","No","25","A veces","Regular","Regular","Frecuentemente"
"2026/05/08 1:44:06 p.m. GMT-5","2","Femenino","63","1.65","23","Ciencias Sociales y Derecho.","8","5","3","6","Omnívora: Consume alimentos de origen animal y vegetal.","3","1","2","3","Regular","Regular","7","1","3","0","0","0","1","2.5","Ir de compras","Reducción de estrés y ansiedad","Aeróbica (correr, nadar, bicicleta).","Buena","No","25","A veces","Regular","Regular","Frecuentemente"
"2026/05/08 1:47:54 p.m. GMT-5","2","Masculino","83","1.74","21","Ingeniería, Tecnología y Construcción.","4","6","3","4","Omnívora: Consume alimentos de origen animal y vegetal.","3","3","4","3","Regular","Regular","6","2","3","3","1","2","2","3","Dormir más horas que lo habitual","Mejora del rendimiento físico / Estética.","Aeróbica (correr, nadar, bicicleta).","Buena","No","10","Frecuentemente","Regular","Regular","Frecuentemente"
"2026/05/08 2:04:09 p.m. GMT-5","2","Masculino","67","1.71","23","Ingeniería, Tecnología y Construcción.","6","4","1","1","Omnívora: Consume alimentos de origen animal y vegetal.","2","1","1","1","Bajo","Regular","7","0","2","0","1","1","2","3","Dormir más horas que lo habitual","Reducción de estrés y ansiedad","Mixta.","Regular","No","70","A veces","Regular","Regular","Frecuentemente"
"2026/05/08 2:06:47 p.m. GMT-5","2","Masculino","60","1.65","21","Ingeniería, Tecnología y Construcción.","6","4","1","2","Omnívora: Consume alimentos de origen animal y vegetal.","3","2","1","1","Bajo","Buena","7","0","3","1","1","0","2","3","Dormir más horas que lo habitual","Reducción de estrés y ansiedad","Mixta.","Regular","No","150","A veces","Regular","Regular","Frecuentemente"
"2026/05/08 2:09:33 p.m. GMT-5","2","Masculino","56","1.58","19","Ingeniería, Tecnología y Construcción.","5","4","1","1","Omnívora: Consume alimentos de origen animal y vegetal.","3","2","0","0","Bajo","Regular","7","0","3","1","1","1","4","3","Jugar videojuegos","Recreación y socialización con amigos.","No realizo actividad física.","Regular","No","100","A veces","Regular","Regular","Frecuentemente"
"2026/05/08 2:21:27 p.m. GMT-5","2","Masculino","59","1.62","23","Ingeniería, Tecnología y Construcción.","6","5","1","1","Omnívora: Consume alimentos de origen animal y vegetal.","3","1","2","1","Bajo","Buena","8","0","3","0","0","0","2","2","Dormir más horas que lo habitual","Reducción de estrés y ansiedad","No realizo actividad física.","Regular","No","50","A veces","Regular","Regular","Frecuentemente"
"2026/05/08 2:23:20 p.m. GMT-5","2","Masculino","61","1.70","21","Ingeniería, Tecnología y Construcción.","5","4","1","3","Omnívora: Consume alimentos de origen animal y vegetal.","3","1","2","1","Bajo","Regular","6","0","3","0","0","0","3","3","Salir a pasear o conversar con mis amigos","Recreación y socialización con amigos.","No realizo actividad física.","Regular","No","70","Rara vez","Regular","Regular","Frecuentemente"
"2026/05/08 2:25:27 p.m. GMT-5","2","Masculino","59","1.64","19","Ingeniería, Tecnología y Construcción.","5","5","1","1","Omnívora: Consume alimentos de origen animal y vegetal.","3","1","2","0","Muy bajo","Regular","6","0","0","0","0","3","3","3","Salir a pasear o conversar con mis amigos","Recreación y socialización con amigos.","No realizo actividad física.","Buena","No","80","A veces","Regular","Regular","Frecuentemente"
"2026/05/08 2:27:21 p.m. GMT-5","2","Masculino","67","1.71","20","Ingeniería, Tecnología y Construcción.","5","4","1","1","Omnívora: Consume alimentos de origen animal y vegetal.","3","1","1","1","Bajo","Regular","7","0","3","0","0","2","2","2","Dormir más horas que lo habitual","Reducción de estrés y ansiedad","No realizo actividad física.","Regular","No","90","A veces","Regular","Regular","Frecuentemente"
"2026/05/08 2:29:20 p.m. GMT-5","2","Masculino","61","1.60","19","Ingeniería, Tecnología y Construcción.","5","4","2","3","Omnívora: Consume alimentos de origen animal y vegetal.","3","1","2","1","Regular","Buena","8","0","3","0","0","2","3","2","Jugar videojuegos","Recreación y socialización con amigos.","No realizo actividad física.","Buena","No","100","A veces","Regular","Regular","Frecuentemente"
"2026/05/08 2:31:13 p.m. GMT-5","2","Masculino","60","1.65","20","Ingeniería, Tecnología y Construcción.","5","4","1","2","Omnívora: Consume alimentos de origen animal y vegetal.","3","1","1","1","Bajo","Regular","7","0","3","0","0","1","2","2","Salir a pasear o conversar con mis amigos","Recreación y socialización con amigos.","No realizo actividad física.","Regular","No","120","A veces","Regular","Regular","Frecuentemente"
"2026/05/08 2:33:03 p.m. GMT-5","2","Masculino","67","1.72","22","Ingeniería, Tecnología y Construcción.","9","4","1","2","Omnívora: Consume alimentos de origen animal y vegetal.","3","1","2","1","Bajo","Regular","6","0","3","0","0","2","3","2","Salir a pasear o conversar con mis amigos","Reducción de estrés y ansiedad","No realizo actividad física.","Regular","No","115","A veces","Regular","Regular","Frecuentemente"
"2026/05/08 2:34:36 p.m. GMT-5","2","Masculino","65","1.67","23","Ingeniería, Tecnología y Construcción.","7","4","1","2","Omnívora: Consume alimentos de origen animal y vegetal.","3","1","1","1","Bajo","Regular","5","0","3","1","1","1","3","3","Dormir más horas que lo habitual","Reducción de estrés y ansiedad","No realizo actividad física.","Buena","No","130","A veces","Regular","Regular","Frecuentemente"
"2026/05/08 5:49:38 p.m. GMT-5","2","Femenino","67","1.72","19","Ingeniería, Tecnología y Construcción.","3","6","5","6","Frugívora/Frutariana: Basada principalmente en el consumo de frutas.","3","2","3","3","Regular","Regular","8","3","2","3","2","3","3","1","Dormir más horas que lo habitual","Mejora del rendimiento físico / Estética.","Mixta.","Regular","No","20","A veces","Poco","Poco","A veces"
"2026/05/08 5:56:52 p.m. GMT-5","2","Masculino","78","1.82","20","Ingeniería, Tecnología y Construcción.","4","7","10","10","Omnívora: Consume alimentos de origen animal y vegetal.","4","1","7","7","Alto","Buena","10","1","4","4","1","2","1","2.5","Realizar actividad física","Salud general y recomendación médica.","Mixta.","Buena","No","30","A veces","Bastante","Bastante","A veces"
"2026/05/08 6:03:03 p.m. GMT-5","2","Femenino","56","1.73","19","Ingeniería, Tecnología y Construcción.","3","3","4","8","Omnívora: Consume alimentos de origen animal y vegetal.","3","3","0","0","Muy bajo","Buena","10","5","2","0","0","0","4","2","Salir a pasear o conversar con mis amigos","Salud general y recomendación médica.","No realizo actividad física.","Mala","No","20","Rara vez","Poco","Bastante","A veces"
"2026/05/08 7:11:40 p.m. GMT-5","2","Masculino","68","1.71","18","Ciencias Sociales y Derecho.","2","6","3","3","Omnívora: Consume alimentos de origen animal y vegetal.","3","3","3","2","Regular","Regular","9","2","3","3","2","2","2","1","Jugar videojuegos","Recreación y socialización con amigos.","Aeróbica (correr, nadar, bicicleta).","Buena","No","20","A veces","Poco","Poco","A veces"
"2026/05/08 7:14:53 p.m. GMT-5","2","Masculino","73","1.74","19","Humanidades, Artes y Educación.","3","7","1","5","Omnívora: Consume alimentos de origen animal y vegetal.","3","3","1","1","Bajo","Regular","8","4","2","3","2","2","2","2","Dormir más horas que lo habitual","Recreación y socialización con amigos.","Deportes colectivos (futbol, basket, vóley).","Regular","No","10","A veces","Poco","Poco","A veces"
"2026/05/08 7:18:10 p.m. GMT-5","2","Femenino","76","1.76","19","Ciencias de la Salud.","3","7","3","5","Flexitariana: Es una dieta principalmente vegetariana, pero que permite el consumo ocasional de carne o pescado.","3","3","3","2","Regular","Regular","8","2","2","3","2","2","2","2","Salir a pasear o conversar con mis amigos","Recreación y socialización con amigos.","Aeróbica (correr, nadar, bicicleta).","Regular","No","20","A veces","Poco","Poco","A veces"
"2026/05/08 7:19:52 p.m. GMT-5","2","Masculino","69","1.67","18","Ciencias Sociales y Derecho.","2","7","4","7","Vegana: Dieta estricta basada exclusivamente en alimentos de origen vegetal, excluyendo cualquier producto animal.","3","2","3","4","Regular","Regular","9","2","2","4","2","2","2","2","Dormir más horas que lo habitual","Reducción de estrés y ansiedad","Mixta.","Regular","No","20","A veces","Poco","Poco","A veces"
"2026/05/08 7:22:19 p.m. GMT-5","2","Masculino","65","1.72","18","Administración, Negocios y Contabilidad.","2","6","1","1","Omnívora: Consume alimentos de origen animal y vegetal.","3","3","4","1","Bajo","Mala","6","2","2","3","2","2","2","3","Jugar videojuegos","Reducción de estrés y ansiedad","No realizo actividad física.","Regular","No","10","A veces","Poco","Poco","A veces"
"2026/05/08 9:33:33 p.m. GMT-5","8","Masculino","64","1.58","18","Ingeniería, Tecnología y Construcción.","3","5","7","5","Omnívora: Consume alimentos de origen animal y vegetal.","4","1","0","5","Regular","Regular","6","0","3","2","1","3","2","1.5","Realizar actividad física","Recreación y socialización con amigos.","Mixta.","Buena","Sí","100","Frecuentemente","Bastante","Bastante","A veces"
"2026/05/08 10:09:49 p.m. GMT-5","2","Femenino","60","1.61","19","Ingeniería, Tecnología y Construcción.","3","7","1","6","Flexitariana: Es una dieta principalmente vegetariana, pero que permite el consumo ocasional de carne o pescado.","4","8","6","1","Regular","Buena","7","0","4","0","0","1","1","2.5","Realizar actividad física","Reducción de estrés y ansiedad","Aeróbica (correr, nadar, bicicleta).","Regular","No","2","Frecuentemente","Poco","Poco","A veces"
"2026/05/08 10:14:06 p.m. GMT-5","2","Masculino","65","1.65","18","Ingeniería, Tecnología y Construcción.","5","6","1","2","Vegetariana: Excluye carne y pescado.","4","1","6","6","Alto","Buena","8","0","4","1","1","1","2","3","Realizar actividad física","Mejora del rendimiento físico / Estética.","Anaeróbica (pesas, entrenamiento de fuerza).","Buena","No","2","Siempre","Bastante","Bastante","Frecuentemente"
"2026/05/08 10:26:12 p.m. GMT-5","2","Femenino","58.55","1.61","18","Ingeniería, Tecnología y Construcción.","3","7","1","1","Omnívora: Consume alimentos de origen animal y vegetal.","4","7","6","1","Muy bajo","Buena","7","0","3","2","1","1","3","2","Realizar actividad física","Reducción de estrés y ansiedad","Aeróbica (correr, nadar, bicicleta).","Regular","No","20","Frecuentemente","Regular","Bastante","Siempre"
"2026/05/08 10:31:32 p.m. GMT-5","2","Masculino","62","1.62","19","Ingeniería, Tecnología y Construcción.","5","7","1","10","Omnívora: Consume alimentos de origen animal y vegetal.","3","6","0","0","Regular","Regular","5","1","3","2","1","0","4","2","Jugar videojuegos","Reducción de estrés y ansiedad","No realizo actividad física.","Regular","No","10","A veces","Poco","Regular","Rara vez"
"2026/05/08 10:35:18 p.m. GMT-5","2","Femenino","59.68","1.61","18","Ciencias de la Salud.","4","5","1","2","Flexitariana: Es una dieta principalmente vegetariana, pero que permite el consumo ocasional de carne o pescado.","2","6","4","0","Bajo","Buena","7","0","2","1","1","1","3","1.5","Dormir más horas que lo habitual","Reducción de estrés y ansiedad","No realizo actividad física.","Buena","No","10","Frecuentemente","Poco","Bastante","Frecuentemente"
"2026/05/08 10:48:40 p.m. GMT-5","2","Femenino","59.53","1.62","18","Administración, Negocios y Contabilidad.","4","7","2","1","Omnívora: Consume alimentos de origen animal y vegetal.","4","3","0","1","Regular","Buena","6","0","3","5","1","1","2","2","Dormir más horas que lo habitual","Reducción de estrés y ansiedad","No realizo actividad física.","Buena","No","1","Frecuentemente","Regular","Poco","Frecuentemente"
"2026/05/08 10:52:27 p.m. GMT-5","2","Femenino","58","1.60","20","Administración, Negocios y Contabilidad.","4","5","3","3","Omnívora: Consume alimentos de origen animal y vegetal.","4","6","6","5","Regular","Regular","5","0","3","1","0","1","2","3","Dormir más horas que lo habitual","Reducción de estrés y ansiedad","Mixta.","Regular","No","5","Rara vez","Poco","Regular","A veces"
"2026/05/08 10:56:49 p.m. GMT-5","2","Masculino","60","1.60","18","Ciencias Sociales y Derecho.","4","7","7","4","Omnívora: Consume alimentos de origen animal y vegetal.","4","4","6","0","Bajo","Regular","7","0","1","2","1","1","3","3","Dormir más horas que lo habitual","Reducción de estrés y ansiedad","No realizo actividad física.","Buena","No","5","A veces","Regular","Regular","Frecuentemente"
"2026/05/08 11:04:06 p.m. GMT-5","2","Masculino","59.53","1.62","19","Humanidades, Artes y Educación.","3","6","1","7","Vegetariana: Excluye carne y pescado.","3","6","5","0","Alto","Buena","7","0","3","0","0","1","3","1.5","Dormir más horas que lo habitual","Mejora del rendimiento físico / Estética.","No realizo actividad física.","Buena","No","10","Frecuentemente","Regular","Regular","Frecuentemente"
"2026/05/08 11:11:16 p.m. GMT-5","2","Masculino","59.50","1.60","19","Ingeniería, Tecnología y Construcción.","5","6","1","5","Omnívora: Consume alimentos de origen animal y vegetal.","3","3","0","0","Bajo","Regular","6","2","2","2","1","0","4","1.5","Jugar videojuegos","Reducción de estrés y ansiedad","No realizo actividad física.","Mala","No","5","A veces","Bastante","Bastante","Frecuentemente"
"2026/05/10 5:13:46 p.m. GMT-5","4","Masculino","63","1.66","20","Ingeniería, Tecnología y Construcción.","7","5","6","7","Omnívora: Consume alimentos de origen animal y vegetal.","4","2","5","6","Regular","Mala","5","2","3","0","1","1","3","2","Jugar videojuegos","Reducción de estrés y ansiedad","Mixta.","Regular","No","0","A veces","Regular","Bastante","A veces"
"2026/05/10 5:14:02 p.m. GMT-5","4","Femenino","62","1.60","22","Ingeniería, Tecnología y Construcción.","3","2","5","2","Flexitariana: Es una dieta principalmente vegetariana, pero que permite el consumo ocasional de carne o pescado.","3","1","0","4","Regular","Buena","7","0 ","3","0","1","1","4","3","Jugar videojuegos","Salud general y recomendación médica.","Anaeróbica (pesas, entrenamiento de fuerza).","Buena","Sí","1000","Frecuentemente","Bastante","Regular","Frecuentemente"
"2026/05/10 5:16:15 p.m. GMT-5","4","Masculino","93.4","1.75","20","Ingeniería, Tecnología y Construcción.","6","4","1","2","Omnívora: Consume alimentos de origen animal y vegetal.","2","15","2","0","Muy bajo","Muy mala","4","0","1","0","0","0","4","1","Realizar actividad física","Mejora del rendimiento físico / Estética.","No realizo actividad física.","Muy mala","No","89","A veces","Regular","Bastante","Nunca"
"2026/05/10 5:20:12 p.m. GMT-5","4","Femenino","70","1.63","27","Ingeniería, Tecnología y Construcción.","6","6","1","2","Omnívora: Consume alimentos de origen animal y vegetal.","3","4","2","2","Muy bajo","Mala","7","2","2","0","0","0","3","1.5","Realizar actividad física","Mejora del rendimiento físico / Estética.","Anaeróbica (pesas, entrenamiento de fuerza).","Regular","No","50","A veces","Regular","Bastante","Frecuentemente"
"2026/05/10 5:30:01 p.m. GMT-5","4","Masculino","86","1.72","21","Ingeniería, Tecnología y Construcción.","6","5","3","15.5","Omnívora: Consume alimentos de origen animal y vegetal.","2","6","3","2","Muy bajo","Muy buena","7","2","2","1","1","2","1","2.6","Realizar actividad física","Mejora del rendimiento físico / Estética.","Anaeróbica (pesas, entrenamiento de fuerza).","Mala","No","0","Frecuentemente","Regular","Regular","Frecuentemente"
"2026/05/10 5:38:15 p.m. GMT-5","4","Masculino","62","1.67","20","Ingeniería, Tecnología y Construcción.","6","7","2","5","Omnívora: Consume alimentos de origen animal y vegetal.","3","3","5","3","Bajo","Regular","7","1","3","3","2","2","3","2","Realizar actividad física","Reducción de estrés y ansiedad","Anaeróbica (pesas, entrenamiento de fuerza).","Buena","No","200","Frecuentemente","Regular","Bastante","A veces"
"2026/05/10 5:59:20 p.m. GMT-5","4","Masculino","82","1.68","22","Ingeniería, Tecnología y Construcción.","6","5","6","4","Omnívora: Consume alimentos de origen animal y vegetal.","3","2","6","5","Alto","Buena","8","1","3","4","1","1","0","1.5","Realizar actividad física","Mejora del rendimiento físico / Estética.","Anaeróbica (pesas, entrenamiento de fuerza).","Buena","No","0","Frecuentemente","Muy poco","Bastante","Frecuentemente"
"2026/05/10 6:12:23 p.m. GMT-5","4","Femenino","59","1.65","27","Administración, Negocios y Contabilidad.","6","6","1.5","2","Omnívora: Consume alimentos de origen animal y vegetal.","2","2","6","0","Muy bajo","Regular","6","1","4","0","0","3","3","2.5","Dormir más horas que lo habitual","Reducción de estrés y ansiedad","No realizo actividad física.","Buena","No","150","Frecuentemente","Bastante","Bastante","Frecuentemente"
"2026/05/10 7:44:09 p.m. GMT-5","4","Femenino","70","1.60","21","Ingeniería, Tecnología y Construcción.","4","5","2.5","5","Omnívora: Consume alimentos de origen animal y vegetal.","2","1","0","3","Bajo","Mala","5","0","0","0","0","0","2","1.5","Dormir más horas que lo habitual","Salud general y recomendación médica.","Deportes colectivos (futbol, basket, vóley).","Regular","No","300 ","A veces","Bastante","Bastante","Frecuentemente"
"2026/05/10 8:03:21 p.m. GMT-5","4","Femenino","52","1.65","19","Ingeniería, Tecnología y Construcción.","5","5","2","2","Omnívora: Consume alimentos de origen animal y vegetal.","3","1","6","3","Bajo","Regular","6","0","2","0","0","1","3","3","Dormir más horas que lo habitual","Reducción de estrés y ansiedad","Aeróbica (correr, nadar, bicicleta).","Buena","No","30","Frecuentemente","Regular","Regular","Frecuentemente"
"2026/05/10 8:21:38 p.m. GMT-5","4","Masculino","78","1.69","23","Ingeniería, Tecnología y Construcción.","7","5","1","15","Omnívora: Consume alimentos de origen animal y vegetal.","3","1","4","1","Bajo","Regular","5","3","3","0","0","4","2","2","Realizar actividad física","Mejora del rendimiento físico / Estética.","Mixta.","Buena","No","200","Frecuentemente","Bastante","Bastante","Frecuentemente"
"2026/05/10 10:23:29 p.m. GMT-5","4","Femenino","50","1.57","24","Ciencias Sociales y Derecho.","7","8","4","4","Omnívora: Consume alimentos de origen animal y vegetal.","2","5","6","2","Regular","Regular","7","0","4","0","0","1","4","1","Realizar actividad física","Mejora del rendimiento físico / Estética.","Anaeróbica (pesas, entrenamiento de fuerza).","Regular","No","70","Frecuentemente","Regular","Bastante","Frecuentemente"
"2026/05/10 10:48:04 p.m. GMT-5","4","Femenino","58","1.57","18","Ciencias Sociales y Derecho.","10","4","1 ","1","Omnívora: Consume alimentos de origen animal y vegetal.","3","3","1","0","Bajo","Regular","6","1","3","0","0","0","3","2","Realizar actividad física","Mejora del rendimiento físico / Estética.","Mixta.","Regular","Sí","50","A veces","Bastante","Bastante","Siempre"
"2026/05/11 8:29:21 p.m. GMT-5","8","Femenino","52","1.68","19","Ingeniería, Tecnología y Construcción.","5","6","1","5","Omnívora: Consume alimentos de origen animal y vegetal.","3","3","3","0","Muy bajo","Mala","5","0","3","0","0","0","4","1.5","Salir a pasear o conversar con mis amigos","Salud general y recomendación médica.","No realizo actividad física.","Mala","No","50","A veces","Bastante","Regular","A veces"
"2026/05/13 2:43:45 p.m. GMT-5","1","Femenino","55","1.56","17","Ciencias de la Salud.","1","6","1.5","4.5","Omnívora: Consume alimentos de origen animal y vegetal.","3","1","4","4","Regular","Regular","7","1","1","3","2","3","3","1","Ir de compras","Salud general y recomendación médica.","Mixta.","Mala","No","40","Rara vez","Bastante","Regular","Rara vez"
"2026/05/13 2:46:50 p.m. GMT-5","1","Masculino","67","1.67","20","Ingeniería, Tecnología y Construcción.","6","5","3","1","Omnívora: Consume alimentos de origen animal y vegetal.","2","2","2","1","Bajo","Muy mala","3","4","1","5","2","3","3","2","Jugar videojuegos","Recreación y socialización con amigos.","Deportes colectivos (futbol, basket, vóley).","Regular","Sí","100","Rara vez","Regular","Bastante","Nunca"
"2026/05/13 2:49:48 p.m. GMT-5","1","Femenino","60","1.7","23","Administración, Negocios y Contabilidad.","9","5","10","3","Omnívora: Consume alimentos de origen animal y vegetal.","4","1","6","6","Muy alto","Muy buena","9","0","4","0","0","0","1","3","Realizar actividad física","Mejora del rendimiento físico / Estética.","Anaeróbica (pesas, entrenamiento de fuerza).","Buena","No","450","Frecuentemente","Bastante","Bastante","A veces"
"2026/05/13 2:52:39 p.m. GMT-5","1","Masculino","80","1.80","23","Ingeniería, Tecnología y Construcción.","10","4","1","5","Omnívora: Consume alimentos de origen animal y vegetal.","2","2","0","0","Bajo","Regular","6","1","2","0","0","0","3","1","Otros motivos","Salud general y recomendación médica.","No realizo actividad física.","Regular","No","0","Frecuentemente","Poco","Regular","Rara vez"
"2026/05/13 3:17:47 p.m. GMT-5","1","Masculino","80","1.7","21","Ingeniería, Tecnología y Construcción.","6","5","1.4","2","Omnívora: Consume alimentos de origen animal y vegetal.","1","2","2","2","Bajo","Regular","6","1","0","6","0","0","3","2","Realizar actividad física","Reducción de estrés y ansiedad","Anaeróbica (pesas, entrenamiento de fuerza).","Regular","No","35","Frecuentemente","Regular","Regular","Rara vez"
"2026/05/13 3:17:48 p.m. GMT-5","1","Femenino","45","1.5","19","Ingeniería, Tecnología y Construcción.","3","6","1.5","3","Vegetariana: Excluye carne y pescado.","2","2","3","2","Bajo","Regular","5","1","1","1","0","4","3","2","Dormir más horas que lo habitual","Mejora del rendimiento físico / Estética.","Mixta.","Regular","No","50","Rara vez","Regular","Poco","Nunca"
"2026/05/13 4:05:45 p.m. GMT-5","1","Masculino","65","1.75","20","Humanidades, Artes y Educación.","5","6","4","2","Omnívora: Consume alimentos de origen animal y vegetal.","2","2","1","3","Bajo","Regular","7","2","2","0","1","2","3","2","Jugar videojuegos","Recreación y socialización con amigos.","Aeróbica (correr, nadar, bicicleta).","Buena","No","100","A veces","Regular","Nunca","A veces"
"2026/05/13 4:05:47 p.m. GMT-5","1","Femenino","60","1.62","20","Ciencias de la Salud.","5","5","3","4","Omnívora: Consume alimentos de origen animal y vegetal.","3","2","1","3","Muy bajo","Mala","7","2","1","1","1","2","4","3","Dormir más horas que lo habitual","Reducción de estrés y ansiedad","Anaeróbica (pesas, entrenamiento de fuerza).","Mala","Sí","200","Frecuentemente","Poco","Regular","Frecuentemente"
"2026/05/13 4:14:02 p.m. GMT-5","1","Femenino","68","1.68","22","Ciencias de la Salud.","9","4","3","1","Omnívora: Consume alimentos de origen animal y vegetal.","2","2","3","2","Regular","Mala","8","4","2","4","3","3","2","2.1","Dormir más horas que lo habitual","Reducción de estrés y ansiedad","Aeróbica (correr, nadar, bicicleta).","Buena","No","30","Rara vez","Poco","Regular","Frecuentemente"
"2026/05/13 4:14:04 p.m. GMT-5","1","Masculino","90","1.82","24","Ciencias de la Salud.","10","5","5","3","Omnívora: Consume alimentos de origen animal y vegetal.","3","1","3","5","Alto","Regular","7","6","3","5","4","3","1","3","Jugar videojuegos","Reducción de estrés y ansiedad","Deportes colectivos (futbol, basket, vóley).","Mala","No","40","Rara vez","Poco","Regular","A veces"
"2026/05/13 4:14:22 p.m. GMT-5","1","Femenino","60","1.60","18","Ingeniería, Tecnología y Construcción.","1","6","3","7","Omnívora: Consume alimentos de origen animal y vegetal.","3","2","4","3","Regular","Buena","7","0","3","0","0","0","2","1.5","Salir a pasear o conversar con mis amigos","Salud general y recomendación médica.","Mixta.","Buena","No","0","Frecuentemente","Regular","Bastante","Frecuentemente"
"2026/05/13 4:19:54 p.m. GMT-5","1","Masculino","70","1.72","19","Administración, Negocios y Contabilidad.","3","5","2","4","Omnívora: Consume alimentos de origen animal y vegetal.","3","1","5","3","Regular","Regular","6","1","4","2","1","1","3","2","Jugar videojuegos","Mejora del rendimiento físico / Estética.","Deportes colectivos (futbol, basket, vóley).","Buena","No","20","A veces","Regular","Regular","A veces"
"2026/05/13 4:23:30 p.m. GMT-5","1","Masculino","70","1.69","20","Ciencias Sociales y Derecho.","7","7","5","2","Omnívora: Consume alimentos de origen animal y vegetal.","3","4","2","5","Regular","Regular","6","3","4","3","2","3","2","2","Jugar videojuegos","Reducción de estrés y ansiedad","Aeróbica (correr, nadar, bicicleta).","Regular","No","100","Rara vez","Muy poco","Poco","A veces"
"2026/05/13 4:23:32 p.m. GMT-5","1","Femenino","70","1.65","21","Ciencias Sociales y Derecho.","8","6","4","2","Omnívora: Consume alimentos de origen animal y vegetal.","3","2","1","4","Regular","Buena","5","1","4","1","1","1","2","1.2","Realizar actividad física","Recreación y socialización con amigos.","Deportes colectivos (futbol, basket, vóley).","Muy mala","No","50","A veces","Poco","Muy poco","A veces"
"2026/05/13 4:51:29 p.m. GMT-5","1","Femenino","50","1.45","21","Administración, Negocios y Contabilidad.","7","6","4","1","Omnívora: Consume alimentos de origen animal y vegetal.","3","11","2","3","Regular","Regular","6","0","1","1","1","3","4","1.4","Realizar actividad física","Mejora del rendimiento físico / Estética.","Mixta.","Regular","No","0","Rara vez","Regular","Bastante","A veces"
"2026/05/13 4:51:30 p.m. GMT-5","1","Masculino","60","1.78","18","Ingeniería, Tecnología y Construcción.","2","5","10","2","Omnívora: Consume alimentos de origen animal y vegetal.","3","1","4","3","Bajo","Buena","7","1","2","1","2","2","2","1.5","Jugar videojuegos","Mejora del rendimiento físico / Estética.","Anaeróbica (pesas, entrenamiento de fuerza).","Mala","No","0","Nunca","Regular","Bastante","A veces"
"2026/05/13 4:58:51 p.m. GMT-5","1","Femenino","67","1.66","20","Ciencias Exactas y Ambientales.","5","6","2.5","3.5","Omnívora: Consume alimentos de origen animal y vegetal.","3","1","5","2","Bajo","Regular","6","2","1","1","1","1","4","1.3","Realizar actividad física","Mejora del rendimiento físico / Estética.","Mixta.","Buena","No","0","A veces","Poco","Poco","Rara vez"
"2026/05/13 4:58:53 p.m. GMT-5","1","Masculino","56","1.56","20","Ciencias de la Salud.","4","6","2","2","Omnívora: Consume alimentos de origen animal y vegetal.","2","1","1","2","Muy bajo","Buena","7","0","1","0","0","0","3","2.5","Realizar actividad física","Reducción de estrés y ansiedad","Mixta.","Mala","No","100","Rara vez","Muy poco","Regular","Frecuentemente"
"2026/05/13 5:14:15 p.m. GMT-5","1","Masculino","70","1.66","17","Ingeniería, Tecnología y Construcción.","1","7","6","1","Omnívora: Consume alimentos de origen animal y vegetal.","2","1","5","2","Bajo","Muy mala","4","1","0","0","0","1","3","1.5","Jugar videojuegos","Reducción de estrés y ansiedad","Aeróbica (correr, nadar, bicicleta).","Muy buena","No","10","A veces","Poco","Nunca","Rara vez"
"2026/05/13 5:14:25 p.m. GMT-5","1","Femenino","60","1.58","17","Humanidades, Artes y Educación.","1","6","8","2","Omnívora: Consume alimentos de origen animal y vegetal.","3","2","2","4","Alto","Mala","5","0","1","0","0","0","2","1","Realizar actividad física","Reducción de estrés y ansiedad","Aeróbica (correr, nadar, bicicleta).","Mala","No","0","Rara vez","Regular","Muy poco","A veces"
"2026/05/14 6:48:03 p.m. GMT-5","1","Femenino","72","1.74","23","Ciencias Exactas y Ambientales.","10","5","2","2","Omnívora: Consume alimentos de origen animal y vegetal.","3","1","1","5","Alto","Regular","8","2","2","0","0","1","3","2","Realizar actividad física","Mejora del rendimiento físico / Estética.","Anaeróbica (pesas, entrenamiento de fuerza).","Mala","No","25","A veces","Bastante","Bastante","Rara vez"
"2026/05/14 6:48:04 p.m. GMT-5","1","Femenino","55","1.53","28","Humanidades, Artes y Educación.","10","5","12","2","Omnívora: Consume alimentos de origen animal y vegetal.","3","2","1","2","Regular","Regular","7","2","1","2","0","0","3","1","Dormir más horas que lo habitual","Mejora del rendimiento físico / Estética.","Anaeróbica (pesas, entrenamiento de fuerza).","Mala","No","10","A veces","Bastante","Bastante","Nunca"
"2026/05/14 6:48:06 p.m. GMT-5","1","Masculino","74","1.76","16","Ingeniería, Tecnología y Construcción.","1","6","5","5","Omnívora: Consume alimentos de origen animal y vegetal.","3","3","0","3","Regular","Regular","8","1","1","0","0","1","0","1","Jugar videojuegos","Reducción de estrés y ansiedad","Anaeróbica (pesas, entrenamiento de fuerza).","Regular","No","50","A veces","Bastante","Bastante","Siempre"
"2026/05/14 6:48:07 p.m. GMT-5","1","Femenino","66","1.67","18","Ingeniería, Tecnología y Construcción.","3","5","3","3","Omnívora: Consume alimentos de origen animal y vegetal.","3","1","0","1","Muy bajo","Muy mala","8","4","1","2","0","0","4","1.4","Dormir más horas que lo habitual","Mejora del rendimiento físico / Estética.","Mixta.","Regular","No","20","Frecuentemente","Regular","Bastante","A veces"
"2026/05/14 7:00:31 p.m. GMT-5","1","Femenino","59","1.69","21","Ingeniería, Tecnología y Construcción.","8","5","1","2","Omnívora: Consume alimentos de origen animal y vegetal.","4","1","1","0","Muy bajo","Regular","6","1","2","3","1","2","1","2","Ir de compras","Mejora del rendimiento físico / Estética.","Mixta.","Buena","No","35","Rara vez","Bastante","Bastante","Frecuentemente"
"2026/05/14 7:00:32 p.m. GMT-5","1","Femenino","48","1.6","17","Administración, Negocios y Contabilidad.","1","6","2","1","Omnívora: Consume alimentos de origen animal y vegetal.","3","1","3","0","Muy bajo","Buena","6","10","3","1","1","0","2","1","Otros motivos","Mejora del rendimiento físico / Estética.","Anaeróbica (pesas, entrenamiento de fuerza).","Muy mala","No","30","A veces","Bastante","Bastante","Rara vez"
"2026/05/14 7:00:32 p.m. GMT-5","1","Masculino","67","1.73","18","Ingeniería, Tecnología y Construcción.","3","5","5","2","Omnívora: Consume alimentos de origen animal y vegetal.","3","1","7","5","Regular","Buena","7","4","1","0","0","2","4","1","Ir de compras","Mejora del rendimiento físico / Estética.","Anaeróbica (pesas, entrenamiento de fuerza).","Regular","No","20","Rara vez","Bastante","Bastante","A veces"
"2026/05/14 7:00:34 p.m. GMT-5","1","Masculino","78","1.92","24","Ingeniería, Tecnología y Construcción.","8","6","15","1","Omnívora: Consume alimentos de origen animal y vegetal.","3","1","5","1","Muy bajo","Regular","5","3","3","0","0","3","4","1.5","Otros motivos","Mejora del rendimiento físico / Estética.","Deportes colectivos (futbol, basket, vóley).","Regular","No","40","Frecuentemente","Bastante","Bastante","A veces"
"2026/05/14 7:47:48 p.m. GMT-5","1","Masculino","89","1.75","16","Ingeniería, Tecnología y Construcción.","1","7","5","2","Omnívora: Consume alimentos de origen animal y vegetal.","3","2","1","0","Muy bajo","Regular","5","0","0","3","1","4","4","1","Otros motivos","Mejora del rendimiento físico / Estética.","Anaeróbica (pesas, entrenamiento de fuerza).","Regular","No","0","Rara vez","Regular","Bastante","Siempre"
"2026/05/14 7:47:49 p.m. GMT-5","1","Femenino","66","1.57","18","Ingeniería, Tecnología y Construcción.","4","5","3","0","Omnívora: Consume alimentos de origen animal y vegetal.","3","4","2","2","Muy bajo","Buena","6","4","1","2","2","3","3","1","Jugar videojuegos","Mejora del rendimiento físico / Estética.","Anaeróbica (pesas, entrenamiento de fuerza).","Regular","No","0","Rara vez","Regular","Bastante","Nunca"
"2026/05/14 7:47:50 p.m. GMT-5","1","Femenino","45","1.63","16","Ingeniería, Tecnología y Construcción.","1","5","5","1","Omnívora: Consume alimentos de origen animal y vegetal.","2","1","1","2","Bajo","Regular","6","1","1","2","3","2","4","1","Dormir más horas que lo habitual","Mejora del rendimiento físico / Estética.","Anaeróbica (pesas, entrenamiento de fuerza).","Regular","No","25","Rara vez","Regular","Poco","Rara vez"
"2026/05/14 7:47:51 p.m. GMT-5","1","Masculino","67","1.63","20","Ciencias de la Salud.","5","6","5","2","Omnívora: Consume alimentos de origen animal y vegetal.","3","1","4","0","Muy bajo","Regular","7.4","0","1","5","3","3","3","2","Otros motivos","Mejora del rendimiento físico / Estética.","Anaeróbica (pesas, entrenamiento de fuerza).","Muy buena","No","100","A veces","Regular","Bastante","Siempre"
"2026/05/14 8:06:32 p.m. GMT-5","1","Masculino","95","1.83","21","Ciencias de la Salud.","8","5","2","3","Omnívora: Consume alimentos de origen animal y vegetal.","4","2","1","5","Muy alto","Regular","7","1","4","4","1","2","3","3","Realizar actividad física","Mejora del rendimiento físico / Estética.","Anaeróbica (pesas, entrenamiento de fuerza).","Regular","No","200","Frecuentemente","Muy poco","Bastante","Siempre"
"2026/05/14 8:06:32 p.m. GMT-5","1","Masculino","100","1.83","24","Ingeniería, Tecnología y Construcción.","10","5","2","4","Omnívora: Consume alimentos de origen animal y vegetal.","3","2","4","4","Alto","Buena","7","2","3","0","0","2","2","2.1","Jugar videojuegos","Mejora del rendimiento físico / Estética.","Anaeróbica (pesas, entrenamiento de fuerza).","Muy buena","No","150","Frecuentemente","Regular","Bastante","Siempre"
"2026/05/14 8:06:33 p.m. GMT-5","1","Femenino","65","1.56","18","Ingeniería, Tecnología y Construcción.","2","5","7","1","Omnívora: Consume alimentos de origen animal y vegetal.","3","1","4","0","Muy bajo","Muy mala","4","0","0","0","0","0","4","1","Otros motivos","Mejora del rendimiento físico / Estética.","No realizo actividad física.","Mala","No","0","Nunca","Bastante","Bastante","Nunca"
"2026/05/14 8:06:34 p.m. GMT-5","1","Femenino","57","1.72","21","Ingeniería, Tecnología y Construcción.","7","5","5","0","Omnívora: Consume alimentos de origen animal y vegetal.","3","1","7","0","Muy bajo","Regular","7","1","1","0","0","0","2","1","Jugar videojuegos","Mejora del rendimiento físico / Estética.","No realizo actividad física.","Mala","No","0","Rara vez","Bastante","Bastante","Nunca"
"2026/05/14 8:30:26 p.m. GMT-5","1","Femenino","60","1.65","16","Ingeniería, Tecnología y Construcción.","1","6","5","0","Omnívora: Consume alimentos de origen animal y vegetal.","2","2","3","0","Muy bajo","Muy mala","5","2","0","0","0","0","4","2","Otros motivos","Mejora del rendimiento físico / Estética.","No realizo actividad física.","Mala","No","0","Rara vez","Poco","Muy poco","A veces"
"2026/05/14 8:34:19 p.m. GMT-5","1","Masculino","79","1.74","18","Ingeniería, Tecnología y Construcción.","3","5","5","3","Omnívora: Consume alimentos de origen animal y vegetal.","3","2","2","2","Bajo","Regular","6","2","1","2","0","0","4","4","Realizar actividad física","Recreación y socialización con amigos.","Anaeróbica (pesas, entrenamiento de fuerza).","Mala","No","40","A veces","Bastante","Bastante","A veces"
"2026/05/14 8:55:07 p.m. GMT-5","1","Femenino","56","1.56","19","Ingeniería, Tecnología y Construcción.","5","6","5","1","Omnívora: Consume alimentos de origen animal y vegetal.","3","2","2","0","Bajo","Mala","6","2","4","1","2","1","3","4","Jugar videojuegos","Reducción de estrés y ansiedad","Anaeróbica (pesas, entrenamiento de fuerza).","Regular","No","45","A veces","Regular","Regular","A veces"
"2026/05/15 12:19:46 p.m. GMT-5","8","Masculino","80","1.76","17","Ingeniería, Tecnología y Construcción.","3","7","1","6","Omnívora: Consume alimentos de origen animal y vegetal.","3","3","2","0","Muy bajo","Muy mala","3","0","0","7","4","4","4","1","Jugar videojuegos","Recreación y socialización con amigos.","Deportes colectivos (futbol, basket, vóley).","Muy mala","No","100","Rara vez","Regular","Poco","Siempre"
"2026/05/17 8:33:00 p.m. GMT-5","7","Masculino","60","1.83","22","Ciencias de la Salud.","5","4","1.3","5","Vegana: Dieta estricta basada exclusivamente en alimentos de origen vegetal, excluyendo cualquier producto animal.","4","3","4","5","Regular","Muy mala","3","4","2","5","3","2","2","1.5","Salir a pasear o conversar con mis amigos","Salud general y recomendación médica.","Anaeróbica (pesas, entrenamiento de fuerza).","Regular","Sí","5","A veces","Poco","Muy poco","A veces"
"2026/05/17 8:41:32 p.m. GMT-5","7","Masculino","50","1.73","22","Administración, Negocios y Contabilidad.","8","4","1.5","2.4","Vegana: Dieta estricta basada exclusivamente en alimentos de origen vegetal, excluyendo cualquier producto animal.","5","3","6","7","Regular","Regular","6","3","2","5","3","3","3","1.5","Salir a pasear o conversar con mis amigos","Reducción de estrés y ansiedad","Anaeróbica (pesas, entrenamiento de fuerza).","Regular","Sí","6","Rara vez","Regular","Regular","A veces"
"2026/05/17 8:45:45 p.m. GMT-5","7","Masculino","70","1.86","25","Ciencias Sociales y Derecho.","6","6","1.5","6.2","Flexitariana: Es una dieta principalmente vegetariana, pero que permite el consumo ocasional de carne o pescado.","3","4","5","2","Regular","Regular","7","4","3","5","3","3","3","3.5","Salir a pasear o conversar con mis amigos","Reducción de estrés y ansiedad","Anaeróbica (pesas, entrenamiento de fuerza).","Buena","Sí","5","A veces","Regular","Regular","A veces"
"2026/05/17 8:48:23 p.m. GMT-5","7","Femenino","78","1.67","23","Ingeniería, Tecnología y Construcción.","4","4","6","10","Omnívora: Consume alimentos de origen animal y vegetal.","3","3","2","2","Regular","Buena","7","0","2","0","0","2","3","3","Jugar videojuegos","Reducción de estrés y ansiedad","Deportes colectivos (futbol, basket, vóley).","Regular","No","50","A veces","Regular","Bastante","A veces"
"2026/05/17 8:52:19 p.m. GMT-5","7","Masculino","65","1.64","18","Ingeniería, Tecnología y Construcción.","3","5","4","5","Omnívora: Consume alimentos de origen animal y vegetal.","3","1","5","2","Bajo","Regular","6","1","3","1","2","1","2","1.8","Jugar videojuegos","Salud general y recomendación médica.","Aeróbica (correr, nadar, bicicleta).","Regular","No","700","Frecuentemente","Bastante","Bastante","Frecuentemente"
"2026/05/17 8:52:38 p.m. GMT-5","7","Masculino","60","1.70","19","Administración, Negocios y Contabilidad.","6","4","2.5","5.4","Flexitariana: Es una dieta principalmente vegetariana, pero que permite el consumo ocasional de carne o pescado.","5","3","5","5","Regular","Buena","7","3","3","5","3","3","3","2.5","Salir a pasear o conversar con mis amigos","Recreación y socialización con amigos.","Mixta.","Buena","No","8","Frecuentemente","Regular","Regular","Frecuentemente"
"2026/05/17 8:56:08 p.m. GMT-5","7","Masculino","85","1.68","18","Ingeniería, Tecnología y Construcción.","3","6","6.5","9","Omnívora: Consume alimentos de origen animal y vegetal.","3","1","7","4","Regular","Mala","5","0","3","4","1","4","3","1","Jugar videojuegos","Mejora del rendimiento físico / Estética.","Anaeróbica (pesas, entrenamiento de fuerza).","Buena","No","250","Frecuentemente","Regular","Bastante","A veces"
"2026/05/17 8:56:20 p.m. GMT-5","7","Masculino","86","1.65","23","Ingeniería, Tecnología y Construcción.","2","5","14","10","Omnívora: Consume alimentos de origen animal y vegetal.","3","4","0","3","Regular","Buena","8","0","2","2","2","4","3","3","Dormir más horas que lo habitual","Recreación y socialización con amigos.","Deportes colectivos (futbol, basket, vóley).","Buena","No","50","Rara vez","Regular","Bastante","A veces"
"2026/05/17 8:56:23 p.m. GMT-5","7","Femenino","68","1.64","22","Administración, Negocios y Contabilidad.","3","4","7","8","Omnívora: Consume alimentos de origen animal y vegetal.","3","1","2","2","Regular","Buena","8","0","2","2","2","2","3","2.5","Jugar videojuegos","Salud general y recomendación médica.","Aeróbica (correr, nadar, bicicleta).","Regular","No","25","Frecuentemente","Regular","Bastante","Siempre"
"2026/05/17 9:02:31 p.m. GMT-5","7","Masculino","79","1.67","23","Ingeniería, Tecnología y Construcción.","3","4","15","10","Omnívora: Consume alimentos de origen animal y vegetal.","3","1","5","2","Regular","Buena","6","1","2","1","1","2","3","3","Jugar videojuegos","Salud general y recomendación médica.","Mixta.","Regular","No","30","Frecuentemente","Regular","Regular","A veces"
"2026/05/17 9:02:32 p.m. GMT-5","7","Masculino","87","1.67","22","Ingeniería, Tecnología y Construcción.","7","3","10","16","Omnívora: Consume alimentos de origen animal y vegetal.","3","2","3","3","Alto","Buena","7","0","3","2","2","3","3","2.5","Ir de compras","Salud general y recomendación médica.","Deportes colectivos (futbol, basket, vóley).","Regular","No","20","A veces","Regular","Regular","Frecuentemente"
"2026/05/17 9:02:38 p.m. GMT-5","7","Masculino","72","1.76","18","Ingeniería, Tecnología y Construcción.","3","6","3","3","Omnívora: Consume alimentos de origen animal y vegetal.","4","3","0","2","Bajo","Mala","4","0","3","2","1","2","4","2.5","Salir a pasear o conversar con mis amigos","Reducción de estrés y ansiedad","Aeróbica (correr, nadar, bicicleta).","Regular","No","72","A veces","Bastante","Bastante","A veces"
"2026/05/17 9:17:12 p.m. GMT-5","7","Femenino","56","1.56","22","Administración, Negocios y Contabilidad.","7","4","1.5","7","Vegana: Dieta estricta basada exclusivamente en alimentos de origen vegetal, excluyendo cualquier producto animal.","5","3","5","2","Regular","Regular","6","3","2","5","3","3","3","3.5","Salir a pasear o conversar con mis amigos","Recreación y socialización con amigos.","Anaeróbica (pesas, entrenamiento de fuerza).","Regular","No","5","Frecuentemente","Regular","Poco","A veces"
"2026/05/17 9:20:55 p.m. GMT-5","7","Femenino","43","1.54","18","Ingeniería, Tecnología y Construcción.","3","5","1","4","Omnívora: Consume alimentos de origen animal y vegetal.","3","5","2","0","Bajo","Mala","7","0","2","0","1","0","4","1","Dormir más horas que lo habitual","Mejora del rendimiento físico / Estética.","No realizo actividad física.","Mala","Sí","0","A veces","Bastante","Bastante","A veces"
"2026/05/17 9:22:36 p.m. GMT-5","7","Masculino","65","1.65","20","Ingeniería, Tecnología y Construcción.","7","6","1","8","Omnívora: Consume alimentos de origen animal y vegetal.","3","1","0","0","Muy bajo","Regular","7","0","3","0","0","0","3","2","Salir a pasear o conversar con mis amigos","Reducción de estrés y ansiedad","No realizo actividad física.","Regular","No","0","Frecuentemente","Bastante","Bastante","Frecuentemente"
"2026/05/17 9:22:41 p.m. GMT-5","7","Masculino","73","1.73","19","Ingeniería, Tecnología y Construcción.","3","6","2.5","3","Omnívora: Consume alimentos de origen animal y vegetal.","4","2","3","2","Bajo","Buena","6","0","2","2","1","3","3","2.5","Salir a pasear o conversar con mis amigos","Reducción de estrés y ansiedad","Aeróbica (correr, nadar, bicicleta).","Regular","No","50","Frecuentemente","Regular","Regular","Frecuentemente"
"2026/05/17 9:22:43 p.m. GMT-5","7","Femenino","62 ","1.60","19","Ingeniería, Tecnología y Construcción.","3","6","4","12","Omnívora: Consume alimentos de origen animal y vegetal.","3","5","1","0","Muy bajo","Buena","6","1","2","0","0","1","2","1","Otros motivos","Mejora del rendimiento físico / Estética.","Aeróbica (correr, nadar, bicicleta).","Mala","No","150","A veces","Regular","Poco","A veces"
"2026/05/17 9:22:54 p.m. GMT-5","7","Masculino","62","1.78","19","Ciencias de la Salud.","5","4","2","5","Flexitariana: Es una dieta principalmente vegetariana, pero que permite el consumo ocasional de carne o pescado.","4","3","5","2","Alto","Regular","6","3","4","5","4","3","3","1.8","Jugar videojuegos","Reducción de estrés y ansiedad","Mixta.","Regular","No","10","A veces","Poco","Poco","A veces"
"2026/05/17 9:25:17 p.m. GMT-5","7","Masculino","75","1.80","19","Administración, Negocios y Contabilidad.","5","5","2","5","Vegana: Dieta estricta basada exclusivamente en alimentos de origen vegetal, excluyendo cualquier producto animal.","3","3","5","5","Regular","Regular","6","3","3","4","3","3","3","3.5","Salir a pasear o conversar con mis amigos","Reducción de estrés y ansiedad","Anaeróbica (pesas, entrenamiento de fuerza).","Buena","No","10","A veces","Regular","Regular","Frecuentemente"
"2026/05/17 9:25:58 p.m. GMT-5","7","Masculino","74","1.66","18","Ingeniería, Tecnología y Construcción.","3","6","3","12","Omnívora: Consume alimentos de origen animal y vegetal.","3","2","7","3","Regular","Regular","5","0","3","1","1","2","2","3","Realizar actividad física","Mejora del rendimiento físico / Estética.","Mixta.","Regular","No","20","Frecuentemente","Regular","Poco","Frecuentemente"
"2026/05/17 9:26:31 p.m. GMT-5","7","Masculino","67","1.71","20","Ingeniería, Tecnología y Construcción.","7","5","2","18","Omnívora: Consume alimentos de origen animal y vegetal.","3","1","0","2","Regular","Regular","6","0","3","0","0","1","3","2","Jugar videojuegos","Mejora del rendimiento físico / Estética.","Anaeróbica (pesas, entrenamiento de fuerza).","Buena","No","0","A veces","Regular","Bastante","Frecuentemente"
"2026/05/17 9:26:48 p.m. GMT-5","7","Femenino","60","1.64","18","Ingeniería, Tecnología y Construcción.","3","6","1","10","Omnívora: Consume alimentos de origen animal y vegetal.","4","2","5","0","Muy bajo","Regular","6","1","2","0","1","1","2","1.5","Realizar actividad física","Reducción de estrés y ansiedad","Aeróbica (correr, nadar, bicicleta).","Regular","No","20","A veces","Regular","Bastante","A veces"
"2026/05/17 9:27:19 p.m. GMT-5","7","Femenino","54","1.60","22","Ingeniería, Tecnología y Construcción.","5","6","7","5","Flexitariana: Es una dieta principalmente vegetariana, pero que permite el consumo ocasional de carne o pescado.","2","2","4","5","Regular","Regular","6","3","1","0","0","0","2","2","Realizar actividad física","Reducción de estrés y ansiedad","Anaeróbica (pesas, entrenamiento de fuerza).","Regular","No","300","A veces","Poco","Regular","A veces"
"2026/05/17 9:27:30 p.m. GMT-5","7","Masculino","73","1.75","18","Ingeniería, Tecnología y Construcción.","3","4","1.5","8","Omnívora: Consume alimentos de origen animal y vegetal.","4","3","0","0","Regular","Regular","6","0","3","0","0","0","2","2","Realizar actividad física","Mejora del rendimiento físico / Estética.","No realizo actividad física.","Regular","No","2000","Frecuentemente","Regular","Poco","Frecuentemente"
"2026/05/17 9:27:46 p.m. GMT-5","7","Femenino","70","1.66","19","Ingeniería, Tecnología y Construcción.","3","6","1.0","6","Omnívora: Consume alimentos de origen animal y vegetal.","2","3","0","1","Bajo","Regular","6","1","1","1","0","2","4","1","Salir a pasear o conversar con mis amigos","Reducción de estrés y ansiedad","Mixta.","Regular","No","20","A veces","Bastante","Bastante","A veces"
"2026/05/17 9:27:48 p.m. GMT-5","7","Femenino","78","1.90","19","Administración, Negocios y Contabilidad.","5","6","2.5","15","Flexitariana: Es una dieta principalmente vegetariana, pero que permite el consumo ocasional de carne o pescado.","3","4","5","2","Regular","Regular","8","3","3","5","3","3","3","1.8","Jugar videojuegos","Reducción de estrés y ansiedad","Anaeróbica (pesas, entrenamiento de fuerza).","Buena","No","5","A veces","Regular","Poco","Frecuentemente"
"2026/05/17 9:30:31 p.m. GMT-5","7","Masculino","85","1.78","19","Ingeniería, Tecnología y Construcción.","5","6","4","15","Frugívora/Frutariana: Basada principalmente en el consumo de frutas.","3","3","5","2","Bajo","Regular","6","1","1","4","3","4","3","2.5","Salir a pasear o conversar con mis amigos","Recreación y socialización con amigos.","Anaeróbica (pesas, entrenamiento de fuerza).","Regular","No","5","Frecuentemente","Poco","Regular","A veces"
"2026/05/17 9:34:12 p.m. GMT-5","7","Masculino","86","1.85","20","Ingeniería, Tecnología y Construcción.","5","6","4","13","Omnívora: Consume alimentos de origen animal y vegetal.","3","4","5","3","Regular","Regular","6","4","2","4","3","3","3","1.8","Jugar videojuegos","Reducción de estrés y ansiedad","Mixta.","Regular","No","5","Frecuentemente","Regular","Poco","Frecuentemente"
"2026/05/17 9:36:44 p.m. GMT-5","7","Masculino","75","1.70","19","Ciencias de la Salud.","5","4","3.5","15","Frugívora/Frutariana: Basada principalmente en el consumo de frutas.","3","4","5","3","Regular","Buena","5","2","4","5","4","3","3","1.8","Salir a pasear o conversar con mis amigos","Recreación y socialización con amigos.","Mixta.","Buena","No","5","Frecuentemente","Muy poco","Regular","Frecuentemente"
"2026/05/17 9:41:28 p.m. GMT-5","7","Masculino","80","1.80","20","Ciencias de la Salud.","5","6","2.2","6","Vegana: Dieta estricta basada exclusivamente en alimentos de origen vegetal, excluyendo cualquier producto animal.","3","4","5","3","Regular","Regular","6","3","3","5","3","3","3","1.8","Ir de compras","Recreación y socialización con amigos.","Mixta.","Regular","No","5","A veces","Regular","Regular","Frecuentemente"
"2026/05/17 9:42:45 p.m. GMT-5","7","Masculino","73","1.71","19","Ingeniería, Tecnología y Construcción.","3","5","7","6.5","Omnívora: Consume alimentos de origen animal y vegetal.","2","4","0","7","Bajo","Mala","5","3","0","2","1","3","4","2.5","Realizar actividad física","Reducción de estrés y ansiedad","Deportes colectivos (futbol, basket, vóley).","Regular","No","0","A veces","Bastante","Bastante","Rara vez"
"2026/05/17 9:43:45 p.m. GMT-5","7","Femenino","54","1.56","18","Ingeniería, Tecnología y Construcción.","2","5","3","2","Omnívora: Consume alimentos de origen animal y vegetal.","3","2","5","3","Regular","Regular","5","0","3","0","0","0","3","2","Otros motivos","Reducción de estrés y ansiedad","Deportes colectivos (futbol, basket, vóley).","Regular","No","26","Frecuentemente","Bastante","Bastante","Frecuentemente"
"2026/05/17 9:43:46 p.m. GMT-5","1","Femenino","60","1.60","24","Administración, Negocios y Contabilidad.","10","6","2","4","Omnívora: Consume alimentos de origen animal y vegetal.","3","1","6","7","Regular","Mala","6","0","1","0","0","1","2","1","Ir de compras","Reducción de estrés y ansiedad","Deportes colectivos (futbol, basket, vóley).","Mala","No","100","Nunca","Poco","Bastante","A veces"
"2026/05/17 9:44:07 p.m. GMT-5","7","Femenino","57","1.57","18","Ingeniería, Tecnología y Construcción.","3","6","1","7","Omnívora: Consume alimentos de origen animal y vegetal.","3","2","7","2","Bajo","Regular","6","0","1","0","0","0","2","1","Otros motivos","Mejora del rendimiento físico / Estética.","Aeróbica (correr, nadar, bicicleta).","Regular","No","30","A veces","Bastante","Bastante","Frecuentemente"
"2026/05/17 9:47:26 p.m. GMT-5","7","Masculino","56","1.70","19","Ingeniería, Tecnología y Construcción.","5","5","5","2","Frugívora/Frutariana: Basada principalmente en el consumo de frutas.","3","5","5","3","Regular","Regular","6","4","3","4","3","2","3","1.8","Jugar videojuegos","Recreación y socialización con amigos.","Mixta.","Buena","No","5","Rara vez","Poco","Poco","Rara vez"
"2026/05/17 9:58:47 p.m. GMT-5","7","Masculino","78","1.85","20","Administración, Negocios y Contabilidad.","7","4","2.5","5","Frugívora/Frutariana: Basada principalmente en el consumo de frutas.","3","3","4","5","Regular","Regular","6","2","3","4","3","3","3","1.8","Jugar videojuegos","Recreación y socialización con amigos.","Mixta.","Buena","No","7","A veces","Regular","Regular","Frecuentemente"
"2026/05/17 9:59:27 p.m. GMT-5","7","Masculino","62","1.65","18","Ingeniería, Tecnología y Construcción.","3","4","3.5","5","Omnívora: Consume alimentos de origen animal y vegetal.","3","1","4","2","Bajo","Regular","5.3","1","2","3","1","2","3","2","Jugar videojuegos","Recreación y socialización con amigos.","Deportes colectivos (futbol, basket, vóley).","Regular","No","20","A veces","Regular","Regular","A veces"
"2026/05/17 10:04:47 p.m. GMT-5","7","Femenino","70","1.6","18","Ingeniería, Tecnología y Construcción.","2","5","1","2","Omnívora: Consume alimentos de origen animal y vegetal.","4","3","2","1","Muy bajo","Regular","6","0","3","2","1","3","2","2","Dormir más horas que lo habitual","Recreación y socialización con amigos.","No realizo actividad física.","Regular","No","200","Rara vez","Poco","Bastante","Frecuentemente"
"2026/05/17 10:16:52 p.m. GMT-5","7","Femenino","56","1.78","20","Ingeniería, Tecnología y Construcción.","5","5","5","5","Flexitariana: Es una dieta principalmente vegetariana, pero que permite el consumo ocasional de carne o pescado.","3","3","5","3","Regular","Regular","6","4","3","4","3","3","3","1.8","Jugar videojuegos","Reducción de estrés y ansiedad","Anaeróbica (pesas, entrenamiento de fuerza).","Regular","No","8","Frecuentemente","Regular","Poco","A veces"
"2026/05/17 10:24:29 p.m. GMT-5","7","Femenino","42","1.68","18","Ingeniería, Tecnología y Construcción.","3","6","1","9","Omnívora: Consume alimentos de origen animal y vegetal.","2","1","0","0","Muy bajo","Regular","6","0","2","0","0","3","4","1.5","Dormir más horas que lo habitual","Reducción de estrés y ansiedad","No realizo actividad física.","Buena","No","0","Frecuentemente","Muy poco","Regular","A veces"
"2026/05/17 10:40:53 p.m. GMT-5","7","Femenino","65","1.75","21","Ingeniería, Tecnología y Construcción.","5","6","3","14","Vegana: Dieta estricta basada exclusivamente en alimentos de origen vegetal, excluyendo cualquier producto animal.","3","3","5","5","Regular","Buena","8","5","3","5","3","4","4","2","Salir a pasear o conversar con mis amigos","Recreación y socialización con amigos.","Mixta.","Buena","No","8","A veces","Regular","Poco","A veces"
"2026/05/17 10:44:00 p.m. GMT-5","7","Masculino","72","1.85","22","Administración, Negocios y Contabilidad.","6","5","4","5","Flexitariana: Es una dieta principalmente vegetariana, pero que permite el consumo ocasional de carne o pescado.","3","5","5","5","Regular","Regular","8","3","3","4","3","2","3","2","Salir a pasear o conversar con mis amigos","Recreación y socialización con amigos.","Mixta.","Regular","No","7","Frecuentemente","Bastante","Regular","Frecuentemente"
"2026/05/17 10:46:24 p.m. GMT-5","7","Femenino","51","1.55","18","Ingeniería, Tecnología y Construcción.","2","5","1.0","6","Omnívora: Consume alimentos de origen animal y vegetal.","3","2","0","1","Bajo","Regular","5","0","1","0","0","0","4","2","Dormir más horas que lo habitual","Mejora del rendimiento físico / Estética.","No realizo actividad física.","Regular","No","30","A veces","Regular","Bastante","A veces"
"2026/05/17 10:46:39 p.m. GMT-5","7","Masculino","65","1.83","20","Ciencias de la Salud.","7","4","3","12","Flexitariana: Es una dieta principalmente vegetariana, pero que permite el consumo ocasional de carne o pescado.","3","3","4","4","Regular","Regular","8","4","3","5","3","3","2","3","Realizar actividad física","Mejora del rendimiento físico / Estética.","Mixta.","Buena","No","5","Frecuentemente","Regular","Regular","Frecuentemente"
"2026/05/17 10:50:23 p.m. GMT-5","7","Femenino","46","1.50","18","Ingeniería, Tecnología y Construcción.","1","6","1","3","Omnívora: Consume alimentos de origen animal y vegetal.","2","2","0","0","Muy bajo","Regular","5","0","4","0","0","0","3","2","Salir a pasear o conversar con mis amigos","Mejora del rendimiento físico / Estética.","No realizo actividad física.","Regular","No","0","A veces","Bastante","Regular","A veces"
"2026/05/17 10:53:04 p.m. GMT-5","7","Masculino","60","1.80","23","Ciencias de la Salud.","8","6","5","9","Flexitariana: Es una dieta principalmente vegetariana, pero que permite el consumo ocasional de carne o pescado.","3","4","4","4","Regular","Buena","8","2","3","6","3","3","2","3","Salir a pasear o conversar con mis amigos","Recreación y socialización con amigos.","Mixta.","Regular","No","6","Frecuentemente","Bastante","Bastante","Siempre"
"2026/05/17 10:54:30 p.m. GMT-5","7","Femenino","60","1.67","18","Ingeniería, Tecnología y Construcción.","1","6","10","12","Omnívora: Consume alimentos de origen animal y vegetal.","3","2","0","4","Alto","Regular","7","4","3","2","1","2","3","1","Realizar actividad física","Reducción de estrés y ansiedad","Mixta.","Buena","No","500","Frecuentemente","Bastante","Bastante","Frecuentemente"
"2026/05/17 10:57:01 p.m. GMT-5","7","Masculino","66","1.60","20","Ingeniería, Tecnología y Construcción.","5","4","4","10","Flexitariana: Es una dieta principalmente vegetariana, pero que permite el consumo ocasional de carne o pescado.","3","5","5","4","Alto","Buena","8","1","3","3","3","3","1","3","Salir a pasear o conversar con mis amigos","Reducción de estrés y ansiedad","Mixta.","Buena","No","5","Frecuentemente","Bastante","Bastante","Siempre"
"2026/05/17 10:58:03 p.m. GMT-5","7","Femenino","65","1.55","17","Ingeniería, Tecnología y Construcción.","1","6","5","4.5","Omnívora: Consume alimentos de origen animal y vegetal.","2","3","3","4","Regular","Muy mala","6","0","0","0","0","1","3","2","Jugar videojuegos","Reducción de estrés y ansiedad","Mixta.","Regular","No","0","A veces","Muy poco","Regular","A veces"
"2026/05/17 11:00:57 p.m. GMT-5","7","Masculino","68","1.70","19","Administración, Negocios y Contabilidad.","4","7","8","6","Crudista: Consiste en consumir alimentos crudos o cocinados a bajas temperaturas, generalmente orgánicos.","3","2","1","5","Muy alto","Muy buena","9","2","2","1","1","2","1","4","Realizar actividad física","Reducción de estrés y ansiedad","Deportes colectivos (futbol, basket, vóley).","Buena","No","15","Frecuentemente","Poco","Poco","Frecuentemente"
"2026/05/17 11:06:40 p.m. GMT-5","7","Masculino","85","1.80","18","Ingeniería, Tecnología y Construcción.","3","5","6","6","Omnívora: Consume alimentos de origen animal y vegetal.","2","1","0","4","Regular","Muy buena","8","1","0","0","0","0","1","5","Realizar actividad física","Mejora del rendimiento físico / Estética.","Aeróbica (correr, nadar, bicicleta).","Muy buena","No","30","Siempre","Bastante","Regular","Frecuentemente"
"2026/05/17 11:09:43 p.m. GMT-5","7","Masculino","89","1.80","18","Ingeniería, Tecnología y Construcción.","1","4","7","1","Omnívora: Consume alimentos de origen animal y vegetal.","3","1","2","5","Bajo","Regular","7","2","2","1","1","3","0","2","Otros motivos","Mejora del rendimiento físico / Estética.","Anaeróbica (pesas, entrenamiento de fuerza).","Regular","Sí","100","A veces","Bastante","Regular","Frecuentemente"
"2026/05/17 11:10:01 p.m. GMT-5","7","Masculino","59","1.61","17","Ingeniería, Tecnología y Construcción.","2","6","4","6","Vegana: Dieta estricta basada exclusivamente en alimentos de origen vegetal, excluyendo cualquier producto animal.","3","2","1","3","Regular","Regular","8","2","3","1","1","1","2","3.5","Otros motivos","Recreación y socialización con amigos.","Mixta.","Regular","No","15","A veces","Poco","Regular","A veces"
"2026/05/17 11:10:03 p.m. GMT-5","7","Femenino","53","1.57","17","Ingeniería, Tecnología y Construcción.","1","6","2","5","Omnívora: Consume alimentos de origen animal y vegetal.","3","3","5","3","Regular","Regular","7","0","1","0","0","2","3","1.5","Salir a pasear o conversar con mis amigos","Mejora del rendimiento físico / Estética.","Aeróbica (correr, nadar, bicicleta).","Regular","No","20","A veces","Poco","Regular","Frecuentemente"
"2026/05/17 11:10:15 p.m. GMT-5","7","Masculino","55","1.72","18","Ingeniería, Tecnología y Construcción.","3","6","2","5","Omnívora: Consume alimentos de origen animal y vegetal.","3","2","2","2","Regular","Regular","7","1","3","1","1","1","2","1.5","Jugar videojuegos","Mejora del rendimiento físico / Estética.","Anaeróbica (pesas, entrenamiento de fuerza).","Regular","No","10","Frecuentemente","Bastante","Bastante","Frecuentemente"
"2026/05/17 11:11:19 p.m. GMT-5","7","Masculino","87","1.80","18","Ingeniería, Tecnología y Construcción.","3","6","8","6","Omnívora: Consume alimentos de origen animal y vegetal.","2","1","3","4","Regular","Mala","6","4","1","1","1","2","4","2.2","Salir a pasear o conversar con mis amigos","Recreación y socialización con amigos.","Deportes colectivos (futbol, basket, vóley).","Regular","No","0","Frecuentemente","Regular","Bastante","Rara vez"
"2026/05/17 11:19:37 p.m. GMT-5","7","Masculino","68","1.65","18","Ingeniería, Tecnología y Construcción.","4","5","7","6","Omnívora: Consume alimentos de origen animal y vegetal.","3","1","0","4","Alto","Buena","8","1","2","1","1","2","1","4","Realizar actividad física","Mejora del rendimiento físico / Estética.","Aeróbica (correr, nadar, bicicleta).","Regular","No","30","Frecuentemente","Poco","Regular","Frecuentemente"
"2026/05/17 11:19:50 p.m. GMT-5","7","Femenino","60","1.56","20","Ingeniería, Tecnología y Construcción.","1","8","8","5","Omnívora: Consume alimentos de origen animal y vegetal.","2","2","4","4","Regular","Regular","6","0","3","0","0","1","3","2","Realizar actividad física","Mejora del rendimiento físico / Estética.","Anaeróbica (pesas, entrenamiento de fuerza).","Regular","No","10","A veces","Bastante","Bastante","A veces"
"2026/05/17 11:20:09 p.m. GMT-5","7","Femenino","61","1.59","24","Humanidades, Artes y Educación.","3","4","1","2","Omnívora: Consume alimentos de origen animal y vegetal.","3","3","2","0","Bajo","Regular","8","1","4","2","1","0","2","2","Realizar actividad física","Reducción de estrés y ansiedad","No realizo actividad física.","Regular","No","100","A veces","Regular","Bastante","Frecuentemente"
"2026/05/17 11:30:19 p.m. GMT-5","7","Masculino","65","1.70","20","Ingeniería, Tecnología y Construcción.","6","5","4.5","6","Omnívora: Consume alimentos de origen animal y vegetal.","2","1","0","6","Alto","Buena","8","1","0","0","0","0","1","5","Realizar actividad física","Mejora del rendimiento físico / Estética.","Anaeróbica (pesas, entrenamiento de fuerza).","Muy buena","No","40","Siempre","Regular","Poco","Frecuentemente"
"2026/05/17 11:31:18 p.m. GMT-5","7","Femenino","53","1.68","19","Ingeniería, Tecnología y Construcción.","2","5","4.5","3","Omnívora: Consume alimentos de origen animal y vegetal.","5","2","3","3","Bajo","Regular","5","0","3","0","0","0","3","1","Realizar actividad física","Mejora del rendimiento físico / Estética.","Mixta.","Regular","No","0","Frecuentemente","Regular","Regular","Frecuentemente"
"2026/05/17 11:35:54 p.m. GMT-5","7","Femenino","70","1.6","18","Ingeniería, Tecnología y Construcción.","2","5","1","2","Omnívora: Consume alimentos de origen animal y vegetal.","4","2","2","1","Muy bajo","Regular","5","0","3","2","1","3","2","2","Dormir más horas que lo habitual","Reducción de estrés y ansiedad","Aeróbica (correr, nadar, bicicleta).","Regular","No","200","Rara vez","Bastante","Bastante","Frecuentemente"
"2026/05/17 11:44:34 p.m. GMT-5","7","Masculino","58","1.74","22","Administración, Negocios y Contabilidad.","7","4","5","5","Flexitariana: Es una dieta principalmente vegetariana, pero que permite el consumo ocasional de carne o pescado.","3","4","5","6","Regular","Regular","7","3","3","5","3","3","3","3","Ir de compras","Recreación y socialización con amigos.","Mixta.","Buena","No","6","Frecuentemente","Bastante","Bastante","Siempre"
"2026/05/17 11:48:13 p.m. GMT-5","7","Masculino","65","1.8","20","Ingeniería, Tecnología y Construcción.","7","5","6","6","Omnívora: Consume alimentos de origen animal y vegetal.","3","1","0","5","Alto","Regular","9","1","0","2","1","1","1","4.5","Realizar actividad física","Recreación y socialización con amigos.","Aeróbica (correr, nadar, bicicleta).","Buena","No","10","Frecuentemente","Regular","Regular","Frecuentemente"
"2026/05/17 11:48:42 p.m. GMT-5","7","Femenino","58","1.72","19","Ciencias Sociales y Derecho.","5","4","2.5","7","Vegana: Dieta estricta basada exclusivamente en alimentos de origen vegetal, excluyendo cualquier producto animal.","3","3","5","5","Alto","Buena","6","0","3","3","3","3","3","3","Jugar videojuegos","Salud general y recomendación médica.","Mixta.","Muy buena","No","6","Siempre","Bastante","Bastante","Siempre"
"2026/05/17 11:49:06 p.m. GMT-5","7","Masculino","68","1.73","18","Ingeniería, Tecnología y Construcción.","2","7","2","2","Omnívora: Consume alimentos de origen animal y vegetal.","3","1","6","1","Regular","Regular","4","0","3","0","0","2","1","9","Jugar videojuegos","Mejora del rendimiento físico / Estética.","Anaeróbica (pesas, entrenamiento de fuerza).","Buena","No","0","Frecuentemente","Regular","Poco","Frecuentemente"
"2026/05/17 11:55:06 p.m. GMT-5","7","Masculino","65","1.63","18","Ingeniería, Tecnología y Construcción.","1","5","1","10 ","Omnívora: Consume alimentos de origen animal y vegetal.","2","3","2","2","Regular","Muy mala","4","2","1","2","1","3","3","1.5","Jugar videojuegos","Reducción de estrés y ansiedad","Deportes colectivos (futbol, basket, vóley).","Muy mala","No","180","Nunca","Poco","Regular","Rara vez"
"2026/05/17 11:58:10 p.m. GMT-5","7","Masculino","54","1.75","23","Ingeniería, Tecnología y Construcción.","5","4","4","12","Vegana: Dieta estricta basada exclusivamente en alimentos de origen vegetal, excluyendo cualquier producto animal.","3","4","5","3","Regular","Regular","6","3","3","5","3","4","3","3","Ir de compras","Recreación y socialización con amigos.","Aeróbica (correr, nadar, bicicleta).","Regular","No","6","Frecuentemente","Bastante","Bastante","Siempre"
"2026/05/17 11:58:15 p.m. GMT-5","7","Masculino","70","1.65","18","Ingeniería, Tecnología y Construcción.","1","9","1","3.5","Omnívora: Consume alimentos de origen animal y vegetal.","2","5","1","1","Muy bajo","Muy mala","5","7","0","2","2","2","3","1","Salir a pasear o conversar con mis amigos","Recreación y socialización con amigos.","Mixta.","Regular","No","200","A veces","Regular","Poco","A veces"
"2026/05/18 12:00:54 a.m. GMT-5","7","Masculino","58","1.73","20","Ciencias de la Salud.","6","5","4","5","Vegetariana: Excluye carne y pescado.","3","4","5","4","Regular","Regular","6","2","3","4","3","4","4","3","Salir a pasear o conversar con mis amigos","Reducción de estrés y ansiedad","Anaeróbica (pesas, entrenamiento de fuerza).","Regular","No","5","Frecuentemente","Bastante","Bastante","Siempre"
"2026/05/18 12:03:27 a.m. GMT-5","7","Masculino","72","1.73","19","Ingeniería, Tecnología y Construcción.","6","5","4","6","Flexitariana: Es una dieta principalmente vegetariana, pero que permite el consumo ocasional de carne o pescado.","3","2","5","4","Regular","Regular","6","0","3","4","2","3","3","3","Salir a pasear o conversar con mis amigos","Recreación y socialización con amigos.","Mixta.","Buena","No","5","Frecuentemente","Bastante","Bastante","Siempre"
"2026/05/18 12:06:49 a.m. GMT-5","7","Femenino","80","1.63","22","Ciencias Sociales y Derecho.","6","4","3","6","Omnívora: Consume alimentos de origen animal y vegetal.","3","2","4","3","Regular","Regular","6","0","3","2","3","3","3","2","Ir de compras","Recreación y socialización con amigos.","Anaeróbica (pesas, entrenamiento de fuerza).","Buena","No","5","A veces","Regular","Regular","A veces"
"2026/05/18 12:09:47 a.m. GMT-5","7","Masculino","72","1.58","21","Ciencias Sociales y Derecho.","6","4","5","8","Flexitariana: Es una dieta principalmente vegetariana, pero que permite el consumo ocasional de carne o pescado.","3","3","4","3","Regular","Regular","6","0","3","5","3","2","3","2","Salir a pasear o conversar con mis amigos","Mejora del rendimiento físico / Estética.","Anaeróbica (pesas, entrenamiento de fuerza).","Buena","No","7","Frecuentemente","Bastante","Bastante","Siempre"
"2026/05/18 12:17:28 a.m. GMT-5","7","Masculino","69","1.84","20","Ciencias Sociales y Derecho.","5","4","5","6","Flexitariana: Es una dieta principalmente vegetariana, pero que permite el consumo ocasional de carne o pescado.","3","3","5","5","Regular","Buena","6","0","3","2","3","3","3","2","Ir de compras","Recreación y socialización con amigos.","Anaeróbica (pesas, entrenamiento de fuerza).","Buena","No","6","Frecuentemente","Bastante","Bastante","Frecuentemente"
"2026/05/18 12:20:28 a.m. GMT-5","7","Masculino","63","1.74","20","Administración, Negocios y Contabilidad.","5","5","5","6","Flexitariana: Es una dieta principalmente vegetariana, pero que permite el consumo ocasional de carne o pescado.","3","4","5","5","Regular","Regular","6","0","3","3","3","3","3","2","Salir a pasear o conversar con mis amigos","Reducción de estrés y ansiedad","Anaeróbica (pesas, entrenamiento de fuerza).","Regular","No","8","Frecuentemente","Bastante","Bastante","Siempre"
"2026/05/18 12:22:53 a.m. GMT-5","7","Masculino","70","1.68","21","Ingeniería, Tecnología y Construcción.","10","2","1","10","Omnívora: Consume alimentos de origen animal y vegetal.","3","1","0","0","Bajo","Regular","6","1","3","0","0","0","3","1.5","Salir a pasear o conversar con mis amigos","Salud general y recomendación médica.","Aeróbica (correr, nadar, bicicleta).","Regular","No","50","Frecuentemente","Bastante","Bastante","Frecuentemente"
"2026/05/18 12:23:30 a.m. GMT-5","7","Masculino","58","1.62","20","Ciencias de la Salud.","6","4","8","11","Frugívora/Frutariana: Basada principalmente en el consumo de frutas.","3","2","4","5","Alto","Buena","8","2","3","4","2","3","2","2","Jugar videojuegos","Reducción de estrés y ansiedad","Anaeróbica (pesas, entrenamiento de fuerza).","Regular","No","8","Frecuentemente","Bastante","Bastante","Siempre"
"2026/05/18 12:26:43 a.m. GMT-5","7","Masculino","65","1.62","22","Ciencias Sociales y Derecho.","5","5","6","6","Vegana: Dieta estricta basada exclusivamente en alimentos de origen vegetal, excluyendo cualquier producto animal.","3","4","4","5","Alto","Muy buena","10","0","3","2","3","3","3","3","Ir de compras","Reducción de estrés y ansiedad","Mixta.","Buena","No","5","A veces","Bastante","Bastante","Siempre"
"2026/05/18 12:31:12 a.m. GMT-5","7","Masculino","85","1.55","20","Ingeniería, Tecnología y Construcción.","5","4","2","8","Flexitariana: Es una dieta principalmente vegetariana, pero que permite el consumo ocasional de carne o pescado.","3","2","4","5","Alto","Muy buena","10","0","4","4","3","3","3","2","Jugar videojuegos","Recreación y socialización con amigos.","Mixta.","Buena","No","8","Frecuentemente","Bastante","Bastante","Siempre"
"2026/05/18 12:35:48 a.m. GMT-5","7","Masculino","60","1.72","21","Humanidades, Artes y Educación.","5","5","5","9","Omnívora: Consume alimentos de origen animal y vegetal.","3","2","4","4","Alto","Buena","8","3","2","3","3","3","3","2","Jugar videojuegos","Recreación y socialización con amigos.","Mixta.","Regular","No","10","Frecuentemente","Regular","Regular","Frecuentemente"
"2026/05/18 12:39:09 a.m. GMT-5","7","Femenino","54","1.84","20","Ciencias Sociales y Derecho.","6","4","3","6","Flexitariana: Es una dieta principalmente vegetariana, pero que permite el consumo ocasional de carne o pescado.","3","2","4","3","Alto","Buena","6","2","3","2","2","3","3","2","Ir de compras","Reducción de estrés y ansiedad","Anaeróbica (pesas, entrenamiento de fuerza).","Buena","No","8","Frecuentemente","Bastante","Bastante","Siempre"
"2026/05/18 12:46:05 a.m. GMT-5","7","Masculino","80","1.74","20","Ingeniería, Tecnología y Construcción.","5","4","4","5","Vegana: Dieta estricta basada exclusivamente en alimentos de origen vegetal, excluyendo cualquier producto animal.","3","2","3","4","Alto","Buena","8","2","3","5","3","2","3","2","Ir de compras","Recreación y socialización con amigos.","Mixta.","Buena","No","5","Frecuentemente","Bastante","Bastante","Siempre"
"2026/05/18 12:49:18 a.m. GMT-5","7","Masculino","80","1.80","22","Administración, Negocios y Contabilidad.","6","4","3","5","Frugívora/Frutariana: Basada principalmente en el consumo de frutas.","3","2","4","5","Regular","Buena","8","3","3","5","3","3","3","2","Salir a pasear o conversar con mis amigos","Reducción de estrés y ansiedad","Mixta.","Buena","No","15","Frecuentemente","Bastante","Bastante","Siempre"
"2026/05/18 12:54:17 a.m. GMT-5","7","Masculino","54","1.86","20","Ingeniería, Tecnología y Construcción.","6","4","6","8","Frugívora/Frutariana: Basada principalmente en el consumo de frutas.","3","2","5","3","Regular","Buena","9","1","4","5","3","3","3","2","Jugar videojuegos","Recreación y socialización con amigos.","Mixta.","Buena","No","5","Frecuentemente","Bastante","Bastante","Siempre"
"2026/05/18 12:58:07 a.m. GMT-5","7","Masculino","59","1.67","22","Humanidades, Artes y Educación.","8","6","3","3","Frugívora/Frutariana: Basada principalmente en el consumo de frutas.","3","3","3","4","Alto","Buena","8","0","3","5","3","3","3","2","Jugar videojuegos","Recreación y socialización con amigos.","Mixta.","Buena","No","8","Frecuentemente","Bastante","Bastante","Siempre"
"2026/05/18 1:02:14 a.m. GMT-5","7","Masculino","62","1.64","21","Ingeniería, Tecnología y Construcción.","6","4","3","6","Frugívora/Frutariana: Basada principalmente en el consumo de frutas.","3","1","4","5","Alto","Buena","8","3","3","5","4","3","3","2","Ir de compras","Reducción de estrés y ansiedad","Anaeróbica (pesas, entrenamiento de fuerza).","Buena","No","8","Frecuentemente","Bastante","Bastante","Siempre"
"2026/05/18 1:05:19 a.m. GMT-5","7","Masculino","83","1.84","21","Ingeniería, Tecnología y Construcción.","6","4","3","5","Flexitariana: Es una dieta principalmente vegetariana, pero que permite el consumo ocasional de carne o pescado.","3","1","5","2","Alto","Muy buena","10","1","3","5","3","3","3","2","Ir de compras","Recreación y socialización con amigos.","Mixta.","Buena","No","10","Frecuentemente","Bastante","Bastante","Siempre"
"2026/05/18 1:08:24 a.m. GMT-5","7","Masculino","58","1.72","20","Ciencias de la Salud.","6","4","5","5","Flexitariana: Es una dieta principalmente vegetariana, pero que permite el consumo ocasional de carne o pescado.","3","2","3","5","Regular","Regular","6","0","3","5","3","3","3","2","Jugar videojuegos","Recreación y socialización con amigos.","Anaeróbica (pesas, entrenamiento de fuerza).","Regular","No","10","Frecuentemente","Bastante","Bastante","Siempre"
"2026/05/18 1:11:09 a.m. GMT-5","7","Masculino","63","1.75","22","Administración, Negocios y Contabilidad.","5","4","2.5","5","Flexitariana: Es una dieta principalmente vegetariana, pero que permite el consumo ocasional de carne o pescado.","3","2","3","4","Alto","Regular","6","3","3","3","3","3","3","2","Salir a pasear o conversar con mis amigos","Reducción de estrés y ansiedad","Mixta.","Buena","No","10","Frecuentemente","Bastante","Bastante","Siempre"
"2026/05/18 1:13:50 a.m. GMT-5","7","Masculino","83","1.84","22","Ingeniería, Tecnología y Construcción.","6","4","5","5","Flexitariana: Es una dieta principalmente vegetariana, pero que permite el consumo ocasional de carne o pescado.","3","2","4","3","Alto","Regular","6","2","3","2","3","3","3","2","Ir de compras","Recreación y socialización con amigos.","Mixta.","Buena","No","10","Frecuentemente","Bastante","Bastante","Frecuentemente"
"2026/05/18 1:16:40 a.m. GMT-5","7","Masculino","84","1.83","19","Ingeniería, Tecnología y Construcción.","6","4","5","5","Omnívora: Consume alimentos de origen animal y vegetal.","3","2","5","4","Alto","Buena","8","3","3","2","4","3","3","2","Salir a pasear o conversar con mis amigos","Reducción de estrés y ansiedad","Mixta.","Buena","No","15","Frecuentemente","Bastante","Bastante","Siempre"
"2026/05/18 1:19:35 a.m. GMT-5","7","Masculino","71","1.71","22","Ingeniería, Tecnología y Construcción.","6","4","3","3","Flexitariana: Es una dieta principalmente vegetariana, pero que permite el consumo ocasional de carne o pescado.","3","2","5","5","Muy alto","Regular","6","1","3","2","4","3","3","2","Dormir más horas que lo habitual","Recreación y socialización con amigos.","Anaeróbica (pesas, entrenamiento de fuerza).","Buena","No","15","Frecuentemente","Bastante","Bastante","Siempre"
"2026/05/18 1:22:06 a.m. GMT-5","7","Masculino","80","1.80","19","Ingeniería, Tecnología y Construcción.","6","5","6","6","Frugívora/Frutariana: Basada principalmente en el consumo de frutas.","3","2","4","4","Alto","Regular","6","5","3","2","3","3","3","2","Salir a pasear o conversar con mis amigos","Reducción de estrés y ansiedad","Anaeróbica (pesas, entrenamiento de fuerza).","Regular","No","15","Siempre","Bastante","Bastante","Siempre"
"2026/05/18 5:43:57 a.m. GMT-5","7","Femenino","60","1.56","17","Ingeniería, Tecnología y Construcción.","1","6","1","4","Omnívora: Consume alimentos de origen animal y vegetal.","3","1","6","2","Bajo","Regular","6","0","2","0","0","0","3","2.5","Otros motivos","Reducción de estrés y ansiedad","No realizo actividad física.","Regular","No","5","Frecuentemente","Bastante","Bastante","Frecuentemente"
"2026/05/18 7:41:58 a.m. GMT-5","7","Femenino","44","1.59","17","Ingeniería, Tecnología y Construcción.","1","6","1","3","Omnívora: Consume alimentos de origen animal y vegetal.","3","1","6","3","Bajo","Buena","8","0","3","0","0","0","3","1.5","Otros motivos","Salud general y recomendación médica.","Mixta.","Regular","Sí","300","A veces","Bastante","Bastante","Frecuentemente"
"2026/05/18 9:43:59 a.m. GMT-5","7","Masculino","54","1.66","19","Ingeniería, Tecnología y Construcción.","4","7","1","10","Flexitariana: Es una dieta principalmente vegetariana, pero que permite el consumo ocasional de carne o pescado.","3","2","0","2","Regular","Mala","6","1","3","0","0","1","2","1","Realizar actividad física","Mejora del rendimiento físico / Estética.","Deportes colectivos (futbol, basket, vóley).","Regular","No","10","A veces","Bastante","Bastante","Frecuentemente"
"2026/05/18 9:55:27 a.m. GMT-5","8","Masculino","78","1.74","19","Ingeniería, Tecnología y Construcción.","1","7","5","12","Omnívora: Consume alimentos de origen animal y vegetal.","2","1","6","5","Regular","Mala","5","0","2","2","1","3","1","1","Jugar videojuegos","Mejora del rendimiento físico / Estética.","Anaeróbica (pesas, entrenamiento de fuerza).","Buena","No","200","Frecuentemente","Bastante","Bastante","Frecuentemente"
"2026/05/18 9:58:02 a.m. GMT-5","8","Masculino","61","1.71","17","Ingeniería, Tecnología y Construcción.","1","5","5","1","Omnívora: Consume alimentos de origen animal y vegetal.","3","1","6","4","Regular","Regular","5","0","3","5","2","3","1","4","Jugar videojuegos","Mejora del rendimiento físico / Estética.","Anaeróbica (pesas, entrenamiento de fuerza).","Regular","No","10","Frecuentemente","Regular","Poco","A veces"
"2026/05/18 10:03:01 a.m. GMT-5","7","Masculino","73","1.70","18","Ingeniería, Tecnología y Construcción.","3","5","2","17","Omnívora: Consume alimentos de origen animal y vegetal.","3","1","0","2","Regular","Regular","6","0","3","0","0","1","1","2","Jugar videojuegos","Mejora del rendimiento físico / Estética.","Mixta.","Buena","No","20","Frecuentemente","Regular","Regular","Frecuentemente"
"2026/05/18 10:16:05 a.m. GMT-5","7","Femenino","70","1.66","19","Ingeniería, Tecnología y Construcción.","3","6","1.0","5","Omnívora: Consume alimentos de origen animal y vegetal.","2","3","0","1","Bajo","Regular","6","1","2","0","0","1","3","1.0","Realizar actividad física","Reducción de estrés y ansiedad","Mixta.","Regular","No","20","A veces","Bastante","Bastante","A veces"
"2026/05/18 10:29:36 a.m. GMT-5","7","Femenino","60","1.54","18","Ingeniería, Tecnología y Construcción.","3","6","4","5","Omnívora: Consume alimentos de origen animal y vegetal.","2","2","0","1","Muy bajo","Regular","6","1","0","0","0","0","3","1","Salir a pasear o conversar con mis amigos","Recreación y socialización con amigos.","Mixta.","Regular","No","100","A veces","Bastante","Bastante","Frecuentemente"
"2026/05/18 11:08:25 a.m. GMT-5","7","Masculino","66","1.80","20","Ingeniería, Tecnología y Construcción.","7","6","1","3","Omnívora: Consume alimentos de origen animal y vegetal.","3","1","4","0","Bajo","Regular","6","0","3","0","0","2","3","2","Realizar actividad física","Reducción de estrés y ansiedad","Anaeróbica (pesas, entrenamiento de fuerza).","Regular","No","100","A veces","Bastante","Bastante","Frecuentemente"
"2026/05/18 11:14:21 a.m. GMT-5","7","Masculino","77","1.70","21","Ingeniería, Tecnología y Construcción.","6","6","4","6","Flexitariana: Es una dieta principalmente vegetariana, pero que permite el consumo ocasional de carne o pescado.","3","2","2","2","Regular","Regular","7","0","3","3","1","3","2","3","Salir a pasear o conversar con mis amigos","Recreación y socialización con amigos.","Deportes colectivos (futbol, basket, vóley).","Regular","No","10","A veces","Regular","Bastante","A veces"
"2026/05/18 11:15:44 a.m. GMT-5","7","Masculino","68","1.66","23","Ingeniería, Tecnología y Construcción.","7","5","5","10","Omnívora: Consume alimentos de origen animal y vegetal.","3","2","4","3","Regular","Mala","5","0","2","0","0","0","3","2","Dormir más horas que lo habitual","Mejora del rendimiento físico / Estética.","Anaeróbica (pesas, entrenamiento de fuerza).","Regular","No","","","","",""
"2026/05/18 11:19:06 a.m. GMT-5","7","Masculino","68","1.7","21","Ingeniería, Tecnología y Construcción.","3","4","2","10","Omnívora: Consume alimentos de origen animal y vegetal.","2","1","1","2","Bajo","Regular","6","0","0","0","0","0","2","1","Dormir más horas que lo habitual","Salud general y recomendación médica.","Aeróbica (correr, nadar, bicicleta).","Regular","No","40","A veces","Muy poco","Regular","A veces"
"2026/05/18 11:19:59 a.m. GMT-5","7","Masculino","80","1.72","23","Ingeniería, Tecnología y Construcción.","8","4","4","5","Omnívora: Consume alimentos de origen animal y vegetal.","2","1","4","4","Regular","Regular","5","4","1","0","2","3","3","2","Jugar videojuegos","Mejora del rendimiento físico / Estética.","Mixta.","Regular","No","40","Frecuentemente","Regular","Regular","Frecuentemente"
"2026/05/18 11:20:26 a.m. GMT-5","7","Masculino","70","1.80","21","Ingeniería, Tecnología y Construcción.","9","6","6","14","Omnívora: Consume alimentos de origen animal y vegetal.","3","2","0","4","Regular","Buena","8","0","3","0","0","1","1","3.5","Jugar videojuegos","Mejora del rendimiento físico / Estética.","Anaeróbica (pesas, entrenamiento de fuerza).","Muy buena","No","150","Frecuentemente","Bastante","Bastante","Siempre"
"2026/05/18 11:22:35 a.m. GMT-5","7","Masculino","57","1.68","20","Ingeniería, Tecnología y Construcción.","4","5","3","3","Vegetariana: Excluye carne y pescado.","2","3","4","1","Bajo","Regular","6","4","2","5","2","1","2","3","Dormir más horas que lo habitual","Recreación y socialización con amigos.","Mixta.","Regular","No","40","A veces","Muy poco","Poco","A veces"
"2026/05/18 11:22:45 a.m. GMT-5","7","Femenino","50","1.63","18","Ingeniería, Tecnología y Construcción.","1","8","1","3.5","Omnívora: Consume alimentos de origen animal y vegetal.","2","1","3","0","Muy bajo","Regular","5","0","1","0","0","0","3","1.5","Salir a pasear o conversar con mis amigos","Reducción de estrés y ansiedad","Deportes colectivos (futbol, basket, vóley).","Regular","Sí","30","A veces","Regular","Regular","A veces"
"2026/05/18 11:26:52 a.m. GMT-5","7","Femenino","50","1.58","17","Ingeniería, Tecnología y Construcción.","1","6","1","1","Omnívora: Consume alimentos de origen animal y vegetal.","3","2","0","0","Bajo","Regular","7","1","3","0","0","0","3","1","Salir a pasear o conversar con mis amigos","Recreación y socialización con amigos.","Deportes colectivos (futbol, basket, vóley).","Regular","No","","Frecuentemente","Bastante","Bastante","Frecuentemente"
"2026/05/18 11:27:59 a.m. GMT-5","7","Masculino","80","1.80","18","Ingeniería, Tecnología y Construcción.","1","7","1","3","Omnívora: Consume alimentos de origen animal y vegetal.","2","3","4","1","Regular","Mala","6","7","2","2","2","1","3","2","Salir a pasear o conversar con mis amigos","Recreación y socialización con amigos.","No realizo actividad física.","Regular","No","10","A veces","Regular","Regular","A veces"
"2026/05/18 11:28:27 a.m. GMT-5","7","Masculino","72","1.75","18","Ingeniería, Tecnología y Construcción.","1","6","7.5","2","Omnívora: Consume alimentos de origen animal y vegetal.","4","1","5","4","Alto","Mala","4.5","2","3","0","0","0","2","2","Dormir más horas que lo habitual","Mejora del rendimiento físico / Estética.","Mixta.","Regular","No","25","A veces","Regular","Regular","A veces"
"2026/05/18 11:29:23 a.m. GMT-5","7","Femenino","40","1.62","18","Ingeniería, Tecnología y Construcción.","2","4","1","6 ","Omnívora: Consume alimentos de origen animal y vegetal.","2","2","6","0","Bajo","Mala","6","0","0","0","0","2","4","1","Ir de compras","Recreación y socialización con amigos.","Deportes colectivos (futbol, basket, vóley).","Mala","Sí","50","Rara vez","Regular","Bastante","Rara vez"
"2026/05/18 11:30:26 a.m. GMT-5","7","Masculino","72","1.72","18","Ingeniería, Tecnología y Construcción.","3","5","2.5","1.5","Omnívora: Consume alimentos de origen animal y vegetal.","3","2","0","3","Alto","Regular","6.5","1","2","0","0","1","2","2","Jugar videojuegos","Salud general y recomendación médica.","Anaeróbica (pesas, entrenamiento de fuerza).","Buena","No","14","Frecuentemente","Bastante","Bastante","A veces"
"2026/05/18 11:30:27 a.m. GMT-5","7","Masculino","82.4","1.89","18","Ingeniería, Tecnología y Construcción.","3","6","4","3","Omnívora: Consume alimentos de origen animal y vegetal.","3","1","0","2","Regular","Buena","8","0","3","0","0","0","3","2","Ir de compras","Salud general y recomendación médica.","Aeróbica (correr, nadar, bicicleta).","Buena","No","80","Frecuentemente","Regular","Bastante","A veces"
"2026/05/18 11:32:47 a.m. GMT-5","7","Femenino","52","1.72","19","Ingeniería, Tecnología y Construcción.","2","3","1","8","Omnívora: Consume alimentos de origen animal y vegetal.","3","1","4","0","Bajo","Mala","6","0","2","4","2","4","3","3","Realizar actividad física","Reducción de estrés y ansiedad","Mixta.","Mala","No","170","A veces","Bastante","Regular","Frecuentemente"
"2026/05/18 11:34:23 a.m. GMT-5","7","Masculino","59","1.70","19","Ingeniería, Tecnología y Construcción.","3","4","4","6","Omnívora: Consume alimentos de origen animal y vegetal.","4","1","0","3","Bajo","Regular","6","1","3","1","1","1","2","2","Otros motivos","Mejora del rendimiento físico / Estética.","Anaeróbica (pesas, entrenamiento de fuerza).","Regular","No","120","A veces","Bastante","Bastante","A veces"
"2026/05/18 11:34:26 a.m. GMT-5","7","Masculino","68","1.53","19","Ingeniería, Tecnología y Construcción.","3","4","1","3","Omnívora: Consume alimentos de origen animal y vegetal.","3","1","0","0","Bajo","Buena","6.5","0","3","0","0","0","3","1.5","Dormir más horas que lo habitual","Salud general y recomendación médica.","No realizo actividad física.","Buena","Sí","0","A veces","Regular","Regular","A veces"
"2026/05/18 11:34:33 a.m. GMT-5","7","Masculino","80","1.70","20","Ingeniería, Tecnología y Construcción.","5","5","12","5","Flexitariana: Es una dieta principalmente vegetariana, pero que permite el consumo ocasional de carne o pescado.","2","1","3","6","Regular","Regular","7","0","1","1","2","3","1","3","Realizar actividad física","Mejora del rendimiento físico / Estética.","Anaeróbica (pesas, entrenamiento de fuerza).","Regular","No","600","Frecuentemente","Bastante","Regular","Frecuentemente"
"2026/05/18 11:35:07 a.m. GMT-5","7","Femenino","59","1.60","23","Ingeniería, Tecnología y Construcción.","8","7","3","4","Omnívora: Consume alimentos de origen animal y vegetal.","2","1","3","1","Muy bajo","Regular","7","0","1","1","1","1","3","1.5","Ir de compras","Reducción de estrés y ansiedad","Mixta.","Regular","No","280","Rara vez","Regular","Regular","A veces"
"2026/05/18 11:39:40 a.m. GMT-5","7","Masculino","65","1.68","20","Ingeniería, Tecnología y Construcción.","2","4","1","14","Omnívora: Consume alimentos de origen animal y vegetal.","3","1","0","0","Muy bajo","Mala","7","0","2","0","0","1","4","1.5","Jugar videojuegos","Reducción de estrés y ansiedad","No realizo actividad física.","Mala","No","10","A veces","Regular","Regular","Rara vez"
"2026/05/18 11:41:16 a.m. GMT-5","7","Masculino","85","1.75","25","Ingeniería, Tecnología y Construcción.","5","5","10","2","Omnívora: Consume alimentos de origen animal y vegetal.","3","1","5","3","Regular","Regular","7","0","3","0","0","0","1","1","Jugar videojuegos","Reducción de estrés y ansiedad","Mixta.","Buena","No","50","Frecuentemente","Regular","Regular","Frecuentemente"
"2026/05/18 11:41:53 a.m. GMT-5","7","Masculino","89","1.71","20","Ingeniería, Tecnología y Construcción.","5","4","2","6","Omnívora: Consume alimentos de origen animal y vegetal.","3","1","6","2","Regular","Regular","8","0","3","0","0","0","2","1","Realizar actividad física","Mejora del rendimiento físico / Estética.","Deportes colectivos (futbol, basket, vóley).","Mala","No","0","A veces","Regular","Regular","A veces"
"2026/05/18 11:42:36 a.m. GMT-5","7","Femenino","60","1.57","18","Ingeniería, Tecnología y Construcción.","2","6","2","4","Omnívora: Consume alimentos de origen animal y vegetal.","2","1","5","1","Bajo","Mala","5","1","3","1","2","3","2","5","Jugar videojuegos","Recreación y socialización con amigos.","Deportes colectivos (futbol, basket, vóley).","Muy buena","No","","Frecuentemente","Poco","Poco","Frecuentemente"
"2026/05/18 12:09:05 p.m. GMT-5","7","Masculino","90","1.75","22","Ingeniería, Tecnología y Construcción.","7","6","3","6","Omnívora: Consume alimentos de origen animal y vegetal.","3","1","3","1","Muy bajo","Regular","6","0","2","1","1","4","3","3","Jugar videojuegos","Salud general y recomendación médica.","No realizo actividad física.","Regular","No","0","Frecuentemente","Poco","Poco","A veces"
"2026/05/18 12:10:42 p.m. GMT-5","7","Masculino","103","1.80","19","Ingeniería, Tecnología y Construcción.","2","5","1","2","Omnívora: Consume alimentos de origen animal y vegetal.","3","1","0","3","Regular","Regular","6","0","3","0","1","0","3","3","Realizar actividad física","Mejora del rendimiento físico / Estética.","Anaeróbica (pesas, entrenamiento de fuerza).","Regular","Sí","0","A veces","Regular","Regular","A veces"
"2026/05/18 12:23:42 p.m. GMT-5","7","Femenino","59","1.60","22","Ciencias de la Salud.","5","4","2","4","Omnívora: Consume alimentos de origen animal y vegetal.","2","2","3","0","Muy bajo","Mala","5","0","2","0","0","3","4","1","Realizar actividad física","Salud general y recomendación médica.","No realizo actividad física.","Mala","No","0","Rara vez","Bastante","Bastante","Rara vez"
"2026/05/18 12:33:40 p.m. GMT-5","7","Femenino","70","1.63","19","Ingeniería, Tecnología y Construcción.","5","6","1","5","Omnívora: Consume alimentos de origen animal y vegetal.","3","1","0","1","Bajo","Mala","5","2","3","1","1","3","3","1.5","Ir de compras","Recreación y socialización con amigos.","Mixta.","Mala","Sí","67","A veces","Regular","Regular","Frecuentemente"
"2026/05/18 12:38:40 p.m. GMT-5","7","Masculino","68","1.62","19","Ingeniería, Tecnología y Construcción.","5","5","2.5","2","Omnívora: Consume alimentos de origen animal y vegetal.","3.5","1","1","1","Bajo","Regular","6.5","0","3","0","0","1","1","2","Dormir más horas que lo habitual","Salud general y recomendación médica.","Mixta.","Regular","No","30","Rara vez","Poco","Poco","Frecuentemente"
"2026/05/18 12:38:40 p.m. GMT-5","7","Femenino","72","1.56","22","Administración, Negocios y Contabilidad.","6","6","1","2","Omnívora: Consume alimentos de origen animal y vegetal.","3","3","4","0","Muy bajo","Muy mala","6","0","2","3","1","3","4","1.5","Ir de compras","Salud general y recomendación médica.","No realizo actividad física.","Regular","No","20","Rara vez","Regular","Regular","A veces"
"2026/05/18 12:39:50 p.m. GMT-5","7","Femenino","80","1.62","19","Ingeniería, Tecnología y Construcción.","5","4","1","8","Omnívora: Consume alimentos de origen animal y vegetal.","2","1","0","1","Muy bajo","Regular","8","0","2","0","1","0","3","2","Dormir más horas que lo habitual","Mejora del rendimiento físico / Estética.","No realizo actividad física.","Muy mala","Sí","30","Nunca","Regular","Bastante","A veces"
"2026/05/18 12:41:28 p.m. GMT-5","7","Femenino","89","1.63","21","Ingeniería, Tecnología y Construcción.","3","4","7","2","Omnívora: Consume alimentos de origen animal y vegetal.","3","3","6","5","Regular","Mala","7","0","3","0","0","3","3","1.5","Otros motivos","Mejora del rendimiento físico / Estética.","Aeróbica (correr, nadar, bicicleta).","Regular","No","30","Rara vez","Regular","Bastante","Rara vez"
"2026/05/18 12:41:49 p.m. GMT-5","7","Masculino","67","1.7","19","Ingeniería, Tecnología y Construcción.","3","6","1","4","Omnívora: Consume alimentos de origen animal y vegetal.","3","2","0","0","Bajo","Regular","6","0","3","0","0","1","4","2","Salir a pasear o conversar con mis amigos","Mejora del rendimiento físico / Estética.","Aeróbica (correr, nadar, bicicleta).","Buena","No","70","Frecuentemente","Bastante","Bastante","Siempre"
"2026/05/18 12:42:01 p.m. GMT-5","7","Masculino","72","1.71","18","Ingeniería, Tecnología y Construcción.","3","6","1","4","Omnívora: Consume alimentos de origen animal y vegetal.","3","2","0","0","Muy bajo","Mala","6","0","0","0","0","0","0","1","Jugar videojuegos","Mejora del rendimiento físico / Estética.","No realizo actividad física.","Mala","Sí","20","Rara vez","Bastante","Bastante","A veces"
"2026/05/18 12:43:59 p.m. GMT-5","7","Masculino","71","1.70","18","Ingeniería, Tecnología y Construcción.","3","6","10","3","Omnívora: Consume alimentos de origen animal y vegetal.","3","1","0","4","Regular","Regular","6","0","2","0","1","3","0","1","Realizar actividad física","Mejora del rendimiento físico / Estética.","Anaeróbica (pesas, entrenamiento de fuerza).","Regular","No","50","Frecuentemente","Bastante","Poco",""
"2026/05/18 12:44:18 p.m. GMT-5","7","Femenino","64","1.69","20","Ingeniería, Tecnología y Construcción.","7","5","5","1","Omnívora: Consume alimentos de origen animal y vegetal.","2","1","3","5","Regular","Buena","6","1","0","0","0","1","3","2","Salir a pasear o conversar con mis amigos","Mejora del rendimiento físico / Estética.","Anaeróbica (pesas, entrenamiento de fuerza).","Regular","No","0","A veces","Bastante","Bastante","A veces"
"2026/05/18 12:44:18 p.m. GMT-5","7","Femenino","52","1.60","18","Administración, Negocios y Contabilidad.","3","6","10","5","Omnívora: Consume alimentos de origen animal y vegetal.","4","1","5","5","Alto","Regular","7","1","3","2","1","2","3","3","Realizar actividad física","Mejora del rendimiento físico / Estética.","Mixta.","Buena","No","200","Frecuentemente","Bastante","Regular","Frecuentemente"
"2026/05/18 12:44:32 p.m. GMT-5","7","Masculino","70","1.7","18","Ingeniería, Tecnología y Construcción.","3","6","1","10","Omnívora: Consume alimentos de origen animal y vegetal.","4","1","2","4","Regular","Regular","5","0","3","0","0","0","3","1","Realizar actividad física","Salud general y recomendación médica.","Anaeróbica (pesas, entrenamiento de fuerza).","Regular","No","25","Frecuentemente","Regular","Bastante","A veces"
"2026/05/18 12:45:54 p.m. GMT-5","7","Masculino","73","1.75","18","Ingeniería, Tecnología y Construcción.","2","5","2","5","Omnívora: Consume alimentos de origen animal y vegetal.","1","1","0","2","Bajo","Mala","5","2","0","3","2","3","2","3","Salir a pasear o conversar con mis amigos","Reducción de estrés y ansiedad","Aeróbica (correr, nadar, bicicleta).","Regular","No","20","Frecuentemente","Poco","Regular","A veces"
"2026/05/18 12:46:21 p.m. GMT-5","7","Femenino","40","1.45","18","Ingeniería, Tecnología y Construcción.","3","5","1.5","6","Omnívora: Consume alimentos de origen animal y vegetal.","2","3","4","0","Muy bajo","Regular","8","2","0","0","2","3","3","1.5","Jugar videojuegos","Mejora del rendimiento físico / Estética.","No realizo actividad física.","Regular","No","50","A veces","Bastante","Muy poco","A veces"
"2026/05/18 12:46:58 p.m. GMT-5","7","Masculino","89","1.7","21","Ingeniería, Tecnología y Construcción.","5","4","1.5","2.5","Omnívora: Consume alimentos de origen animal y vegetal.","3","1","4","4","Regular","Regular","6","1","2","3","1","2","3","2","Salir a pasear o conversar con mis amigos","Salud general y recomendación médica.","Mixta.","Regular","No","100","Frecuentemente","Poco","Regular","Siempre"
"2026/05/18 12:47:10 p.m. GMT-5","7","Femenino","70","1.70","22","Ingeniería, Tecnología y Construcción.","6","5","5","16","Omnívora: Consume alimentos de origen animal y vegetal.","3","2","6","4","Regular","Regular","6","0","3","3","1","3","3","1","Realizar actividad física","Reducción de estrés y ansiedad","Mixta.","Buena","No","500","Frecuentemente","Bastante","Bastante","Frecuentemente"
"2026/05/18 12:49:02 p.m. GMT-5","7","Masculino","68","1.70","18","Ingeniería, Tecnología y Construcción.","2","5","5","18","Omnívora: Consume alimentos de origen animal y vegetal.","3","1","6","2","Regular","Mala","5","0","2","0","0","2","2","2","Jugar videojuegos","Reducción de estrés y ansiedad","Aeróbica (correr, nadar, bicicleta).","Regular","No","100","A veces","Poco","Regular","A veces"
"2026/05/18 12:49:16 p.m. GMT-5","7","Masculino","71","1.73","20","Ingeniería, Tecnología y Construcción.","5","6","10","1","Omnívora: Consume alimentos de origen animal y vegetal.","4","2","4","4","Alto","Mala","4","1","0","5","2","4","4","3","Dormir más horas que lo habitual","Mejora del rendimiento físico / Estética.","Mixta.","Regular","Sí","250","Rara vez","Bastante","Bastante","A veces"
"2026/05/18 12:49:39 p.m. GMT-5","7","Masculino","71.5","1.76","17","Ingeniería, Tecnología y Construcción.","1","6","12","1","Omnívora: Consume alimentos de origen animal y vegetal.","3","1","3","6","Muy alto","Regular","7","0","4","0","0","1","1","3","Ir de compras","Mejora del rendimiento físico / Estética.","Anaeróbica (pesas, entrenamiento de fuerza).","Muy buena","No","250","A veces","Regular","Bastante","Frecuentemente"
"2026/05/18 12:50:12 p.m. GMT-5","7","Femenino","59","1.63","18","Administración, Negocios y Contabilidad.","3","6","7.5","2","Omnívora: Consume alimentos de origen animal y vegetal.","3","1","0","5","Regular","Regular","7","2","2","0","0","0","3","3","Realizar actividad física","Mejora del rendimiento físico / Estética.","Anaeróbica (pesas, entrenamiento de fuerza).","Regular","No","200","A veces","Bastante","Bastante","Frecuentemente"
"2026/05/18 12:51:01 p.m. GMT-5","7","Femenino","60","1.59","18","Administración, Negocios y Contabilidad.","3","6","7","2","Omnívora: Consume alimentos de origen animal y vegetal.","3","2","4","3","Bajo","Buena","7.5","0","2","0","0","0","4","1.5","Realizar actividad física","Salud general y recomendación médica.","Deportes colectivos (futbol, basket, vóley).","Regular","No","220","Frecuentemente","Bastante","Bastante","Frecuentemente"
"2026/05/18 12:53:08 p.m. GMT-5","7","Masculino","64","1.66","22","Ingeniería, Tecnología y Construcción.","9","6","2","4","Omnívora: Consume alimentos de origen animal y vegetal.","2","2","4","2","Regular","Regular","6","1","1","2","1","2","2","3","Otros motivos","Reducción de estrés y ansiedad","Aeróbica (correr, nadar, bicicleta).","Regular","No","200","A veces","Regular","Regular","A veces"
"2026/05/18 1:02:21 p.m. GMT-5","8","Masculino","100","1.75","20","Ingeniería, Tecnología y Construcción.","4","6","1","5","Omnívora: Consume alimentos de origen animal y vegetal.","2","5","0","0","Muy bajo","Mala","6","0","1","0","0","0","4","1.5","Realizar actividad física","Mejora del rendimiento físico / Estética.","No realizo actividad física.","Regular","No","50","Frecuentemente","Bastante","Bastante","Frecuentemente"
"2026/05/18 1:08:06 p.m. GMT-5","3","Masculino","63","1.56","18","Ingeniería, Tecnología y Construcción.","3","5","8","6","Omnívora: Consume alimentos de origen animal y vegetal.","4","2","2","6","Regular","Regular","6","0","4","4","1","3","1","1.7","Realizar actividad física","Reducción de estrés y ansiedad","Deportes colectivos (futbol, basket, vóley).","Regular","No","30","Frecuentemente","Bastante","Bastante","A veces"
"2026/05/18 1:33:24 p.m. GMT-5","7","Femenino","70","1.63","19","Ingeniería, Tecnología y Construcción.","5","5","4.5","4","Omnívora: Consume alimentos de origen animal y vegetal.","2","3","4","4","Regular","Mala","5","4","0","1","1","3","3","2","Salir a pasear o conversar con mis amigos","Reducción de estrés y ansiedad","Anaeróbica (pesas, entrenamiento de fuerza).","Regular","No","40","Frecuentemente","Bastante","Bastante","Frecuentemente"
"2026/05/18 1:35:05 p.m. GMT-5","7","Masculino","100","1.72","22","Ingeniería, Tecnología y Construcción.","6","5","2","6","Omnívora: Consume alimentos de origen animal y vegetal.","3","3","0","3","Bajo","Mala","6","0","2","3","1","2","4","2","Realizar actividad física","Mejora del rendimiento físico / Estética.","Mixta.","Regular","No","20","A veces","Bastante","Bastante","A veces"
"2026/05/18 1:37:55 p.m. GMT-5","7","Femenino","57","1.6","21","Ingeniería, Tecnología y Construcción.","4","4","2","5","Omnívora: Consume alimentos de origen animal y vegetal.","3","1","3","2","Bajo","Regular","8","0","1","0","0","2","2","1","Otros motivos","Salud general y recomendación médica.","Aeróbica (correr, nadar, bicicleta).","Regular","No","100","A veces","Bastante","Bastante","Rara vez"
"2026/05/18 1:46:15 p.m. GMT-5","1","Masculino","60","1.55","21","Ciencias de la Salud.","8","6","1","2","Omnívora: Consume alimentos de origen animal y vegetal.","2","2","2","0","Muy bajo","Buena","7","1","2","0","0","1","3","1","Salir a pasear o conversar con mis amigos","Mejora del rendimiento físico / Estética.","Anaeróbica (pesas, entrenamiento de fuerza).","Regular","No","0","A veces","Poco","Regular","Frecuentemente"
"2026/05/18 1:49:56 p.m. GMT-5","1","Masculino","93","1.79","19","Ingeniería, Tecnología y Construcción.","4","4","12","0","Omnívora: Consume alimentos de origen animal y vegetal.","4","1","5","6","Alto","Buena","9","0","4","0","1","1","2","2.5","Realizar actividad física","Mejora del rendimiento físico / Estética.","Anaeróbica (pesas, entrenamiento de fuerza).","Regular","No","300","Frecuentemente","Bastante","Bastante","Frecuentemente"
"2026/05/18 1:53:36 p.m. GMT-5","1","Masculino","54","1.62","17","Ingeniería, Tecnología y Construcción.","1","6","3","2","Omnívora: Consume alimentos de origen animal y vegetal.","3","1","2","4","Regular","Buena","8","1","1","1","1","2","3","1.2","Ir de compras","Mejora del rendimiento físico / Estética.","Mixta.","Buena","No","25","A veces","Regular","Regular","Frecuentemente"
"2026/05/18 1:55:29 p.m. GMT-5","1","Masculino","76","1.85","19","Ingeniería, Tecnología y Construcción.","4","5","3","2","Omnívora: Consume alimentos de origen animal y vegetal.","3","1","3","2","Bajo","Mala","6","1","1","2","1","3","2","1.4","Dormir más horas que lo habitual","Mejora del rendimiento físico / Estética.","Aeróbica (correr, nadar, bicicleta).","Regular","No","50","A veces","Regular","","Frecuentemente"
"2026/05/18 1:57:22 p.m. GMT-5","1","Femenino","78","1.69","21","Ingeniería, Tecnología y Construcción.","8","3","5","4","Omnívora: Consume alimentos de origen animal y vegetal.","3","3","3","2","Bajo","Mala","6","1","3","2","2","4","3","1.1","Salir a pasear o conversar con mis amigos","Mejora del rendimiento físico / Estética.","Aeróbica (correr, nadar, bicicleta).","Mala","No","0","Frecuentemente","","Regular","Rara vez"
"2026/05/18 1:59:52 p.m. GMT-5","1","Masculino","65","1.70","23","Ingeniería, Tecnología y Construcción.","10","4","2","2","Omnívora: Consume alimentos de origen animal y vegetal.","2","2","2","1","Muy bajo","Mala","5","2","0","3","1","4","3","1.8","Jugar videojuegos","Mejora del rendimiento físico / Estética.","Deportes colectivos (futbol, basket, vóley).","Mala","No","10","Rara vez","Regular","Regular","Nunca"
"2026/05/18 2:01:52 p.m. GMT-5","1","Femenino","50","1.48","16","Administración, Negocios y Contabilidad.","1","5","4","3","Omnívora: Consume alimentos de origen animal y vegetal.","3","1","0","1","Bajo","Mala","6","0","1","0","1","1","4","1.4","Jugar videojuegos","Mejora del rendimiento físico / Estética.","Deportes colectivos (futbol, basket, vóley).","Mala","No","0","A veces","Bastante","Bastante","Rara vez"
"2026/05/18 2:10:26 p.m. GMT-5","1","Masculino","67","1.67","23","Ciencias Sociales y Derecho.","6","8","7","1","Omnívora: Consume alimentos de origen animal y vegetal.","3","3","1","7","Regular","Mala","5","2","1","5","4","3","2","1.9","Jugar videojuegos","Reducción de estrés y ansiedad","Mixta.","Mala","No","10","Frecuentemente","Poco","Regular","Rara vez"
"2026/05/18 3:32:27 p.m. GMT-5","4","Femenino","61","1.67","19","Administración, Negocios y Contabilidad.","3","6","3","2","Omnívora: Consume alimentos de origen animal y vegetal.","3","2","4","3","Regular","Regular","9","1","2","0","0","0","2","2","Dormir más horas que lo habitual","Salud general y recomendación médica.","Mixta.","Regular","No","50","A veces","Regular","Regular","Frecuentemente"
"2026/05/18 3:42:41 p.m. GMT-5","4","Femenino","60","1.6","20","Administración, Negocios y Contabilidad.","8","5","3","1","Vegana: Dieta estricta basada exclusivamente en alimentos de origen vegetal, excluyendo cualquier producto animal.","3","1","3","4","Regular","Buena","7","5","2","0","0","3","2","2","Realizar actividad física","Mejora del rendimiento físico / Estética.","Aeróbica (correr, nadar, bicicleta).","Buena","No","100","Frecuentemente","Regular","Bastante","Frecuentemente"
"2026/05/18 3:44:56 p.m. GMT-5","4","Masculino","60","1.60","24","Ingeniería, Tecnología y Construcción.","7","6","1","0","Omnívora: Consume alimentos de origen animal y vegetal.","1","1","1","4","Bajo","Muy mala","5","2","1","3","4","2","2","2","Realizar actividad física","Reducción de estrés y ansiedad","Aeróbica (correr, nadar, bicicleta).","Muy mala","No","3","Nunca","Muy poco","Muy poco","A veces"
"2026/05/18 3:45:47 p.m. GMT-5","4","Masculino","100","1.82","23","Ciencias Sociales y Derecho.","5","7","2","2","Omnívora: Consume alimentos de origen animal y vegetal.","3","2","0","3","Bajo","Mala","6","0","3","1","1","4","4","1.5","Dormir más horas que lo habitual","Recreación y socialización con amigos.","Deportes colectivos (futbol, basket, vóley).","Regular","No","50","Frecuentemente","Poco","Regular","Frecuentemente"
"2026/05/18 3:51:57 p.m. GMT-5","4","Femenino","60","1.60","23","Ingeniería, Tecnología y Construcción.","7","6","1.5","10.9","Omnívora: Consume alimentos de origen animal y vegetal.","4","1","1","2","Regular","Regular","7","1","3","0","0","0","3","1.5","Salir a pasear o conversar con mis amigos","Reducción de estrés y ansiedad","Mixta.","Regular","No","20","A veces","Regular","Bastante","A veces"
"2026/05/18 3:52:02 p.m. GMT-5","4","Masculino","75","1.75","21","Ingeniería, Tecnología y Construcción.","5","5","5","5","Omnívora: Consume alimentos de origen animal y vegetal.","2","2","6","4","Regular","Regular","6","4","3","2","2","3","3","2","Realizar actividad física","Reducción de estrés y ansiedad","Anaeróbica (pesas, entrenamiento de fuerza).","Regular","No","20","","Regular","Bastante","A veces"
"2026/05/18 3:58:32 p.m. GMT-5","4","Masculino","70","1.70","20","Ingeniería, Tecnología y Construcción.","6","7","3.0","1 ","Crudista: Consiste en consumir alimentos crudos o cocinados a bajas temperaturas, generalmente orgánicos.","4","3","3","3","Regular","Mala","6","0","2","0","0","0","1","1.0","Salir a pasear o conversar con mis amigos","Recreación y socialización con amigos.","Aeróbica (correr, nadar, bicicleta).","Regular","No","","A veces","Bastante","Regular","A veces"
"2026/05/18 4:04:13 p.m. GMT-5","4","Femenino","49","1.50","23","Ingeniería, Tecnología y Construcción.","7","6","2","3","Omnívora: Consume alimentos de origen animal y vegetal.","3","7","5","1","Bajo","Regular","8","0","3","0","0","2","2","3","Otros motivos","Reducción de estrés y ansiedad","Mixta.","Regular","No","30","A veces","Regular","Poco","Frecuentemente"
"2026/05/18 4:09:55 p.m. GMT-5","4","Masculino","66.8","1.63","23","Ingeniería, Tecnología y Construcción.","10","3","1.5","10.5","Omnívora: Consume alimentos de origen animal y vegetal.","3","3","0","2","Bajo","Mala","5.5","3","2","3","2","3","4","2.3","Salir a pasear o conversar con mis amigos","Reducción de estrés y ansiedad","Aeróbica (correr, nadar, bicicleta).","Regular","No","25","A veces","Bastante","Bastante","A veces"
"2026/05/18 4:14:14 p.m. GMT-5","4","Femenino","67","1.68","20","Ingeniería, Tecnología y Construcción.","7","5","1.1","18","Omnívora: Consume alimentos de origen animal y vegetal.","3","4","0","0","Muy bajo","Regular","6","1","2","0","0","0","3","1","Salir a pasear o conversar con mis amigos","Mejora del rendimiento físico / Estética.","No realizo actividad física.","Regular","No","350","A veces","Bastante","Bastante","Frecuentemente"
"2026/05/18 4:19:44 p.m. GMT-5","4","Femenino","60","1.60","23","Ingeniería, Tecnología y Construcción.","9","7","2.5","18","Flexitariana: Es una dieta principalmente vegetariana, pero que permite el consumo ocasional de carne o pescado.","5","4","6","4","Bajo","Buena","7","1","4","1","1","1","2","3.5","Realizar actividad física","Mejora del rendimiento físico / Estética.","Anaeróbica (pesas, entrenamiento de fuerza).","Buena","No","35","Frecuentemente","Regular","Bastante","Frecuentemente"
"2026/05/18 4:23:10 p.m. GMT-5","4","Masculino","70","1.63","23","Ingeniería, Tecnología y Construcción.","10","4","2","15.7","Omnívora: Consume alimentos de origen animal y vegetal.","4","2","0","2","Regular","Regular","5.5","4","4","1","1","1","3","2.5","Otros motivos","Recreación y socialización con amigos.","Anaeróbica (pesas, entrenamiento de fuerza).","Buena","No","40","Frecuentemente","Regular","Regular","Frecuentemente"
"2026/05/18 4:23:55 p.m. GMT-5","7","Masculino","85","1.92","20","Administración, Negocios y Contabilidad.","8","7","1","10","Omnívora: Consume alimentos de origen animal y vegetal.","4","3","2","0","Muy bajo","Muy buena","8","4","4","0","0","0","0","2","Dormir más horas que lo habitual","Salud general y recomendación médica.","No realizo actividad física.","Regular","No","15","Frecuentemente","Regular","Regular","Siempre"
"2026/05/18 4:24:00 p.m. GMT-5","7","Masculino","85","1.92","20","Administración, Negocios y Contabilidad.","8","7","1","10","Omnívora: Consume alimentos de origen animal y vegetal.","4","3","2","0","Muy bajo","Muy buena","8","4","4","0","0","0","0","2","Dormir más horas que lo habitual","Salud general y recomendación médica.","No realizo actividad física.","Regular","No","15","Frecuentemente","Regular","Regular","Siempre"
"2026/05/18 4:25:45 p.m. GMT-5","4","Femenino","48","1.50","17","Administración, Negocios y Contabilidad.","1","1","2","4.3","Frugívora/Frutariana: Basada principalmente en el consumo de frutas.","5","2","0","6","Alto","Buena","9","0","3","2","2","2","2","1","Dormir más horas que lo habitual","Recreación y socialización con amigos.","Mixta.","Buena","No","50","Frecuentemente","Bastante","Regular","Rara vez"
"2026/05/18 4:26:15 p.m. GMT-5","4","Femenino","50","1.60","17","Administración, Negocios y Contabilidad.","1","1","10","11","Omnívora: Consume alimentos de origen animal y vegetal.","3","2","3","5","Regular","Buena","8","1","1","1","1","2","1","1","Dormir más horas que lo habitual","Reducción de estrés y ansiedad","Mixta.","Regular","No","2","Frecuentemente","Regular","Bastante","Frecuentemente"
"2026/05/18 4:26:43 p.m. GMT-5","4","Femenino","59","1.55","17","Ciencias Sociales y Derecho.","3","2","4","10","Frugívora/Frutariana: Basada principalmente en el consumo de frutas.","2","1","7","4","Regular","Buena","6","3","1","2","1","3","3","3","Ir de compras","Mejora del rendimiento físico / Estética.","Mixta.","Regular","No","400","A veces","Regular","Bastante","A veces"
"2026/05/18 4:31:43 p.m. GMT-5","7","Masculino","65","1.72","18","Humanidades, Artes y Educación.","4","6","6","6","Omnívora: Consume alimentos de origen animal y vegetal.","3","1","0","3","Alto","Regular","6.5","0","2","0","0","0","1","2.5","Salir a pasear o conversar con mis amigos","Reducción de estrés y ansiedad","Mixta.","Buena","No","10","Siempre","Bastante","Bastante","Siempre"
"2026/05/18 4:33:17 p.m. GMT-5","4","Masculino","76","1.74","17","Ingeniería, Tecnología y Construcción.","1","5","2","3","Omnívora: Consume alimentos de origen animal y vegetal.","3","2","2","4","Regular","Regular","7","0","1","1","2","1","2","2.1","Jugar videojuegos","Mejora del rendimiento físico / Estética.","Mixta.","Regular","No","50","Rara vez","Poco","Regular","A veces"
"2026/05/18 4:37:33 p.m. GMT-5","4","Masculino","68 ","1.70","17","Ingeniería, Tecnología y Construcción.","1","2","12","1 ","Omnívora: Consume alimentos de origen animal y vegetal.","3","1","0","6","Regular","Regular","7 ","0","4","0","0","0","4","2","Realizar actividad física","Mejora del rendimiento físico / Estética.","Mixta.","Muy buena","Sí","0","Frecuentemente","Bastante","Regular","Frecuentemente"
"2026/05/18 4:40:51 p.m. GMT-5","4","Masculino","75","1.75","27","Ciencias Sociales y Derecho.","10","1","4","2","Omnívora: Consume alimentos de origen animal y vegetal.","2","1","0","5","Regular","Regular","7","4","0","0","2","0","1","1.8","Realizar actividad física","Recreación y socialización con amigos.","Anaeróbica (pesas, entrenamiento de fuerza).","Regular","No","0","Frecuentemente","Regular","Regular","Frecuentemente"
"2026/05/18 4:40:58 p.m. GMT-5","4","Masculino","74","1.75","18","Administración, Negocios y Contabilidad.","10","9","20","5","Omnívora: Consume alimentos de origen animal y vegetal.","3","2","7","4","Regular","Buena","8","0","3","3","2","0","1","2","Jugar videojuegos","Mejora del rendimiento físico / Estética.","Deportes colectivos (futbol, basket, vóley).","Buena","No","400","Frecuentemente","Bastante","Bastante","Frecuentemente"
"2026/05/18 4:41:43 p.m. GMT-5","4","Masculino","58","1.73","17","Ingeniería, Tecnología y Construcción.","1","6","4","7","Omnívora: Consume alimentos de origen animal y vegetal.","2","1","0","5","Regular","Mala","4","1","1","1","1","1","3","1.5","Salir a pasear o conversar con mis amigos","Reducción de estrés y ansiedad","Aeróbica (correr, nadar, bicicleta).","Regular","No","0","A veces","Regular","Bastante","Frecuentemente"
"2026/05/18 4:43:29 p.m. GMT-5","4","Masculino","60","1.73","18 ","Administración, Negocios y Contabilidad.","1","1","1","5","Omnívora: Consume alimentos de origen animal y vegetal.","3","1","6","0","Muy bajo","Mala","7","0","2","0","0","1","2","1.2","Otros motivos","Reducción de estrés y ansiedad","No realizo actividad física.","Regular","Sí","0","Frecuentemente","Bastante","Bastante","Frecuentemente"
"2026/05/18 4:45:51 p.m. GMT-5","7","Femenino","55","1.60","19","Ciencias de la Salud.","5","7","3","12","Vegetariana: Excluye carne y pescado.","4","1","4","5","Muy alto","Muy buena","6","0","3","0","0","0","1","2","Jugar videojuegos","Mejora del rendimiento físico / Estética.","Aeróbica (correr, nadar, bicicleta).","Muy buena","No","10","Siempre","Bastante","Bastante","Siempre"
"2026/05/18 4:48:03 p.m. GMT-5","4","Masculino","80","1.72","17","Ingeniería, Tecnología y Construcción.","1","8","2.5","6","Omnívora: Consume alimentos de origen animal y vegetal.","3","1","5","7","Regular","Regular","6","0","3","0","0","1","3","2.5","Salir a pasear o conversar con mis amigos","Mejora del rendimiento físico / Estética.","Deportes colectivos (futbol, basket, vóley).","Regular","No","150","A veces","Bastante","Bastante","Rara vez"
"2026/05/18 5:00:28 p.m. GMT-5","4","Masculino","75","1.73","21","Ingeniería, Tecnología y Construcción.","3","5","4","3.5","Omnívora: Consume alimentos de origen animal y vegetal.","5","1","5","6","Alto","Regular","7","0","3","2","1","1","2","3","Realizar actividad física","Mejora del rendimiento físico / Estética.","Mixta.","Buena","No","70","Frecuentemente","Regular","Regular","Frecuentemente"
"2026/05/18 5:07:58 p.m. GMT-5","4","Masculino","64","1.68","17","Ingeniería, Tecnología y Construcción.","1","1","5.30","9.30","Omnívora: Consume alimentos de origen animal y vegetal.","3","1","6","3","Regular","Mala","4","0","1","0","0","1","3","4","Realizar actividad física","Mejora del rendimiento físico / Estética.","Deportes colectivos (futbol, basket, vóley).","Buena","No","20","A veces","Regular","Bastante","Siempre"
"2026/05/18 5:09:01 p.m. GMT-5","4","Masculino","60 ","1.70","17","Ingeniería, Tecnología y Construcción.","1","10","1","2","Omnívora: Consume alimentos de origen animal y vegetal.","3","1","2","2","Regular","Muy buena","12","6","3","1","4","3","2","6","Jugar videojuegos","Reducción de estrés y ansiedad","Deportes colectivos (futbol, basket, vóley).","Muy mala","No","2000","Nunca","Muy poco","Poco","A veces"
"2026/05/18 5:10:31 p.m. GMT-5","4","Femenino","83","1.63","49","Ciencias de la Salud.","4","5","5","2.30","Omnívora: Consume alimentos de origen animal y vegetal.","3","1","6","4","Regular","Buena","6","1","3","0","0","0","3","1","Salir a pasear o conversar con mis amigos","Salud general y recomendación médica.","Aeróbica (correr, nadar, bicicleta).","Buena","No","260","A veces","Poco","Muy poco","Frecuentemente"
"2026/05/18 5:11:41 p.m. GMT-5","4","Masculino","64","1.68","18","Ciencias de la Salud.","2","2","5","10","Omnívora: Consume alimentos de origen animal y vegetal.","3","1","0","3","Regular","Muy mala","3","0","1","0","0","0","1","3","Dormir más horas que lo habitual","Reducción de estrés y ansiedad","Deportes colectivos (futbol, basket, vóley).","Regular","No","10","Frecuentemente","Regular","Bastante","Siempre"
"2026/05/18 5:12:56 p.m. GMT-5","4","Femenino","45","1.50","17","Ciencias de la Salud.","1","3","3","4","Omnívora: Consume alimentos de origen animal y vegetal.","3","1","6","7","Regular","Regular","7","2","1","0","0","0","3","3","Realizar actividad física","Recreación y socialización con amigos.","Aeróbica (correr, nadar, bicicleta).","Regular","Sí","50","Rara vez","Muy poco","Regular","A veces"
"2026/05/18 5:18:35 p.m. GMT-5","4","Femenino","64","1.60","17","Ciencias de la Salud.","1","6","1","8","Omnívora: Consume alimentos de origen animal y vegetal.","3","3","5","0","Muy bajo","Regular","8","3","2","0","0","3","4","1","Salir a pasear o conversar con mis amigos","Mejora del rendimiento físico / Estética.","No realizo actividad física.","Regular","No","200","Rara vez","Regular","Bastante","Frecuentemente"
"2026/05/18 5:37:20 p.m. GMT-5","4","Masculino","62","1.63","17","Administración, Negocios y Contabilidad.","1","2","1","2","Omnívora: Consume alimentos de origen animal y vegetal.","2","2","5","4","Regular","Mala","7","2","3","5","2","1","3","2","Dormir más horas que lo habitual","Reducción de estrés y ansiedad","Deportes colectivos (futbol, basket, vóley).","Regular","Sí","20","A veces","Poco","Bastante","A veces"
"2026/05/18 5:37:30 p.m. GMT-5","4","Femenino","57","1.57","20","Ingeniería, Tecnología y Construcción.","6","4","3","2","Omnívora: Consume alimentos de origen animal y vegetal.","3","2","2","3","Regular","Buena","6","1","1","1","1","2","2","2","Ir de compras","Mejora del rendimiento físico / Estética.","Anaeróbica (pesas, entrenamiento de fuerza).","Buena","Sí","100","A veces","Poco","Regular","Frecuentemente"
"2026/05/18 5:41:26 p.m. GMT-5","4","Masculino","95","1.79","23","Ingeniería, Tecnología y Construcción.","7","8","2","1","Omnívora: Consume alimentos de origen animal y vegetal.","4","3","2","1","Bajo","Mala","6","3","3","1","1","1","1","2","Salir a pasear o conversar con mis amigos","Reducción de estrés y ansiedad","Anaeróbica (pesas, entrenamiento de fuerza).","Buena","No","20","Rara vez","Poco","Muy poco","Frecuentemente"
"2026/05/18 5:44:50 p.m. GMT-5","4","Masculino","60","1.7","24","Ciencias de la Salud.","8","5","10","2","Omnívora: Consume alimentos de origen animal y vegetal.","3","2","3","6","Alto","Buena","6","1","3","3","1","2","2","3","Jugar videojuegos","Mejora del rendimiento físico / Estética.","Mixta.","Buena","No","200","Siempre","Bastante","Bastante","Frecuentemente"
"2026/05/18 5:48:12 p.m. GMT-5","4","Masculino","70","1.63","25","Ingeniería, Tecnología y Construcción.","4","7","7","1","Flexitariana: Es una dieta principalmente vegetariana, pero que permite el consumo ocasional de carne o pescado.","3","1","1","4","Alto","Regular","8","1","3","0","0","2","2","2","Dormir más horas que lo habitual","Reducción de estrés y ansiedad","Deportes colectivos (futbol, basket, vóley).","Regular","No","60","A veces","Poco","Regular","Frecuentemente"
"2026/05/18 5:52:14 p.m. GMT-5","4","Femenino","58","1.62","22","Ingeniería, Tecnología y Construcción.","6","5","1","3","Omnívora: Consume alimentos de origen animal y vegetal.","3","2","4","3","Bajo","Regular","6","0","3","1","1","1","1","1.5","Salir a pasear o conversar con mis amigos","Recreación y socialización con amigos.","Aeróbica (correr, nadar, bicicleta).","Regular","No","20","A veces","Muy poco","Regular","A veces"
"2026/05/18 5:56:26 p.m. GMT-5","4","Masculino","82","1.78","26","Ingeniería, Tecnología y Construcción.","7","4","2.5","2","Omnívora: Consume alimentos de origen animal y vegetal.","4","2","3","4","Regular","Regular","5","1","3","2","1","3","3","2","Jugar videojuegos","Reducción de estrés y ansiedad","Deportes colectivos (futbol, basket, vóley).","Regular","No","35","A veces","Regular","Regular","A veces"
"2026/05/18 5:58:23 p.m. GMT-5","4","Masculino","78","1.79","18","Humanidades, Artes y Educación.","2","2","1","1","Vegana: Dieta estricta basada exclusivamente en alimentos de origen vegetal, excluyendo cualquier producto animal.","1","3","2","7","Alto","Muy buena","7","1","2","4","2","3","1","1.5","Salir a pasear o conversar con mis amigos","Salud general y recomendación médica.","Anaeróbica (pesas, entrenamiento de fuerza).","Muy buena","Sí","100","Frecuentemente","Regular","Poco","Frecuentemente"
"2026/05/18 5:59:47 p.m. GMT-5","4","Masculino","68","1.70","21","Ingeniería, Tecnología y Construcción.","5","4","3.5","2","Omnívora: Consume alimentos de origen animal y vegetal.","3","3","4","5","Regular","Regular","7","0","3","0","0","0","2","3","Salir a pasear o conversar con mis amigos","Mejora del rendimiento físico / Estética.","Deportes colectivos (futbol, basket, vóley).","Regular","No","20","Frecuentemente","Regular","Regular","Frecuentemente"
"2026/05/18 6:02:40 p.m. GMT-5","4","Masculino","70","1.78","18","Administración, Negocios y Contabilidad.","7","1","4","2","Vegana: Dieta estricta basada exclusivamente en alimentos de origen vegetal, excluyendo cualquier producto animal.","3","3","5","7","Alto","Buena","5","1","2","4","2","1","2","1.5","Salir a pasear o conversar con mis amigos","Recreación y socialización con amigos.","Anaeróbica (pesas, entrenamiento de fuerza).","Buena","No","80","A veces","Regular","Bastante","Frecuentemente"
"2026/05/18 6:02:48 p.m. GMT-5","4","Femenino","52","1.58","24","Ingeniería, Tecnología y Construcción.","5","6","2.5","3","Flexitariana: Es una dieta principalmente vegetariana, pero que permite el consumo ocasional de carne o pescado.","3","1","5","3","Bajo","Regular","6","0","3","1","1","1","3","2.5","Ir de compras","Recreación y socialización con amigos.","Anaeróbica (pesas, entrenamiento de fuerza).","Regular","No","25","Frecuentemente","Regular","Bastante","A veces"
"2026/05/18 6:03:31 p.m. GMT-5","7","Femenino","49","1.55","17","Ciencias Exactas y Ambientales.","1","6","1","4","Omnívora: Consume alimentos de origen animal y vegetal.","3","3","3","2","Bajo","Mala","5","2","1","0","2","2","3","1","Salir a pasear o conversar con mis amigos","Reducción de estrés y ansiedad","Aeróbica (correr, nadar, bicicleta).","Mala","No","8","Rara vez","Regular","Regular","A veces"
"2026/05/18 6:06:34 p.m. GMT-5","4","Masculino","90","1.64","18","Ciencias Exactas y Ambientales.","3","2","3","2","Omnívora: Consume alimentos de origen animal y vegetal.","3","1","3","7","Bajo","Buena","4","2","2","6","3","0","0","1.5","Salir a pasear o conversar con mis amigos","Mejora del rendimiento físico / Estética.","Anaeróbica (pesas, entrenamiento de fuerza).","Regular","No","172","A veces","Bastante","Bastante","A veces"
"2026/05/18 6:09:53 p.m. GMT-5","4","Femenino","56","1.6","19","Ingeniería, Tecnología y Construcción.","3","6","1","2","Omnívora: Consume alimentos de origen animal y vegetal.","2","2","5","6","Bajo","Buena","8","0","3","0","0","0","2","1","Salir a pasear o conversar con mis amigos","Recreación y socialización con amigos.","Mixta.","Regular","No","30","A veces","Regular","Regular","A veces"
"2026/05/18 6:10:51 p.m. GMT-5","4","Masculino","92","1.45","28","Humanidades, Artes y Educación.","9","2","3","2","Vegetariana: Excluye carne y pescado.","4","2","3","4","Bajo","Regular","8","1","0","4","3","0","2","1.5","Dormir más horas que lo habitual","Recreación y socialización con amigos.","Aeróbica (correr, nadar, bicicleta).","Buena","No","2","A veces","Poco","Bastante","Siempre"
"2026/05/18 6:13:10 p.m. GMT-5","4","Femenino","50","1.53","22","Ingeniería, Tecnología y Construcción.","8","6","1","2","Omnívora: Consume alimentos de origen animal y vegetal.","2","5","0","0","Bajo","Regular","8","0","1","0","0","3","3","1","Otros motivos","Salud general y recomendación médica.","No realizo actividad física.","Mala","No","20","A veces","Regular","Regular","A veces"
"2026/05/18 6:13:51 p.m. GMT-5","4","Masculino","82","1.70","27","Ciencias de la Salud.","1","1","2","2","Omnívora: Consume alimentos de origen animal y vegetal.","3","2","7","5","Regular","Regular","5","2","3","0","2","2","3","3","Realizar actividad física","Reducción de estrés y ansiedad","Anaeróbica (pesas, entrenamiento de fuerza).","Regular","No","100","Frecuentemente","Regular","Regular","Frecuentemente"
"2026/05/18 6:14:16 p.m. GMT-5","4","Masculino","67","1.67","23","Administración, Negocios y Contabilidad.","7","2","5","2","Flexitariana: Es una dieta principalmente vegetariana, pero que permite el consumo ocasional de carne o pescado.","3","2","1","0","Muy alto","Buena","8","2","1","6","3","2","3","1.5","Dormir más horas que lo habitual","Recreación y socialización con amigos.","Deportes colectivos (futbol, basket, vóley).","Muy buena","No","2","Frecuentemente","Regular","Bastante","Rara vez"
"2026/05/18 6:14:36 p.m. GMT-5","4","Femenino","62","1.62","27","Administración, Negocios y Contabilidad.","8","7","1.00","2 ","Omnívora: Consume alimentos de origen animal y vegetal.","3","1","5","2","Bajo","Regular","5","4","3","0","0","4","3","1","Salir a pasear o conversar con mis amigos","Salud general y recomendación médica.","Mixta.","Buena","No","0","Frecuentemente","Bastante","Poco","Frecuentemente"
"2026/05/18 6:15:28 p.m. GMT-5","4","Masculino","76","1.75","24","Administración, Negocios y Contabilidad.","5","4","3","2","Omnívora: Consume alimentos de origen animal y vegetal.","3","1","5","5","Alto","Buena","9","0","3","0","0","0","1","3","Realizar actividad física","Mejora del rendimiento físico / Estética.","Anaeróbica (pesas, entrenamiento de fuerza).","Buena","No","65","Frecuentemente","Regular","Regular","Siempre"
"2026/05/18 6:18:14 p.m. GMT-5","4","Masculino","78","1.86","24","Administración, Negocios y Contabilidad.","2","4","5","4","Omnívora: Consume alimentos de origen animal y vegetal.","1","1","2","7","Muy alto","Buena","9","0","2","0","0","1","2","2.0","Jugar videojuegos","Mejora del rendimiento físico / Estética.","Mixta.","Muy mala","No","73","Frecuentemente","Regular","Bastante","Siempre"
"2026/05/18 6:22:50 p.m. GMT-5","7","Masculino","79","1.78","22","Ingeniería, Tecnología y Construcción.","9","6","1","4","Omnívora: Consume alimentos de origen animal y vegetal.","3","1","0","0","Bajo","Regular","6","12","4","0","0","0","1","1","Salir a pasear o conversar con mis amigos","Reducción de estrés y ansiedad","Aeróbica (correr, nadar, bicicleta).","Regular","No","10","Rara vez","Muy poco","Muy poco","Frecuentemente"
"2026/05/18 6:25:48 p.m. GMT-5","4","Femenino","68","1.65","20","Ingeniería, Tecnología y Construcción.","3","6","2","3","Omnívora: Consume alimentos de origen animal y vegetal.","3","2","4","3","Bajo","Mala","5","0","2","1","1","1","1","1","Dormir más horas que lo habitual","Recreación y socialización con amigos.","Mixta.","Regular","No","15","A veces","Regular","Bastante","A veces"
"2026/05/18 6:27:38 p.m. GMT-5","7","Masculino","65","1.7","16","Ingeniería, Tecnología y Construcción.","1","6","1","1","Omnívora: Consume alimentos de origen animal y vegetal.","1","1","1","1","Muy bajo","Muy mala","4","0","0","0","0","0","0","1","Dormir más horas que lo habitual","Mejora del rendimiento físico / Estética.","Deportes colectivos (futbol, basket, vóley).","Muy mala","No","5","Rara vez","Muy poco","Muy poco","Rara vez"
"2026/05/18 6:31:40 p.m. GMT-5","4","Masculino","60","1.60","25","Ingeniería, Tecnología y Construcción.","1","7","1","2","Omnívora: Consume alimentos de origen animal y vegetal.","1","1","0","1","Regular","Regular","7 ","1","3","0","0","3","3","1.5","Realizar actividad física","Reducción de estrés y ansiedad","Anaeróbica (pesas, entrenamiento de fuerza).","Regular","No","20","Frecuentemente","Regular","Poco","Frecuentemente"
"2026/05/18 6:34:12 p.m. GMT-5","7","Femenino","54","1.6","17","Administración, Negocios y Contabilidad.","1","6","1","1","Omnívora: Consume alimentos de origen animal y vegetal.","1","1","0","1","Regular","Mala","1","0","0","0","0","0","0","1","Jugar videojuegos","Mejora del rendimiento físico / Estética.","Anaeróbica (pesas, entrenamiento de fuerza).","Mala","Sí","50","Nunca","Nunca","Poco","Rara vez"
"2026/05/18 6:39:51 p.m. GMT-5","1","Femenino","55","1.63","19","Administración, Negocios y Contabilidad.","4","5","1.5","8","Omnívora: Consume alimentos de origen animal y vegetal.","3","1","2","1","Bajo","Buena","7","0","2","1","1","1","3","1.7","Dormir más horas que lo habitual","Mejora del rendimiento físico / Estética.","Anaeróbica (pesas, entrenamiento de fuerza).","Buena","No","50","A veces","Regular","Bastante","Frecuentemente"
"2026/05/18 6:43:38 p.m. GMT-5","1","Masculino","78","1.75","18","Ingeniería, Tecnología y Construcción.","1","6","5","10","Omnívora: Consume alimentos de origen animal y vegetal.","4","2","4","5","Alto","Muy buena","7","1","3","1","1","1","2","2","Jugar videojuegos","Recreación y socialización con amigos.","Deportes colectivos (futbol, basket, vóley).","Buena","Sí","200","Frecuentemente","Bastante","Bastante","A veces"
"2026/05/18 6:47:03 p.m. GMT-5","1","Femenino","64","1.65","20","Ciencias de la Salud.","6","5","1","10","Omnívora: Consume alimentos de origen animal y vegetal.","3","1","3","2","Muy bajo","Regular","6","0","3","3","1","3","4","2","Ir de compras","Mejora del rendimiento físico / Estética.","Mixta.","Regular","Sí","40","A veces","Bastante","Bastante","Frecuentemente"
"2026/05/18 6:50:45 p.m. GMT-5","1","Masculino","80","1.78","19","Administración, Negocios y Contabilidad.","3","6","5","8","Omnívora: Consume alimentos de origen animal y vegetal.","4","3","2","5","Alto","Buena","8","4","4","2","1","2","3","3.5","Jugar videojuegos","Recreación y socialización con amigos.","Mixta.","Regular","No","100","A veces","Regular","Regular","Rara vez"
"2026/05/18 6:53:57 p.m. GMT-5","1","Femenino","54","1.59","17","Ingeniería, Tecnología y Construcción.","1","6","3","6","Flexitariana: Es una dieta principalmente vegetariana, pero que permite el consumo ocasional de carne o pescado.","2","2","0","3","Regular","Mala","6","0","3","0","0","0","2","1.5","Ir de compras","Salud general y recomendación médica.","Aeróbica (correr, nadar, bicicleta).","Buena","No","0","Rara vez","Regular","Bastante","Frecuentemente"
"2026/05/18 6:57:33 p.m. GMT-5","1","Femenino","67","1.57","17","Ciencias de la Salud.","1","5","1","8","Omnívora: Consume alimentos de origen animal y vegetal.","3","1","5","1","Muy bajo","Buena","7","0","0","0","0","0","2","2.5","Otros motivos","Salud general y recomendación médica.","No realizo actividad física.","Regular","No","0","A veces","Poco","Regular","A veces"
"2026/05/18 7:01:47 p.m. GMT-5","1","Masculino","76","1.73","18","Ingeniería, Tecnología y Construcción.","3","5","8","4","Omnívora: Consume alimentos de origen animal y vegetal.","3","3","1","7","Alto","Muy buena","8","1","4","2","2","3","3","3","Realizar actividad física","Mejora del rendimiento físico / Estética.","Mixta.","Buena","No","150","Siempre","Bastante","Bastante","Siempre"
"2026/05/18 7:08:21 p.m. GMT-5","1","Masculino","73","1.75","20","Ingeniería, Tecnología y Construcción.","5","5","4","3","Omnívora: Consume alimentos de origen animal y vegetal.","3","2","3","3","Regular","Buena","7","2","3","0","0","2","2","2","Realizar actividad física","Mejora del rendimiento físico / Estética.","Mixta.","Buena","No","80","Frecuentemente","Bastante","Bastante","Frecuentemente"
"2026/05/18 7:11:23 p.m. GMT-5","1","Femenino","58","1.62","19","Ciencias de la Salud.","3","6","10.5","4","Omnívora: Consume alimentos de origen animal y vegetal.","4","1","5","6","Muy alto","Muy buena","8","0","4","0","0","0","1","2.5","Realizar actividad física","Mejora del rendimiento físico / Estética.","Anaeróbica (pesas, entrenamiento de fuerza).","Muy buena","No","200","Siempre","Bastante","Bastante","Siempre"
"2026/05/18 7:14:33 p.m. GMT-5","1","Masculino","80","1.78","22","Ciencias Sociales y Derecho.","8","6","1","5","Omnívora: Consume alimentos de origen animal y vegetal.","2","4","0","1","Bajo","Mala","5","4","1","3","1","4","4","1","Salir a pasear o conversar con mis amigos","Recreación y socialización con amigos.","Anaeróbica (pesas, entrenamiento de fuerza).","Buena","No","50","Frecuentemente","Regular","Bastante","A veces"
"2026/05/18 7:14:50 p.m. GMT-5","7","Masculino","80","1.83","20","Ciencias Sociales y Derecho.","8","5","1","2","Omnívora: Consume alimentos de origen animal y vegetal.","3","1","0","1","Bajo","Mala","5","0","0","3","2","1","1","4","Salir a pasear o conversar con mis amigos","Salud general y recomendación médica.","Aeróbica (correr, nadar, bicicleta).","Buena","Sí","3","Rara vez","Muy poco","Poco","A veces"
"2026/05/18 7:18:36 p.m. GMT-5","1","Femenino","60","1.65","23","Administración, Negocios y Contabilidad.","10","3","2","9","Flexitariana: Es una dieta principalmente vegetariana, pero que permite el consumo ocasional de carne o pescado.","3","2","1","2","Bajo","Regular","6","2","2","0","0","3","3","1.2","Salir a pasear o conversar con mis amigos","Reducción de estrés y ansiedad","Aeróbica (correr, nadar, bicicleta).","Regular","No","60","A veces","Bastante","Bastante","A veces"
"2026/05/18 7:21:30 p.m. GMT-5","1","Masculino","70","1.74","20","Ingeniería, Tecnología y Construcción.","4","6","1.5","4","Omnívora: Consume alimentos de origen animal y vegetal.","2","3","0","1","Muy bajo","Muy mala","4.5","2","0","4","2","4","4","1","Jugar videojuegos","Reducción de estrés y ansiedad","Anaeróbica (pesas, entrenamiento de fuerza).","Mala","No","20","Rara vez","Bastante","Bastante","Rara vez"
"2026/05/18 7:24:03 p.m. GMT-5","1","Masculino","82","1.80","21","Administración, Negocios y Contabilidad.","5","5","11","9","Omnívora: Consume alimentos de origen animal y vegetal.","5","1","6","5","Muy alto","Muy buena","8","1","4","0","0","1","2","3","Realizar actividad física","Recreación y socialización con amigos.","Aeróbica (correr, nadar, bicicleta).","Buena","No","350","Siempre","Bastante","Bastante","Siempre"
"2026/05/18 7:26:42 p.m. GMT-5","1","Femenino","54","1.62","20","Ingeniería, Tecnología y Construcción.","4","5","5","3","Vegana: Dieta estricta basada exclusivamente en alimentos de origen vegetal, excluyendo cualquier producto animal.","3","1","4","3","Regular","Buena","7","1","3","0","0","2","2","2","Salir a pasear o conversar con mis amigos","Salud general y recomendación médica.","Aeróbica (correr, nadar, bicicleta).","Buena","No","200","Frecuentemente","Bastante","Bastante","Frecuentemente"
"2026/05/18 7:29:24 p.m. GMT-5","1","Femenino","68","1.58","22","Ciencias de la Salud.","7","5","1","6","Omnívora: Consume alimentos de origen animal y vegetal.","2","5","0","0","Muy bajo","Mala","5","3","1","2","1","4","4","1","Dormir más horas que lo habitual","Salud general y recomendación médica.","No realizo actividad física.","Regular","Sí","15","Rara vez","Regular","Bastante","A veces"
"2026/05/18 7:31:47 p.m. GMT-5","1","Masculino","70","1.73","19","Humanidades, Artes y Educación.","2","4","5","2","Omnívora: Consume alimentos de origen animal y vegetal.","3","2","3","4","Alto","Buena","7.5","2","3","0","0","1","1","2.2","Salir a pasear o conversar con mis amigos","Recreación y socialización con amigos.","Mixta.","Buena","No","80","Frecuentemente","Bastante","Regular","Siempre"
"2026/05/18 7:34:51 p.m. GMT-5","1","Femenino","56","1.66","21","Humanidades, Artes y Educación.","6","5","4","3.4","Frugívora/Frutariana: Basada principalmente en el consumo de frutas.","3","1","6","3","Regular","Buena","7","0","3","0","0","1","2","2","Dormir más horas que lo habitual","Salud general y recomendación médica.","Aeróbica (correr, nadar, bicicleta).","Buena","No","120","Frecuentemente","Bastante","Bastante","Frecuentemente"
"2026/05/18 7:37:19 p.m. GMT-5","1","Masculino","78","1.77","22","Humanidades, Artes y Educación.","7","5","3","3","Omnívora: Consume alimentos de origen animal y vegetal.","3","3","2","2","Bajo","Regular","6.5","6","2","1","1","3","3","1.5","Salir a pasear o conversar con mis amigos","Recreación y socialización con amigos.","Deportes colectivos (futbol, basket, vóley).","Regular","No","50","A veces","Bastante","Bastante","A veces"
"2026/05/18 7:38:20 p.m. GMT-5","4","Masculino","85","1.73","49","Ingeniería, Tecnología y Construcción.","2","4","4","4","Omnívora: Consume alimentos de origen animal y vegetal.","3","1","6","2","Bajo","Buena","8","0","4","0","No cosumo esas bebidas ","3","2","2","Realizar actividad física","Mejora del rendimiento físico / Estética.","Mixta.","Regular","No","","Frecuentemente","Regular","Bastante","Siempre"
"2026/05/18 7:41:05 p.m. GMT-5","1","Femenino","65","1.60","18","Ingeniería, Tecnología y Construcción.","3","6","2","10","Omnívora: Consume alimentos de origen animal y vegetal.","3","2","3","3","Bajo","Buena","7","0","3","0","0","0","3","2.5","Dormir más horas que lo habitual","Salud general y recomendación médica.","Aeróbica (correr, nadar, bicicleta).","Buena","No","30","Frecuentemente","Bastante","Bastante","A veces"
"2026/05/18 7:41:56 p.m. GMT-5","4","Femenino","56","1.60","17","Administración, Negocios y Contabilidad.","1","4","2","6","Flexitariana: Es una dieta principalmente vegetariana, pero que permite el consumo ocasional de carne o pescado.","3","1","3","6","Regular","Regular","8","4","3","0","0","0","2","4","Ir de compras","Mejora del rendimiento físico / Estética.","Anaeróbica (pesas, entrenamiento de fuerza).","Buena","No","2000","Frecuentemente","Bastante","Bastante","Frecuentemente"
"2026/05/18 7:44:54 p.m. GMT-5","4","Femenino","50","1.5","19","Humanidades, Artes y Educación.","4","7","6","2","Omnívora: Consume alimentos de origen animal y vegetal.","4","2","1","3","Regular","Regular","6","2","2","0","0","2","2","1.5","Realizar actividad física","Reducción de estrés y ansiedad","Aeróbica (correr, nadar, bicicleta).","Regular","No","40","Frecuentemente","Regular","Regular","Frecuentemente"
"2026/05/18 7:50:33 p.m. GMT-5","4","Masculino","66","1.72","17","Administración, Negocios y Contabilidad.","3","2","3","2","Omnívora: Consume alimentos de origen animal y vegetal.","2","2","6","5","Regular","Regular","6","4","1","1","1","2","2","2","Salir a pasear o conversar con mis amigos","Recreación y socialización con amigos.","Mixta.","Buena","Sí","0","Frecuentemente","Regular","Regular","Frecuentemente"
"2026/05/18 7:51:15 p.m. GMT-5","7","Femenino","56","1.59","19","Ingeniería, Tecnología y Construcción.","4","5","6","11","Omnívora: Consume alimentos de origen animal y vegetal.","3","5","2","2","Bajo","Muy buena","10","0","2","0","0","1","2","3","Dormir más horas que lo habitual","Salud general y recomendación médica.","Deportes colectivos (futbol, basket, vóley).","Muy buena","No","120","Frecuentemente","Regular","Bastante","Siempre"
"2026/05/18 7:53:15 p.m. GMT-5","7","Masculino","80","1.75","20","Ingeniería, Tecnología y Construcción.","2","7","6","5","Flexitariana: Es una dieta principalmente vegetariana, pero que permite el consumo ocasional de carne o pescado.","3","1","3","3","Bajo","Regular","7","2","4","3","2","4","4","1.5","Salir a pasear o conversar con mis amigos","Recreación y socialización con amigos.","Aeróbica (correr, nadar, bicicleta).","Regular","Sí","50","A veces","Muy poco","Muy poco","Rara vez"
"2026/05/18 7:55:28 p.m. GMT-5","7","Masculino","67","1.80","18","Ingeniería, Tecnología y Construcción.","1","7","1","12","Vegana: Dieta estricta basada exclusivamente en alimentos de origen vegetal, excluyendo cualquier producto animal.","2","1","0","0","Muy bajo","Mala","3","0","2","5","3","4","4","1","Jugar videojuegos","Reducción de estrés y ansiedad","No realizo actividad física.","Mala","No","0","A veces","Regular","Bastante","Rara vez"
"2026/05/18 7:56:22 p.m. GMT-5","7","Femenino","68","1.5","22","Ingeniería, Tecnología y Construcción.","10","5","3","3","Omnívora: Consume alimentos de origen animal y vegetal.","3","2","0","2","Bajo","Muy buena","9","0","3","0","0","0","3","4","Salir a pasear o conversar con mis amigos","Salud general y recomendación médica.","Aeróbica (correr, nadar, bicicleta).","Buena","No","600","A veces","Bastante","Nunca","Frecuentemente"
"2026/05/18 7:56:48 p.m. GMT-5","7","Masculino","70","1.71","21","Ingeniería, Tecnología y Construcción.","6","6","8","15","Omnívora: Consume alimentos de origen animal y vegetal.","3","3","0","6","Alto","Regular","6","1","3","0","0","1","3","2","Realizar actividad física","Salud general y recomendación médica.","Mixta.","Buena","No","200","Frecuentemente","Bastante","Bastante","Frecuentemente"
"2026/05/18 7:57:09 p.m. GMT-5","7","Femenino","56","1.64","19","Ingeniería, Tecnología y Construcción.","4","6","8","7","Omnívora: Consume alimentos de origen animal y vegetal.","3","1","6","5","Muy alto","Buena","7","0","3","0","0","3","2","3.5","Realizar actividad física","Mejora del rendimiento físico / Estética.","Anaeróbica (pesas, entrenamiento de fuerza).","Buena","No","300","Frecuentemente","Bastante","Bastante","Siempre"
"2026/05/18 7:59:01 p.m. GMT-5","7","Femenino","58","1.52","21","Ingeniería, Tecnología y Construcción.","7","5","3","9","Omnívora: Consume alimentos de origen animal y vegetal.","3","3","3","3","Regular","Mala","4","2","3","0","0","4","4","4.5","Ir de compras","Recreación y socialización con amigos.","Deportes colectivos (futbol, basket, vóley).","Regular","No","40","A veces","Regular","Regular","A veces"
"2026/05/18 8:00:42 p.m. GMT-5","7","Masculino","93","1.90","20","Ingeniería, Tecnología y Construcción.","5","5","6","5","Omnívora: Consume alimentos de origen animal y vegetal.","3","1","5","4","Regular","Regular","6","3","3","1","1","2","2","5","Otros motivos","Mejora del rendimiento físico / Estética.","Anaeróbica (pesas, entrenamiento de fuerza).","Buena","Sí","285","Frecuentemente","Poco","Regular","Frecuentemente"
"2026/05/18 8:02:27 p.m. GMT-5","7","Masculino","55","1.71","20","Ingeniería, Tecnología y Construcción.","5","5","1","16","Omnívora: Consume alimentos de origen animal y vegetal.","2","5","2","1","Bajo","Mala","5","0","1","7","2","4","3","1","Dormir más horas que lo habitual","Recreación y socialización con amigos.","Mixta.","Mala","Sí","10","Rara vez","Poco","Regular","Rara vez"
"2026/05/18 8:04:52 p.m. GMT-5","7","Femenino","80","1.70","18","Ingeniería, Tecnología y Construcción.","2","7","5","7","Omnívora: Consume alimentos de origen animal y vegetal.","4","2","4","4","Regular","Regular","8","4","3","0","0","3","4","2","Salir a pasear o conversar con mis amigos","Mejora del rendimiento físico / Estética.","Aeróbica (correr, nadar, bicicleta).","Regular","No","250","A veces","Regular","Regular","Siempre"
"2026/05/18 8:06:19 p.m. GMT-5","7","Masculino","72","1.75","18","Ingeniería, Tecnología y Construcción.","3","6","6","4","Omnívora: Consume alimentos de origen animal y vegetal.","4","2","4","3","Regular","Buena","9","1","3","3","1","4","2","3","Jugar videojuegos","Recreación y socialización con amigos.","Deportes colectivos (futbol, basket, vóley).","Regular","No","150","Frecuentemente","Regular","Bastante","Frecuentemente"
"2026/05/18 8:07:54 p.m. GMT-5","7","Femenino","49","1.50","17","Ingeniería, Tecnología y Construcción.","1","7","4","1","Omnívora: Consume alimentos de origen animal y vegetal.","3","1","6","3","Bajo","Regular","7","0","2","0","0","2","2","5","Salir a pasear o conversar con mis amigos","Recreación y socialización con amigos.","Mixta.","Regular","No","100","Frecuentemente","Regular","Bastante","Siempre"
"2026/05/18 8:13:52 p.m. GMT-5","7","Masculino","81","1.74","22","Ingeniería, Tecnología y Construcción.","9","3","1","2","Omnívora: Consume alimentos de origen animal y vegetal.","2","1","5","5","Regular","Regular","6","0","0","0","0","0","3","1","Salir a pasear o conversar con mis amigos","Salud general y recomendación médica.","Mixta.","Regular","No","0","Frecuentemente","Regular","Bastante","A veces"
"2026/05/18 8:13:58 p.m. GMT-5","8","Femenino","50","1.57","19","Ingeniería, Tecnología y Construcción.","4","3","1.5","18","Omnívora: Consume alimentos de origen animal y vegetal.","2","3","3","0","Muy bajo","Muy mala","4","3","0","0","0","0","4","3","Dormir más horas que lo habitual","Recreación y socialización con amigos.","No realizo actividad física.","Regular","Sí","400","Rara vez","Poco","Bastante","Frecuentemente"
"2026/05/18 8:15:10 p.m. GMT-5","7","Masculino","70 ","1.75","18","Administración, Negocios y Contabilidad.","3","5","8 ","6 ","Omnívora: Consume alimentos de origen animal y vegetal.","5 ","2","2","5","Alto","Buena","8","10","3","2","3","3","2","4","Realizar actividad física","Recreación y socialización con amigos.","Deportes colectivos (futbol, basket, vóley).","Buena","No","20 ","Frecuentemente","Regular","Regular","Frecuentemente"
"2026/05/18 8:17:13 p.m. GMT-5","7","Masculino","84","1.71","21","Ingeniería, Tecnología y Construcción.","6","7","1","4","Omnívora: Consume alimentos de origen animal y vegetal.","3","1","3","2","Regular","Regular","8","0","2","6","3","2","2","3","Realizar actividad física","Recreación y socialización con amigos.","Deportes colectivos (futbol, basket, vóley).","Buena","No","10","A veces","Poco","Poco","A veces"
"2026/05/18 8:19:48 p.m. GMT-5","7","Masculino","67","1.69","21","Ingeniería, Tecnología y Construcción.","6","6","6.5","4","Flexitariana: Es una dieta principalmente vegetariana, pero que permite el consumo ocasional de carne o pescado.","3","1","1","5","Regular","Mala","6","10","2","5","2","3","2","2.5","Salir a pasear o conversar con mis amigos","Mejora del rendimiento físico / Estética.","Mixta.","Buena","No","400","A veces","Bastante","Bastante","Frecuentemente"
"2026/05/18 8:22:12 p.m. GMT-5","4","Masculino","58","1.65","24","Ingeniería, Tecnología y Construcción.","5","4","1.5","5","Flexitariana: Es una dieta principalmente vegetariana, pero que permite el consumo ocasional de carne o pescado.","3","1","0","3","Bajo","Regular","6","2","2","0","0","1","3","1","Dormir más horas que lo habitual","Mejora del rendimiento físico / Estética.","Aeróbica (correr, nadar, bicicleta).","Regular","No","20","A veces","Bastante","Bastante","A veces"
"2026/05/18 8:24:42 p.m. GMT-5","7","Masculino","70","1.78","19","Ingeniería, Tecnología y Construcción.","4","6","1","10","Omnívora: Consume alimentos de origen animal y vegetal.","3","2","6","0","Muy bajo","Regular","5","1","3","1","1","4","4","2","Jugar videojuegos","Mejora del rendimiento físico / Estética.","Anaeróbica (pesas, entrenamiento de fuerza).","Buena","No","50","Rara vez","Regular","Regular","A veces"
"2026/05/18 8:24:51 p.m. GMT-5","7","Masculino","65","1.68","18","Ingeniería, Tecnología y Construcción.","1","6","1","9","Omnívora: Consume alimentos de origen animal y vegetal.","2","5","0","0","Muy bajo","Regular","6","0","2","2","2","0","3","1.5","Salir a pasear o conversar con mis amigos","Recreación y socialización con amigos.","No realizo actividad física.","Regular","No","100","A veces","Poco","Bastante","A veces"
"2026/05/18 8:32:06 p.m. GMT-5","7","Masculino","80","1.78","20","Ingeniería, Tecnología y Construcción.","7","6","9","1.5","Omnívora: Consume alimentos de origen animal y vegetal.","2","1","7","7","Regular","Mala","5","0","3","1","1","2","2","1","Realizar actividad física","Mejora del rendimiento físico / Estética.","Anaeróbica (pesas, entrenamiento de fuerza).","Buena","No","300","Frecuentemente","Regular","Bastante","A veces"
"2026/05/18 8:34:51 p.m. GMT-5","7","Masculino","20","1.72","18","Ingeniería, Tecnología y Construcción.","3","6","1","10","Omnívora: Consume alimentos de origen animal y vegetal.","3","1","0","6","Regular","Regular","6","0","3","0","When haces tus momos en Google forms: ""El futuro es hoy, ¿oíste viejo? :VvXdddXD""","2","1","2","Jugar videojuegos","Recreación y socialización con amigos.","Mixta.","Buena","Sí","20","Rara vez","Poco","Bastante","Frecuentemente"
"2026/05/18 8:38:05 p.m. GMT-5","7","Femenino","60","1.64","18","Ingeniería, Tecnología y Construcción.","3","5","2.5","3","Omnívora: Consume alimentos de origen animal y vegetal.","2","1","0","2","Regular","Mala","5","2","3","1","2","2","4","2","Salir a pasear o conversar con mis amigos","Mejora del rendimiento físico / Estética.","Anaeróbica (pesas, entrenamiento de fuerza).","Regular","No","800","A veces","Regular","Bastante","A veces"
"2026/05/18 8:39:04 p.m. GMT-5","7","Masculino","78","1.78","24","Ingeniería, Tecnología y Construcción.","7","7","1","1","Omnívora: Consume alimentos de origen animal y vegetal.","2","2","0","1","Muy bajo","Mala","5","1","0","0","0","0","0","3","Otros motivos","Salud general y recomendación médica.","No realizo actividad física.","Muy buena","No","0","Rara vez","Regular","Bastante","Siempre"
"2026/05/18 8:39:09 p.m. GMT-5","7","Masculino","75","1.72","20","Ingeniería, Tecnología y Construcción.","7","6","6","2","Omnívora: Consume alimentos de origen animal y vegetal.","3","2","2","5","Alto","Mala","5","0","4","0","0","0","2","2","Realizar actividad física","Mejora del rendimiento físico / Estética.","Deportes colectivos (futbol, basket, vóley).","Muy buena","No","100","A veces","Bastante","Bastante","Frecuentemente"
"2026/05/18 8:47:14 p.m. GMT-5","7","Masculino","51","1.70","18","Ingeniería, Tecnología y Construcción.","3","5","5","8","Omnívora: Consume alimentos de origen animal y vegetal.","3","2","2","3","Regular","Regular","7","0","3","0","0","0","2","2","Realizar actividad física","Recreación y socialización con amigos.","Deportes colectivos (futbol, basket, vóley).","Regular","No","0","A veces","Bastante","Bastante","A veces"
"2026/05/18 9:18:35 p.m. GMT-5","4","Femenino","44","1.54","17","Humanidades, Artes y Educación.","2","1","1.5","3.3","Omnívora: Consume alimentos de origen animal y vegetal.","3","2","4","3","Regular","Regular","7","0","2","0","0","1","1","1.5","Salir a pasear o conversar con mis amigos","Salud general y recomendación médica.","Deportes colectivos (futbol, basket, vóley).","Regular","Sí","6","A veces","Regular","Bastante","A veces"
"2026/05/18 9:52:58 p.m. GMT-5","8","Masculino","75","1.81","26","Ingeniería, Tecnología y Construcción.","7","4","2","5","Omnívora: Consume alimentos de origen animal y vegetal.","3","2","0","4","Bajo","Buena","8","4","3","0","0","0","2","2","Jugar videojuegos","Salud general y recomendación médica.","Anaeróbica (pesas, entrenamiento de fuerza).","Buena","No","0","Frecuentemente","Regular","Bastante","Frecuentemente"
"2026/05/18 10:31:10 p.m. GMT-5","4","Masculino","68","1.75","19","Ingeniería, Tecnología y Construcción.","1","6","3","2","Omnívora: Consume alimentos de origen animal y vegetal.","3","1","0","3","Regular","Mala","7","0","3","0","1","1","1","3","Realizar actividad física","Mejora del rendimiento físico / Estética.","Deportes colectivos (futbol, basket, vóley).","Muy buena","No","0","A veces","Poco","Bastante","A veces"
"2026/05/18 10:43:32 p.m. GMT-5","7","Femenino","54","1.54","18","Ingeniería, Tecnología y Construcción.","1","6","1.0","5.0","Omnívora: Consume alimentos de origen animal y vegetal.","3","3","3","0","Muy bajo","Muy mala","5","0","4","5","2","3","4","1.5","Realizar actividad física","Mejora del rendimiento físico / Estética.","Deportes colectivos (futbol, basket, vóley).","Buena","No","30","A veces","Regular","Regular","A veces"
"2026/05/18 11:00:58 p.m. GMT-5","4","Femenino","62","1.57","23","Ingeniería, Tecnología y Construcción.","10","4","8","15","Omnívora: Consume alimentos de origen animal y vegetal.","4","1","6","4","Regular","Buena","7","0","3","0","0","0","3","2","Salir a pasear o conversar con mis amigos","Reducción de estrés y ansiedad","Anaeróbica (pesas, entrenamiento de fuerza).","Regular","No","50","Frecuentemente","Bastante","Bastante","A veces"
"2026/05/18 11:20:15 p.m. GMT-5","4","Masculino","70","1","17","Ingeniería, Tecnología y Construcción.","1","7","1","5","Omnívora: Consume alimentos de origen animal y vegetal.","4","1","0","4","Bajo","Regular","6","0","1","0","0","3","2","3","Jugar videojuegos","Mejora del rendimiento físico / Estética.","No realizo actividad física.","Buena","No","0","A veces","Nunca","Bastante","Frecuentemente"
"2026/05/19 7:02:47 a.m. GMT-5","4","Masculino","73","1.80","23","Ingeniería, Tecnología y Construcción.","10","2","5","4","Omnívora: Consume alimentos de origen animal y vegetal.","5","6","6","7","Muy alto","Muy buena","10","1","4","7","4","3","1","1.50","Jugar videojuegos","Reducción de estrés y ansiedad","Aeróbica (correr, nadar, bicicleta).","Buena","Sí","1","Frecuentemente","Nunca","Poco","A veces"
"2026/05/19 7:07:14 a.m. GMT-5","4","Masculino","73","1.80","23","Ingeniería, Tecnología y Construcción.","10","3","7","7","Omnívora: Consume alimentos de origen animal y vegetal.","6","7","6","7","Muy alto","Muy buena","7","0","4","4","4","3","4","1.6","Jugar videojuegos","Recreación y socialización con amigos.","Aeróbica (correr, nadar, bicicleta).","Regular","Sí","1","A veces","Poco","Muy poco","Frecuentemente"
"2026/05/19 8:49:33 a.m. GMT-5","1","Masculino","80","1.7","21","Ciencias Exactas y Ambientales.","3","3","1","2","Omnívora: Consume alimentos de origen animal y vegetal.","3","1","0","1","Regular","Regular","5","0","3","0","0","0","3","1.5","Dormir más horas que lo habitual","Reducción de estrés y ansiedad","Deportes colectivos (futbol, basket, vóley).","Mala","No","0","Rara vez","Poco","Regular","A veces"
"2026/05/19 8:53:57 a.m. GMT-5","1","Masculino","80","1.7","21","Ciencias Exactas y Ambientales.","3","3","1.5","3","Omnívora: Consume alimentos de origen animal y vegetal.","3","1","6","1","Regular","Mala","5","0","3","0","0","0","3","1.5","Dormir más horas que lo habitual","Reducción de estrés y ansiedad","Aeróbica (correr, nadar, bicicleta).","Mala","No","0","Rara vez","Poco","Regular","Rara vez"
"2026/05/19 9:07:04 a.m. GMT-5","1","Masculino","75","1.65","22","Ciencias Exactas y Ambientales.","4","4","1.6","4","Omnívora: Consume alimentos de origen animal y vegetal.","3","2","5","1","Regular","Regular","6","1","3","1","1","0","2","2","Dormir más horas que lo habitual","Reducción de estrés y ansiedad","No realizo actividad física.","Mala","No","6","Nunca","Muy poco","Poco","A veces"
"2026/05/19 9:29:38 a.m. GMT-5","1","Masculino","1.78","1.69","20","Ingeniería, Tecnología y Construcción.","5","4","1","4","Omnívora: Consume alimentos de origen animal y vegetal.","3","2","5","0","Regular","Regular","4","0","3","0","0","0","3","2","Otros motivos","Reducción de estrés y ansiedad","Aeróbica (correr, nadar, bicicleta).","Regular","No","10","A veces","Poco","Bastante","A veces"
"2026/05/19 12:39:56 p.m. GMT-5","4","Femenino","100","1.70","22","Ingeniería, Tecnología y Construcción.","10","3","1","2","Omnívora: Consume alimentos de origen animal y vegetal.","4","4","0","0","Muy bajo","Buena","7","2","3","2","1","1","2","1","Otros motivos","Recreación y socialización con amigos.","No realizo actividad física.","Mala","No","10","A veces","Regular","Regular","A veces"
"2026/05/19 12:51:00 p.m. GMT-5","4","Femenino","70","1.56","23","Humanidades, Artes y Educación.","8","6","2","1","Omnívora: Consume alimentos de origen animal y vegetal.","3","3","2","2","Bajo","Buena","5.5","6","3","3","2","3","3","3","Salir a pasear o conversar con mis amigos","Reducción de estrés y ansiedad","Anaeróbica (pesas, entrenamiento de fuerza).","Regular","No","60","A veces","Regular","Regular","Frecuentemente"
"2026/05/19 12:53:17 p.m. GMT-5","1","Femenino","50.6","1.65","24","Ciencias de la Salud.","10","3","5.5","1.5","Omnívora: Consume alimentos de origen animal y vegetal.","3","1","5","4","Regular","Regular","5.5","2","1","1","1","2","4","1.2","Ir de compras","Mejora del rendimiento físico / Estética.","Anaeróbica (pesas, entrenamiento de fuerza).","Regular","No","50.5","A veces","Poco","Muy poco","A veces"
"2026/05/19 12:59:27 p.m. GMT-5","4","Masculino","83","1.67","19","Ciencias Exactas y Ambientales.","4","7","8","3","Omnívora: Consume alimentos de origen animal y vegetal.","4","2","2","5","Regular","Buena","7","1","3","2","3","3","2","3","Realizar actividad física","Salud general y recomendación médica.","Mixta.","Buena","No","250","Siempre","Bastante","Bastante","Frecuentemente"
"2026/05/19 1:02:30 p.m. GMT-5","4","Masculino","65","1.61","18","Administración, Negocios y Contabilidad.","4","4","9","2","Omnívora: Consume alimentos de origen animal y vegetal.","3","1","2","3","Regular","Buena","7","3","2","1","1","1","2","2","Salir a pasear o conversar con mis amigos","Recreación y socialización con amigos.","Mixta.","Regular","No","0","Frecuentemente","Poco","Regular","Frecuentemente"
"2026/05/19 1:16:03 p.m. GMT-5","4","Masculino","85","1.74","27","Ingeniería, Tecnología y Construcción.","7","6","10","3","Flexitariana: Es una dieta principalmente vegetariana, pero que permite el consumo ocasional de carne o pescado.","5","20","1","1","Regular","Mala","7","20","3","7","4","2","4","1.1","Salir a pasear o conversar con mis amigos","Reducción de estrés y ansiedad","Aeróbica (correr, nadar, bicicleta).","Regular","No","200","A veces","Poco","Poco","A veces"
"2026/05/19 2:00:48 p.m. GMT-5","4","Masculino","70","1.76","25","Ingeniería, Tecnología y Construcción.","9","4","1","9","Omnívora: Consume alimentos de origen animal y vegetal.","3","3","0","3","Muy bajo","Regular","6","1","2","0","0","1","3","1.5","Realizar actividad física","Mejora del rendimiento físico / Estética.","Mixta.","Regular","No","20","A veces","Bastante","Bastante","A veces"
"2026/05/19 2:09:06 p.m. GMT-5","4","Masculino","75","1.66","23","Ingeniería, Tecnología y Construcción.","9","4","1","2","Omnívora: Consume alimentos de origen animal y vegetal.","3","1","0","0","Muy bajo","Mala","6","0","3","0","0","3","4","1","Dormir más horas que lo habitual","Mejora del rendimiento físico / Estética.","No realizo actividad física.","Regular","No","150","Rara vez","Bastante","Bastante","A veces"
"2026/05/19 2:30:55 p.m. GMT-5","4","Masculino","120","1.80","22","Ingeniería, Tecnología y Construcción.","7","5","1","2","Omnívora: Consume alimentos de origen animal y vegetal.","4","4","1","5","Regular","Mala","8","4","3","5","1","1","1","1","Realizar actividad física","Salud general y recomendación médica.","Mixta.","Buena","No","40","Siempre","Regular","Bastante","Siempre"
"2026/05/19 2:39:00 p.m. GMT-5","4","Femenino","62","1.59","21","Ingeniería, Tecnología y Construcción.","4","6","3","10","Omnívora: Consume alimentos de origen animal y vegetal.","3","4","3","4","Bajo","Buena","9","1","4","3","1","1","1","2","Realizar actividad física","Mejora del rendimiento físico / Estética.","Anaeróbica (pesas, entrenamiento de fuerza).","Buena","No","15","Frecuentemente","Muy poco","Regular","Frecuentemente"
"2026/05/19 4:52:44 p.m. GMT-5","4","Femenino","67","1.65","25","Ingeniería, Tecnología y Construcción.","8","7","1.5","8","Omnívora: Consume alimentos de origen animal y vegetal.","4","3","3","4","Regular","Buena","5","4","4","6","3","3","3","1.5","Realizar actividad física","Reducción de estrés y ansiedad","Deportes colectivos (futbol, basket, vóley).","Buena","No","25.00","Frecuentemente","Regular","Bastante","Frecuentemente"
"2026/05/19 5:10:41 p.m. GMT-5","4","Femenino","65","1.57","22","Ciencias Sociales y Derecho.","6","6","2","4","Omnívora: Consume alimentos de origen animal y vegetal.","3","2","4","1","Muy bajo","Regular","7","7","4","5","3","4","1","1.5","Salir a pasear o conversar con mis amigos","Mejora del rendimiento físico / Estética.","Deportes colectivos (futbol, basket, vóley).","Buena","No","50.00","Siempre","Regular","Poco","A veces"
"2026/05/19 5:30:56 p.m. GMT-5","4","Femenino","64","1.60","25","Ciencias Exactas y Ambientales.","7","6","1.5","3.00","Omnívora: Consume alimentos de origen animal y vegetal.","3","2","4","2","Bajo","Buena","6","2","4","7","3","3","4","1","Salir a pasear o conversar con mis amigos","Recreación y socialización con amigos.","Deportes colectivos (futbol, basket, vóley).","Muy buena","No","5","A veces","Bastante","Regular","Siempre"
"2026/05/19 5:46:46 p.m. GMT-5","4","Masculino","50","1.50","16","Ingeniería, Tecnología y Construcción.","1","5","1.5","2","Omnívora: Consume alimentos de origen animal y vegetal.","3","2","0","3","Bajo","Regular","4.5","1","3","2","2","1","2","2","Otros motivos","Salud general y recomendación médica.","Mixta.","Mala","No","200","A veces","Regular","Regular","Frecuentemente"
"2026/05/19 5:46:53 p.m. GMT-5","4","Masculino","72","1.72","25","Ciencias Exactas y Ambientales.","7","7","1.5","5","Omnívora: Consume alimentos de origen animal y vegetal.","3","2","4","4","Regular","Buena","6","2","4","6","3","3","2","1.5","Salir a pasear o conversar con mis amigos","Mejora del rendimiento físico / Estética.","Aeróbica (correr, nadar, bicicleta).","Muy buena","No","1","Frecuentemente","Regular","Regular","Siempre"
"2026/05/19 5:54:22 p.m. GMT-5","4","Masculino","71","1.65","18","Ingeniería, Tecnología y Construcción.","3","6","2","8","Frugívora/Frutariana: Basada principalmente en el consumo de frutas.","5","3","3","2","Muy bajo","Mala","5.4","0","2","5","1","4","4","2","Dormir más horas que lo habitual","Mejora del rendimiento físico / Estética.","Anaeróbica (pesas, entrenamiento de fuerza).","Regular","No","130","Rara vez","Muy poco","Poco","A veces"
"2026/05/19 6:03:52 p.m. GMT-5","4","Femenino","65","1.63","24","Ciencias Sociales y Derecho.","4","7","1.2","2","Omnívora: Consume alimentos de origen animal y vegetal.","3","3","5","3","Regular","Regular","5","3","4","7","4","0","1","1.5","Realizar actividad física","Mejora del rendimiento físico / Estética.","Mixta.","Muy buena","No","","Siempre","Bastante","Poco","Siempre"
"2026/05/19 6:11:28 p.m. GMT-5","4","Femenino","50","1.56","18","Ingeniería, Tecnología y Construcción.","2","5","1","2","Omnívora: Consume alimentos de origen animal y vegetal.","4","1","5","6","Regular","Regular","5","0","4","0","0","0","3","2","Realizar actividad física","Recreación y socialización con amigos.","Deportes colectivos (futbol, basket, vóley).","Regular","No","200","Frecuentemente","Bastante","Bastante","Frecuentemente"
"2026/05/19 6:11:38 p.m. GMT-5","4","Masculino","90","1.75","19","Ingeniería, Tecnología y Construcción.","2","6","1","0","Omnívora: Consume alimentos de origen animal y vegetal.","2","1","3","0","Bajo","Regular","5"," 4","0","0","0","0","2","1","Salir a pasear o conversar con mis amigos","Recreación y socialización con amigos.","No realizo actividad física.","Regular","Sí","0","Frecuentemente","Regular","Bastante","A veces"
"2026/05/19 6:13:00 p.m. GMT-5","4","Masculino","1","0","93","Ingeniería, Tecnología y Construcción.","10","10","15.0000001","0","Omnívora: Consume alimentos de origen animal y vegetal.","15","5","7","6","Regular","Regular","0","0","3","0","1","0","3","10","Realizar actividad física","Mejora del rendimiento físico / Estética.","Aeróbica (correr, nadar, bicicleta).","Buena","No","2000","Siempre","Bastante","Bastante","Frecuentemente"
"2026/05/19 6:21:23 p.m. GMT-5","4","Masculino","60","1.7","20","Ingeniería, Tecnología y Construcción.","6","6","1","10","Omnívora: Consume alimentos de origen animal y vegetal.","3","1","2","1","Bajo","Regular","7","0","3","0","0","1","3","2","Salir a pasear o conversar con mis amigos","Recreación y socialización con amigos.","Deportes colectivos (futbol, basket, vóley).","Regular","No","0","A veces","Bastante","Regular","A veces"
"2026/05/19 6:40:03 p.m. GMT-5","4","Masculino","76","1.87","17","Ingeniería, Tecnología y Construcción.","3","7","8","4","Flexitariana: Es una dieta principalmente vegetariana, pero que permite el consumo ocasional de carne o pescado.","4","5","4","5","Regular","Regular","6","3","3","4","2","2","2","3","Jugar videojuegos","Recreación y socialización con amigos.","Deportes colectivos (futbol, basket, vóley).","Regular","No","150","Frecuentemente","Regular","Regular","Frecuentemente"
"2026/05/19 6:44:22 p.m. GMT-5","4","Femenino","55","1.57","19","Administración, Negocios y Contabilidad.","3","5","7","2","Vegetariana: Excluye carne y pescado.","3","3","5","4","Regular","Buena","8","0","3","0","0","0","2","2","Ir de compras","Reducción de estrés y ansiedad","Anaeróbica (pesas, entrenamiento de fuerza).","Regular","Sí","60","Rara vez","Regular","Regular","A veces"
"2026/05/19 7:39:54 p.m. GMT-5","4","Masculino","52","1.80","17","Ciencias Exactas y Ambientales.","1","6","2","1.5","Omnívora: Consume alimentos de origen animal y vegetal.","3","2","0","1","Muy bajo","Buena","8","0","3","0","0","0","2","1","Jugar videojuegos","Recreación y socialización con amigos.","Mixta.","Regular","No","10","Frecuentemente","Poco","Bastante","Frecuentemente"
"2026/05/19 7:46:52 p.m. GMT-5","4","Masculino","85","1.76","23","Ingeniería, Tecnología y Construcción.","5","4","7","4","Omnívora: Consume alimentos de origen animal y vegetal.","4","3","2","3","Bajo","Regular","7","0","3","1","1","0","3","3","Salir a pasear o conversar con mis amigos","Mejora del rendimiento físico / Estética.","Deportes colectivos (futbol, basket, vóley).","Regular","No","180","A veces","Regular","Regular","A veces"
"2026/05/19 7:52:40 p.m. GMT-5","1","Masculino","56","1.6","19","Ciencias Exactas y Ambientales.","2","6","1.5","1.5","Omnívora: Consume alimentos de origen animal y vegetal.","3","1","5","4","Regular","Mala","9","1","1","2","1","1","2","8","Realizar actividad física","Mejora del rendimiento físico / Estética.","Mixta.","Buena","No","100","A veces","Poco","Muy poco","A veces"
"2026/05/19 9:44:03 p.m. GMT-5","1","Femenino","65","1.60","19","Ingeniería, Tecnología y Construcción.","5","5","2","3","Vegetariana: Excluye carne y pescado.","1","3","0","2","Regular","Regular","6","0","1","0","0","0","2","2","Dormir más horas que lo habitual","Mejora del rendimiento físico / Estética.","Aeróbica (correr, nadar, bicicleta).","Buena","No","60","A veces","Poco","Regular","Frecuentemente"
"2026/05/19 10:03:50 p.m. GMT-5","1","Masculino","66","1.71","19","Ingeniería, Tecnología y Construcción.","3","5","2","2.5","Omnívora: Consume alimentos de origen animal y vegetal.","2","3","0","1","Bajo","Mala","5.5","1","1","1","1","3","3","1.5","Dormir más horas que lo habitual","Reducción de estrés y ansiedad","Mixta.","Regular","No","40","A veces","Bastante","Bastante","A veces"
"2026/05/19 10:06:16 p.m. GMT-5","1","Femenino","55","1.62","20","Ciencias Sociales y Derecho.","4","6","10","3","Omnívora: Consume alimentos de origen animal y vegetal.","4","1","5","5","Alto","Buena","7","2","3","0","0","1","2","2.5","Realizar actividad física","Mejora del rendimiento físico / Estética.","Anaeróbica (pesas, entrenamiento de fuerza).","Buena","No","200","Frecuentemente","Bastante","Bastante","Frecuentemente"
"2026/05/19 10:08:14 p.m. GMT-5","1","Masculino","85","1.76","21","Administración, Negocios y Contabilidad.","6","5","4","2","Flexitariana: Es una dieta principalmente vegetariana, pero que permite el consumo ocasional de carne o pescado.","3","1","4","3","Regular","Buena","7.5","0","3","0","0","0","1","2.2","Salir a pasear o conversar con mis amigos","Salud general y recomendación médica.","Anaeróbica (pesas, entrenamiento de fuerza).","Buena","Sí","120","Frecuentemente","Bastante","Bastante","Siempre"
"2026/05/19 10:10:27 p.m. GMT-5","1","Masculino","70","1.75","18","Ingeniería, Tecnología y Construcción.","2","4","1","1","Omnívora: Consume alimentos de origen animal y vegetal.","2","6","0","0","Muy bajo","Regular","7","4","1","3","1","3","2","1","Jugar videojuegos","Reducción de estrés y ansiedad","No realizo actividad física.","Regular","No","10","A veces","Poco","Regular","A veces"
"2026/05/19 10:12:16 p.m. GMT-5","1","Femenino","48","1.59","19","Administración, Negocios y Contabilidad.","3","7","1","5.5","Omnívora: Consume alimentos de origen animal y vegetal.","3","2","2","1","Bajo","Mala","5","0","2","1","1","4","4","1.2","Dormir más horas que lo habitual","Reducción de estrés y ansiedad","Anaeróbica (pesas, entrenamiento de fuerza).","Regular","No","35","Rara vez","Bastante","Bastante","A veces"
"2026/05/19 10:14:12 p.m. GMT-5","1","Masculino","74","1.72","22","Ciencias Sociales y Derecho.","7","5","3","1.5","Omnívora: Consume alimentos de origen animal y vegetal.","3","4","1","2","Bajo","Regular","6.5","10","2","2","1","2","2","1.5","Salir a pasear o conversar con mis amigos","Recreación y socialización con amigos.","Deportes colectivos (futbol, basket, vóley).","Regular","No","30","A veces","Regular","Bastante","Frecuentemente"
"2026/05/19 10:16:17 p.m. GMT-5","1","Masculino","80","1.78","26","Ciencias Sociales y Derecho.","8","4","2","2","Omnívora: Consume alimentos de origen animal y vegetal.","3","3","2","2","Bajo","Regular","6","3","3","0","0","3","3","1.8","Salir a pasear o conversar con mis amigos","Salud general y recomendación médica.","Mixta.","Regular","No","70","Frecuentemente","Bastante","Bastante","Frecuentemente"
"2026/05/19 10:18:21 p.m. GMT-5","1","Femenino","62","1.60","20","Humanidades, Artes y Educación.","5","5","1","3","Vegetariana: Excluye carne y pescado.","2","3","3","0","Muy bajo","Regular","6","1","1","1","1","2","2","1","Jugar videojuegos","Salud general y recomendación médica.","No realizo actividad física.","Regular","No","45","A veces","Poco","Bastante","A veces"
"2026/05/19 10:20:18 p.m. GMT-5","1","Masculino","76","1.81","21","Administración, Negocios y Contabilidad.","5","5","14","2","Omnívora: Consume alimentos de origen animal y vegetal.","4","2","3","6","Muy alto","Muy buena","8","4","4","1","1","1","2","3.5","Realizar actividad física","Mejora del rendimiento físico / Estética.","Deportes colectivos (futbol, basket, vóley).","Muy buena","No","150","Siempre","Bastante","Bastante","Siempre"
"2026/05/19 10:22:20 p.m. GMT-5","1","Femenino","51","1.63","22","Administración, Negocios y Contabilidad.","7","5","5","3","Omnívora: Consume alimentos de origen animal y vegetal.","3","1","6","4","Alto","Muy buena","7.5","0","3","0","0","0","1","2.8","Dormir más horas que lo habitual","Reducción de estrés y ansiedad","Aeróbica (correr, nadar, bicicleta).","Muy buena","No","220","Siempre","Bastante","Bastante","Siempre"
"2026/05/19 10:26:03 p.m. GMT-5","1","Masculino","68","1.72","20","Ingeniería, Tecnología y Construcción.","4","6","8","4","Omnívora: Consume alimentos de origen animal y vegetal.","3","1","4","5","Alto","Buena","6.5","2","3","0","0","1","3","2.5","Realizar actividad física","Salud general y recomendación médica.","Aeróbica (correr, nadar, bicicleta).","Buena","No","100","Frecuentemente","Bastante","Bastante","Frecuentemente"
"2026/05/19 10:27:51 p.m. GMT-5","1","Masculino","73","1.74","19","Ingeniería, Tecnología y Construcción.","2","6","1","4.5","Omnívora: Consume alimentos de origen animal y vegetal.","2","4","1","1","Bajo","Mala","5","3","0","5","2","4","4","1","Jugar videojuegos","Reducción de estrés y ansiedad","Aeróbica (correr, nadar, bicicleta).","Regular","No","","Rara vez","Bastante","Bastante","A veces"
"2026/05/19 10:29:50 p.m. GMT-5","1","Femenino","57","1","1.64","Humanidades, Artes y Educación.","6","5","3","3","Omnívora: Consume alimentos de origen animal y vegetal.","3","2","3","2","Regular","Buena","7","2","2","0","0","1","2","1.8","Salir a pasear o conversar con mis amigos","Reducción de estrés y ansiedad","Mixta.","Buena","No","60","Frecuentemente","Bastante","Regular","Frecuentemente"
"2026/05/19 10:31:40 p.m. GMT-5","1","Masculino","84","1.82","22","Ingeniería, Tecnología y Construcción.","6","5","11","3","Omnívora: Consume alimentos de origen animal y vegetal.","5","1","6","5","Muy alto","Buena","7.5","1","4","0","0","1","2","3.2","Realizar actividad física","Reducción de estrés y ansiedad","Mixta.","Muy buena","No","280","Siempre","Bastante","Bastante","Siempre"
"2026/05/19 10:33:23 p.m. GMT-5","1","Masculino","67","1.70","19","Ciencias Sociales y Derecho.","3","5","2","3","Omnívora: Consume alimentos de origen animal y vegetal.","2","5","0","1","Bajo","Regular","6","4","1","1","1","2","3","1.2","Salir a pasear o conversar con mis amigos","Recreación y socialización con amigos.","Anaeróbica (pesas, entrenamiento de fuerza).","Regular","No","20","A veces","Bastante","Bastante","A veces"
"2026/05/19 10:35:17 p.m. GMT-5","1","Femenino","53","1.61","20","Ingeniería, Tecnología y Construcción.","4","6","1","4","Omnívora: Consume alimentos de origen animal y vegetal.","3","3","2","1","Bajo","Mala","5.5","2","2","2","1","3","4","1.5","Salir a pasear o conversar con mis amigos","Recreación y socialización con amigos.","Deportes colectivos (futbol, basket, vóley).","Regular","No","50","Rara vez","Bastante","Bastante","A veces"
"2026/05/19 10:37:10 p.m. GMT-5","1","Masculino","71","1.74","21","Ciencias de la Salud.","5","5","5","4","Flexitariana: Es una dieta principalmente vegetariana, pero que permite el consumo ocasional de carne o pescado.","3","1","5","4","Regular","Buena","7","0","3","0","0","1","1","2.5","Dormir más horas que lo habitual","Salud general y recomendación médica.","Mixta.","Buena","No","190","Frecuentemente","Bastante","Bastante","Siempre"
"2026/05/19 10:38:50 p.m. GMT-5","1","Masculino","69","1.73","20","Ingeniería, Tecnología y Construcción.","4","5","1.5","2","Omnívora: Consume alimentos de origen animal y vegetal.","2","4","1","1","Bajo","Muy buena","4.5","3","1","2","1","3","2","1","Ir de compras","Recreación y socialización con amigos.","Mixta.","Regular","No","30","Rara vez","Regular","Bastante","A veces"
"2026/05/19 10:40:28 p.m. GMT-5","1","Femenino","59","1.67","22","Administración, Negocios y Contabilidad.","7","5","5","2.5","Omnívora: Consume alimentos de origen animal y vegetal.","3","2","3","3","Regular","Buena","7","2","3","0","0","2","2","2","Realizar actividad física","Reducción de estrés y ansiedad","Deportes colectivos (futbol, basket, vóley).","Buena","No","90","Frecuentemente","Bastante","Bastante","Frecuentemente"
"2026/05/19 10:50:59 p.m. GMT-5","1","Masculino","84","1.80","17","Ingeniería, Tecnología y Construcción.","1","6","1.5","2","Omnívora: Consume alimentos de origen animal y vegetal.","3","2","0","2","Bajo","Regular","5","2","3","1","2","4","2","2","Salir a pasear o conversar con mis amigos","Salud general y recomendación médica.","Aeróbica (correr, nadar, bicicleta).","Muy mala","No","20","A veces","Regular","Muy poco","Frecuentemente"
"2026/05/19 11:07:59 p.m. GMT-5","1","Masculino","57","1.70","23","Ingeniería, Tecnología y Construcción.","6","5","1","5.5","Omnívora: Consume alimentos de origen animal y vegetal.","3","2","5","1","Bajo","Regular","6","1","3","0","0","0","3","3","Realizar actividad física","Reducción de estrés y ansiedad","Mixta.","Regular","No","50","A veces","Bastante","Bastante","Frecuentemente"
"2026/05/20 8:50:19 a.m. GMT-5","1","Masculino","89","1.83","17","Ingeniería, Tecnología y Construcción.","1","7","3.5","1","Omnívora: Consume alimentos de origen animal y vegetal.","3","1","0","3","Bajo","Mala","6","0","3","0","0","0","1","2","Ir de compras","Salud general y recomendación médica.","No realizo actividad física.","Regular","No","15","A veces","Regular","Regular","Frecuentemente"
"2026/05/20 9:33:02 a.m. GMT-5","1","Masculino","77","1.75","20","Ingeniería, Tecnología y Construcción.","4","5","3","4","Omnívora: Consume alimentos de origen animal y vegetal.","3","2","3","3","Bajo","Muy buena","8","2","1","3","1","3","1","1.5","Dormir más horas que lo habitual","Recreación y socialización con amigos.","Aeróbica (correr, nadar, bicicleta).","Regular","No","40","A veces","Regular","Bastante","Frecuentemente"
"2026/05/20 10:09:54 a.m. GMT-5","1","Masculino","50","1.5","20","Ingeniería, Tecnología y Construcción.","6","7","1","3","Omnívora: Consume alimentos de origen animal y vegetal.","2","2","0","6","Bajo","Mala","8","2","2","4","3","2","0","2","Dormir más horas que lo habitual","Reducción de estrés y ansiedad","Anaeróbica (pesas, entrenamiento de fuerza).","Buena","Sí","20","Rara vez","Nunca","Poco","Rara vez"
"2026/05/20 10:13:56 a.m. GMT-5","1","Femenino","53","1.53","22","Humanidades, Artes y Educación.","1","5","12","6","Omnívora: Consume alimentos de origen animal y vegetal.","3","1","6","5","Regular","Regular","7","2","3","0","0","1","3","1.5","Realizar actividad física","Mejora del rendimiento físico / Estética.","Anaeróbica (pesas, entrenamiento de fuerza).","Regular","No","30","A veces","Regular","Regular","A veces"
"2026/05/20 10:15:43 a.m. GMT-5","1","Masculino","55","1.70","18","Ciencias Sociales y Derecho.","3","6","3","4","Frugívora/Frutariana: Basada principalmente en el consumo de frutas.","3","6","0","4","Regular","Regular","6","2","1","4","2","3","0","3","Dormir más horas que lo habitual","Salud general y recomendación médica.","Anaeróbica (pesas, entrenamiento de fuerza).","Buena","No","1","A veces","Regular","Poco","A veces"
"2026/05/20 10:30:56 a.m. GMT-5","1","Femenino","68","1.60","22","Administración, Negocios y Contabilidad.","7","7","1.5","10","Omnívora: Consume alimentos de origen animal y vegetal.","3","1","0","3","Regular","Muy mala","4","0","4","0","0","2","4","1.5","Realizar actividad física","Reducción de estrés y ansiedad","Aeróbica (correr, nadar, bicicleta).","Buena","No","0","A veces","Bastante","Poco","Frecuentemente"
"2026/05/20 11:18:24 a.m. GMT-5","1","Femenino","59","1.58","19","Humanidades, Artes y Educación.","5","5","3","4","Omnívora: Consume alimentos de origen animal y vegetal.","2","1","0","0","Bajo","Mala","4","0","1","0","0","0","3","1.5","Dormir más horas que lo habitual","Reducción de estrés y ansiedad","No realizo actividad física.","Regular","No","200","A veces","Regular","","A veces"
"2026/05/20 1:49:45 p.m. GMT-5","4","Femenino","72","1.50","21","Ciencias de la Salud.","5","7","1","18","Vegana: Dieta estricta basada exclusivamente en alimentos de origen vegetal, excluyendo cualquier producto animal.","3","1","5","1","Bajo","Mala","5","0","3","2","2","4","4","1.5","Dormir más horas que lo habitual","Salud general y recomendación médica.","Aeróbica (correr, nadar, bicicleta).","Regular","No","30","Rara vez","Muy poco","Bastante","Rara vez"
"2026/05/20 1:50:41 p.m. GMT-5","4","Femenino","63","1.55","21","Ciencias Sociales y Derecho.","5","5","4","1","Omnívora: Consume alimentos de origen animal y vegetal.","3","2","3","4","Bajo","Regular","9","0","3","1","0","1","3","2","Otros motivos","Mejora del rendimiento físico / Estética.","Anaeróbica (pesas, entrenamiento de fuerza).","Regular","No","250","A veces","Regular","Regular","Frecuentemente"
"2026/05/20 1:55:02 p.m. GMT-5","4","Femenino","58","1.64","20","Administración, Negocios y Contabilidad.","3","6","8","2","Omnívora: Consume alimentos de origen animal y vegetal.","2","3","2","6","Regular","Regular","7","0","2","2","1","1","3","3","Otros motivos","Recreación y socialización con amigos.","Aeróbica (correr, nadar, bicicleta).","Mala","No","75","A veces","Regular","Poco","A veces"
"2026/05/20 1:57:38 p.m. GMT-5","4","Masculino","85","1.80","19","Ingeniería, Tecnología y Construcción.","3","5","12","2","Omnívora: Consume alimentos de origen animal y vegetal.","4","1","5","6","Alto","Buena","8","0","3","0","0","0","3","3","Realizar actividad física","Mejora del rendimiento físico / Estética.","Deportes colectivos (futbol, basket, vóley).","Buena","No","180","Frecuentemente","Regular","Regular","Frecuentemente"
"2026/05/20 1:59:39 p.m. GMT-5","4","Femenino","53","1.60","19","Ciencias Sociales y Derecho.","3","6","5","5","Flexitariana: Es una dieta principalmente vegetariana, pero que permite el consumo ocasional de carne o pescado.","2","5","0","7","Regular","Mala","5","2","0","0","0","1","3","1","Ir de compras","Reducción de estrés y ansiedad","Aeróbica (correr, nadar, bicicleta).","Regular","Sí","200","A veces","Regular","Regular","A veces"
"2026/05/20 2:48:30 p.m. GMT-5","4","Femenino","54","1.62","18","Administración, Negocios y Contabilidad.","2","5","3.5","2.5","Omnívora: Consume alimentos de origen animal y vegetal.","3","2","5","5","Regular","Regular","7","0","0","0","0","0","1","1.5","Dormir más horas que lo habitual","Recreación y socialización con amigos.","Mixta.","Regular","No","130","A veces","Poco","Regular","Frecuentemente"
"2026/05/20 2:52:01 p.m. GMT-5","4","Masculino","72","1.75","21","Ingeniería, Tecnología y Construcción.","5","5","7.5","4","Omnívora: Consume alimentos de origen animal y vegetal.","3","1","4","2","Regular","Regular","5","1","3","0","1","1","2","2","Dormir más horas que lo habitual","Salud general y recomendación médica.","Deportes colectivos (futbol, basket, vóley).","Regular","No","200","A veces","Bastante","Bastante","A veces"
"2026/05/20 2:58:53 p.m. GMT-5","4","Femenino","60","1.65","24","Ingeniería, Tecnología y Construcción.","7","5","6","1.5","Omnívora: Consume alimentos de origen animal y vegetal.","3","2","2","2","Bajo","Mala","4","0","3","0","0","0","1","2","Salir a pasear o conversar con mis amigos","Reducción de estrés y ansiedad","Mixta.","Regular","No","500","A veces","Regular","Regular","A veces"
"2026/05/20 3:16:33 p.m. GMT-5","7","Masculino","57","1.68","19","Ingeniería, Tecnología y Construcción.","2","7","1","2","Omnívora: Consume alimentos de origen animal y vegetal.","3","2","0","0","Muy bajo","Regular","5","0","3","1","1","1","3","3","Salir a pasear o conversar con mis amigos","Reducción de estrés y ansiedad","No realizo actividad física.","Regular","No","100","Rara vez","Regular","Regular","A veces"
"2026/05/20 3:53:12 p.m. GMT-5","1","Femenino","78","1.81","20","Ingeniería, Tecnología y Construcción.","3","5","2","6","Omnívora: Consume alimentos de origen animal y vegetal.","3","1","3","3","Regular","Regular","7","1","3","0","0","3","3","1.75","Realizar actividad física","Salud general y recomendación médica.","Anaeróbica (pesas, entrenamiento de fuerza).","Buena","No","0","Frecuentemente","Bastante","Bastante","Siempre"
"2026/05/20 4:51:44 p.m. GMT-5","4","Femenino","59","1.53","22","Ciencias de la Salud.","7","4","1","5.5","Omnívora: Consume alimentos de origen animal y vegetal.","3","2","5","0","Bajo","Mala","5","0","3","2","1","3","3","3","Dormir más horas que lo habitual","Mejora del rendimiento físico / Estética.","No realizo actividad física.","Mala","No","370","A veces","Regular","Regular","Frecuentemente"
"2026/05/20 5:02:10 p.m. GMT-5","4","Masculino","65","1.70","21","Humanidades, Artes y Educación.","7","5","12","1.5","Omnívora: Consume alimentos de origen animal y vegetal.","3","1","6","7","Alto","Mala","5","0","3","1","1","2","3","2","Otros motivos","Mejora del rendimiento físico / Estética.","Anaeróbica (pesas, entrenamiento de fuerza).","Buena","No","500","A veces","Regular","Bastante","A veces"
"2026/05/20 6:11:46 p.m. GMT-5","4","Masculino","60","1.67","20","Ingeniería, Tecnología y Construcción.","7","3","10","4","Omnívora: Consume alimentos de origen animal y vegetal.","3","1","1","5","Alto","Buena","7","0","4","0","1","1","1","2.5","Realizar actividad física","Reducción de estrés y ansiedad","Mixta.","Regular","No","50","Frecuentemente","Bastante","Bastante","Frecuentemente"
"2026/05/20 7:30:00 p.m. GMT-5","3","Masculino","65","1.76","21","Ingeniería, Tecnología y Construcción.","5","5","7","5","Omnívora: Consume alimentos de origen animal y vegetal.","3","3","1","3","Regular","Regular","5","4","2","2","1","1","1","1","Realizar actividad física","Mejora del rendimiento físico / Estética.","Deportes colectivos (futbol, basket, vóley).","Regular","No","50","Frecuentemente","Bastante","Bastante","Siempre"
"2026/05/20 7:39:02 p.m. GMT-5","4","Masculino","80","1.70","18","Ingeniería, Tecnología y Construcción.","3","5","1.5","5","Omnívora: Consume alimentos de origen animal y vegetal.","2","5","0","3","Regular","Muy mala","3","4","0","7","1","4","2","2","Salir a pasear o conversar con mis amigos","Mejora del rendimiento físico / Estética.","Deportes colectivos (futbol, basket, vóley).","Muy mala","Sí","300","A veces","Bastante","Bastante","A veces"
"2026/05/20 7:39:11 p.m. GMT-5","4","Femenino","68","1.62","20","Ingeniería, Tecnología y Construcción.","5","4","6","2","Omnívora: Consume alimentos de origen animal y vegetal.","3","4","0","4","Bajo","Buena","4","0","2","2","2","2","3","4","Salir a pasear o conversar con mis amigos","Reducción de estrés y ansiedad","Mixta.","Regular","Sí","610","Frecuentemente","Regular","Poco","Frecuentemente"
"2026/05/20 7:46:57 p.m. GMT-5","3","Masculino","54","2.66","32","Ingeniería, Tecnología y Construcción.","8","4","9","3","Omnívora: Consume alimentos de origen animal y vegetal.","2","4","5","6","Regular","Mala","6","7","2","4","3","2","3","7","Realizar actividad física","Reducción de estrés y ansiedad","No realizo actividad física.","Regular","No","99","Rara vez","Muy poco","Regular","Frecuentemente"
"2026/05/20 7:52:04 p.m. GMT-5","3","Femenino","43","1.34","22","Ciencias Sociales y Derecho.","6","10","12","14","Crudista: Consiste en consumir alimentos crudos o cocinados a bajas temperaturas, generalmente orgánicos.","3","3","3","3","Regular","Mala","3","3","3","4","3","3","3","3","Salir a pasear o conversar con mis amigos","Mejora del rendimiento físico / Estética.","No realizo actividad física.","Muy buena","No","","Rara vez","Poco","Poco","Frecuentemente"
"2026/05/20 7:57:40 p.m. GMT-5","3","Masculino","55","1.61","22","Ingeniería, Tecnología y Construcción.","5","4","1","12","Omnívora: Consume alimentos de origen animal y vegetal.","2","1","0","0","Muy bajo","Muy mala","3","0","0","0","0","0","2","9","Jugar videojuegos","Reducción de estrés y ansiedad","Anaeróbica (pesas, entrenamiento de fuerza).","Regular","No","0","Siempre","Muy poco","Muy poco","A veces"
"2026/05/20 10:28:53 p.m. GMT-5","3","Femenino","51","1.58","21","Ciencias de la Salud.","1","5","2","6","Vegetariana: Excluye carne y pescado.","3","4","5","4","Alto","Regular","7","0","3","3","2","2","4","2.5","Realizar actividad física","Mejora del rendimiento físico / Estética.","Deportes colectivos (futbol, basket, vóley).","Regular","No","300","Frecuentemente","Bastante","Regular","A veces"
"2026/05/20 11:08:21 p.m. GMT-5","4","Masculino","60","1.70","17","Ingeniería, Tecnología y Construcción.","1","5","4","2","Omnívora: Consume alimentos de origen animal y vegetal.","3","3","3","1","Muy bajo","Mala","7","0","3","0","0","0","2","1","Salir a pasear o conversar con mis amigos","Recreación y socialización con amigos.","Deportes colectivos (futbol, basket, vóley).","Buena","No","0","Frecuentemente","Regular","Bastante","Frecuentemente"
"2026/05/20 11:08:26 p.m. GMT-5","4","Femenino","75","1.63","23","Administración, Negocios y Contabilidad.","9","5","2.5","6.5","Omnívora: Consume alimentos de origen animal y vegetal.","3","3","5","4","Alto","Regular","6","1","2","1","1","3","3","2","Salir a pasear o conversar con mis amigos","Salud general y recomendación médica.","Anaeróbica (pesas, entrenamiento de fuerza).","Regular","No","200","A veces","Bastante","Poco","Frecuentemente"
"2026/05/20 11:19:14 p.m. GMT-5","4","Masculino","80","1.70","21","Ingeniería, Tecnología y Construcción.","8","4","10","4","Omnívora: Consume alimentos de origen animal y vegetal.","6","3","6","7","Muy alto","Buena","7","0","3","3","2","3","2","3","Jugar videojuegos","Mejora del rendimiento físico / Estética.","Mixta.","Muy buena","No","300","Siempre","Bastante","Bastante","Siempre"
"2026/05/20 11:19:29 p.m. GMT-5","4","Masculino","70","1.68","22","Ciencias de la Salud.","9","10","7.5  ","1","Omnívora: Consume alimentos de origen animal y vegetal.","3","2","5","5","Alto","Mala","5","1","2","1","1","3","3","3","Dormir más horas que lo habitual","Mejora del rendimiento físico / Estética.","Aeróbica (correr, nadar, bicicleta).","Buena","No","200","A veces","Bastante","Bastante","A veces"
"2026/05/20 11:22:20 p.m. GMT-5","4","Masculino","60","1.70","17","Ingeniería, Tecnología y Construcción.","1","5","5","2","Omnívora: Consume alimentos de origen animal y vegetal.","3","4","3","2","Muy bajo","Regular","7","0","3","0","0","0","2","1","Salir a pasear o conversar con mis amigos","Recreación y socialización con amigos.","Deportes colectivos (futbol, basket, vóley).","Buena","No","0","A veces","Regular","Bastante","Frecuentemente"
"2026/05/20 11:24:27 p.m. GMT-5","4","Masculino","60","1.70","17","Ingeniería, Tecnología y Construcción.","1","5","5","3","Omnívora: Consume alimentos de origen animal y vegetal.","3","4","0","2","Muy bajo","Regular","7","0","3","0","0","0","2","1","Salir a pasear o conversar con mis amigos","Recreación y socialización con amigos.","Deportes colectivos (futbol, basket, vóley).","Buena","No","0","Frecuentemente","Bastante","Bastante","Frecuentemente"
"2026/05/20 11:26:30 p.m. GMT-5","4","Masculino","60","1.70","17","Ingeniería, Tecnología y Construcción.","1","5","5","3","Omnívora: Consume alimentos de origen animal y vegetal.","3","4","0","2","Muy bajo","Buena","7","0","3","0","0","0","2","1","Salir a pasear o conversar con mis amigos","Recreación y socialización con amigos.","Deportes colectivos (futbol, basket, vóley).","Buena","No","0","Frecuentemente","Bastante","Bastante","A veces"
"2026/05/20 11:28:41 p.m. GMT-5","4","Masculino","60","1.70","17","Ingeniería, Tecnología y Construcción.","1","5","5","2","Omnívora: Consume alimentos de origen animal y vegetal.","3","4","0","2","Muy bajo","Buena","7","0","3","0","0","0","3","2","Salir a pasear o conversar con mis amigos","Recreación y socialización con amigos.","Deportes colectivos (futbol, basket, vóley).","Muy buena","No","0","Frecuentemente","Regular","Regular","A veces"
"2026/05/20 11:30:19 p.m. GMT-5","4","Masculino","60","1.70","17","Ingeniería, Tecnología y Construcción.","1","5","5","2","Omnívora: Consume alimentos de origen animal y vegetal.","3","4","3","1","Muy bajo","Buena","7","0","2","0","0","0","2","1","Salir a pasear o conversar con mis amigos","Recreación y socialización con amigos.","Deportes colectivos (futbol, basket, vóley).","Buena","No","0","Frecuentemente","Bastante","Poco","Siempre"
"2026/05/20 11:31:54 p.m. GMT-5","4","Masculino","60","1.70","17","Ingeniería, Tecnología y Construcción.","1","5","5","2","Omnívora: Consume alimentos de origen animal y vegetal.","3","3","3","1","Muy bajo","Buena","7","0","2","0","0","0","2","1","Salir a pasear o conversar con mis amigos","Recreación y socialización con amigos.","Deportes colectivos (futbol, basket, vóley).","Buena","No","0","Frecuentemente","Muy poco","Bastante","Frecuentemente"
"2026/05/20 11:33:27 p.m. GMT-5","4","Masculino","60","1.70","17","Ingeniería, Tecnología y Construcción.","1","5","5","3","Omnívora: Consume alimentos de origen animal y vegetal.","3","3","3","1","Muy bajo","Buena","7","0","3","0","0","0","2","1","Salir a pasear o conversar con mis amigos","Recreación y socialización con amigos.","Deportes colectivos (futbol, basket, vóley).","Buena","No","0","Frecuentemente","Muy poco","Poco","Frecuentemente"
"2026/05/20 11:35:04 p.m. GMT-5","4","Masculino","60","1.70","17","Ingeniería, Tecnología y Construcción.","1","5","5","3","Omnívora: Consume alimentos de origen animal y vegetal.","3","3","3","1","Muy bajo","Regular","6","0","1","0","0","0","2","2","Salir a pasear o conversar con mis amigos","Recreación y socialización con amigos.","Deportes colectivos (futbol, basket, vóley).","Muy buena","No","0","Siempre","Regular","Poco","Rara vez"
"2026/05/20 11:36:31 p.m. GMT-5","4","Masculino","60","1.70","17","Ingeniería, Tecnología y Construcción.","1","5","5","2","Omnívora: Consume alimentos de origen animal y vegetal.","3","3","3","1","Muy bajo","Buena","7","0","4","0","0","0","2","1","Salir a pasear o conversar con mis amigos","Recreación y socialización con amigos.","Deportes colectivos (futbol, basket, vóley).","Buena","No","0","Frecuentemente","Bastante","Bastante","Siempre"
"2026/05/20 11:40:55 p.m. GMT-5","4","Femenino","65","1.55","20","Ciencias Exactas y Ambientales.","7","4","8","5","Omnívora: Consume alimentos de origen animal y vegetal.","5","2","4","5","Alto","Muy buena","9","0","4","2","1","2","4","2","Ir de compras","Recreación y socialización con amigos.","Mixta.","Muy buena","No","200","Frecuentemente","Bastante","Bastante","Siempre"
"2026/05/20 11:44:04 p.m. GMT-5","1","Masculino","68","1.71","20","Ingeniería, Tecnología y Construcción.","4","5","8","3","Omnívora: Consume alimentos de origen animal y vegetal.","3","1","4","4","Alto","Buena","7","1","3","0","0","1","2","2.5","Realizar actividad física","Mejora del rendimiento físico / Estética.","Anaeróbica (pesas, entrenamiento de fuerza).","Buena","No","110","Frecuentemente","Bastante","Bastante","Frecuentemente"
"2026/05/20 11:46:43 p.m. GMT-5","3","Masculino","52","1.55","18","Ciencias Sociales y Derecho.","2","5","1.5","4","Omnívora: Consume alimentos de origen animal y vegetal.","4","2","6","0","Muy bajo","Muy buena","10","1","1","1","1","1","0","2","Dormir más horas que lo habitual","Mejora del rendimiento físico / Estética.","No realizo actividad física.","Regular","No","400","Rara vez","Poco","Bastante","A veces"
"2026/05/20 11:46:44 p.m. GMT-5","1","Femenino","52","1.60","21","Administración, Negocios y Contabilidad.","5","4","3","3.5","Flexitariana: Es una dieta principalmente vegetariana, pero que permite el consumo ocasional de carne o pescado.","3","1","5","3","Regular","Regular","7.4","0","3","0","0","0","3","2.2","Salir a pasear o conversar con mis amigos","Salud general y recomendación médica.","Aeróbica (correr, nadar, bicicleta).","Regular","Sí","45","Frecuentemente","Bastante","Bastante","Siempre"
"2026/05/20 11:48:37 p.m. GMT-5","1","Masculino","92","1.76","23","Ingeniería, Tecnología y Construcción.","8","5","4.5","2","Omnívora: Consume alimentos de origen animal y vegetal.","3","2","3","3","Regular","Regular","6.5","2","2","0","0","2","2","2","Dormir más horas que lo habitual","Salud general y recomendación médica.","Aeróbica (correr, nadar, bicicleta).","Regular","Sí","140","A veces","Bastante","Regular","Frecuentemente"
"2026/05/20 11:50:46 p.m. GMT-5","1","Femenino","58","1.65","22","Administración, Negocios y Contabilidad.","6","4","2","3","Omnívora: Consume alimentos de origen animal y vegetal.","3","3","1","2","Bajo","Regular","6.5","4","2","1","1","3","2","1.5","Salir a pasear o conversar con mis amigos","Recreación y socialización con amigos.","Mixta.","Regular","No","55","A veces","Bastante","Bastante","A veces"
"2026/05/20 11:53:27 p.m. GMT-5","1","Masculino","73","1.75","20","Ingeniería, Tecnología y Construcción.","4","5","3.5","3","Omnívora: Consume alimentos de origen animal y vegetal.","3","3","2","1","Bajo","Buena","7","4","3","1","1","2","2","1.8","Salir a pasear o conversar con mis amigos","Recreación y socialización con amigos.","Deportes colectivos (futbol, basket, vóley).","Buena","No","90","Frecuentemente","Bastante","Regular","Frecuentemente"
"2026/05/20 11:55:25 p.m. GMT-5","1","Masculino","70","1.73","21","Ciencias Sociales y Derecho.","5","5","6","4","Omnívora: Consume alimentos de origen animal y vegetal.","3","1","4","3","Alto","Muy buena","7.5","1","3","0","0","1","2","2.5","Realizar actividad física","Mejora del rendimiento físico / Estética.","Anaeróbica (pesas, entrenamiento de fuerza).","Muy buena","No","180","Siempre","Bastante","Bastante","Siempre"
"2026/05/20 11:57:12 p.m. GMT-5","1","Femenino","50","1.62","19","Ciencias de la Salud.","3","6","7.5","3","Omnívora: Consume alimentos de origen animal y vegetal.","4","1","4","4","Alto","Buena","7","2","3","0","0","1","2","2","Dormir más horas que lo habitual","Reducción de estrés y ansiedad","Aeróbica (correr, nadar, bicicleta).","Buena","No","140","Siempre","Bastante","Bastante","Frecuentemente"
"2026/05/20 11:58:57 p.m. GMT-5","1","Masculino","79","1.74","22","Ingeniería, Tecnología y Construcción.","6","5","1","4","Omnívora: Consume alimentos de origen animal y vegetal.","2","5","0","0","Muy bajo","Regular","6.5","3","1","2","1","3","2","1","Jugar videojuegos","Salud general y recomendación médica.","No realizo actividad física.","Regular","No","0","Rara vez","Poco","Bastante","Rara vez"
"2026/05/21 12:01:10 a.m. GMT-5","1","Femenino","61","1.68","21","Administración, Negocios y Contabilidad.","5","4","5.5","2.5","Omnívora: Consume alimentos de origen animal y vegetal.","3","2","3","5","Alto","Regular","7.5","4","3","0","0","1","1","2.3","Salir a pasear o conversar con mis amigos","Recreación y socialización con amigos.","Aeróbica (correr, nadar, bicicleta).","Buena","No","95","Frecuentemente","Bastante","Regular","Siempre"
"2026/05/21 12:05:18 a.m. GMT-5","1","Masculino","65","1.70","20","Ingeniería, Tecnología y Construcción.","4","6","1","5","Omnívora: Consume alimentos de origen animal y vegetal.","2","4","1","1","Bajo","Mala","5.5","1","1","3","1","4","4","1.1","Jugar videojuegos","Reducción de estrés y ansiedad","Anaeróbica (pesas, entrenamiento de fuerza).","Regular","No","40","Rara vez","Bastante","Bastante","A veces"
"2026/05/21 12:07:05 a.m. GMT-5","1","Femenino","56","1.64","19","Ciencias Exactas y Ambientales.","2","5","9","3.5","Omnívora: Consume alimentos de origen animal y vegetal.","4","1","4","5","Muy alto","Muy buena","8","1","4","0","0","1","1","3","Realizar actividad física","Mejora del rendimiento físico / Estética.","Anaeróbica (pesas, entrenamiento de fuerza).","Muy buena","No","240","Siempre","Bastante","Bastante","Siempre"
"2026/05/21 12:08:56 a.m. GMT-5","1","Masculino","72","1.75","22","Administración, Negocios y Contabilidad.","6","5","5","4","Omnívora: Consume alimentos de origen animal y vegetal.","3","1","5","4","Alto","Buena","7","0","3","0","0","0","1","3.5","Dormir más horas que lo habitual","Salud general y recomendación médica.","Mixta.","Buena","No","150","Siempre","","Bastante","Frecuentemente"
"2026/05/21 12:10:50 a.m. GMT-5","1","Masculino","69","1.72","21","Administración, Negocios y Contabilidad.","5","5","6","2","Omnívora: Consume alimentos de origen animal y vegetal.","3","3","1","3","Regular","Buena","6.5","2","2","1","1","2","3","1.8","Salir a pasear o conversar con mis amigos","Salud general y recomendación médica.","Aeróbica (correr, nadar, bicicleta).","Regular","No","180","Frecuentemente","Bastante","Bastante","Frecuentemente"
"2026/05/21 12:12:42 a.m. GMT-5","1","Femenino","53","1.61","20","Humanidades, Artes y Educación.","5","4","1","6","Omnívora: Consume alimentos de origen animal y vegetal.","2","4","0","1","Muy bajo","Mala","4","1","1","4","2","4","4","4","Ir de compras","Reducción de estrés y ansiedad","Aeróbica (correr, nadar, bicicleta).","Mala","No","15","Rara vez","Bastante","Bastante","A veces"
"2026/05/21 12:14:34 a.m. GMT-5","1","Masculino","76","1.78","19","Ingeniería, Tecnología y Construcción.","2","5","1","2","Omnívora: Consume alimentos de origen animal y vegetal.","2","4","0","1","Bajo","Mala","5","2","0","3","1","3","2","1.2","Jugar videojuegos","Recreación y socialización con amigos.","Anaeróbica (pesas, entrenamiento de fuerza).","Regular","No","20","Rara vez","Regular","Bastante","A veces"
"2026/05/21 12:32:38 a.m. GMT-5","4","Masculino","75","1.70","22","Ciencias Exactas y Ambientales.","7","7","2.5","18","Omnívora: Consume alimentos de origen animal y vegetal.","5","3","6","3","Alto","Regular","7","5","3","2","1","2","3","2.5","Dormir más horas que lo habitual","Recreación y socialización con amigos.","Deportes colectivos (futbol, basket, vóley).","Buena","No","25","Frecuentemente","Bastante","Poco","Frecuentemente"
"2026/05/21 12:37:07 a.m. GMT-5","4","Masculino","77","1.76","27","Ingeniería, Tecnología y Construcción.","7","7","3","2","Omnívora: Consume alimentos de origen animal y vegetal.","2","3","1","3","Bajo","Mala","5","9","3","0","0","1","1","2.5","Jugar videojuegos","Mejora del rendimiento físico / Estética.","Anaeróbica (pesas, entrenamiento de fuerza).","Mala","No","10","A veces","Bastante","Bastante","Frecuentemente"
"2026/05/21 12:41:32 a.m. GMT-5","1","Femenino","52","1.63","21","Administración, Negocios y Contabilidad.","4","4","4","3","Omnívora: Consume alimentos de origen animal y vegetal.","3","1","5","4","Regular","Buena","7.5","1","3","0","0","0","1","2.5","Dormir más horas que lo habitual","Reducción de estrés y ansiedad","Aeróbica (correr, nadar, bicicleta).","Buena","No","120","Siempre","Bastante","Bastante","Frecuentemente"
"2026/05/21 12:41:39 a.m. GMT-5","4","Masculino","75","1.78","23","Ingeniería, Tecnología y Construcción.","8","6","3","18","Omnívora: Consume alimentos de origen animal y vegetal.","3","5","5","3","Regular","Regular","6","3","3","0","0","0","3","10","Realizar actividad física","Reducción de estrés y ansiedad","Aeróbica (correr, nadar, bicicleta).","Muy buena","No","100","Frecuentemente","Bastante","Regular","Frecuentemente"
"2026/05/21 12:43:29 a.m. GMT-5","1","Masculino","71","1.74","22","Ciencias Exactas y Ambientales.","6","5","3","1.5","Omnívora: Consume alimentos de origen animal y vegetal.","3","3","2","2","Bajo","Buena","7","5","2","1","1","2","2","1.6","Salir a pasear o conversar con mis amigos","Recreación y socialización con amigos.","Deportes colectivos (futbol, basket, vóley).","Buena","No","60","Frecuentemente","Bastante","Regular","Frecuentemente"
"2026/05/21 12:45:12 a.m. GMT-5","1","Masculino","89","1.79","21","Ciencias Sociales y Derecho.","4","5","2","3","Omnívora: Consume alimentos de origen animal y vegetal.","3","2","3","2","Bajo","Regular","6.5","2","3","0","0","1","3","2","Salir a pasear o conversar con mis amigos","Recreación y socialización con amigos.","Mixta.","Regular","Sí","40","A veces","Bastante","Bastante","A veces"
"2026/05/21 12:47:11 a.m. GMT-5","1","Femenino","59","1.62","20","Ciencias Sociales y Derecho.","3","5","1","2.5","Omnívora: Consume alimentos de origen animal y vegetal.","3","2","2","1","Bajo","Regular","6","0","2","0","0","1","3","1.4","Jugar videojuegos","Reducción de estrés y ansiedad","Aeróbica (correr, nadar, bicicleta).","Regular","No","30","A veces","Bastante","Bastante","A veces"
"2026/05/21 12:48:58 a.m. GMT-5","1","Masculino","66","1.71","23","Ingeniería, Tecnología y Construcción.","7","4","9.5","3","Omnívora: Consume alimentos de origen animal y vegetal.","4","1","5","5","Muy alto","Muy buena","8","1","4","0","0","1","1","3","Realizar actividad física","Mejora del rendimiento físico / Estética.","Aeróbica (correr, nadar, bicicleta).","Muy buena","No","260","Siempre","Bastante","Bastante","Siempre"
"2026/05/21 12:53:55 a.m. GMT-5","4","Femenino","80","1.58","22","Ingeniería, Tecnología y Construcción.","8","4","1.5","4","Omnívora: Consume alimentos de origen animal y vegetal.","3","2","0","1","Muy bajo","Regular","6","0","2","1","1","1","4","2","Salir a pasear o conversar con mis amigos","Reducción de estrés y ansiedad","Mixta.","Buena","No","300","A veces","Regular","Bastante","Frecuentemente"
"2026/05/21 1:02:17 a.m. GMT-5","4","Masculino","85","1.75","25","Ingeniería, Tecnología y Construcción.","4","7","2.5","17.5","Omnívora: Consume alimentos de origen animal y vegetal.","2","1","2","1","Muy bajo","Mala","5","3","3","4","1","2","4","2","Realizar actividad física","Salud general y recomendación médica.","Anaeróbica (pesas, entrenamiento de fuerza).","Buena","No","45","Frecuentemente","Bastante","Muy poco","Frecuentemente"
"2026/05/21 1:05:44 a.m. GMT-5","4","Masculino","63","1.65","23","Ingeniería, Tecnología y Construcción.","8","5","2","8","Omnívora: Consume alimentos de origen animal y vegetal.","3","1","2","5","Alto","Buena","6","1","3","0","0","0","2","2","Realizar actividad física","Reducción de estrés y ansiedad","Deportes colectivos (futbol, basket, vóley).","Buena","No","50","Frecuentemente","Regular","Bastante","Siempre"
"2026/05/21 1:12:20 a.m. GMT-5","6","Masculino","65","1.68","20","Ingeniería, Tecnología y Construcción.","7","7","1.5","16","Vegetariana: Excluye carne y pescado.","2","4","0","1","Muy bajo","Mala","6","5","0","3","2","4","4","2.5","Jugar videojuegos","Recreación y socialización con amigos.","Deportes colectivos (futbol, basket, vóley).","Regular","No","32","Rara vez","Bastante","Poco","Rara vez"
"2026/05/21 6:10:18 a.m. GMT-5","4","Masculino","70","1.73","23","Ingeniería, Tecnología y Construcción.","10","3","2.5","3","Omnívora: Consume alimentos de origen animal y vegetal.","3","7","0","0","Muy bajo","Muy mala","6","4","2","2","1","2","4","2","Salir a pasear o conversar con mis amigos","Reducción de estrés y ansiedad","Aeróbica (correr, nadar, bicicleta).","Regular","No","150","A veces","Bastante","Bastante","Frecuentemente"
"2026/05/21 8:01:00 a.m. GMT-5","4","Masculino","56","1.61","21","Ingeniería, Tecnología y Construcción.","10","5","1","2","Omnívora: Consume alimentos de origen animal y vegetal.","3","1","0","1","Bajo","Regular","5","0","2","2","1","1","2","1","Realizar actividad física","Reducción de estrés y ansiedad","Deportes colectivos (futbol, basket, vóley).","Regular","No","0","Frecuentemente","Regular","Regular","Frecuentemente"
"2026/05/21 9:15:53 a.m. GMT-5","4","Masculino","90","1.76","23","Ingeniería, Tecnología y Construcción.","7","4","1","5","Omnívora: Consume alimentos de origen animal y vegetal.","4","1","1","0","Bajo","Regular","7","0","3","0","0","1","3","2","Salir a pasear o conversar con mis amigos","Reducción de estrés y ansiedad","Mixta.","Regular","No","0","A veces","Bastante","Bastante","Frecuentemente"
"2026/05/21 10:58:57 a.m. GMT-5","4","Femenino","60","1.57","23","Ingeniería, Tecnología y Construcción.","8","5","5","9","Omnívora: Consume alimentos de origen animal y vegetal.","2","3","2","2","Bajo","Regular","6","0","3","3","1","2","3","2.5","Dormir más horas que lo habitual","Salud general y recomendación médica.","Aeróbica (correr, nadar, bicicleta).","Regular","No","300","Frecuentemente","Bastante","Regular","Frecuentemente"
"2026/05/21 11:04:58 a.m. GMT-5","6","Masculino","75","1.80","19","Administración, Negocios y Contabilidad.","5","7","2","12","Omnívora: Consume alimentos de origen animal y vegetal.","5","1","0","2","Regular","Buena","7","2","2","1","1","1","3","3","Realizar actividad física","Reducción de estrés y ansiedad","Anaeróbica (pesas, entrenamiento de fuerza).","Buena","No","50","Frecuentemente","Regular","Poco","Frecuentemente"
"2026/05/21 11:12:47 a.m. GMT-5","7","Femenino","66.7","1.63","23","Ingeniería, Tecnología y Construcción.","9","8","1","18","Omnívora: Consume alimentos de origen animal y vegetal.","4","1","0","2","Bajo","Regular","7.5","1","3","0","0","0","3","2","Dormir más horas que lo habitual","Recreación y socialización con amigos.","Mixta.","Regular","No","28","A veces","Regular","Regular","A veces"
"2026/05/21 11:17:25 a.m. GMT-5","4","Femenino","66.5","1.63","23","Ingeniería, Tecnología y Construcción.","7","5","1","18","Omnívora: Consume alimentos de origen animal y vegetal.","4","1","0","2","Bajo","Regular","7.5","1","3","0","0","0","3","2","Salir a pasear o conversar con mis amigos","Reducción de estrés y ansiedad","Mixta.","Regular","No","26","A veces","Regular","Bastante","A veces"
"2026/05/21 11:20:36 a.m. GMT-5","4","Femenino","57","1.57","21","Ingeniería, Tecnología y Construcción.","9","5","10","12","Omnívora: Consume alimentos de origen animal y vegetal.","3","1","4","4","Alto","Buena","6","0","3","2","1","1","4","2","Realizar actividad física","Mejora del rendimiento físico / Estética.","Aeróbica (correr, nadar, bicicleta).","Buena","No","300","Frecuentemente","Bastante","Bastante","Frecuentemente"
"2026/05/21 12:01:33 p.m. GMT-5","4","Masculino","59","1.67","29","Ingeniería, Tecnología y Construcción.","8","4","1","4","Omnívora: Consume alimentos de origen animal y vegetal.","3","1","2","0","Muy bajo","Buena","7","0","3","0","0","0","0","1","Jugar videojuegos","Reducción de estrés y ansiedad","No realizo actividad física.","Buena","No","","A veces","Bastante","Bastante","Frecuentemente"
"2026/05/21 4:03:51 p.m. GMT-5","6","Masculino","73.5 ","1.76","19","Ingeniería, Tecnología y Construcción.","3","6","2","4.5","Omnívora: Consume alimentos de origen animal y vegetal.","2","1","6","3","Alto","Mala","6","10","1","0","0","1","3","2 ","Realizar actividad física","Mejora del rendimiento físico / Estética.","Anaeróbica (pesas, entrenamiento de fuerza).","Buena","No","100 ","Siempre","Bastante","Bastante","Frecuentemente"
"2026/05/21 4:06:36 p.m. GMT-5","6","Masculino","65","1.67","18","Administración, Negocios y Contabilidad.","3","6","7","3","Omnívora: Consume alimentos de origen animal y vegetal.","3","1","5","6","Muy alto","Buena","7","2","4","0","0","3","2","2","Realizar actividad física","Mejora del rendimiento físico / Estética.","Anaeróbica (pesas, entrenamiento de fuerza).","Muy buena","No","0","Frecuentemente","Bastante","Bastante","Frecuentemente"
"2026/05/21 4:09:22 p.m. GMT-5","6","Masculino","60","1.75","18","Humanidades, Artes y Educación.","3","6","5","4","Omnívora: Consume alimentos de origen animal y vegetal.","3","1","0","5","Alto","Regular","7","2","3","0","0","0","2","1.5","Jugar videojuegos","Mejora del rendimiento físico / Estética.","Anaeróbica (pesas, entrenamiento de fuerza).","Muy buena","No","30","A veces","Bastante","Bastante","Frecuentemente"
"2026/05/21 4:12:58 p.m. GMT-5","6","Masculino","76","1.75","19","Ingeniería, Tecnología y Construcción.","4","4","10","2","Omnívora: Consume alimentos de origen animal y vegetal.","3","2","3","4","Regular","Mala","4","0","3","4","1","3","3","2","Realizar actividad física","Reducción de estrés y ansiedad","Anaeróbica (pesas, entrenamiento de fuerza).","Regular","No","0","A veces","Bastante","Bastante","A veces"
"2026/05/21 4:13:37 p.m. GMT-5","6","Masculino","62","1.67","18","Administración, Negocios y Contabilidad.","3","5","4","2","Omnívora: Consume alimentos de origen animal y vegetal.","3","1","0","4","Alto","Regular","5","2","3","4","1","2","2","3","Otros motivos","Mejora del rendimiento físico / Estética.","Anaeróbica (pesas, entrenamiento de fuerza).","Buena","No","67","Frecuentemente","Regular","Bastante","Frecuentemente"
"2026/05/21 4:16:47 p.m. GMT-5","6","Masculino","64","1.79","18","Administración, Negocios y Contabilidad.","3","6","3","0.5","Omnívora: Consume alimentos de origen animal y vegetal.","4","1","4","2","Bajo","Mala","7","4","3","0","0","0","4","2","Otros motivos","Recreación y socialización con amigos.","Anaeróbica (pesas, entrenamiento de fuerza).","Regular","No","100","Rara vez","Bastante","Bastante","A veces"
"2026/05/21 4:17:33 p.m. GMT-5","6","Femenino","57","1.70","19","Ingeniería, Tecnología y Construcción.","3","5","4","7","Omnívora: Consume alimentos de origen animal y vegetal.","2","2","0","3","Regular","Muy buena","8","3","2","0","0","0","1","1","Realizar actividad física","Mejora del rendimiento físico / Estética.","Anaeróbica (pesas, entrenamiento de fuerza).","Muy mala","No","50","Frecuentemente","Bastante","Bastante","Siempre"
"2026/05/21 4:49:54 p.m. GMT-5","6","Masculino","62","1.77","18","Administración, Negocios y Contabilidad.","3","5","2","3","Omnívora: Consume alimentos de origen animal y vegetal.","4","1","0","2","Bajo","Regular","6","3","4","2","1","1","4","1.5","Realizar actividad física","Salud general y recomendación médica.","Anaeróbica (pesas, entrenamiento de fuerza).","Regular","Sí","100","A veces","Regular","Bastante","A veces"
"2026/05/21 5:53:40 p.m. GMT-5","6","Femenino","46","1","18","Humanidades, Artes y Educación.","3","4","4","3","Omnívora: Consume alimentos de origen animal y vegetal.","2","2","0","3","Regular","Regular","6","3","2","0","0","0","2","2","Otros motivos","Reducción de estrés y ansiedad","Anaeróbica (pesas, entrenamiento de fuerza).","Buena","No","50","A veces","Bastante","Regular","Frecuentemente"
"2026/05/21 6:15:43 p.m. GMT-5","6","Masculino","64","1.7","21","Ingeniería, Tecnología y Construcción.","8","6","3","4","Omnívora: Consume alimentos de origen animal y vegetal.","2","1","5","2","Regular","Regular","7","1","2","2","1","1","3","2","Realizar actividad física","Reducción de estrés y ansiedad","Mixta.","Regular","No","100","A veces","Regular","Bastante","A veces"
"2026/05/21 6:50:00 p.m. GMT-5","6","Femenino","50","1.68","18","Humanidades, Artes y Educación.","3","6","2","7","Omnívora: Consume alimentos de origen animal y vegetal.","2","1","1","2","Regular","Mala","5","0","3","0","0","0","4","1.5","Realizar actividad física","Mejora del rendimiento físico / Estética.","Mixta.","Regular","No","200","Frecuentemente","Bastante","Regular","Frecuentemente"
"2026/05/21 7:02:15 p.m. GMT-5","6","Masculino","74","1.78","18","Ingeniería, Tecnología y Construcción.","3","6","12","8","Omnívora: Consume alimentos de origen animal y vegetal.","4","1","2","5","Alto","Regular","7","1","3","1","0","2","1","3.5","Realizar actividad física","Mejora del rendimiento físico / Estética.","Deportes colectivos (futbol, basket, vóley).","Buena","No","60","Frecuentemente","Bastante","Bastante","Frecuentemente"
"2026/05/21 8:11:32 p.m. GMT-5","6","Masculino","70","1.76","23","Ingeniería, Tecnología y Construcción.","6","6","2","4","Omnívora: Consume alimentos de origen animal y vegetal.","3","3","3","4","Alto","Buena","6","2","2","0","0","0","1","3","Jugar videojuegos","Mejora del rendimiento físico / Estética.","Mixta.","Regular","No","0","A veces","Regular","Regular","A veces"
"2026/05/21 8:13:44 p.m. GMT-5","6","Femenino","53","1.56","19","Administración, Negocios y Contabilidad.","7","5","5","6","Omnívora: Consume alimentos de origen animal y vegetal.","3","1","4","5","Regular","Regular","8","0","3","0","0","0","0","3","Salir a pasear o conversar con mis amigos","Salud general y recomendación médica.","Mixta.","Regular","No","50","A veces","Bastante","Bastante","A veces"
"2026/05/21 8:16:10 p.m. GMT-5","6","Femenino","51","1.52","20","Ingeniería, Tecnología y Construcción.","4","6","1","6","Omnívora: Consume alimentos de origen animal y vegetal.","3","1","0","1","Bajo","Regular","8","0","3","0","0","0","2","3","Dormir más horas que lo habitual","Reducción de estrés y ansiedad","No realizo actividad física.","Regular","No","0","A veces","Bastante","Bastante","A veces"
"2026/05/21 8:38:12 p.m. GMT-5","6","Femenino","64","1.62","18","Administración, Negocios y Contabilidad.","3","6","1","4","Omnívora: Consume alimentos de origen animal y vegetal.","3","2","3","2","Bajo","Regular","6","0","3","0","0","3","2","2.5","Otros motivos","Mejora del rendimiento físico / Estética.","Aeróbica (correr, nadar, bicicleta).","Buena","No","50","Frecuentemente","Regular","Bastante","Frecuentemente"
"2026/05/21 10:57:49 p.m. GMT-5","8","Masculino","71.60","1.81","17","Ingeniería, Tecnología y Construcción.","1","6","1","4","Omnívora: Consume alimentos de origen animal y vegetal.","3","2","0","1","Bajo","Mala","5","0","3","0","0","2","3","2","Otros motivos","Recreación y socialización con amigos.","Deportes colectivos (futbol, basket, vóley).","Regular","Sí","50","A veces","Bastante","Regular","A veces"
"2026/05/21 10:58:30 p.m. GMT-5","8","Femenino","50","1.67","17","Ingeniería, Tecnología y Construcción.","1","5","2","5","Omnívora: Consume alimentos de origen animal y vegetal.","2","2","0","0","Bajo","Regular","7","0","0","0","0","0","3","1","Dormir más horas que lo habitual","Mejora del rendimiento físico / Estética.","No realizo actividad física.","Regular","No","0","A veces","Bastante","Bastante","A veces"
"2026/05/21 11:11:46 p.m. GMT-5","8","Masculino","65","1.80","17","Ingeniería, Tecnología y Construcción.","1","6","3","5","Vegana: Dieta estricta basada exclusivamente en alimentos de origen vegetal, excluyendo cualquier producto animal.","3","2","6","7","Muy alto","Regular","6","0","4","6","1","2","0","3","Ir de compras","Recreación y socialización con amigos.","Aeróbica (correr, nadar, bicicleta).","Muy buena","No","2000","Siempre","Bastante","Regular","A veces"
"2026/05/22 11:28:39 a.m. GMT-5","7","Femenino","55","1.67","19","Ingeniería, Tecnología y Construcción.","3","6","1","3","Omnívora: Consume alimentos de origen animal y vegetal.","2","1","0","0","Muy bajo","Regular","7","1","4","0","0","1","2","1","Salir a pasear o conversar con mis amigos","Mejora del rendimiento físico / Estética.","Mixta.","Buena","No","100","Frecuentemente","Bastante","Regular","Frecuentemente"
"2026/05/22 1:27:32 p.m. GMT-5","6","Femenino","63","1.55","19","Administración, Negocios y Contabilidad.","3","5","1","3","Flexitariana: Es una dieta principalmente vegetariana, pero que permite el consumo ocasional de carne o pescado.","3","1","2","0","Muy bajo","Muy mala","5","1","2","0","0","0","3","2","Salir a pasear o conversar con mis amigos","Salud general y recomendación médica.","No realizo actividad física.","Buena","No","0","Nunca","Poco","Bastante","Frecuentemente"
"2026/05/22 3:17:09 p.m. GMT-5","6","Femenino","46","1.60","19","Administración, Negocios y Contabilidad.","3","6 ","9.5","7","Omnívora: Consume alimentos de origen animal y vegetal.","2","1","1","5","Alto","Regular","8","3","3","0","0","0","2","1.9","Salir a pasear o conversar con mis amigos","Mejora del rendimiento físico / Estética.","Anaeróbica (pesas, entrenamiento de fuerza).","Muy buena","No","15","Frecuentemente","Bastante","Bastante","Frecuentemente"
"2026/05/22 5:39:38 p.m. GMT-5","3","Masculino","65","1.62","23","Ingeniería, Tecnología y Construcción.","6","5","5","6","Omnívora: Consume alimentos de origen animal y vegetal.","1","6","5","0","Bajo","Muy mala","8","7","2","1","0","0","0","5","Realizar actividad física","Mejora del rendimiento físico / Estética.","Aeróbica (correr, nadar, bicicleta).","Mala","No","","Nunca","Poco","Regular","A veces"
"2026/05/22 5:42:43 p.m. GMT-5","3","Masculino","50","1.66","23","Ingeniería, Tecnología y Construcción.","5","4","2","8","Omnívora: Consume alimentos de origen animal y vegetal.","2","1","1","0","Bajo","Muy mala","5","0","0","0","0","2","1","2","Dormir más horas que lo habitual","Mejora del rendimiento físico / Estética.","Aeróbica (correr, nadar, bicicleta).","Regular","No","7","Nunca","Nunca","Nunca","Nunca"
"2026/05/22 5:45:05 p.m. GMT-5","3","Femenino","62","1.69","22","Ciencias Exactas y Ambientales.","8","4","1","1","Omnívora: Consume alimentos de origen animal y vegetal.","3","2","1","1","Muy bajo","Regular","8","0","3","0","0","0","1","1.5","Realizar actividad física","Mejora del rendimiento físico / Estética.","Aeróbica (correr, nadar, bicicleta).","Regular","No","1","Nunca","Nunca","Nunca","Nunca"
"2026/05/22 5:47:01 p.m. GMT-5","3","Femenino","55","1.55","23","Administración, Negocios y Contabilidad.","6","4","1","1","Omnívora: Consume alimentos de origen animal y vegetal.","2","2","3","3","Bajo","Buena","2","3","3","2","2","3","2","2","Dormir más horas que lo habitual","Recreación y socialización con amigos.","Anaeróbica (pesas, entrenamiento de fuerza).","Regular","Sí","0","Nunca","Regular","Regular","A veces"
"2026/05/22 5:49:20 p.m. GMT-5","3","Femenino","40","1.44","23","Ciencias de la Salud.","9","3","1","11","Omnívora: Consume alimentos de origen animal y vegetal.","2","1","1","3","Bajo","Mala","3","2","2","3","3","2","2","2","Realizar actividad física","Mejora del rendimiento físico / Estética.","Mixta.","Buena","No","12","A veces","Muy poco","Muy poco","A veces"
"2026/05/22 5:53:47 p.m. GMT-5","3","Femenino","55","1.54","19","Ingeniería, Tecnología y Construcción.","3","5","5.5","0","Omnívora: Consume alimentos de origen animal y vegetal.","3","5","7","0","Bajo","Muy mala","7","0","2","0","0","0","0","2.5","Jugar videojuegos","Salud general y recomendación médica.","Anaeróbica (pesas, entrenamiento de fuerza).","Buena","No","25","Nunca","Regular","Bastante","Siempre"
"2026/05/22 5:55:21 p.m. GMT-5","3","Masculino","56","1.52","18","Ciencias Sociales y Derecho.","5","4","4","4","Omnívora: Consume alimentos de origen animal y vegetal.","5","5","5","5","Muy bajo","Regular","5","5","3","6","4","2","3","2.2","Dormir más horas que lo habitual","Mejora del rendimiento físico / Estética.","Anaeróbica (pesas, entrenamiento de fuerza).","Buena","No","5","Rara vez","Muy poco","Poco","A veces"
"2026/05/22 5:58:21 p.m. GMT-5","3","Femenino","59","1.60","19","Ciencias Sociales y Derecho.","3","5","5","5","Omnívora: Consume alimentos de origen animal y vegetal.","6","5","4","4","Regular","Regular","8","0","3","0","0","0","0","2.5","Realizar actividad física","Mejora del rendimiento físico / Estética.","Aeróbica (correr, nadar, bicicleta).","Muy mala","No","36","Rara vez","Nunca","Muy poco","Frecuentemente"
"2026/05/22 6:00:28 p.m. GMT-5","3","Masculino","55","1.71","22","Ciencias de la Salud.","4","5","2","10","Omnívora: Consume alimentos de origen animal y vegetal.","2","2","2","2","Bajo","Mala","7","0","0","0","0","1","0","1","Salir a pasear o conversar con mis amigos","Reducción de estrés y ansiedad","Mixta.","Muy buena","No","20","Rara vez","Muy poco","Poco","A veces"
"2026/05/22 7:20:02 p.m. GMT-5","1","Femenino","59","1","19","Administración, Negocios y Contabilidad.","3","6","2","4","Vegetariana: Excluye carne y pescado.","3","1","6","5","Regular","Regular","7","0","3","4","1","4","4","2","Realizar actividad física","Reducción de estrés y ansiedad","Anaeróbica (pesas, entrenamiento de fuerza).","Regular","No","200","Rara vez","Regular","Bastante","Frecuentemente"
"2026/05/23 10:12:31 a.m. GMT-5","3","Femenino","42","1.41","19","Ciencias de la Salud.","3","5","2","10","Omnívora: Consume alimentos de origen animal y vegetal.","1","1","1","2","Regular","Mala","12","0","1","0","0","0","0","2.5","Dormir más horas que lo habitual","Reducción de estrés y ansiedad","Anaeróbica (pesas, entrenamiento de fuerza).","Regular","No","66","Rara vez","Muy poco","Regular","Rara vez"
"2026/05/23 10:15:20 a.m. GMT-5","3","Femenino","56","1.62","18","Ciencias Sociales y Derecho.","2","5","2","15","Omnívora: Consume alimentos de origen animal y vegetal.","1","1","7","1","Bajo","Regular","6","0","0","0","0","0","0","3.4","Dormir más horas que lo habitual","Mejora del rendimiento físico / Estética.","Deportes colectivos (futbol, basket, vóley).","Regular","No","25","Rara vez","Muy poco","Muy poco","Rara vez"
"2026/05/23 10:19:47 a.m. GMT-5","3","Masculino","58","1.61","20","Ciencias Sociales y Derecho.","4","5","5","18","Omnívora: Consume alimentos de origen animal y vegetal.","3","2","3","5","Regular","Muy buena","8","7","4","0","0","0","3","3.5","Jugar videojuegos","Recreación y socialización con amigos.","Anaeróbica (pesas, entrenamiento de fuerza).","Buena","No","55","Frecuentemente","Bastante","Regular","A veces"
"2026/05/23 10:22:58 a.m. GMT-5","3","Masculino","60","1.70","21","Ciencias Sociales y Derecho.","4","5","1","18","Omnívora: Consume alimentos de origen animal y vegetal.","3","3","3","2","Regular","Buena","2","2","0","4","2","0","2","5","Salir a pasear o conversar con mis amigos","Recreación y socialización con amigos.","Anaeróbica (pesas, entrenamiento de fuerza).","Regular","No","50","Rara vez","Muy poco","Poco","A veces"
"2026/05/23 10:25:05 a.m. GMT-5","3","Masculino","58","1.68","21","Humanidades, Artes y Educación.","3","5","3","15","Omnívora: Consume alimentos de origen animal y vegetal.","3","3","3","2","Regular","Regular","3","2","2","0","0","0","0","2.5","Dormir más horas que lo habitual","Mejora del rendimiento físico / Estética.","Deportes colectivos (futbol, basket, vóley).","Regular","No","","Frecuentemente","Regular","Bastante","Frecuentemente"
"2026/05/23 10:28:41 a.m. GMT-5","3","Masculino","53","1.60","21","Ciencias Exactas y Ambientales.","4","5","1","14","Omnívora: Consume alimentos de origen animal y vegetal.","3","1","3","0","Muy bajo","Regular","2","0","1","1","1","1","1","5","Jugar videojuegos","Reducción de estrés y ansiedad","Anaeróbica (pesas, entrenamiento de fuerza).","Regular","No","87","Frecuentemente","Bastante","Regular","Frecuentemente"
"2026/05/23 10:30:59 a.m. GMT-5","3","Femenino","53","1.60","21","Ciencias Sociales y Derecho.","2","6","1","14","Omnívora: Consume alimentos de origen animal y vegetal.","3","3","6","7","Alto","Buena","7","5","3","7","4","3","3","5","Salir a pasear o conversar con mis amigos","Recreación y socialización con amigos.","Mixta.","Buena","No","55","Frecuentemente","Poco","Regular","A veces"
"2026/05/23 10:33:32 a.m. GMT-5","3","Femenino","55","1.58","21","Administración, Negocios y Contabilidad.","4","6","7.5","11","Omnívora: Consume alimentos de origen animal y vegetal.","3","1","2","3","Regular","Regular","4","0","3","0","0","2","0","2.3","Salir a pasear o conversar con mis amigos","Recreación y socialización con amigos.","Aeróbica (correr, nadar, bicicleta).","Muy buena","No","33","Rara vez","Muy poco","Regular","A veces"
"2026/05/23 10:35:42 a.m. GMT-5","3","Femenino","56","1.56","22","Administración, Negocios y Contabilidad.","5","5","5","5","Omnívora: Consume alimentos de origen animal y vegetal.","5","5","5","5","Bajo","Buena","6","5","2","2","3","0","3","2","Jugar videojuegos","Recreación y socialización con amigos.","Anaeróbica (pesas, entrenamiento de fuerza).","Buena","No","6","Frecuentemente","Regular","Regular","A veces"
"2026/05/23 10:38:46 a.m. GMT-5","3","Femenino","56","1.54","21","Ciencias Sociales y Derecho.","5","5","5","14","Omnívora: Consume alimentos de origen animal y vegetal.","3","2","3","3","Regular","Regular","5","0","0","0","2","0","0","1","Jugar videojuegos","Recreación y socialización con amigos.","Anaeróbica (pesas, entrenamiento de fuerza).","Regular","No","11","Rara vez","Poco","Regular","A veces"
"2026/05/23 12:04:02 p.m. GMT-5","3","Masculino","56","1.56","19","Administración, Negocios y Contabilidad.","3","3","1","18","Omnívora: Consume alimentos de origen animal y vegetal.","3","1","0","0","Regular","Buena","7","0","2","4","3","0","0","2.4","Dormir más horas que lo habitual","Reducción de estrés y ansiedad","Anaeróbica (pesas, entrenamiento de fuerza).","Regular","No","55","Rara vez","Poco","Regular","Frecuentemente"
"2026/05/23 12:06:09 p.m. GMT-5","3","Masculino","55","2.1","33","Ciencias Sociales y Derecho.","10","3","4","13","Omnívora: Consume alimentos de origen animal y vegetal.","3","1","0","2","Regular","Buena","7","0","0","3","0","0","0","4.1","Dormir más horas que lo habitual","Mejora del rendimiento físico / Estética.","Aeróbica (correr, nadar, bicicleta).","Regular","No","","A veces","Muy poco","Regular","Nunca"
"2026/05/23 12:08:04 p.m. GMT-5","3","Masculino","66","1.73","19","Ciencias de la Salud.","2","5","2","2","Omnívora: Consume alimentos de origen animal y vegetal.","4","4","4","5","Regular","Regular","5","5","0","0","4","0","0","1","Salir a pasear o conversar con mis amigos","Reducción de estrés y ansiedad","Anaeróbica (pesas, entrenamiento de fuerza).","Regular","No","22","Rara vez","Regular","Regular","A veces"
"2026/05/23 12:10:09 p.m. GMT-5","3","Masculino","55","1.60","22","Humanidades, Artes y Educación.","4","5","1","12","Omnívora: Consume alimentos de origen animal y vegetal.","2","2","2","2","Alto","Buena","8","0","3","0","0","0","0","1.4","Realizar actividad física","Mejora del rendimiento físico / Estética.","Deportes colectivos (futbol, basket, vóley).","Mala","Sí","1","Rara vez","Muy poco","Regular","Frecuentemente"
"2026/05/23 12:14:26 p.m. GMT-5","3","Masculino","65","1.64","23","Administración, Negocios y Contabilidad.","7","5","2","10","Omnívora: Consume alimentos de origen animal y vegetal.","2","2","2","3","Bajo","Regular","6","0","0","2","3","1","0","1","Jugar videojuegos","Recreación y socialización con amigos.","Anaeróbica (pesas, entrenamiento de fuerza).","Buena","No","1","Rara vez","Regular","Regular","Frecuentemente"
"2026/05/23 6:13:23 p.m. GMT-5","3","Masculino","56","1.55","21","Administración, Negocios y Contabilidad.","4","5","1","12","Omnívora: Consume alimentos de origen animal y vegetal.","3","1","2","1","Bajo","Regular","6","0","1","1","1","2","1","2","Salir a pasear o conversar con mis amigos","Recreación y socialización con amigos.","Anaeróbica (pesas, entrenamiento de fuerza).","Regular","No","55","Frecuentemente","Poco","Regular","A veces"
"2026/05/23 6:14:59 p.m. GMT-5","3","Masculino","111","3","2","Ciencias de la Salud.","1","1","2","1","Omnívora: Consume alimentos de origen animal y vegetal.","1","2","1","1","Muy bajo","Muy mala","1","2","0","1","1","0","1","1","Realizar actividad física","Mejora del rendimiento físico / Estética.","Anaeróbica (pesas, entrenamiento de fuerza).","Buena","No","1","Rara vez","Muy poco","Regular","Frecuentemente"
"2026/05/23 6:16:16 p.m. GMT-5","3","Masculino","33","1","2","Ciencias Sociales y Derecho.","8","1","1","2","Omnívora: Consume alimentos de origen animal y vegetal.","1","2","1","1","Bajo","Muy mala","2","1","2","3","1","0","3","2","Salir a pasear o conversar con mis amigos","Mejora del rendimiento físico / Estética.","Aeróbica (correr, nadar, bicicleta).","Regular","Sí","2","Rara vez","Poco","Regular","Frecuentemente"
"2026/05/23 6:20:44 p.m. GMT-5","3","Masculino","22","1","22","Ciencias de la Salud.","4","9","22","1","Omnívora: Consume alimentos de origen animal y vegetal.","3","2","2","3","Muy bajo","Regular","3","2","2","3","2","2","3","3","Dormir más horas que lo habitual","Reducción de estrés y ansiedad","Aeróbica (correr, nadar, bicicleta).","Buena","No","3","A veces","Poco","Regular","Frecuentemente"
"2026/05/23 6:22:21 p.m. GMT-5","3","Masculino","3","2","18","Ingeniería, Tecnología y Construcción.","1","3","2","2","Omnívora: Consume alimentos de origen animal y vegetal.","3","2","2","3","Regular","Muy buena","2","2","2","4","2","0","2","3","Dormir más horas que lo habitual","Reducción de estrés y ansiedad","Anaeróbica (pesas, entrenamiento de fuerza).","Regular","No","3","A veces","Poco","Regular","Siempre"
"2026/05/24 9:22:37 a.m. GMT-5","3","Masculino","65","1.55","19","Ciencias de la Salud.","2","6","1","14","Omnívora: Consume alimentos de origen animal y vegetal.","3","1","6","0","Bajo","Regular","6","0","3","0","0","0","0","1.5","Salir a pasear o conversar con mis amigos","Recreación y socialización con amigos.","Mixta.","Buena","No","12","Frecuentemente","Regular","Regular","A veces"
"2026/05/24 9:28:28 a.m. GMT-5","3","Masculino","55","1.50","21","Ciencias Sociales y Derecho.","3","5","3","16","Omnívora: Consume alimentos de origen animal y vegetal.","3","3","5","3","Regular","Buena","8","0","3","0","0","0","0","1.5","Dormir más horas que lo habitual","Recreación y socialización con amigos.","Anaeróbica (pesas, entrenamiento de fuerza).","Buena","No","55","A veces","Regular","Regular","Frecuentemente"
"2026/05/24 9:30:34 a.m. GMT-5","3","Femenino","55","1.64","20","Ciencias Exactas y Ambientales.","3","5","1","14","Omnívora: Consume alimentos de origen animal y vegetal.","2","1","5","0","Regular","Muy buena","7","0","3","1","1","0","3","2","Dormir más horas que lo habitual","Mejora del rendimiento físico / Estética.","Anaeróbica (pesas, entrenamiento de fuerza).","Regular","No","210","Frecuentemente","Bastante","Bastante","Siempre"
"2026/05/24 9:34:45 a.m. GMT-5","3","Masculino","40","1.41","18","Humanidades, Artes y Educación.","1","5","1","15","Omnívora: Consume alimentos de origen animal y vegetal.","2","1","6","2","Regular","Regular","7","2","3","2","2","3","4","1.2","Ir de compras","Recreación y socialización con amigos.","Mixta.","Muy buena","No","53","Rara vez","Poco","Bastante","Rara vez"
"2026/05/24 9:48:22 a.m. GMT-5","3","Femenino","54","1.46","19","Ciencias Sociales y Derecho.","2","6","5","13","Omnívora: Consume alimentos de origen animal y vegetal.","3","2","4","2","Regular","Buena","7","0","0","1","1","2","2","2.5","Dormir más horas que lo habitual","Recreación y socialización con amigos.","Anaeróbica (pesas, entrenamiento de fuerza).","Buena","No","30","A veces","Regular","Poco","Frecuentemente"
"2026/05/24 9:50:24 a.m. GMT-5","3","Femenino","55","1.66","19","Ciencias de la Salud.","2","6","5","14","Omnívora: Consume alimentos de origen animal y vegetal.","4","5","4","5","Regular","Buena","5","4","0","3","2","1","2","4","Dormir más horas que lo habitual","Reducción de estrés y ansiedad","Anaeróbica (pesas, entrenamiento de fuerza).","Regular","No","55","Frecuentemente","Regular","Regular","Frecuentemente"
"2026/05/24 9:52:34 a.m. GMT-5","3","Femenino","66","1.67","21","Administración, Negocios y Contabilidad.","3","6","5","14","Omnívora: Consume alimentos de origen animal y vegetal.","2","3","3","5","Regular","Buena","6","1","1","0","1","0","1","1.6","Salir a pasear o conversar con mis amigos","Recreación y socialización con amigos.","Anaeróbica (pesas, entrenamiento de fuerza).","Buena","No","1","A veces","Muy poco","Regular","Siempre"
"2026/05/24 9:55:08 a.m. GMT-5","3","Femenino","66","1.57","20","Ciencias de la Salud.","3","5","5","17","Omnívora: Consume alimentos de origen animal y vegetal.","3","2","5","4","Regular","Mala","7","1","1","0","2","2","3","2.0","Salir a pasear o conversar con mis amigos","Recreación y socialización con amigos.","Deportes colectivos (futbol, basket, vóley).","Regular","No","35","Frecuentemente","Regular","Bastante","Frecuentemente"
"2026/05/24 9:57:54 a.m. GMT-5","3","Masculino","54","1.164","22","Ciencias de la Salud.","3","5","2","16","Omnívora: Consume alimentos de origen animal y vegetal.","3","2","1","3","Alto","Muy buena","8","0","1","2","3","1","2","1","Jugar videojuegos","Recreación y socialización con amigos.","Mixta.","Buena","No","60","A veces","Regular","Bastante","Siempre"
"2026/05/24 10:01:37 a.m. GMT-5","3","Femenino","40","1.40","22","Ciencias Sociales y Derecho.","4","6","6","13","Omnívora: Consume alimentos de origen animal y vegetal.","2","1","5","3","Alto","Buena","6","8","2","5","3","2","3","2","Otros motivos","Recreación y socialización con amigos.","Mixta.","Regular","No","82","Rara vez","Regular","Bastante","Rara vez"
"2026/05/24 10:03:54 a.m. GMT-5","3","Masculino","45","1.45","22","Ciencias de la Salud.","5","6","5","15","Omnívora: Consume alimentos de origen animal y vegetal.","3","2","1","2","Alto","Regular","5","3","2","5","3","3","4","1.5","Dormir más horas que lo habitual","Reducción de estrés y ansiedad","Anaeróbica (pesas, entrenamiento de fuerza).","Muy buena","No","52","A veces","Poco","Poco","Frecuentemente"
"2026/05/24 4:10:40 p.m. GMT-5","3","Masculino","53","1.52","22","Ciencias Exactas y Ambientales.","3","6","8","15","Omnívora: Consume alimentos de origen animal y vegetal.","3","2","2","2","Regular","Buena","1","2","1","0","2","1","2","1.5","Dormir más horas que lo habitual","Recreación y socialización con amigos.","No realizo actividad física.","Muy buena","No","","Frecuentemente","Regular","Bastante","Siempre"
"2026/05/24 4:11:52 p.m. GMT-5","3","Femenino","55","1.5","20","Humanidades, Artes y Educación.","4","5","4","15","Omnívora: Consume alimentos de origen animal y vegetal.","4","5","4","5","Alto","Buena","4","5","2","5","4","2","2","5","Realizar actividad física","Mejora del rendimiento físico / Estética.","Mixta.","Buena","No","55","Frecuentemente","Regular","Bastante","Siempre"
"2026/05/24 4:13:20 p.m. GMT-5","3","Masculino","55","2.5","22","Ciencias de la Salud.","4","6","2","14","Omnívora: Consume alimentos de origen animal y vegetal.","5","4","5","5","Regular","Buena","6","4","2","4","3","1","3","4","Dormir más horas que lo habitual","Recreación y socialización con amigos.","Anaeróbica (pesas, entrenamiento de fuerza).","Buena","No","5","A veces","Regular","Bastante","Frecuentemente"
"2026/05/24 4:15:05 p.m. GMT-5","3","Femenino","53","1.56","21","Ciencias Sociales y Derecho.","5","7","5","11","Omnívora: Consume alimentos de origen animal y vegetal.","2","4","4","4","Regular","Buena","7","5","2","4","3","3","3","5","Jugar videojuegos","Salud general y recomendación médica.","Aeróbica (correr, nadar, bicicleta).","Muy buena","No","7","A veces","Regular","Bastante","Frecuentemente"
"2026/05/24 4:16:17 p.m. GMT-5","3","Masculino","54","1.54","21","Ciencias de la Salud.","4","7","5","11","Omnívora: Consume alimentos de origen animal y vegetal.","4","2","4","2","Regular","Buena","2","5","3","4","3","2","4","1","Dormir más horas que lo habitual","Reducción de estrés y ansiedad","Anaeróbica (pesas, entrenamiento de fuerza).","Buena","No","44","A veces","Regular","Bastante","Siempre"
"2026/05/24 4:17:51 p.m. GMT-5","3","Masculino","44","1.45","18","Ciencias Exactas y Ambientales.","1","6","4","16","Omnívora: Consume alimentos de origen animal y vegetal.","5","4","5","4","Regular","Muy buena","5","4","4","5","3","1","2","4","Jugar videojuegos","Recreación y socialización con amigos.","Anaeróbica (pesas, entrenamiento de fuerza).","Buena","No","45","Siempre","Nunca","Nunca","Nunca"
"2026/05/24 4:19:15 p.m. GMT-5","3","Masculino","55","1.57","21","Ciencias Exactas y Ambientales.","1","7","4","14","Flexitariana: Es una dieta principalmente vegetariana, pero que permite el consumo ocasional de carne o pescado.","4","7","4","7","Regular","Mala","4","8","1","2","2","3","3","4","Salir a pasear o conversar con mis amigos","Salud general y recomendación médica.","Anaeróbica (pesas, entrenamiento de fuerza).","Muy buena","No","7","Nunca","Nunca","Muy poco","Rara vez"
"2026/05/24 4:21:03 p.m. GMT-5","3","Masculino","54","1.56","20","Humanidades, Artes y Educación.","2","6","4","14","Crudista: Consiste en consumir alimentos crudos o cocinados a bajas temperaturas, generalmente orgánicos.","5","4","5","4","Regular","Mala","7","1","1","3","3","2","3","1.5","Jugar videojuegos","Salud general y recomendación médica.","Anaeróbica (pesas, entrenamiento de fuerza).","Regular","Sí","4","A veces","Muy poco","Muy poco","Rara vez"
"2026/05/24 4:22:33 p.m. GMT-5","3","Masculino","56","1.60","21","Humanidades, Artes y Educación.","5","5","1","10","Omnívora: Consume alimentos de origen animal y vegetal.","2","4","2","4","Regular","Regular","9","4","2","5","1","0","3","4","Jugar videojuegos","Salud general y recomendación médica.","Anaeróbica (pesas, entrenamiento de fuerza).","Buena","No","56","A veces","Regular","Bastante","A veces"
"2026/05/24 4:24:14 p.m. GMT-5","3","Masculino","68","1.68","21","Ciencias Sociales y Derecho.","3","5","6","13","Omnívora: Consume alimentos de origen animal y vegetal.","12","2","1","1","Muy alto","Regular","2","14","1","4","2","3","3","9.9","Dormir más horas que lo habitual","Recreación y socialización con amigos.","Mixta.","Regular","No","57","Frecuentemente","Bastante","Nunca","Nunca"
"2026/05/24 8:32:11 p.m. GMT-5","3","Masculino","65","1.56","21","Ciencias Exactas y Ambientales.","3","5","5","13","Omnívora: Consume alimentos de origen animal y vegetal.","5","2","4","4","Regular","Buena","4","5","1","1","2","1","1","4","Dormir más horas que lo habitual","Reducción de estrés y ansiedad","Mixta.","Buena","No","7","A veces","Muy poco","Regular","Frecuentemente"
"2026/05/24 8:33:28 p.m. GMT-5","3","Masculino","75","1.78","20","Administración, Negocios y Contabilidad.","2","6","4","4","Omnívora: Consume alimentos de origen animal y vegetal.","4","5","4","5","Regular","Regular","7","5","1","2","3","2","4","7","Dormir más horas que lo habitual","Reducción de estrés y ansiedad","Anaeróbica (pesas, entrenamiento de fuerza).","Regular","No","7","A veces","Muy poco","Regular","Frecuentemente"
"2026/05/24 8:34:42 p.m. GMT-5","3","Masculino","65","1.54","20","Humanidades, Artes y Educación.","3","7","8","13","Omnívora: Consume alimentos de origen animal y vegetal.","2","4","4","4","Bajo","Mala","6","4","1","3","2","2","1","1.5","Dormir más horas que lo habitual","Reducción de estrés y ansiedad","Anaeróbica (pesas, entrenamiento de fuerza).","Buena","No","55","A veces","Poco","Regular","A veces"
"2026/05/24 9:42:46 p.m. GMT-5","3","Femenino","65","1.65","21","Ciencias de la Salud.","9","3","1","0","Omnívora: Consume alimentos de origen animal y vegetal.","3","1","0","2","Regular","Regular","5","0","3","0","0","0","4","2","Dormir más horas que lo habitual","Mejora del rendimiento físico / Estética.","Mixta.","Regular","No","0","A veces","Regular","Regular","Rara vez"
"2026/05/24 10:02:19 p.m. GMT-5","3","Masculino","78","1.80","23","Administración, Negocios y Contabilidad.","9","5","2","2","Omnívora: Consume alimentos de origen animal y vegetal.","3","1","3","6","Alto","Buena","6","0","3","1","0","1","4","3","Realizar actividad física","Mejora del rendimiento físico / Estética.","Anaeróbica (pesas, entrenamiento de fuerza).","Buena","No","45","Frecuentemente","Bastante","Bastante","A veces"
"2026/05/24 10:05:46 p.m. GMT-5","3","Femenino","42","1.57","17","Ciencias Sociales y Derecho.","1","6","1","1","Omnívora: Consume alimentos de origen animal y vegetal.","3","1","0","5","Regular","Buena","8","0","2","0","0","0","1","3","Salir a pasear o conversar con mis amigos","Recreación y socialización con amigos.","Aeróbica (correr, nadar, bicicleta).","Buena","No","0","Frecuentemente","Regular","Bastante","Frecuentemente"
"2026/05/24 10:09:29 p.m. GMT-5","3","Femenino","68","1.53","30","Administración, Negocios y Contabilidad.","5","6","1","2","Omnívora: Consume alimentos de origen animal y vegetal.","3","1","4","2","Bajo","Regular","7","0","0","0","0","0","1","1","Salir a pasear o conversar con mis amigos","Salud general y recomendación médica.","Aeróbica (correr, nadar, bicicleta).","Buena","No","0","A veces","Regular","Regular","Frecuentemente"
"2026/05/24 10:12:06 p.m. GMT-5","3","Masculino","90","1.89","25","Ingeniería, Tecnología y Construcción.","10","5","3","2","Omnívora: Consume alimentos de origen animal y vegetal.","3","1","2","6","Muy alto","Regular","5","0","3","0","0","0","2","3","Realizar actividad física","Mejora del rendimiento físico / Estética.","Aeróbica (correr, nadar, bicicleta).","Buena","No","89","Frecuentemente","Regular","Regular","Frecuentemente"
"2026/05/24 11:17:00 p.m. GMT-5","3","Masculino","52","1.50","22","Ciencias de la Salud.","6","8","4","8","Omnívora: Consume alimentos de origen animal y vegetal.","8","7","5","4","Alto","Mala","5","2","0","1","1","1","1","1","Dormir más horas que lo habitual","Mejora del rendimiento físico / Estética.","Deportes colectivos (futbol, basket, vóley).","Mala","No","2","A veces","Regular","Bastante","Siempre"
"2026/05/24 11:18:45 p.m. GMT-5","3","Masculino","52","1.65","21","Ciencias Sociales y Derecho.","3","7","5","8","Omnívora: Consume alimentos de origen animal y vegetal.","1","4","1","2","Regular","Muy buena","2","2","0","1","1","1","0","1","Dormir más horas que lo habitual","Mejora del rendimiento físico / Estética.","Aeróbica (correr, nadar, bicicleta).","Regular","No","2","Frecuentemente","Bastante","Bastante","Siempre"
"2026/05/24 11:20:55 p.m. GMT-5","3","Masculino","65","1.65","22","Humanidades, Artes y Educación.","2","7","2","10","Omnívora: Consume alimentos de origen animal y vegetal.","2","1","3","1","Regular","Buena","1","2","1","3","2","0","1","1","Dormir más horas que lo habitual","Reducción de estrés y ansiedad","Anaeróbica (pesas, entrenamiento de fuerza).","Muy buena","No","2","Frecuentemente","Bastante","Bastante","Siempre"
"2026/05/24 11:21:55 p.m. GMT-5","3","Masculino","1","1","1","Ingeniería, Tecnología y Construcción.","1","1","1","1","Vegetariana: Excluye carne y pescado.","1","1","1","1","Muy bajo","Muy mala","1","1","4","7","4","4","4","1","Realizar actividad física","Salud general y recomendación médica.","No realizo actividad física.","Muy buena","No","1","Siempre","Bastante","Bastante","Siempre"
"2026/05/24 11:22:51 p.m. GMT-5","3","Masculino","2","2","2","Administración, Negocios y Contabilidad.","1","2","2","2","Vegetariana: Excluye carne y pescado.","2","2","2","2","Muy bajo","Mala","2","2","1","2","1","1","0","2","Realizar actividad física","Mejora del rendimiento físico / Estética.","Aeróbica (correr, nadar, bicicleta).","Mala","No","2","Rara vez","Bastante","Bastante","Siempre"
"2026/05/24 11:24:07 p.m. GMT-5","3","Masculino","3","3","3","Ciencias de la Salud.","3","3","3","3","Omnívora: Consume alimentos de origen animal y vegetal.","3","3","3","3","Regular","Regular","3","3","3","5","4","0","2","3","Realizar actividad física","Recreación y socialización con amigos.","Anaeróbica (pesas, entrenamiento de fuerza).","Buena","No","3","Frecuentemente","Muy poco","Regular","Rara vez"
"2026/05/24 11:25:19 p.m. GMT-5","3","Masculino","5","1.5","5","Ciencias de la Salud.","3","5","5","5","Omnívora: Consume alimentos de origen animal y vegetal.","5","5","5","5","Muy alto","Muy buena","5","5","0","0","0","0","0","5","Dormir más horas que lo habitual","Recreación y socialización con amigos.","Anaeróbica (pesas, entrenamiento de fuerza).","Regular","No","5","Siempre","Regular","Regular","Frecuentemente"
"2026/05/24 11:29:23 p.m. GMT-5","3","Masculino","55","1.56","20","Ciencias Sociales y Derecho.","2","7","5","9","Omnívora: Consume alimentos de origen animal y vegetal.","5","3","5","3","Muy bajo","Regular","4","6","0","2","3","2","1","1.6","Dormir más horas que lo habitual","Reducción de estrés y ansiedad","Anaeróbica (pesas, entrenamiento de fuerza).","Buena","Sí","66","Frecuentemente","Regular","Regular","Siempre"
"2026/05/24 11:31:14 p.m. GMT-5","3","Masculino","61","1.64","21","Ciencias Exactas y Ambientales.","2","6","4","8","Omnívora: Consume alimentos de origen animal y vegetal.","2","3","1","2","Regular","Buena","2","2","0","2","1","0","1","1","Realizar actividad física","Recreación y socialización con amigos.","Anaeróbica (pesas, entrenamiento de fuerza).","Regular","No","54","Rara vez","Poco","Regular","Rara vez"
"2026/05/24 11:32:40 p.m. GMT-5","3","Masculino","68","1.81","21","Administración, Negocios y Contabilidad.","1","7","5","10","Omnívora: Consume alimentos de origen animal y vegetal.","2","1","2","2","Regular","Muy mala","8","5","0","2","2","3","0","1","Dormir más horas que lo habitual","Reducción de estrés y ansiedad","Anaeróbica (pesas, entrenamiento de fuerza).","Regular","No","24","A veces","Bastante","Bastante","Frecuentemente"
"2026/05/24 11:33:54 p.m. GMT-5","3","Masculino","69","1.65","20","Ciencias de la Salud.","2","7","1","12","Omnívora: Consume alimentos de origen animal y vegetal.","1","1","2","2","Regular","Buena","1","2","0","1","1","0","1","1","Dormir más horas que lo habitual","Reducción de estrés y ansiedad","Anaeróbica (pesas, entrenamiento de fuerza).","Buena","No","2","A veces","Poco","Muy poco","Frecuentemente"
"2026/05/24 11:35:31 p.m. GMT-5","3","Masculino","56","1.61","21","Humanidades, Artes y Educación.","3","4","1","12","Omnívora: Consume alimentos de origen animal y vegetal.","2","2","2","1","Alto","Buena","2","2","1","3","3","4","4","1","Jugar videojuegos","Recreación y socialización con amigos.","Anaeróbica (pesas, entrenamiento de fuerza).","Regular","No","22","A veces","Muy poco","Poco","A veces"
"2026/05/24 11:37:05 p.m. GMT-5","3","Masculino","52","1.56","22","Ciencias Sociales y Derecho.","5","6","1","11","Omnívora: Consume alimentos de origen animal y vegetal.","2","2","2","2","Regular","Regular","2","5","2","4","2","0","1","1","Salir a pasear o conversar con mis amigos","Salud general y recomendación médica.","Anaeróbica (pesas, entrenamiento de fuerza).","Buena","No","65","Frecuentemente","Regular","Regular","Frecuentemente"
"2026/05/24 11:38:35 p.m. GMT-5","3","Femenino","54","1.65","22","Ciencias de la Salud.","4","7","2","11","Omnívora: Consume alimentos de origen animal y vegetal.","2","2","3","5","Alto","Buena","3","4","2","5","3","1","0","2","Dormir más horas que lo habitual","Recreación y socialización con amigos.","Anaeróbica (pesas, entrenamiento de fuerza).","Regular","No","55","Frecuentemente","Regular","Bastante","Siempre"
"2026/05/25 4:53:20 a.m. GMT-5","3","Masculino","86","1.78","21","Ciencias de la Salud.","3","7","1","8","Omnívora: Consume alimentos de origen animal y vegetal.","2","1","1","2","Regular","Regular","9","1","0","2","0","1","1","1","Jugar videojuegos","Recreación y socialización con amigos.","Mixta.","Buena","No","214","Rara vez","Nunca","Regular","A veces"
"2026/05/25 4:55:18 a.m. GMT-5","3","Femenino","65","1.65","24","Ciencias de la Salud.","5","5","3","15","Omnívora: Consume alimentos de origen animal y vegetal.","2","2","2","2","Alto","Regular","7","2","1","3","2","1","2","1","Dormir más horas que lo habitual","Reducción de estrés y ansiedad","Aeróbica (correr, nadar, bicicleta).","Buena","No","22","A veces","Regular","Regular","Frecuentemente"
"2026/05/25 4:56:38 a.m. GMT-5","3","Masculino","65","1.65","21","Humanidades, Artes y Educación.","4","6","1","11","Omnívora: Consume alimentos de origen animal y vegetal.","2","2","2","3","Alto","Muy buena","6","3","1","4","3","2","2","2","Salir a pasear o conversar con mis amigos","Recreación y socialización con amigos.","Mixta.","Regular","No","33","A veces","Regular","Poco","Frecuentemente"
"2026/05/25 4:58:20 a.m. GMT-5","3","Femenino","65","1.53","21","Ingeniería, Tecnología y Construcción.","3","7","2","3","Omnívora: Consume alimentos de origen animal y vegetal.","3","3","3","4","Regular","Regular","7","3","1","4","2","1","1","3","Salir a pasear o conversar con mis amigos","Recreación y socialización con amigos.","Mixta.","Regular","No","55","A veces","Regular","Poco","Frecuentemente"
"2026/05/25 4:59:50 a.m. GMT-5","3","Femenino","77","1.68","22","Administración, Negocios y Contabilidad.","4","7","5","14","Omnívora: Consume alimentos de origen animal y vegetal.","4","5","4","6","Muy bajo","Regular","8","5","1","2","2","2","2","1.5","Salir a pasear o conversar con mis amigos","Recreación y socialización con amigos.","Anaeróbica (pesas, entrenamiento de fuerza).","Buena","No","56","A veces","Poco","Regular","Frecuentemente"
"2026/05/25 5:01:10 a.m. GMT-5","3","Masculino","75","1.65","21","Administración, Negocios y Contabilidad.","3","6","4","8","Omnívora: Consume alimentos de origen animal y vegetal.","5","4","4","4","Alto","Regular","8","4","0","4","2","2","2","5","Salir a pasear o conversar con mis amigos","Recreación y socialización con amigos.","Mixta.","Buena","No","5","A veces","Regular","Poco","Frecuentemente"
"2026/05/25 5:02:29 a.m. GMT-5","3","Masculino","65","1.65","21","Humanidades, Artes y Educación.","2","6","1","6","Crudista: Consiste en consumir alimentos crudos o cocinados a bajas temperaturas, generalmente orgánicos.","3","4","4","6","Regular","Buena","9","4","1","3","4","3","1","3.2","Dormir más horas que lo habitual","Reducción de estrés y ansiedad","No realizo actividad física.","Buena","No","65","A veces","Bastante","Regular","Frecuentemente"
"2026/05/25 5:04:15 a.m. GMT-5","3","Femenino","65","1.5","25","Ciencias de la Salud.","3","7","3","11","Omnívora: Consume alimentos de origen animal y vegetal.","2","2","3","5","Bajo","Regular","9","4","1","3","3","2","3","1.6","Salir a pasear o conversar con mis amigos","Recreación y socialización con amigos.","Anaeróbica (pesas, entrenamiento de fuerza).","Muy buena","No","75","A veces","Regular","Poco","A veces"
"2026/05/25 5:05:32 a.m. GMT-5","3","Femenino","78","1.65","21","Ciencias Sociales y Derecho.","3","7","2","10","Omnívora: Consume alimentos de origen animal y vegetal.","3","3","3","3","Regular","Mala","9","3","2","4","3","3","2","3","Dormir más horas que lo habitual","Reducción de estrés y ansiedad","Anaeróbica (pesas, entrenamiento de fuerza).","Regular","No","33","A veces","Regular","Regular","Frecuentemente"
"2026/05/25 5:06:39 a.m. GMT-5","3","Masculino","95","1.95","23","Ciencias Sociales y Derecho.","4","7","5","15","Omnívora: Consume alimentos de origen animal y vegetal.","1","5","6","4","Regular","Regular","4","5","2","5","3","2","2","5","Realizar actividad física","Recreación y socialización con amigos.","Aeróbica (correr, nadar, bicicleta).","Regular","No","55","A veces","Muy poco","Poco","Frecuentemente"
"2026/05/25 5:07:46 a.m. GMT-5","3","Femenino","55","1.65","24","Ciencias Sociales y Derecho.","6","5","1","7","Omnívora: Consume alimentos de origen animal y vegetal.","3","3","5","3","Regular","Regular","3","5","2","5","3","1","3","3","Dormir más horas que lo habitual","Recreación y socialización con amigos.","Mixta.","Muy buena","No","5","A veces","Poco","Regular","A veces"
"2026/05/25 5:09:31 a.m. GMT-5","3","Masculino","65","1.54","21","Ciencias de la Salud.","3","8","1","2","Omnívora: Consume alimentos de origen animal y vegetal.","2","2","3","4","Regular","Regular","9","5","2","5","3","2","3","5","Dormir más horas que lo habitual","Reducción de estrés y ansiedad","Anaeróbica (pesas, entrenamiento de fuerza).","Buena","No","154","A veces","Regular","Regular","A veces"
"2026/05/25 5:10:45 a.m. GMT-5","3","Masculino","96","1.98","21","Ciencias Exactas y Ambientales.","3","6","4","8","Omnívora: Consume alimentos de origen animal y vegetal.","6","4","6","5","Regular","Regular","6","6","2","5","4","1","3","6","Ir de compras","Salud general y recomendación médica.","Mixta.","Buena","No","6","Frecuentemente","Regular","Nunca","Rara vez"
"2026/05/25 5:12:19 a.m. GMT-5","3","Masculino","54","1.65","21","Administración, Negocios y Contabilidad.","3","8","4","12","Vegana: Dieta estricta basada exclusivamente en alimentos de origen vegetal, excluyendo cualquier producto animal.","2","5","4","5","Regular","Mala","10","8","1","1","4","1","1","2","Salir a pasear o conversar con mis amigos","Recreación y socialización con amigos.","Mixta.","Buena","Sí","8","Rara vez","Poco","Poco","A veces"
"2026/05/25 5:13:24 a.m. GMT-5","3","Masculino","68","1.65","21","Ciencias Sociales y Derecho.","3","7","5","6","Omnívora: Consume alimentos de origen animal y vegetal.","6","4","5","6","Muy bajo","Muy mala","5","6","2","3","3","3","1","6","Dormir más horas que lo habitual","Reducción de estrés y ansiedad","Mixta.","Muy buena","No","6","Rara vez","Poco","Muy poco","Rara vez"
"2026/05/25 5:15:55 a.m. GMT-5","3","Femenino","54","1.46","18","Administración, Negocios y Contabilidad.","2","7","5","15","Omnívora: Consume alimentos de origen animal y vegetal.","2","4","5","7","Regular","Muy mala","7","5","1","2","3","1","3","5","Dormir más horas que lo habitual","Reducción de estrés y ansiedad","Anaeróbica (pesas, entrenamiento de fuerza).","Regular","No","5","Rara vez","Poco","Regular","A veces"
"2026/05/25 5:17:11 a.m. GMT-5","3","Masculino","80","1.85","19","Ciencias de la Salud.","2","8","4","5","Omnívora: Consume alimentos de origen animal y vegetal.","5","4","5","4","Regular","Mala","5","5","1","3","3","2","2","1.65","Salir a pasear o conversar con mis amigos","Recreación y socialización con amigos.","Anaeróbica (pesas, entrenamiento de fuerza).","Muy buena","No","65","Frecuentemente","Regular","Muy poco","A veces"
"2026/05/25 5:19:08 a.m. GMT-5","3","Femenino","85","1.79","25","Ciencias de la Salud.","4","7","4","9","Omnívora: Consume alimentos de origen animal y vegetal.","7","5","7","5","Muy bajo","Muy mala","5","1","1","5","2","1","2","4.6","Dormir más horas que lo habitual","Recreación y socialización con amigos.","Mixta.","Buena","No","5","A veces","Muy poco","Regular","Siempre"
"2026/05/25 5:20:13 a.m. GMT-5","3","Femenino","56","1.56","21","Administración, Negocios y Contabilidad.","3","7","4","12","Omnívora: Consume alimentos de origen animal y vegetal.","5","4","5","4","Bajo","Buena","11","7","1","2","3","2","2","5","Dormir más horas que lo habitual","Reducción de estrés y ansiedad","Anaeróbica (pesas, entrenamiento de fuerza).","Muy buena","No","5","A veces","Regular","Muy poco","Rara vez"
"2026/05/25 5:21:09 a.m. GMT-5","3","Masculino","65","1.85","19","Administración, Negocios y Contabilidad.","3","7","5","9","Omnívora: Consume alimentos de origen animal y vegetal.","5","5","5","6","Alto","Buena","5","6","2","4","4","3","2","5","Dormir más horas que lo habitual","Mejora del rendimiento físico / Estética.","Aeróbica (correr, nadar, bicicleta).","Buena","No","5","Frecuentemente","Poco","Poco","Frecuentemente"
"2026/05/25 5:23:10 a.m. GMT-5","3","Masculino","21","1.65","22","Administración, Negocios y Contabilidad.","4","7","4","4","Omnívora: Consume alimentos de origen animal y vegetal.","2","4","2","4","Alto","Regular","7","4","1","4","3","2","3","1.3","Jugar videojuegos","Recreación y socialización con amigos.","Aeróbica (correr, nadar, bicicleta).","Regular","No","22","Siempre","Poco","Muy poco","Frecuentemente"
"2026/05/25 5:24:13 a.m. GMT-5","3","Masculino","88","1.88","21","Ciencias de la Salud.","6","4","5","6","Omnívora: Consume alimentos de origen animal y vegetal.","5","4","2","7","Muy bajo","Mala","5","5","2","3","3","2","3","1.6","Dormir más horas que lo habitual","Recreación y socialización con amigos.","Anaeróbica (pesas, entrenamiento de fuerza).","Regular","No","4","Frecuentemente","Regular","Poco","Frecuentemente"
"2026/05/25 11:24:26 a.m. GMT-5","4","Femenino","60","1.58","19","Humanidades, Artes y Educación.","3","6","12","2","Omnívora: Consume alimentos de origen animal y vegetal.","3","2","4","6","Regular","Buena","9","0","3","0","0","0","1","3","Salir a pasear o conversar con mis amigos","Mejora del rendimiento físico / Estética.","Aeróbica (correr, nadar, bicicleta).","Regular","No","250","A veces","Regular","Regular","Rara vez"
"2026/05/25 11:28:27 a.m. GMT-5","4","Masculino","75","1.73","20","Ingeniería, Tecnología y Construcción.","4","5","16","2","Omnívora: Consume alimentos de origen animal y vegetal.","3","1","6","7","Regular","Regular","7","1","3","0","0","0","2","4","Realizar actividad física","Mejora del rendimiento físico / Estética.","Anaeróbica (pesas, entrenamiento de fuerza).","Regular","No","100","A veces","Bastante","Bastante","A veces"
"2026/05/26 5:39:24 p.m. GMT-5","1","Masculino","75.54","1.67","21","Ciencias Exactas y Ambientales.","6","4","1.41","5","Omnívora: Consume alimentos de origen animal y vegetal.","3","1.1","5","0","Bajo","Mala","5","0","3","0","0","0","3","1.53","Dormir más horas que lo habitual","Reducción de estrés y ansiedad","No realizo actividad física.","Mala","No","10.35","A veces","Muy poco","Regular","Rara vez"
"2026/05/26 5:44:07 p.m. GMT-5","1","Masculino","75.37","1.69","22","Ciencias Exactas y Ambientales.","5","3","1.56","5.30","Omnívora: Consume alimentos de origen animal y vegetal.","3","2","4","1","Bajo","Mala","5.21","0","3","1","1","0","3","2.89","Dormir más horas que lo habitual","Reducción de estrés y ansiedad","Aeróbica (correr, nadar, bicicleta).","Mala","No","","Rara vez","Muy poco","Regular","Rara vez"
"2026/05/26 5:49:56 p.m. GMT-5","1","Masculino","79.12","1.71","21","Ciencias Exactas y Ambientales.","4","4","1.51","4.35","Omnívora: Consume alimentos de origen animal y vegetal.","3","1","0","0","Muy bajo","Mala","4.51","0","3","0","0","0","4","2.65","Realizar actividad física","Reducción de estrés y ansiedad","No realizo actividad física.","Muy mala","No","0","Rara vez","Poco","Regular","Rara vez"
"2026/05/26 5:53:44 p.m. GMT-5","1","Masculino","78.64","1.71","20","Ciencias Exactas y Ambientales.","5","3","1.23","4.51","Omnívora: Consume alimentos de origen animal y vegetal.","3","1","0","0","Muy bajo","Muy mala","5.21","0","3","0","0","0","4","3.59","Otros motivos","Reducción de estrés y ansiedad","Aeróbica (correr, nadar, bicicleta).","Muy mala","No","0","Nunca","Muy poco","Regular","Nunca"
"2026/05/26 5:57:05 p.m. GMT-5","1","Masculino","69.99","1.72","21","Ciencias Exactas y Ambientales.","8","3","1.69","4.56","Omnívora: Consume alimentos de origen animal y vegetal.","3","1","0","0","Bajo","Mala","5.78","0","0","0","0","0","3","2.64","Otros motivos","Reducción de estrés y ansiedad","No realizo actividad física.","Mala","No","0","Rara vez","Poco","Regular","Rara vez"
"2026/05/27 11:25:09 p.m. GMT-5","3","Masculino","61.7","1.72","24","Ingeniería, Tecnología y Construcción.","4","6","1","3.6","Omnívora: Consume alimentos de origen animal y vegetal.","3","6","1","2","Muy bajo","Mala","4.9","3","2","0","0","0","4","1.8","Realizar actividad física","Recreación y socialización con amigos.","Deportes colectivos (futbol, basket, vóley).","Regular","No","80","Nunca","Bastante","Bastante","Frecuentemente"
"2026/05/27 11:27:23 p.m. GMT-5","3","Femenino","62.9","1.67","17","Ingeniería, Tecnología y Construcción.","2","8","4.2","3.2","Omnívora: Consume alimentos de origen animal y vegetal.","3","3","2","5","Regular","Mala","5.5","0","2","0","0","0","3","2.4","Salir a pasear o conversar con mis amigos","Recreación y socialización con amigos.","Mixta.","Buena","No","150","Rara vez","Bastante","Bastante","A veces"
"2026/05/27 11:29:27 p.m. GMT-5","3","Masculino","64.8","1.65","19","Ingeniería, Tecnología y Construcción.","2","5","3.7","3.1","Omnívora: Consume alimentos de origen animal y vegetal.","3","1","2","2","Regular","Regular","5.8","5","1","0","0","2","4","1.1","Otros motivos","Recreación y socialización con amigos.","Deportes colectivos (futbol, basket, vóley).","Buena","No","50","A veces","Bastante","Bastante","A veces"
"2026/05/28 11:33:51 a.m. GMT-5","4","Femenino","50","1.50","24","Ingeniería, Tecnología y Construcción.","4","2","1","2","Omnívora: Consume alimentos de origen animal y vegetal.","2","3","1","3","Regular","Mala","5","0","1","1","2","1","4","1","Realizar actividad física","Reducción de estrés y ansiedad","Aeróbica (correr, nadar, bicicleta).","Mala","No","400","A veces","Bastante","Bastante","A veces"
"2026/06/03 3:10:20 a.m. GMT-5","8","Femenino","65","1.63","23","Ingeniería, Tecnología y Construcción.","6","7","1.5","15","Omnívora: Consume alimentos de origen animal y vegetal.","3","1","0","0","Alto","Mala","7","1","3","0","0","0","3","1.5","Salir a pasear o conversar con mis amigos","Reducción de estrés y ansiedad","Mixta.","Regular","No","34","A veces","Bastante","Bastante","A veces"
"2026/06/03 3:17:53 a.m. GMT-5","8","Femenino","75","1.60","20","Ciencias Sociales y Derecho.","7","7","10","11","Vegana: Dieta estricta basada exclusivamente en alimentos de origen vegetal, excluyendo cualquier producto animal.","5","3","4","2","Bajo","Regular","7.5","3","4","2","1","2","3","2.5","Realizar actividad física","Mejora del rendimiento físico / Estética.","Anaeróbica (pesas, entrenamiento de fuerza).","Buena","No","46","Frecuentemente","Bastante","Regular","A veces"
"2026/06/03 3:22:38 a.m. GMT-5","8","Femenino","55","1.53","24","Ingeniería, Tecnología y Construcción.","6","8","1","17","Omnívora: Consume alimentos de origen animal y vegetal.","5","1","0","3","Regular","Regular","7.5","2","2","1","2","2","3","3","Jugar videojuegos","Recreación y socialización con amigos.","Deportes colectivos (futbol, basket, vóley).","Regular","No","35","A veces","Bastante","Regular","Rara vez"
"2026/06/03 3:29:05 a.m. GMT-5","8","Femenino","78","1.76","21","Ingeniería, Tecnología y Construcción.","5","7","2","18","Omnívora: Consume alimentos de origen animal y vegetal.","5","1","3","1","Regular","Regular","7.5","0","3","0","0","0","4","3.5","Realizar actividad física","Reducción de estrés y ansiedad","Deportes colectivos (futbol, basket, vóley).","Buena","No","","A veces","Regular","Bastante","Frecuentemente"
"2026/06/03 2:49:57 p.m. GMT-5","8","Femenino","48","1.53","20","Ingeniería, Tecnología y Construcción.","8","6","1","15","Omnívora: Consume alimentos de origen animal y vegetal.","5","1","0","2","Bajo","Mala","5.5","1","2","2","2","3","4","2.5","Dormir más horas que lo habitual","Reducción de estrés y ansiedad","Aeróbica (correr, nadar, bicicleta).","Regular","No","38","Rara vez","Regular","Bastante","A veces"
"2026/06/03 3:40:56 p.m. GMT-5","8","Femenino","60","1.67","22","Ingeniería, Tecnología y Construcción.","6","7","2.5","17","Omnívora: Consume alimentos de origen animal y vegetal.","4","3","1","3","Regular","Regular","7.5","3","3","3","2","3","3","3.5","Realizar actividad física","Mejora del rendimiento físico / Estética.","Anaeróbica (pesas, entrenamiento de fuerza).","Regular","No","55","Frecuentemente","Regular","Bastante","Frecuentemente"
"2026/06/03 3:45:40 p.m. GMT-5","8","Femenino","68","1.65","19","Ingeniería, Tecnología y Construcción.","4","6","1","16","Omnívora: Consume alimentos de origen animal y vegetal.","3","3","0","1","Muy bajo","Regular","6.5","2","2","2","1","2","3","2.5","Realizar actividad física","Salud general y recomendación médica.","Anaeróbica (pesas, entrenamiento de fuerza).","Regular","No","57","A veces","Bastante","","A veces"
"2026/06/03 3:50:54 p.m. GMT-5","8","Femenino","55","1.50","23","Ciencias de la Salud.","9","5","2","18","Omnívora: Consume alimentos de origen animal y vegetal.","4","1","0","2","Regular","Buena","7.5","2","2","3","2","3","4","3.5","Realizar actividad física","Reducción de estrés y ansiedad","Aeróbica (correr, nadar, bicicleta).","Buena","No","66","Frecuentemente","Poco","Regular","Frecuentemente"
"2026/06/03 3:57:27 p.m. GMT-5","8","Femenino","68","1.70","18","Ingeniería, Tecnología y Construcción.","3","8","1","17","Omnívora: Consume alimentos de origen animal y vegetal.","2","4","0","1","Bajo","Regular","6.5","2","2","2","1","2","4","2.5","Realizar actividad física","Reducción de estrés y ansiedad","Aeróbica (correr, nadar, bicicleta).","Buena","No","39","Rara vez","Regular","Bastante","A veces"
"2026/06/03 4:01:04 p.m. GMT-5","8","Femenino","67","1.69","22","Ciencias de la Salud.","6","7","1","16","Omnívora: Consume alimentos de origen animal y vegetal.","3","3","0","2","Bajo","Regular","7.5","3","3","1","1","1","3","2.5","Realizar actividad física","Mejora del rendimiento físico / Estética.","Anaeróbica (pesas, entrenamiento de fuerza).","Regular","No","46","Rara vez","Regular","Poco","Rara vez"
"2026/06/03 4:03:58 p.m. GMT-5","8","Femenino","48","1.52","21","Ciencias de la Salud.","5","8","1.5","15","Omnívora: Consume alimentos de origen animal y vegetal.","4","1","0","2","Regular","Regular","7.5","0","2","0","0","0","3","3.2","Realizar actividad física","Reducción de estrés y ansiedad","Anaeróbica (pesas, entrenamiento de fuerza).","Regular","No","54","Frecuentemente","Regular","Regular","Frecuentemente"
"2026/06/03 4:10:16 p.m. GMT-5","8","Femenino","65","1.62","23","Ciencias de la Salud.","7","7","1.5","16","Omnívora: Consume alimentos de origen animal y vegetal.","5","1","2","2","Bajo","Regular","6.5","1","3","0","0","0","3","3.5","Realizar actividad física","Mejora del rendimiento físico / Estética.","Anaeróbica (pesas, entrenamiento de fuerza).","Buena","No","53","Frecuentemente","Regular","Regular","Frecuentemente"
"2026/06/03 4:13:43 p.m. GMT-5","8","Femenino","68","1.71","23","Ciencias de la Salud.","8","5","2.5","15","Vegetariana: Excluye carne y pescado.","3","1","0","3","Regular","Buena","7.5","0","0","0","0","0","3","3.1","Realizar actividad física","Reducción de estrés y ansiedad","Anaeróbica (pesas, entrenamiento de fuerza).","Buena","No","65","Frecuentemente","Bastante","Bastante","Frecuentemente"
"2026/06/03 4:26:16 p.m. GMT-5","8","Masculino","80","1.79","23","Ingeniería, Tecnología y Construcción.","6","6","4","4","Omnívora: Consume alimentos de origen animal y vegetal.","3","2","5","2","Bajo","Regular","6","0","1","0","1","0","2","1","Realizar actividad física","Recreación y socialización con amigos.","Deportes colectivos (futbol, basket, vóley).","Regular","No","10","Frecuentemente","Bastante","Bastante","Frecuentemente"
"2026/06/03 4:37:33 p.m. GMT-5","8","Femenino","63","1.64","21","Ingeniería, Tecnología y Construcción.","3","3","2","4","Frugívora/Frutariana: Basada principalmente en el consumo de frutas.","2","1","0","4","Regular","Regular","8","1","3","1","1","1","3","2","Realizar actividad física","Salud general y recomendación médica.","Deportes colectivos (futbol, basket, vóley).","Regular","No","5","Frecuentemente","Poco","Bastante","Frecuentemente"
"2026/06/03 4:39:52 p.m. GMT-5","8","Femenino","65","1.66","21","Ingeniería, Tecnología y Construcción.","7","6","2","17","Omnívora: Consume alimentos de origen animal y vegetal.","5","1","0","2","Regular","Regular","7.5","1","3","1","1","0","4","3.5","Realizar actividad física","Mejora del rendimiento físico / Estética.","Mixta.","Buena","No","45","A veces","Poco","Regular","A veces"
"2026/06/03 4:43:39 p.m. GMT-5","8","Femenino","75","1.80","23","Ingeniería, Tecnología y Construcción.","8","5","2.5","14","Omnívora: Consume alimentos de origen animal y vegetal.","3","2","0","3","Alto","Regular","7.5","5","3","2","2","2","4","3.5","Realizar actividad física","Reducción de estrés y ansiedad","Anaeróbica (pesas, entrenamiento de fuerza).","Regular","No","65","A veces","Muy poco","Regular","Frecuentemente"
"2026/06/03 4:59:13 p.m. GMT-5","8","Femenino","63","1.60","22","Ingeniería, Tecnología y Construcción.","7","5","2.5","14","Omnívora: Consume alimentos de origen animal y vegetal.","5","2","0","1","Bajo","Regular","7.2","2","2","1","1","2","4","3.1","Realizar actividad física","Reducción de estrés y ansiedad","Anaeróbica (pesas, entrenamiento de fuerza).","Buena","No","47","A veces","Regular","Bastante","A veces"
"2026/06/03 5:08:47 p.m. GMT-5","8","Femenino","64","1.62","23","Ingeniería, Tecnología y Construcción.","6","6","1.5","17","Omnívora: Consume alimentos de origen animal y vegetal.","4","1","0","1","Muy bajo","Regular","6.5","1","2","1","1","2","3","3.5","Realizar actividad física","Reducción de estrés y ansiedad","Aeróbica (correr, nadar, bicicleta).","Regular","No","45","Rara vez","Regular","","A veces"
"2026/06/03 5:14:47 p.m. GMT-5","8","Femenino","66","1.65","22","Ingeniería, Tecnología y Construcción.","5","7","1.5","15","Omnívora: Consume alimentos de origen animal y vegetal.","3","1","0","2","Regular","Regular","6.5","1","2","2","1","3","4","3.2","Realizar actividad física","Salud general y recomendación médica.","Aeróbica (correr, nadar, bicicleta).","Regular","No","35","Rara vez","Regular","Poco","Nunca"
"2026/06/03 5:20:55 p.m. GMT-5","8","Femenino","58","1.59","22","Ciencias de la Salud.","5","6","2.5","16","Omnívora: Consume alimentos de origen animal y vegetal.","5","2","1","3","Regular","Regular","7.5","0","2","0","0","2","4","3.5","Realizar actividad física","Reducción de estrés y ansiedad","Mixta.","Regular","No","55","Nunca","Poco","Regular","A veces"
"2026/06/03 5:29:00 p.m. GMT-5","8","Femenino","65","1.67","21","Ingeniería, Tecnología y Construcción.","4","7","2.1","16","Omnívora: Consume alimentos de origen animal y vegetal.","2","2","1","2","Bajo","Regular","6.5","1","2","2","2","2","3","2.5","Salir a pasear o conversar con mis amigos","Recreación y socialización con amigos.","Deportes colectivos (futbol, basket, vóley).","Regular","No","56","Rara vez","Poco","Regular","A veces"
"2026/06/03 5:32:00 p.m. GMT-5","8","Femenino","65","1.60","23","Ingeniería, Tecnología y Construcción.","7","7","1.5","17","Omnívora: Consume alimentos de origen animal y vegetal.","5","5","0","2","Bajo","Buena","7.5","0","4","0","0","3","4","1.5","Salir a pasear o conversar con mis amigos","Reducción de estrés y ansiedad","Aeróbica (correr, nadar, bicicleta).","Buena","No","45","Nunca","Poco","Poco","Rara vez"
"2026/06/03 6:05:15 p.m. GMT-5","3","Femenino","55","1.60","19","Ingeniería, Tecnología y Construcción.","3","4","5","3","Vegetariana: Excluye carne y pescado.","2","6","0","5","Regular","Mala","5","5","3","0","0","1","3","2","Salir a pasear o conversar con mis amigos","Mejora del rendimiento físico / Estética.","Aeróbica (correr, nadar, bicicleta).","Buena","No","10","Frecuentemente","Regular","Bastante","Frecuentemente"
"2026/06/10 10:58:26 a.m. GMT-5","3","Masculino","64","1.75","18","Ingeniería, Tecnología y Construcción.","3","5","8","1","Omnívora: Consume alimentos de origen animal y vegetal.","2","1","5","5","Regular","Mala","5","2","3","1","1","3","4","3","Jugar videojuegos","Mejora del rendimiento físico / Estética.","Anaeróbica (pesas, entrenamiento de fuerza).","Regular","No","80","Frecuentemente","Regular","Bastante","Frecuentemente"
"2026/06/13 8:48:47 p.m. GMT-5","3","Masculino","67","1.68","19","Ingeniería, Tecnología y Construcción.","3","5","5","8","Omnívora: Consume alimentos de origen animal y vegetal.","4","2","5","5","Alto","Mala","5","5","3","4","3","3","4","1","Realizar actividad física","Recreación y socialización con amigos.","Deportes colectivos (futbol, basket, vóley).","Buena","No","0","A veces","Bastante","Bastante","A veces"
"2026/06/14 3:11:47 p.m. GMT-5","3","Masculino","85","1.78","21","Administración, Negocios y Contabilidad.","9","4","1","2","Omnívora: Consume alimentos de origen animal y vegetal.","3","1","3","6","Alto","Regular","5","0","3","0","0","0","4","3","Dormir más horas que lo habitual","Mejora del rendimiento físico / Estética.","Anaeróbica (pesas, entrenamiento de fuerza).","Buena","No","75","Frecuentemente","Bastante","Bastante","A veces"
"2026/06/14 9:07:23 p.m. GMT-5","3","Femenino","65","1.66","22","Ciencias de la Salud.","6","5","3","6","Vegana: Dieta estricta basada exclusivamente en alimentos de origen vegetal, excluyendo cualquier producto animal.","2","2","2","1","Bajo","Mala","7","1","0","0","1","0","1","1","Dormir más horas que lo habitual","Reducción de estrés y ansiedad","Aeróbica (correr, nadar, bicicleta).","Buena","No","77","A veces","Regular","Regular","Frecuentemente"
"2026/06/14 9:09:24 p.m. GMT-5","3","Femenino","57","1.56","21","Ingeniería, Tecnología y Construcción.","4","3","3","3","Omnívora: Consume alimentos de origen animal y vegetal.","3","3","3","4","Regular","Muy mala","7","2","2","3","4","1","2","3","Dormir más horas que lo habitual","Recreación y socialización con amigos.","Anaeróbica (pesas, entrenamiento de fuerza).","Buena","No","54","Siempre","Regular","Regular","A veces"
"2026/06/14 9:12:48 p.m. GMT-5","3","Femenino","44","1.45","19","Administración, Negocios y Contabilidad.","1","6","1","6","Vegetariana: Excluye carne y pescado.","2","3","2","1","Regular","Buena","7","0","2","0","2","0","1","2","Salir a pasear o conversar con mis amigos","Mejora del rendimiento físico / Estética.","Deportes colectivos (futbol, basket, vóley).","Buena","No","66","Rara vez","Regular","Regular","Frecuentemente"
"2026/06/14 9:15:46 p.m. GMT-5","3","Femenino","44","1.48","20","Ciencias Exactas y Ambientales.","2","5","4","4","Omnívora: Consume alimentos de origen animal y vegetal.","2","3","2","1","Regular","Muy mala","8","2","3","3","3","2","2","2","Dormir más horas que lo habitual","Mejora del rendimiento físico / Estética.","Deportes colectivos (futbol, basket, vóley).","Muy buena","No","44","Rara vez","Muy poco","Regular","Frecuentemente"
"2026/06/14 9:20:54 p.m. GMT-5","3","Femenino","55","1.53","22","Ciencias de la Salud.","3","5","1","4","Omnívora: Consume alimentos de origen animal y vegetal.","3","2","5","2","Regular","Buena","8","0","2","4","3","1","3","2","Salir a pasear o conversar con mis amigos","Reducción de estrés y ansiedad","Anaeróbica (pesas, entrenamiento de fuerza).","Buena","No","42","Frecuentemente","Regular","Regular","Frecuentemente"
"2026/06/14 9:22:42 p.m. GMT-5","3","Femenino","60","1.61","22","Administración, Negocios y Contabilidad.","5","5","1","6","Omnívora: Consume alimentos de origen animal y vegetal.","2","2","4","1","Regular","Buena","8","2","1","2","3","2","2","1","Salir a pasear o conversar con mis amigos","Reducción de estrés y ansiedad","Anaeróbica (pesas, entrenamiento de fuerza).","Buena","No","21","Frecuentemente","Bastante","Bastante","Frecuentemente"
"2026/06/14 9:26:33 p.m. GMT-5","3","Femenino","70","1.61","23","Humanidades, Artes y Educación.","6","5","1","4","Omnívora: Consume alimentos de origen animal y vegetal.","3","6","2","0","Bajo","Muy buena","8","1","1","2","2","0","1","1","Realizar actividad física","Mejora del rendimiento físico / Estética.","Deportes colectivos (futbol, basket, vóley).","Regular","No","77","A veces","Muy poco","Muy poco","Frecuentemente"
"2026/06/14 9:29:41 p.m. GMT-5","3","Masculino","51","1.62","22","Ingeniería, Tecnología y Construcción.","4","4","2","5","Omnívora: Consume alimentos de origen animal y vegetal.","2","1","4","3","Regular","Muy buena","6"," 0","2","0","0","0","0","2","Realizar actividad física","Mejora del rendimiento físico / Estética.","Anaeróbica (pesas, entrenamiento de fuerza).","Buena","No","50","Frecuentemente","Regular","Regular","Frecuentemente"
"2026/06/14 9:44:25 p.m. GMT-5","3","Masculino","58","1.58","21","Humanidades, Artes y Educación.","4","4","1","3","Omnívora: Consume alimentos de origen animal y vegetal.","2","3","2","4","Bajo","Regular","6","3","2","3","2","0","1","2","Dormir más horas que lo habitual","Reducción de estrés y ansiedad","Anaeróbica (pesas, entrenamiento de fuerza).","Buena","No","","A veces","Poco","Poco","Frecuentemente"
"2026/06/14 9:47:17 p.m. GMT-5","3","Masculino","66","1.71","22","Ciencias Sociales y Derecho.","5","6","2","5","Omnívora: Consume alimentos de origen animal y vegetal.","2","4","4","3","Regular","Regular","5","0","2","5","2","2","3","2","Dormir más horas que lo habitual","Reducción de estrés y ansiedad","Aeróbica (correr, nadar, bicicleta).","Regular","No","22","Rara vez","Muy poco","Regular","Frecuentemente"
"2026/06/14 9:49:49 p.m. GMT-5","3","Femenino","54","1.66","21","Administración, Negocios y Contabilidad.","3","5","4","5","Vegana: Dieta estricta basada exclusivamente en alimentos de origen vegetal, excluyendo cualquier producto animal.","3","4","3","4","Regular","Regular","5","2","2","4","4","3","4","2","Salir a pasear o conversar con mis amigos","Recreación y socialización con amigos.","Mixta.","Muy buena","No","3","Frecuentemente","Poco","Poco","Frecuentemente"
"2026/06/15 1:57:19 a.m. GMT-5","3","Masculino","78","1.80","20","Ciencias de la Salud.","4","4","3","5","Vegetariana: Excluye carne y pescado.","2","3","4","4","Regular","Muy buena","7","7","2","4","2","3","3","2","Jugar videojuegos","Reducción de estrés y ansiedad","Anaeróbica (pesas, entrenamiento de fuerza).","Buena","No","30","A veces","Poco","Poco","Frecuentemente"
"2026/06/17 11:11:40 p.m. GMT-5","3","Masculino","80","1.7","24","Ciencias de la Salud.","9","4","1","0","Omnívora: Consume alimentos de origen animal y vegetal.","5","8","3","1","Regular","Regular","8","1","4","4","1","3","2","2","Otros motivos","Salud general y recomendación médica.","No realizo actividad física.","Regular","No","100","A veces","Regular","Regular","Frecuentemente"
"2026/06/17 11:18:41 p.m. GMT-5","3","Femenino","50","1.60","19","Administración, Negocios y Contabilidad.","5","6","1.5","2","Flexitariana: Es una dieta principalmente vegetariana, pero que permite el consumo ocasional de carne o pescado.","3","1","6","5","Alto","Buena","8","0","3","0","0","0","2","3","Dormir más horas que lo habitual","Salud general y recomendación médica.","Mixta.","Buena","No","250","Frecuentemente","Regular","Regular","Frecuentemente"
"2026/06/18 4:14:40 p.m. GMT-5","9","Masculino","65","1.63","20","Ingeniería, Tecnología y Construcción.","2","6","4","3","Omnívora: Consume alimentos de origen animal y vegetal.","3","2","0","4","Regular","Buena","8","0","3","0","0","1","3","1","Realizar actividad física","Recreación y socialización con amigos.","Deportes colectivos (futbol, basket, vóley).","Regular","Sí","8","A veces","Poco","Regular","A veces"
"2026/06/20 3:37:11 p.m. GMT-5","6","Masculino","90","1.85","18","Administración, Negocios y Contabilidad.","4","5","10","15","Omnívora: Consume alimentos de origen animal y vegetal.","4","3","0","6","Regular","Buena","9","0","2","0","0","1","4","2","Realizar actividad física","Mejora del rendimiento físico / Estética.","Mixta.","Regular","No","0","A veces","Bastante","Regular","A veces"
"2026/06/21 12:35:22 a.m. GMT-5","6","Masculino","75","1.77","18","Humanidades, Artes y Educación.","1","1","3","2","Omnívora: Consume alimentos de origen animal y vegetal.","3","2","4","4","Regular","Mala","8","1","3","2","1","4","4","2","Salir a pasear o conversar con mis amigos","Mejora del rendimiento físico / Estética.","Mixta.","Buena","No","100","Frecuentemente","Bastante","Bastante","A veces"
"2026/06/22 11:55:14 a.m. GMT-5","3","Femenino","45","1.55","18","Ingeniería, Tecnología y Construcción.","5","6","1","1","Omnívora: Consume alimentos de origen animal y vegetal.","2","1","1","0","Muy bajo","Buena","7","0","2","0","0","1","3","3","Salir a pasear o conversar con mis amigos","Salud general y recomendación médica.","No realizo actividad física.","Buena","No","0","A veces","Bastante","Bastante","Frecuentemente"
"2026/06/22 11:59:02 a.m. GMT-5","3","Femenino","70","1.77","24","Humanidades, Artes y Educación.","9","3","1","2","Flexitariana: Es una dieta principalmente vegetariana, pero que permite el consumo ocasional de carne o pescado.","3","2","3","5","Regular","Regular","6","0","3","0","0","2","3","2","Realizar actividad física","Mejora del rendimiento físico / Estética.","Mixta.","Regular","No","63","Frecuentemente","Bastante","Bastante","A veces"
"2026/06/22 12:17:29 p.m. GMT-5","3","Masculino","75","1.85","22","Ciencias Sociales y Derecho.","3","6","1","1","Omnívora: Consume alimentos de origen animal y vegetal.","3","2","0","3","Regular","Buena","6","0","2","0","0","0","1","1.5","Salir a pasear o conversar con mis amigos","Reducción de estrés y ansiedad","Mixta.","Buena","No","0","A veces","Regular","Bastante","A veces"
"2026/06/22 12:22:07 p.m. GMT-5","3","Femenino","56 ","1.65","18","Administración, Negocios y Contabilidad.","1","6 ","3","5 ","Vegetariana: Excluye carne y pescado.","3","1","6 ","5","Alto","Regular","6","1","3","0","0","0","3","2","Otros motivos","Mejora del rendimiento físico / Estética.","Deportes colectivos (futbol, basket, vóley).","Buena","No","100","Frecuentemente","Bastante","Regular","Frecuentemente"
"2026/06/22 12:22:58 p.m. GMT-5","3","Masculino","90","1.87","18","Ciencias de la Salud.","3","6","1","1","Omnívora: Consume alimentos de origen animal y vegetal.","3","1","2","5","Alto","Buena","9","1","3","0","0","0","0","2","Dormir más horas que lo habitual","Reducción de estrés y ansiedad","Anaeróbica (pesas, entrenamiento de fuerza).","Buena","No","15","Frecuentemente","Regular","Bastante","Frecuentemente"
"2026/06/22 2:09:08 p.m. GMT-5","3","Femenino","45","1.60","19","Ciencias Sociales y Derecho.","7","7","1","0","Omnívora: Consume alimentos de origen animal y vegetal.","3","1","5","0","Bajo","Regular","8","0","2","0","0","1","1","2","Salir a pasear o conversar con mis amigos","Recreación y socialización con amigos.","No realizo actividad física.","Regular","No","150","Frecuentemente","Poco","Poco","A veces"
"2026/06/22 2:25:24 p.m. GMT-5","3","Masculino","90","1.80","22","Ingeniería, Tecnología y Construcción.","5","6","3","1","Omnívora: Consume alimentos de origen animal y vegetal.","5","5","3","3","Regular","Buena","9","3","3","3","1","3","1","3","Jugar videojuegos","Mejora del rendimiento físico / Estética.","Anaeróbica (pesas, entrenamiento de fuerza).","Buena","No","200","A veces","Regular","Regular","Frecuentemente"