Pos,Juego,Mes,Año,HorasV,HorasT,Streamers,MaxEsp,MaxCan,PromEsp,PromCan
180,Tekken 7,Mayo,2016,"    106,733 horas",       502 horas,       15 streamers,"    6,037 espectadores",      4 canales,NA,     0 canales
172,Chess,Junio,2016,"    113,646 horas","     2,290 horas",      286 streamers,"    7,370 espectadores",     10 canales,    158 espectadores,     3 canales
165,Chess,Mayo,2016,"    124,066 horas","     2,426 horas",      311 streamers,"    5,147 espectadores",     11 canales,    166 espectadores,     3 canales
145,Chess,Agosto,2016,"    174,939 horas","     2,357 horas",      297 streamers,"   16,198 espectadores",     11 canales,NA,     3 canales
157,Chess,Marzo,2017,"    173,983 horas","     3,024 horas",      355 streamers,"    7,903 espectadores",     12 canales,    234 espectadores,     4 canales
148,Chess,Abril,2017,"    194,480 horas","     3,239 horas",      352 streamers,"    3,758 espectadores",     12 canales,    270 espectadores,     4 canales
199,Age of Empires II,Mayo,2016,"     93,519 horas","     3,204 horas",      250 streamers,      750 espectadores,     13 canales,    125 espectadores,     4 canales
159,Chess,Abril,2016,"    135,553 horas","     2,444 horas",      293 streamers,"    3,979 espectadores",     14 canales,    188 espectadores,     3 canales
178,Age of Empires II,Junio,2016,"    107,624 horas","     2,896 horas",      236 streamers,NA,     14 canales,    149 espectadores,     4 canales
192,Age of Empires II,Agosto,2016,"    117,560 horas","     3,446 horas",      224 streamers,"    1,284 espectadores",     14 canales,    158 espectadores,     4 canales
140,Chess,Octubre,2016,"    204,183 horas","     2,879 horas",      320 streamers,"   29,856 espectadores",     14 canales,    274 espectadores,     3 canales
82,Chess,Septiembre,2017,"    545,085 horas","     4,030 horas",      443 streamers,"   12,180 espectadores",     14 canales,    758 espectadores,     5 canales
133,Age of Empires II,Septiembre,2016,"    158,921 horas","     3,356 horas",      237 streamers,"    4,629 espectadores",     15 canales,    221 espectadores,     4 canales
180,Chess,Agosto,2017,"    182,656 horas","     3,399 horas",      459 streamers,"    8,336 espectadores",     15 canales,    245 espectadores,     4 canales
119,Chess,Octubre,2017,"    327,335 horas","     4,202 horas",      466 streamers,"   17,787 espectadores",     15 canales,    440 espectadores,     5 canales
116,Age of Empires II,Diciembre,2016,"    331,306 horas","     4,653 horas",      109 streamers,NA,     16 canales,    445 espectadores,     6 canales
159,Chess,Diciembre,2016,"    180,214 horas","     3,674 horas",      149 streamers,"   21,238 espectadores",     16 canales,    242 espectadores,NA
144,Age of Empires II,Enero,2017,"    310,965 horas","     5,299 horas",      344 streamers,NA,     16 canales,NA,     7 canales
200,Chess,Febrero,2017,"    145,127 horas","     3,000 horas",      413 streamers,NA,     16 canales,    216 espectadores,NA
163,Age of Empires II,Octubre,2016,"    166,279 horas","     3,883 horas",      274 streamers,"    2,369 espectadores",     17 canales,NA,NA
49,Chess,Noviembre,2016,"    962,121 horas","     3,453 horas",      395 streamers,"   48,490 espectadores",     17 canales,"  1,338 espectadores",NA
161,Chess,Mayo,2017,"    182,305 horas","     3,670 horas",      429 streamers,"    8,504 espectadores",     17 canales,    245 espectadores,     4 canales
132,Age of Empires II,Noviembre,2016,"    201,024 horas","     4,477 horas",      254 streamers,"    2,414 espectadores",     18 canales,    279 espectadores,     6 canales
116,Age of Empires II,Febrero,2017,"    287,503 horas","     4,869 horas",      283 streamers,"    4,210 espectadores",     18 canales,    428 espectadores,     7 canales
127,Age of Empires II,Abril,2017,"    258,412 horas","     5,689 horas",      302 streamers,"    4,203 espectadores",     20 canales,    359 espectadores,     7 canales
132,Age of Empires II,Agosto,2017,"    311,900 horas","     6,330 horas",      399 streamers,"    3,502 espectadores",     20 canales,NA,     8 canales
97,Age of Empires II,Noviembre,2017,"    518,228 horas","     6,427 horas",      470 streamers,"    5,401 espectadores",     20 canales,    720 espectadores,     8 canales
126,Age of Empires II,Mayo,2017,"    270,873 horas","     5,670 horas",      358 streamers,"    1,864 espectadores",     21 canales,    364 espectadores,     7 canales
117,Age of Empires II,Junio,2017,"    299,260 horas","     5,948 horas",      398 streamers,"    2,124 espectadores",     21 canales,    416 espectadores,     8 canales
141,Age of Empires II,Julio,2017,"    321,483 horas","     7,273 horas",      433 streamers,"    5,272 espectadores",     21 canales,    432 espectadores,NA
77,Chess,Noviembre,2017,"    708,315 horas","     5,022 horas",      542 streamers,"   20,254 espectadores",     21 canales,    985 espectadores,     6 canales
105,Age of Empires II,Septiembre,2017,"    403,765 horas","     6,786 horas",      402 streamers,"    4,543 espectadores",     22 canales,    561 espectadores,     9 canales
94,Age of Empires II,Octubre,2017,"    507,367 horas","     6,845 horas",      413 streamers,NA,     22 canales,    682 espectadores,     9 canales
162,Star Citizen,Abril,2016,"    133,619 horas","     6,413 horas",      858 streamers,"    1,848 espectadores",     23 canales,    185 espectadores,     8 canales
105,Chess,Diciembre,2017,"    478,728 horas","     6,468 horas",      639 streamers,"   25,457 espectadores",     23 canales,    644 espectadores,     8 canales
88,Age of Empires II,Diciembre,2017,"    662,113 horas","     7,668 horas",      536 streamers,"    6,615 espectadores",     24 canales,    891 espectadores,    10 canales
166,Star Citizen,Junio,2016,"    123,411 horas","     5,701 horas",      777 streamers,NA,     25 canales,NA,     7 canales
185,Star Citizen,Mayo,2017,"    150,538 horas","     7,287 horas",      917 streamers,"    3,973 espectadores",     25 canales,    202 espectadores,     9 canales
137,Dofus,Diciembre,2016,"    242,094 horas","     6,105 horas",      234 streamers,"    8,764 espectadores",     27 canales,    325 espectadores,     8 canales
191,Star Citizen,Abril,2017,"    130,331 horas","     7,282 horas",      782 streamers,"    1,776 espectadores",     28 canales,    181 espectadores,    10 canales
168,Star Citizen,Mayo,2016,"    120,828 horas","     6,130 horas",      789 streamers,"    2,011 espectadores",     29 canales,NA,NA
146,Dofus,Noviembre,2016,"    159,518 horas","     7,408 horas",      699 streamers,"    2,127 espectadores",     29 canales,    221 espectadores,NA
163,Dofus,Abril,2017,"    163,250 horas","     6,276 horas",      574 streamers,"    7,916 espectadores",     30 canales,NA,     8 canales
181,Dofus,Mayo,2017,"    152,876 horas","     6,976 horas",      729 streamers,NA,     30 canales,    205 espectadores,     9 canales
133,Dofus,Mayo,2016,"    157,489 horas","     7,916 horas",      805 streamers,"    2,448 espectadores",     32 canales,    211 espectadores,    10 canales
198,Dofus,Julio,2016,"    161,162 horas","     7,111 horas",      744 streamers,NA,     32 canales,NA,     9 canales
89,Summoners War: Sky Arena,Julio,2016,"    360,583 horas","     9,247 horas",      703 streamers,"    8,944 espectadores",     33 canales,    485 espectadores,NA
90,Summoners War: Sky Arena,Agosto,2016,"    328,950 horas","     9,529 horas",      578 streamers,NA,     33 canales,    442 espectadores,    12 canales
154,Star Citizen,Febrero,2016,"    146,562 horas","     8,313 horas","    1,259 streamers","    2,054 espectadores",     34 canales,    210 espectadores,NA
173,Dofus,Enero,2017,"    253,984 horas","     7,958 horas",      868 streamers,NA,     34 canales,    341 espectadores,    10 canales
155,Dofus,Septiembre,2017,"    224,248 horas","     7,582 horas",      729 streamers,"    5,523 espectadores",     34 canales,    311 espectadores,    10 canales
147,Dofus,Junio,2016,"    141,405 horas","     7,413 horas",      752 streamers,"    3,105 espectadores",     35 canales,    196 espectadores,    10 canales
139,Star Citizen,Enero,2016,"    255,504 horas","    10,738 horas","    1,611 streamers","    9,863 espectadores",     36 canales,NA,    14 canales
164,Dofus,Marzo,2016,"    141,165 horas","     7,951 horas",      759 streamers,"    2,876 espectadores",     36 canales,    189 espectadores,    10 canales
72,The Legend of Zelda: Ocarina of Time,Agosto,2016,"    427,970 horas","     9,496 horas",      961 streamers,"    3,186 espectadores",     36 canales,    576 espectadores,NA
118,Summoners War: Sky Arena,Enero,2016,"    290,863 horas","    12,865 horas",      710 streamers,"    1,612 espectadores",     37 canales,NA,    17 canales
119,Dofus,Enero,2016,"    287,689 horas","     8,985 horas",      859 streamers,NA,     37 canales,    387 espectadores,    12 canales
125,Star Citizen,Noviembre,2016,"    228,140 horas","     6,476 horas",      758 streamers,"   21,687 espectadores",     37 canales,    317 espectadores,     9 canales
93,The Legend of Zelda: Ocarina of Time,Marzo,2017,"    370,786 horas","    10,348 horas","    1,146 streamers","    8,484 espectadores",     37 canales,    499 espectadores,    13 canales
79,The Legend of Zelda: Ocarina of Time,Mayo,2017,"    619,544 horas","     9,390 horas",      946 streamers,"    6,563 espectadores",     37 canales,    833 espectadores,    12 canales
105,Age of Empires II,Junio,2018,"    628,752 horas","    11,987 horas","    1,627 streamers",NA,     37 canales,    874 espectadores,    16 canales
84,Summoners War: Sky Arena,Marzo,2016,"    359,904 horas","    12,474 horas",      737 streamers,"    5,854 espectadores",     38 canales,    484 espectadores,    16 canales
189,Dofus,Octubre,2018,"    237,542 horas","     9,982 horas",      921 streamers,NA,     38 canales,    319 espectadores,    13 canales
33,Super Smash Bros. Melee,Julio,2016,"  1,766,178 horas","     9,993 horas","    1,845 streamers","  223,070 espectadores",     39 canales,"  2,377 espectadores",    13 canales
196,Star Citizen,Enero,2017,"    223,955 horas","     9,140 horas","    1,197 streamers","    3,925 espectadores",     39 canales,    301 espectadores,NA
81,Age of Empires II,Septiembre,2018,"    757,110 horas","    13,125 horas","    1,483 streamers","    7,258 espectadores",     39 canales,NA,    18 canales
169,Dofus,Septiembre,2018,"    289,641 horas","     9,801 horas",      972 streamers,"    5,356 espectadores",     39 canales,    402 espectadores,    13 canales
108,Age of Empires II,Octubre,2018,"    640,962 horas","    12,396 horas","    1,496 streamers","   11,353 espectadores",     39 canales,    862 espectadores,    16 canales
156,Age of Empires II,Noviembre,2019,"    342,558 horas","     7,552 horas","    1,378 streamers","   13,776 espectadores",     39 canales,    476 espectadores,    10 canales
92,Summoners War: Sky Arena,Febrero,2016,"    312,957 horas","    11,958 horas",      686 streamers,NA,     40 canales,    450 espectadores,NA
88,The Legend of Zelda: Ocarina of Time,Junio,2016,"    319,898 horas","     9,586 horas",      930 streamers,NA,     40 canales,    444 espectadores,    13 canales
103,Star Citizen,Septiembre,2016,"    240,066 horas","     9,703 horas","    1,361 streamers","    2,432 espectadores",     40 canales,    333 espectadores,NA
183,Star Citizen,Mayo,2018,"    225,575 horas","    11,410 horas","    1,196 streamers","    5,514 espectadores",     40 canales,    303 espectadores,    15 canales
194,Dofus,Diciembre,2018,"    282,833 horas","    10,958 horas","    1,110 streamers",NA,     40 canales,    380 espectadores,    14 canales
194,Dofus,Abril,2019,"    275,706 horas","    11,904 horas","    1,037 streamers","    1,920 espectadores",     40 canales,    383 espectadores,    16 canales
36,Super Smash Bros. Melee,Agosto,2016,"  1,312,762 horas","    10,472 horas","    1,932 streamers","   55,466 espectadores",     41 canales,"  1,766 espectadores",    14 canales
72,Summoners War: Sky Arena,Octubre,2016,"    481,697 horas","    12,015 horas",      803 streamers,"    2,822 espectadores",     41 canales,    648 espectadores,    16 canales
95,Summoners War: Sky Arena,Julio,2018,"    765,080 horas","    15,045 horas","    1,035 streamers","    8,288 espectadores",     41 canales,NA,    20 canales
147,Super Smash Bros. Melee,Diciembre,2019,"    428,484 horas","     9,886 horas","    1,510 streamers","   25,283 espectadores",     41 canales,    576 espectadores,    13 canales
42,Super Smash Bros. Melee,Junio,2016,"  1,035,535 horas","    10,237 horas","    1,786 streamers","   37,693 espectadores",     42 canales,"  1,440 espectadores",    14 canales
71,Chess,Abril,2018,"    854,523 horas","    11,480 horas",      906 streamers,"   28,156 espectadores",     42 canales,"  1,188 espectadores",    15 canales
91,Age of Empires II,Mayo,2018,"    674,338 horas","    12,606 horas","    1,701 streamers","    9,564 espectadores",     42 canales,    907 espectadores,    16 canales
151,Dofus,Mayo,2018,"    315,508 horas","    11,464 horas","    1,021 streamers","    5,907 espectadores",     42 canales,NA,NA
113,Summoners War: Sky Arena,Junio,2018,"    536,763 horas","    14,032 horas","    1,053 streamers",NA,     42 canales,    746 espectadores,NA
83,Super Smash Bros. Melee,Agosto,2019,"    875,807 horas","    10,715 horas","    1,669 streamers","   73,955 espectadores",     42 canales,"  1,178 espectadores",    14 canales
106,Age of Empires II,Septiembre,2019,"    582,784 horas","    12,240 horas","    1,416 streamers","   11,904 espectadores",     42 canales,    810 espectadores,NA
71,Super Smash Bros. Melee,Octubre,2019,"  1,079,181 horas","    10,503 horas","    1,513 streamers",NA,     42 canales,"  1,452 espectadores",    14 canales
167,Super Smash Bros. Melee,Noviembre,2019,"    304,127 horas","     9,917 horas","    1,461 streamers","   12,110 espectadores",     42 canales,NA,    13 canales
57,Summoners War: Sky Arena,Septiembre,2016,"    506,810 horas","    12,397 horas",      808 streamers,"    6,602 espectadores",     43 canales,    704 espectadores,    17 canales
76,Age of Empires II,Abril,2018,"    821,016 horas","    13,519 horas","    1,654 streamers",NA,     43 canales,"  1,141 espectadores",NA
73,Age of Empires II,Julio,2018,"  1,089,933 horas","    13,959 horas","    1,927 streamers","   45,645 espectadores",     43 canales,"  1,466 espectadores",    18 canales
185,Dofus,Noviembre,2018,"    248,913 horas","    10,213 horas","    1,053 streamers","    4,798 espectadores",     43 canales,    346 espectadores,    14 canales
52,The Legend of Zelda: Ocarina of Time,Septiembre,2016,"    620,460 horas","     8,564 horas",      834 streamers,"    4,111 espectadores",     44 canales,NA,    11 canales
188,Dofus,Agosto,2018,"    232,985 horas","    10,497 horas",      959 streamers,"    4,605 espectadores",     44 canales,    313 espectadores,    14 canales
121,Age of Empires II,Julio,2019,"    508,297 horas","    13,738 horas","    1,768 streamers",NA,     44 canales,    684 espectadores,    18 canales
104,Age of Empires II,Agosto,2019,"    582,184 horas","    12,632 horas","    1,582 streamers",NA,     44 canales,    783 espectadores,    17 canales
197,Summoners War: Sky Arena,Febrero,2024,"    670,148 horas","    11,986 horas","    1,189 streamers","   12,211 espectadores",     44 canales,    964 espectadores,    17 canales
50,The Legend of Zelda: Ocarina of Time,Julio,2016,"    816,869 horas","     9,361 horas",      967 streamers,"  131,876 espectadores",     45 canales,"  1,099 espectadores",    12 canales
80,Summoners War: Sky Arena,Mayo,2017,"    612,267 horas","    14,968 horas","    1,083 streamers",NA,     45 canales,    824 espectadores,    20 canales
171,The Legend of Zelda: Ocarina of Time,Marzo,2018,"    238,187 horas","    10,513 horas","    1,113 streamers","    4,622 espectadores",     45 canales,    320 espectadores,    14 canales
124,Super Smash Bros. Melee,Julio,2019,"    492,019 horas","    12,342 horas","    1,779 streamers",NA,     45 canales,    662 espectadores,    16 canales
121,Age of Empires II,Octubre,2019,"    550,469 horas","    11,512 horas","    1,388 streamers","   13,413 espectadores",     45 canales,    740 espectadores,    15 canales
199,Summoners War: Sky Arena,Julio,2022,"    619,845 horas","    13,391 horas","    1,409 streamers","    6,732 espectadores",     45 canales,    834 espectadores,    18 canales
114,Dofus,Febrero,2016,"    224,776 horas","    10,051 horas",      951 streamers,"    1,690 espectadores",     46 canales,    323 espectadores,    14 canales
109,The Legend of Zelda: Ocarina of Time,Mayo,2016,"    225,025 horas","     9,480 horas",      935 streamers,"    3,058 espectadores",     46 canales,NA,    12 canales
133,Star Citizen,Octubre,2017,"    291,422 horas","     7,725 horas",      825 streamers,"   25,201 espectadores",     46 canales,    392 espectadores,NA
114,Chess,Mayo,2018,"    481,793 horas","    11,978 horas",      919 streamers,"    8,146 espectadores",     46 canales,    648 espectadores,    16 canales
101,Summoners War: Sky Arena,Agosto,2018,"    718,440 horas","    15,821 horas","    1,018 streamers",NA,     46 canales,    966 espectadores,    21 canales
194,Super Smash Bros. Melee,Enero,2019,"    332,960 horas","    11,241 horas","    1,880 streamers","    7,074 espectadores",     46 canales,    448 espectadores,    15 canales
92,Super Smash Bros. Melee,Abril,2019,"    810,623 horas","    10,998 horas","    1,823 streamers","   76,022 espectadores",     46 canales,"  1,127 espectadores",NA
122,Age of Empires II,Junio,2019,"    561,958 horas","    14,779 horas","    1,952 streamers",NA,     46 canales,    781 espectadores,    20 canales
195,Summoners War: Sky Arena,Septiembre,2022,"    679,287 horas","    12,906 horas","    1,303 streamers","    7,125 espectadores",     46 canales,    944 espectadores,    17 canales
200,Summoners War: Sky Arena,Marzo,2023,"    607,738 horas","    11,773 horas","    1,319 streamers","   11,087 espectadores",     46 canales,    817 espectadores,    15 canales
69,Summoners War: Sky Arena,Junio,2016,"    392,593 horas","    11,824 horas",      796 streamers,"    2,837 espectadores",     47 canales,    546 espectadores,    16 canales
185,Dofus,Marzo,2019,"    305,677 horas","    13,126 horas","    1,258 streamers","    2,834 espectadores",     47 canales,    411 espectadores,    17 canales
87,Age of Empires II,Abril,2019,"    902,392 horas","    14,734 horas","    1,863 streamers","   18,811 espectadores",     47 canales,"  1,255 espectadores",NA
54,Super Smash Bros. Melee,Diciembre,2016,"  1,031,020 horas","    11,151 horas",      577 streamers,"   49,923 espectadores",     48 canales,"  1,387 espectadores",NA
66,The Legend of Zelda: Ocarina of Time,Enero,2017,"    853,314 horas","    11,895 horas","    1,216 streamers","    7,059 espectadores",     48 canales,"  1,148 espectadores",    16 canales
175,Dofus,Marzo,2017,"    148,930 horas","     7,191 horas",      664 streamers,"    5,080 espectadores",     48 canales,    200 espectadores,     9 canales
88,Summoners War: Sky Arena,Febrero,2018,"    590,964 horas","    16,068 horas","    1,102 streamers","    3,491 espectadores",     48 canales,    880 espectadores,    23 canales
146,The Legend of Zelda: Ocarina of Time,Abril,2018,"    332,808 horas","    10,106 horas","    1,097 streamers","    5,037 espectadores",     48 canales,NA,    14 canales
94,Summoners War: Sky Arena,Mayo,2018,"    644,126 horas","    17,038 horas","    1,179 streamers","    2,781 espectadores",     48 canales,    866 espectadores,    22 canales
73,Star Citizen,Octubre,2016,"    470,922 horas","     9,357 horas","    1,487 streamers","   39,998 espectadores",     49 canales,    633 espectadores,    12 canales
80,Summoners War: Sky Arena,Diciembre,2016,"    603,173 horas","    14,323 horas",      328 streamers,"    4,284 espectadores",     49 canales,    811 espectadores,    19 canales
63,Summoners War: Sky Arena,Junio,2017,"    868,999 horas","    15,798 horas","    1,054 streamers","   35,599 espectadores",     49 canales,"  1,208 espectadores",    21 canales
150,Star Citizen,Abril,2018,"    316,480 horas","    14,903 horas","    1,702 streamers","    5,708 espectadores",     49 canales,    440 espectadores,    20 canales
143,Super Smash Bros. Melee,Marzo,2019,"    444,950 horas","    11,033 horas","    1,882 streamers","   15,369 espectadores",     49 canales,    598 espectadores,    14 canales
97,Summoners War: Sky Arena,Mayo,2019,"    796,020 horas","    16,275 horas","    1,045 streamers","    4,827 espectadores",     49 canales,"  1,071 espectadores",    21 canales
120,Summoners War: Sky Arena,Enero,2020,"    713,324 horas","    17,002 horas","    1,016 streamers","    5,609 espectadores",     49 canales,NA,    22 canales
177,Summoners War: Sky Arena,Noviembre,2021,"    765,308 horas","    13,865 horas",      951 streamers,NA,     49 canales,"  1,064 espectadores",    19 canales
189,iRacing,Febrero,2016,"    108,360 horas","     7,701 horas",      669 streamers,"    1,548 espectadores",     50 canales,    155 espectadores,    11 canales
93,Chess,Agosto,2018,"    756,264 horas","    12,803 horas","    1,007 streamers","    8,693 espectadores",     50 canales,"  1,017 espectadores",NA
81,Age of Empires II,Febrero,2019,"    973,404 horas","    13,935 horas","    1,849 streamers","   12,274 espectadores",     50 canales,"  1,450 espectadores",    20 canales
172,Summoners War: Sky Arena,Junio,2022,"    816,166 horas","    14,380 horas","    1,471 streamers",NA,     50 canales,"  1,135 espectadores",    20 canales
188,Super Smash Bros. Melee,Agosto,2024,"    705,943 horas","    13,535 horas","    1,703 streamers",NA,     50 canales,    950 espectadores,    18 canales
52,The Legend of Zelda: Ocarina of Time,Febrero,2016,"  1,022,938 horas","    11,728 horas","    1,051 streamers","    7,905 espectadores",     51 canales,"  1,471 espectadores",NA
200,iRacing,Mayo,2016,"     89,811 horas","     6,595 horas",      630 streamers,      643 espectadores,     51 canales,    120 espectadores,     8 canales
112,Stardew Valley,Junio,2016,"    199,369 horas","    14,457 horas","    2,680 streamers","   12,394 espectadores",     51 canales,NA,NA
59,Super Smash Bros. Melee,Septiembre,2016,"    483,617 horas","    10,727 horas","    1,867 streamers","    5,390 espectadores",     51 canales,    672 espectadores,    14 canales
50,Super Smash Bros. Melee,Junio,2017,"  1,109,824 horas","    13,203 horas","    2,338 streamers",NA,     51 canales,"  1,543 espectadores",    18 canales
57,Summoners War: Sky Arena,Noviembre,2017,"    960,217 horas","    15,462 horas","    1,130 streamers","   57,021 espectadores",     51 canales,NA,    21 canales
63,Summoners War: Sky Arena,Septiembre,2018,"  1,099,646 horas","    17,716 horas","    1,138 streamers","   42,720 espectadores",     51 canales,"  1,529 espectadores",    24 canales
97,Summoners War: Sky Arena,Abril,2019,"    764,470 horas","    16,796 horas","    1,091 streamers","    8,202 espectadores",     51 canales,"  1,063 espectadores",    23 canales
73,Summoners War: Sky Arena,Octubre,2019,"  1,015,829 horas","    17,913 horas","    1,100 streamers","   70,725 espectadores",     51 canales,"  1,367 espectadores",    24 canales
96,Super Smash Bros. Melee,Enero,2020,"    982,119 horas","    11,039 horas","    1,741 streamers","  100,696 espectadores",     51 canales,"  1,321 espectadores",    14 canales
181,Summoners War: Sky Arena,Marzo,2022,"    661,989 horas","    15,404 horas","    1,426 streamers","    5,131 espectadores",     51 canales,    890 espectadores,    20 canales
166,Super Smash Bros. Melee,Junio,2023,"    659,295 horas","    11,689 horas","    1,864 streamers","   36,367 espectadores",     51 canales,    916 espectadores,    16 canales
187,Super Smash Bros. Melee,Mayo,2024,"    707,539 horas","    12,842 horas","    1,733 streamers",NA,     51 canales,    952 espectadores,    17 canales
200,Summoners War: Sky Arena,Mayo,2024,"    648,645 horas","    14,104 horas","    1,211 streamers","    6,764 espectadores",     51 canales,    873 espectadores,    18 canales
47,Super Smash Bros. Melee,Marzo,2016,"  1,135,656 horas","    11,714 horas","    1,992 streamers","   48,309 espectadores",     52 canales,"  1,528 espectadores",    15 canales
193,Terraria,Octubre,2016,"    131,895 horas","    16,997 horas","    3,525 streamers","    1,121 espectadores",     52 canales,    177 espectadores,    22 canales
36,Super Smash Bros. Melee,Noviembre,2016,"  1,872,113 horas","    11,007 horas","    1,836 streamers","   54,362 espectadores",     52 canales,"  2,603 espectadores",    15 canales
41,Super Smash Bros. Melee,Julio,2017,"  1,764,653 horas","    13,595 horas","    2,463 streamers","  133,051 espectadores",     52 canales,NA,NA
51,Super Smash Bros. Melee,Agosto,2017,"  1,182,434 horas","    13,419 horas","    2,307 streamers","   47,216 espectadores",     52 canales,"  1,591 espectadores",NA
58,Summoners War: Sky Arena,Octubre,2017,"    937,395 horas","    18,006 horas","    1,213 streamers","   29,805 espectadores",     52 canales,"  1,261 espectadores",    24 canales
68,Summoners War: Sky Arena,Diciembre,2017,"    851,453 horas","    18,287 horas","    1,316 streamers","    4,173 espectadores",     52 canales,NA,NA
76,Age of Empires II,Febrero,2018,"    676,502 horas","    13,701 horas","    1,825 streamers","    9,239 espectadores",     52 canales,"  1,008 espectadores",    20 canales
136,The Legend of Zelda: Ocarina of Time,Mayo,2018,"    389,349 horas","    12,738 horas","    1,251 streamers","    3,969 espectadores",     52 canales,    524 espectadores,    17 canales
102,Age of Empires II,Noviembre,2018,"    741,924 horas","    13,159 horas","    1,761 streamers","   13,929 espectadores",     52 canales,NA,    18 canales
97,Summoners War: Sky Arena,Febrero,2019,"    696,155 horas","    14,825 horas",      963 streamers,"    3,251 espectadores",     52 canales,"  1,037 espectadores",    22 canales
147,Dofus,Junio,2019,"    460,614 horas","    13,992 horas","    1,103 streamers","    2,802 espectadores",     52 canales,    640 espectadores,    19 canales
79,Summoners War: Sky Arena,Julio,2019,"    874,167 horas","    17,508 horas","    1,088 streamers","    5,203 espectadores",     52 canales,"  1,176 espectadores",NA
99,Dofus,Agosto,2019,"    665,710 horas","    16,040 horas","    1,322 streamers","    3,585 espectadores",     52 canales,    895 espectadores,    21 canales
80,Summoners War: Sky Arena,Septiembre,2019,"    883,629 horas","    17,383 horas","    1,081 streamers","   12,976 espectadores",     52 canales,NA,    24 canales
48,The Legend of Zelda: Ocarina of Time,Febrero,2017,"  1,054,469 horas","    13,508 horas","    1,282 streamers",NA,     53 canales,"  1,571 espectadores",    20 canales
67,Summoners War: Sky Arena,Marzo,2017,"    710,898 horas","    14,247 horas",      859 streamers,"    9,414 espectadores",     53 canales,    956 espectadores,NA
193,Star Citizen,Marzo,2018,"    207,049 horas","     9,043 horas","    1,105 streamers","    6,078 espectadores",     53 canales,NA,    12 canales
92,Age of Empires II,Diciembre,2018,"    807,815 horas","    15,379 horas","    2,199 streamers","    7,013 espectadores",     53 canales,"  1,087 espectadores",    20 canales
59,Super Smash Bros. Melee,Febrero,2019,"  1,402,943 horas","    11,067 horas","    1,787 streamers","  163,773 espectadores",     53 canales,"  2,090 espectadores",NA
129,Summoners War: Sky Arena,Febrero,2020,"    598,656 horas","    15,966 horas","    1,019 streamers",NA,     53 canales,    861 espectadores,    22 canales
178,Super Smash Bros. Melee,Marzo,2020,"    454,379 horas","    13,076 horas","    2,046 streamers","    7,954 espectadores",     53 canales,    611 espectadores,    17 canales
182,Super Smash Bros. Melee,Junio,2024,"    662,296 horas","    12,412 horas","    1,637 streamers","   33,786 espectadores",     53 canales,    921 espectadores,    17 canales
54,Summoners War: Sky Arena,Septiembre,2017,"    851,617 horas","    16,021 horas","    1,049 streamers","   22,954 espectadores",     54 canales,NA,    22 canales
44,Super Smash Bros. Melee,Mayo,2018,"  2,164,149 horas","    14,813 horas","    2,362 streamers","   60,376 espectadores",     54 canales,"  2,912 espectadores",    19 canales
120,Super Smash Bros. Melee,Julio,2018,"    589,961 horas","    14,540 horas","    2,481 streamers","   23,722 espectadores",     54 canales,    794 espectadores,    19 canales
126,Chess,Julio,2018,"    542,627 horas","    11,893 horas",      996 streamers,"   11,882 espectadores",     54 canales,    730 espectadores,    16 canales
45,Super Smash Bros. Melee,Agosto,2018,"  2,161,053 horas","    15,510 horas","    2,580 streamers","  179,128 espectadores",     54 canales,"  2,908 espectadores",    20 canales
86,Chess,Septiembre,2018,"    703,805 horas","    12,637 horas",      951 streamers,NA,     54 canales,    978 espectadores,    17 canales
101,Age of Empires II,Enero,2019,"    833,617 horas","    17,252 horas","    2,280 streamers","    7,888 espectadores",     54 canales,"  1,121 espectadores",NA
138,Dofus,Febrero,2020,"    559,023 horas","    15,514 horas","    1,149 streamers","    4,077 espectadores",     54 canales,NA,    22 canales
57,The Legend of Zelda: Ocarina of Time,Diciembre,2016,"  1,005,331 horas","     9,760 horas",      298 streamers,"    9,780 espectadores",     55 canales,"  1,353 espectadores",    13 canales
80,Summoners War: Sky Arena,Enero,2017,"    678,735 horas","    17,130 horas","    1,062 streamers","    3,696 espectadores",     55 canales,    913 espectadores,    23 canales
141,Stardew Valley,Abril,2017,"    208,199 horas","    20,573 horas","    3,012 streamers","    3,840 espectadores",     55 canales,    289 espectadores,    28 canales
48,Super Smash Bros. Melee,Mayo,2017,"  1,123,276 horas","    13,570 horas","    2,502 streamers","   67,791 espectadores",     55 canales,"  1,511 espectadores",    18 canales
149,Terraria,Noviembre,2017,"    249,671 horas","    19,332 horas","    3,614 streamers",NA,     55 canales,    347 espectadores,    26 canales
140,Chess,Junio,2018,"    415,287 horas","    10,419 horas",      880 streamers,"    6,379 espectadores",     55 canales,NA,    14 canales
32,Chess,Noviembre,2018,"  4,789,429 horas","    15,877 horas","    1,315 streamers","  135,778 espectadores",     55 canales,NA,    22 canales
91,Summoners War: Sky Arena,Noviembre,2018,"    870,916 horas","    17,297 horas","    1,179 streamers","    3,630 espectadores",     55 canales,NA,    24 canales
94,Super Smash Bros. Melee,Mayo,2019,"    811,091 horas","    12,351 horas","    2,052 streamers","   68,276 espectadores",     55 canales,"  1,091 espectadores",    16 canales
87,Summoners War: Sky Arena,Noviembre,2019,"    884,234 horas","    19,009 horas","    1,124 streamers","    8,738 espectadores",     55 canales,"  1,229 espectadores",    26 canales
59,Super Smash Bros. Melee,Febrero,2020,"  1,839,672 horas","    12,373 horas","    1,817 streamers","   60,594 espectadores",     55 canales,"  2,647 espectadores",    17 canales
83,The Legend of Zelda: Ocarina of Time,Abril,2016,"    338,777 horas","    11,384 horas",      975 streamers,"    9,004 espectadores",     56 canales,NA,    15 canales
58,Star Citizen,Agosto,2016,"    598,197 horas","    10,677 horas","    1,676 streamers","   45,650 espectadores",     56 canales,    805 espectadores,    14 canales
90,Summoners War: Sky Arena,Agosto,2017,"    576,506 horas","    16,969 horas","    1,095 streamers","    3,188 espectadores",     56 canales,    775 espectadores,    22 canales
86,Summoners War: Sky Arena,Marzo,2018,"    713,575 horas","    17,631 horas","    1,226 streamers","    5,257 espectadores",     56 canales,    960 espectadores,    23 canales
69,Chess,Octubre,2018,"  1,129,324 horas","    12,289 horas",      977 streamers,"   12,905 espectadores",     56 canales,"  1,519 espectadores",    16 canales
116,Dofus,Febrero,2019,"    552,366 horas","    13,490 horas","    1,336 streamers","   20,048 espectadores",     56 canales,    823 espectadores,NA
56,Chess,Agosto,2019,"  1,836,115 horas","    15,192 horas","    1,342 streamers","   24,780 espectadores",     56 canales,"  2,471 espectadores",    20 canales
75,Summoners War: Sky Arena,Agosto,2019,"    988,046 horas","    19,276 horas","    1,141 streamers",NA,     56 canales,"  1,329 espectadores",    25 canales
185,Dofus,Agosto,2020,"    573,223 horas","    19,140 horas","    1,249 streamers","    8,892 espectadores",     56 canales,    771 espectadores,    25 canales
176,Summoners War: Sky Arena,Diciembre,2021,"    766,060 horas","    15,135 horas","    1,135 streamers",NA,     56 canales,"  1,031 espectadores",    20 canales
39,Super Smash Bros. Melee,Enero,2017,"  1,971,856 horas","    12,747 horas","    2,374 streamers","  152,438 espectadores",     57 canales,"  2,653 espectadores",    17 canales
73,Tekken 7,Febrero,2018,"    715,326 horas","    22,594 horas","    4,577 streamers",NA,     57 canales,NA,    33 canales
75,Summoners War: Sky Arena,Octubre,2018,"  1,022,545 horas","    18,804 horas","    1,173 streamers","   24,622 espectadores",     57 canales,"  1,376 espectadores",    25 canales
92,Summoners War: Sky Arena,Diciembre,2019,"    896,832 horas","    19,879 horas","    1,260 streamers","    9,619 espectadores",     57 canales,"  1,207 espectadores",NA
186,Super Smash Bros. Melee,Septiembre,2023,"    625,811 horas","    12,695 horas","    1,827 streamers","   33,062 espectadores",     57 canales,    870 espectadores,    17 canales
39,The Legend of Zelda: Ocarina of Time,Enero,2016,"  1,508,712 horas","    12,586 horas","    1,206 streamers","   15,007 espectadores",     58 canales,"  2,030 espectadores",    16 canales
64,Super Smash Bros. Melee,Febrero,2016,"    574,409 horas","    10,540 horas","    1,884 streamers","   37,100 espectadores",     58 canales,    826 espectadores,    15 canales
186,Terraria,Septiembre,2016,"    106,533 horas","    15,679 horas","    3,675 streamers","    1,429 espectadores",     58 canales,    148 espectadores,    21 canales
69,The Legend of Zelda: Ocarina of Time,Noviembre,2016,"    620,001 horas","     9,269 horas",      888 streamers,"    6,961 espectadores",     58 canales,    862 espectadores,    12 canales
91,Stardew Valley,Noviembre,2016,"    413,263 horas","    18,631 horas","    2,788 streamers","   10,882 espectadores",     58 canales,    574 espectadores,    25 canales
38,Super Smash Bros. Melee,Abril,2017,"  1,371,410 horas","    13,162 horas","    1,961 streamers","   43,381 espectadores",     58 canales,"  1,907 espectadores",    18 canales
56,Tekken 7,Octubre,2017,"    977,128 horas","    25,863 horas","    5,336 streamers","   18,422 espectadores",     58 canales,"  1,315 espectadores",    34 canales
54,Super Smash Bros. Melee,Noviembre,2018,"  1,646,162 horas","    13,768 horas","    2,503 streamers","   59,593 espectadores",     58 canales,"  2,289 espectadores",    19 canales
83,Summoners War: Sky Arena,Diciembre,2018,"    953,098 horas","    17,667 horas","    1,337 streamers","    5,112 espectadores",     58 canales,"  1,282 espectadores",    23 canales
69,Chess,Noviembre,2019,"  1,169,957 horas","    14,548 horas","    1,322 streamers","   30,979 espectadores",     58 canales,"  1,627 espectadores",    20 canales
196,Super Smash Bros. Melee,Abril,2020,"    460,678 horas","    13,601 horas","    1,649 streamers","   24,827 espectadores",     58 canales,    640 espectadores,    18 canales
130,Summoners War: Sky Arena,Diciembre,2020,"  1,064,019 horas","    22,105 horas","    1,360 streamers","    8,600 espectadores",     58 canales,"  1,432 espectadores",    29 canales
171,Summoners War: Sky Arena,Agosto,2021,"    901,724 horas","    17,914 horas","    1,146 streamers","    7,781 espectadores",     58 canales,NA,    24 canales
149,Super Smash Bros. Melee,Febrero,2024,"    988,896 horas","    11,940 horas","    1,805 streamers","   55,068 espectadores",     58 canales,"  1,422 espectadores",    17 canales
38,Super Smash Bros. Melee,Mayo,2016,"  1,479,236 horas","    12,490 horas","    2,115 streamers","   68,954 espectadores",     59 canales,NA,    16 canales
189,iRacing,Junio,2016,"     97,359 horas","     7,491 horas",      653 streamers,"    1,042 espectadores",     59 canales,    135 espectadores,    10 canales
33,Super Smash Bros. Melee,Octubre,2016,"  1,915,017 horas","    11,870 horas","    1,943 streamers","   73,990 espectadores",     59 canales,"  2,577 espectadores",NA
73,Summoners War: Sky Arena,Julio,2017,"    752,204 horas","    19,030 horas","    1,228 streamers","    6,659 espectadores",     59 canales,NA,    25 canales
122,Star Citizen,Agosto,2017,"    354,339 horas","     8,339 horas",      896 streamers,"   51,936 espectadores",     59 canales,NA,    11 canales
80,Super Smash Bros. Melee,Marzo,2018,"    786,158 horas","    15,550 horas","    2,457 streamers","   33,904 espectadores",     59 canales,"  1,058 espectadores",    20 canales
98,Dofus,Noviembre,2019,"    727,419 horas","    17,777 horas","    1,230 streamers","    4,164 espectadores",     59 canales,"  1,011 espectadores",    24 canales
189,Dofus,Junio,2020,"    522,350 horas","    17,467 horas","    1,232 streamers",NA,     59 canales,    726 espectadores,    24 canales
162,Summoners War: Sky Arena,Septiembre,2021,"    904,985 horas","    17,528 horas","    1,072 streamers","   29,140 espectadores",     59 canales,"  1,258 espectadores",    24 canales
55,The Legend of Zelda: Ocarina of Time,Marzo,2016,"    860,408 horas","    12,835 horas","    1,100 streamers",NA,     60 canales,"  1,158 espectadores",    17 canales
112,The Legend of Zelda: Ocarina of Time,Noviembre,2017,"    408,742 horas","     9,153 horas",      839 streamers,"    3,832 espectadores",     60 canales,    568 espectadores,NA
110,The Legend of Zelda: Ocarina of Time,Diciembre,2017,"    448,675 horas","     9,974 horas",      997 streamers,"    5,575 espectadores",     60 canales,    603 espectadores,    13 canales
96,Summoners War: Sky Arena,Enero,2019,"    884,021 horas","    18,379 horas","    1,223 streamers","    4,280 espectadores",     60 canales,"  1,189 espectadores",    24 canales
70,Chess,Diciembre,2019,"  1,452,336 horas","    15,389 horas","    1,394 streamers","   21,320 espectadores",     60 canales,NA,    20 canales
140,iRacing,Marzo,2016,"    165,872 horas","     8,320 horas",      666 streamers,      994 espectadores,     61 canales,    223 espectadores,    11 canales
104,Star Citizen,Diciembre,2017,"    497,321 horas","    17,709 horas","    2,151 streamers","   26,959 espectadores",     61 canales,    669 espectadores,NA
55,Chess,Febrero,2019,"  1,530,075 horas","    15,377 horas","    1,360 streamers","   14,673 espectadores",     61 canales,"  2,280 espectadores",    22 canales
53,Chess,Enero,2020,"  2,452,993 horas","    18,175 horas","    1,526 streamers",NA,     61 canales,"  3,301 espectadores",    24 canales
128,Super Smash Bros. Melee,Octubre,2022,"  1,279,396 horas","    14,352 horas","    2,215 streamers","   73,858 espectadores",     61 canales,"  1,721 espectadores",    19 canales
194,Summoners War: Sky Arena,Junio,2023,"    533,067 horas","    10,520 horas","    1,105 streamers","    7,508 espectadores",     61 canales,    741 espectadores,    14 canales
170,Super Smash Bros. Melee,Octubre,2023,"    814,133 horas","    12,714 horas","    1,850 streamers","   47,215 espectadores",     61 canales,"  1,095 espectadores",    17 canales
122,Dofus,Agosto,2016,"    239,214 horas","     8,336 horas",      736 streamers,"    5,469 espectadores",     62 canales,NA,    11 canales
63,Tekken 7,Mayo,2018,"  1,291,300 horas","    28,516 horas","    5,599 streamers","   37,121 espectadores",     62 canales,"  1,737 espectadores",NA
59,Street Fighter V,Julio,2019,"  1,297,205 horas","    26,975 horas","    2,881 streamers","   30,835 espectadores",     62 canales,"  1,745 espectadores",    36 canales
112,Dofus,Diciembre,2019,"    672,096 horas","    16,824 horas","    1,233 streamers","    4,364 espectadores",     62 canales,    904 espectadores,    22 canales
144,Summoners War: Sky Arena,Junio,2021,"    988,852 horas","    21,381 horas","    1,265 streamers","    8,272 espectadores",     62 canales,"  1,375 espectadores",    29 canales
174,Summoners War: Sky Arena,Julio,2021,"    852,493 horas","    19,463 horas","    1,152 streamers",NA,     62 canales,"  1,147 espectadores",    26 canales
198,Super Smash Bros. Melee,Septiembre,2022,"    643,968 horas","    14,924 horas","    2,225 streamers","   30,822 espectadores",     62 canales,NA,    20 canales
164,Super Smash Bros. Melee,Agosto,2023,"    846,486 horas","    12,333 horas","    1,879 streamers","   70,755 espectadores",     62 canales,"  1,139 espectadores",    16 canales
184,Summoners War: Sky Arena,Abril,2024,"    759,474 horas","    13,092 horas","    1,214 streamers","    8,392 espectadores",     62 canales,NA,    18 canales
195,Dofus,Julio,2024,"    587,139 horas","    15,989 horas","    1,212 streamers",NA,     62 canales,    790 espectadores,    21 canales
102,Guild Wars 2,Agosto,2016,"    288,527 horas","    20,396 horas","    2,222 streamers","    2,994 espectadores",     63 canales,    388 espectadores,NA
193,Terraria,Enero,2017,"    227,558 horas","    22,994 horas","    4,755 streamers","   19,046 espectadores",     63 canales,    306 espectadores,NA
130,Terraria,Mayo,2017,"    257,454 horas","    22,414 horas","    4,359 streamers","    4,089 espectadores",     63 canales,    346 espectadores,    30 canales
168,Bloodborne,Septiembre,2019,"    315,999 horas","    20,712 horas","    3,147 streamers","   53,211 espectadores",     63 canales,    439 espectadores,    28 canales
42,Chess,Octubre,2019,"  2,403,849 horas","    15,591 horas","    1,212 streamers","   27,464 espectadores",     63 canales,NA,NA
113,Summoners War: Sky Arena,Noviembre,2020,"  1,222,019 horas","    21,832 horas","    1,206 streamers","   42,939 espectadores",     63 canales,"  1,699 espectadores",    30 canales
147,Super Smash Bros. Melee,Julio,2022,"  1,012,727 horas","    16,276 horas","    2,520 streamers","   66,318 espectadores",     63 canales,"  1,363 espectadores",    21 canales
67,The Legend of Zelda: Ocarina of Time,Octubre,2016,"    534,738 horas","     8,373 horas",      853 streamers,"    6,042 espectadores",     64 canales,    719 espectadores,    11 canales
108,Super Smash Bros. Melee,Febrero,2018,"    414,091 horas","    13,190 horas","    2,215 streamers","    8,515 espectadores",     64 canales,    617 espectadores,    19 canales
80,Summoners War: Sky Arena,Abril,2018,"    757,093 horas","    17,547 horas","    1,211 streamers","    4,215 espectadores",     64 canales,"  1,052 espectadores",    24 canales
65,Super Smash Bros. Melee,Octubre,2018,"  1,310,203 horas","    15,015 horas","    2,219 streamers","   59,913 espectadores",     64 canales,"  1,763 espectadores",NA
58,Chess,Junio,2019,"  1,803,951 horas","    15,258 horas","    1,454 streamers","   21,613 espectadores",     64 canales,"  2,508 espectadores",NA
85,Summoners War: Sky Arena,Junio,2019,"  1,003,583 horas","    18,914 horas","    1,184 streamers","    9,724 espectadores",     64 canales,"  1,395 espectadores",    26 canales
152,Summoners War: Sky Arena,Enero,2021,"    901,910 horas","    22,594 horas","    1,370 streamers","    7,677 espectadores",     64 canales,"  1,213 espectadores",    30 canales
88,Super Smash Bros. Melee,Noviembre,2022,"  1,801,277 horas","    13,346 horas","    2,202 streamers","   66,411 espectadores",     64 canales,"  2,505 espectadores",    18 canales
98,Super Smash Bros. Melee,Enero,2023,"  1,460,595 horas","    16,497 horas","    2,818 streamers","   99,293 espectadores",     64 canales,"  1,965 espectadores",    22 canales
93,Guild Wars 2,Junio,2016,"    276,999 horas","    19,418 horas","    2,087 streamers","    6,577 espectadores",     65 canales,NA,    27 canales
115,Terraria,Agosto,2017,"    390,194 horas","    26,071 horas","    4,449 streamers","   17,717 espectadores",     65 canales,    525 espectadores,    35 canales
110,Stardew Valley,Septiembre,2017,"    389,052 horas","    23,485 horas","    3,938 streamers",NA,     65 canales,    541 espectadores,    32 canales
100,Super Smash Bros. Melee,Abril,2018,"    551,986 horas","    14,837 horas","    2,320 streamers","   12,923 espectadores",     65 canales,    767 espectadores,    20 canales
117,Dofus,Abril,2018,"    434,626 horas","    10,218 horas",      902 streamers,NA,     65 canales,NA,    14 canales
167,Summoners War: Sky Arena,Abril,2022,"    861,686 horas","    18,123 horas","    1,952 streamers",NA,     65 canales,"  1,198 espectadores",    25 canales
160,Super Smash Bros. Melee,Junio,2022,"    910,447 horas","    17,564 horas","    2,460 streamers","   40,406 espectadores",     65 canales,"  1,266 espectadores",NA
189,Dofus,Septiembre,2024,"    701,707 horas","    19,216 horas","    1,387 streamers","    4,645 espectadores",     65 canales,NA,    26 canales
110,Terraria,Febrero,2017,"    306,656 horas","    20,676 horas","    3,740 streamers","    3,588 espectadores",     66 canales,    457 espectadores,    30 canales
149,Stardew Valley,Mayo,2017,"    203,627 horas","    23,416 horas","    4,092 streamers","    3,455 espectadores",     66 canales,    274 espectadores,    31 canales
180,Terraria,Junio,2017,"    158,095 horas","    23,580 horas","    4,523 streamers","    1,078 espectadores",     66 canales,    219 espectadores,    32 canales
138,Stardew Valley,Agosto,2017,"    295,366 horas","    26,872 horas","    4,374 streamers","    3,411 espectadores",     66 canales,    397 espectadores,    36 canales
57,Super Smash Bros. Melee,Septiembre,2017,"    797,190 horas","    13,975 horas","    2,285 streamers","   22,138 espectadores",     66 canales,"  1,108 espectadores",NA
101,Super Smash Bros. Melee,Diciembre,2017,"    537,515 horas","    12,876 horas","    2,187 streamers",NA,     66 canales,    723 espectadores,    17 canales
169,Super Smash Bros. Melee,Diciembre,2018,"    360,461 horas","    11,248 horas","    2,214 streamers","   16,798 espectadores",     66 canales,    485 espectadores,    15 canales
63,Chess,Marzo,2019,"  1,317,818 horas","    17,838 horas","    1,600 streamers","   35,609 espectadores",     66 canales,"  1,773 espectadores",    24 canales
132,Summoners War: Sky Arena,Octubre,2020,"    967,669 horas","    21,236 horas","    1,152 streamers","   10,077 espectadores",     66 canales,"  1,302 espectadores",    28 canales
176,Dofus,Mayo,2024,"    774,912 horas","    19,718 horas","    1,309 streamers",NA,     66 canales,"  1,042 espectadores",    26 canales
37,Street Fighter V,Noviembre,2016,"  1,667,673 horas","    24,475 horas","    3,735 streamers",NA,     67 canales,NA,NA
118,Guild Wars 2,Abril,2017,"    294,713 horas","    23,179 horas","    2,277 streamers","    1,563 espectadores",     67 canales,NA,    32 canales
63,Tekken 7,Abril,2018,"  1,020,544 horas","    26,992 horas","    5,373 streamers","   27,399 espectadores",     67 canales,"  1,419 espectadores",    37 canales
70,Chess,Diciembre,2018,"  1,374,917 horas","    17,949 horas","    1,777 streamers",NA,     67 canales,"  1,850 espectadores",    24 canales
197,Bloodborne,Julio,2019,"    269,392 horas","    24,460 horas","    3,692 streamers","    4,079 espectadores",     67 canales,    362 espectadores,    32 canales
101,Star Citizen,Septiembre,2019,"    619,095 horas","    20,728 horas","    1,732 streamers","    9,189 espectadores",     67 canales,    861 espectadores,    28 canales
23,Street Fighter V,Octubre,2016,"  2,868,105 horas","    24,912 horas","    4,060 streamers","   45,869 espectadores",     68 canales,"  3,860 espectadores",    33 canales
120,Guild Wars 2,Enero,2017,"    371,176 horas","    22,230 horas","    2,564 streamers","    3,770 espectadores",     68 canales,    499 espectadores,    29 canales
63,Super Smash Bros. Melee,Febrero,2017,"    837,775 horas","    13,376 horas","    2,232 streamers","   20,161 espectadores",     68 canales,"  1,248 espectadores",    19 canales
47,Tekken 7,Septiembre,2017,"  1,120,074 horas","    28,659 horas","    6,629 streamers","   19,476 espectadores",     68 canales,"  1,557 espectadores",    39 canales
60,Chess,Julio,2019,"  1,191,272 horas","    14,909 horas","    1,357 streamers","   17,767 espectadores",     68 canales,"  1,603 espectadores",NA
162,Summoners War: Sky Arena,Marzo,2021,"  1,078,324 horas","    23,135 horas","    1,357 streamers","    7,664 espectadores",     68 canales,"  1,451 espectadores",    31 canales
112,Terraria,Febrero,2016,"    229,377 horas","    22,403 horas","    4,280 streamers","    1,960 espectadores",     69 canales,    330 espectadores,    32 canales
128,Terraria,Abril,2016,"    181,604 horas","    19,982 horas","    4,023 streamers","    1,912 espectadores",     69 canales,    252 espectadores,    27 canales
26,Street Fighter V,Junio,2016,"  2,389,035 horas","    23,822 horas","    4,263 streamers","   81,565 espectadores",     69 canales,"  3,322 espectadores",    33 canales
109,Guild Wars 2,Diciembre,2016,"    374,374 horas","    21,192 horas",      673 streamers,NA,     69 canales,NA,    28 canales
131,Dofus,Enero,2020,"    649,652 horas","    18,376 horas","    1,277 streamers","    3,498 espectadores",     69 canales,    874 espectadores,NA
149,Super Smash Bros. Melee,Octubre,2021,"    906,841 horas","    16,088 horas","    1,890 streamers","   37,047 espectadores",     69 canales,"  1,220 espectadores",NA
165,Super Smash Bros. Melee,Noviembre,2021,"    886,557 horas","    16,992 horas","    1,869 streamers","   33,869 espectadores",     69 canales,"  1,233 espectadores",    23 canales
104,Super Smash Bros. Melee,Diciembre,2022,"  1,348,500 horas","    15,625 horas","    2,653 streamers","   74,496 espectadores",     69 canales,"  1,814 espectadores",    21 canales
90,Guild Wars 2,Febrero,2016,"    316,227 horas","    21,966 horas","    2,628 streamers","    5,146 espectadores",     70 canales,    455 espectadores,    31 canales
160,Terraria,Marzo,2016,"    146,351 horas","    21,016 horas","    4,366 streamers","    3,021 espectadores",     70 canales,    196 espectadores,    28 canales
55,Street Fighter V,Mayo,2019,"  1,930,009 horas","    27,287 horas","    3,205 streamers","   39,151 espectadores",     70 canales,"  2,597 espectadores",    36 canales
85,Super Smash Bros. Melee,Diciembre,2021,"  2,365,256 horas","    19,528 horas","    2,104 streamers","   87,908 espectadores",     70 canales,"  3,183 espectadores",    26 canales
182,Dofus,Julio,2023,"    744,751 horas","    18,919 horas","    1,330 streamers","    6,791 espectadores",     70 canales,"  1,002 espectadores",    25 canales
73,Guild Wars 2,Enero,2016,"    500,186 horas","    26,139 horas","    3,213 streamers",NA,     71 canales,    673 espectadores,    35 canales
91,Guild Wars 2,Septiembre,2016,"    282,181 horas","    21,103 horas","    2,358 streamers","    5,582 espectadores",     71 canales,    392 espectadores,NA
48,Street Fighter V,Noviembre,2017,"  1,333,786 horas","    26,550 horas","    3,642 streamers","   38,108 espectadores",     71 canales,"  1,855 espectadores",    36 canales
76,Tekken 7,Enero,2018,"    756,292 horas","    29,038 horas","    6,371 streamers","   43,020 espectadores",     71 canales,"  1,017 espectadores",NA
72,Tekken 7,Junio,2018,"  1,039,747 horas","    28,593 horas","    5,356 streamers",NA,     71 canales,"  1,446 espectadores",    39 canales
56,Street Fighter V,Junio,2019,"  1,971,214 horas","    26,278 horas","    2,885 streamers","   40,002 espectadores",     71 canales,"  2,741 espectadores",    36 canales
61,Street Fighter V,Octubre,2019,"  1,382,263 horas","    25,291 horas","    2,619 streamers","   22,075 espectadores",     71 canales,"  1,860 espectadores",    34 canales
197,Dofus,Noviembre,2021,"    645,248 horas","    20,979 horas","    1,273 streamers","    6,319 espectadores",     71 canales,    897 espectadores,    29 canales
198,Summoners War: Sky Arena,Agosto,2022,"    668,541 horas","    13,547 horas","    1,329 streamers","    5,318 espectadores",     71 canales,    899 espectadores,    18 canales
75,Summoners War: Sky Arena,Enero,2018,"    775,689 horas","    19,906 horas","    1,348 streamers","    3,734 espectadores",     72 canales,"  1,043 espectadores",    26 canales
56,Tekken 7,Julio,2018,"  1,376,889 horas","    32,797 horas","    5,852 streamers","   48,985 espectadores",     72 canales,"  1,853 espectadores",    44 canales
48,Chess,Abril,2019,"  1,907,161 horas","    17,608 horas","    1,511 streamers","   32,143 espectadores",     72 canales,"  2,652 espectadores",    24 canales
164,Bloodborne,Junio,2019,"    399,180 horas","    24,956 horas","    3,882 streamers","    6,353 espectadores",     72 canales,    555 espectadores,    34 canales
81,Bloodborne,Septiembre,2016,"    324,460 horas","    26,991 horas","    5,203 streamers","    7,248 espectadores",     73 canales,    451 espectadores,    37 canales
81,Bloodborne,Octubre,2016,"    391,008 horas","    27,792 horas","    4,954 streamers","    6,778 espectadores",     73 canales,    526 espectadores,    37 canales
128,Terraria,Enero,2018,"    359,966 horas","    29,084 horas","    5,248 streamers",NA,     73 canales,    484 espectadores,    39 canales
57,Chess,Septiembre,2019,"  1,534,177 horas","    14,512 horas","    1,246 streamers","   15,399 espectadores",     73 canales,"  2,133 espectadores",    20 canales
199,Dofus,Septiembre,2022,"    643,750 horas","    19,061 horas","    1,535 streamers",NA,     73 canales,    895 espectadores,    26 canales
111,The Legend of Zelda: Ocarina of Time,Octubre,2017,"    380,729 horas","    10,599 horas",      904 streamers,NA,     74 canales,    512 espectadores,    14 canales
40,Chess,Enero,2019,"  2,920,915 horas","    20,481 horas","    1,609 streamers",NA,     74 canales,"  3,931 espectadores",    27 canales
60,Chess,Mayo,2019,"  1,699,579 horas","    16,602 horas","    1,537 streamers","   22,449 espectadores",     74 canales,"  2,287 espectadores",NA
146,Bloodborne,Octubre,2019,"    414,571 horas","    26,754 horas","    3,859 streamers","    4,403 espectadores",     74 canales,NA,NA
96,Summoners War: Sky Arena,Septiembre,2020,"  1,461,550 horas","    25,083 horas","    1,368 streamers","   23,641 espectadores",     74 canales,"  2,032 espectadores",NA
105,Age of Empires II,Julio,2024,"  1,506,693 horas","    27,849 horas","    3,002 streamers","   11,337 espectadores",     74 canales,NA,    37 canales
112,Guild Wars 2,Octubre,2016,"    256,835 horas","    20,791 horas","    2,324 streamers","    2,184 espectadores",     75 canales,    345 espectadores,    27 canales
170,Terraria,Julio,2017,"    262,871 horas","    29,020 horas","    5,280 streamers",NA,     75 canales,    353 espectadores,    39 canales
85,Tekken 7,Noviembre,2018,"    966,006 horas","    31,959 horas","    6,029 streamers","   71,202 espectadores",     75 canales,"  1,343 espectadores",    44 canales
159,Summoners War: Sky Arena,Febrero,2021,"    882,306 horas","    21,525 horas","    1,290 streamers",NA,     75 canales,"  1,314 espectadores",    32 canales
110,Super Smash Bros. Melee,Abril,2022,"  1,576,315 horas","    18,457 horas","    2,671 streamers","   73,149 espectadores",     75 canales,"  2,192 espectadores",    25 canales
185,Dofus,Octubre,2022,"    799,750 horas","    21,699 horas","    1,548 streamers","   18,086 espectadores",     75 canales,"  1,076 espectadores",    29 canales
136,Age of Empires II,Septiembre,2024,"  1,243,567 horas","    26,092 horas","    2,685 streamers","   18,388 espectadores",     75 canales,"  1,729 espectadores",    36 canales
75,Stardew Valley,Mayo,2016,"    377,044 horas","    21,589 horas","    3,597 streamers",NA,     76 canales,    507 espectadores,NA
37,Street Fighter V,Marzo,2018,"  2,046,025 horas","    29,461 horas","    4,242 streamers","   73,042 espectadores",     76 canales,"  2,753 espectadores",    39 canales
67,Street Fighter V,Noviembre,2019,"  1,241,838 horas","    26,515 horas","    2,967 streamers","   34,624 espectadores",     76 canales,"  1,727 espectadores",    36 canales
148,Bloodborne,Diciembre,2019,"    428,084 horas","    27,493 horas","    4,153 streamers","   22,413 espectadores",     76 canales,    576 espectadores,NA
147,Summoners War: Sky Arena,Mayo,2021,"  1,127,860 horas","    25,665 horas","    1,583 streamers","   18,700 espectadores",     76 canales,"  1,517 espectadores",    34 canales
153,Roblox,Mayo,2017,"    199,747 horas","    22,565 horas","    7,379 streamers",NA,     77 canales,    268 espectadores,    30 canales
185,iRacing,Abril,2018,"    209,585 horas","    15,668 horas","    1,359 streamers","    2,717 espectadores",     77 canales,    291 espectadores,    21 canales
87,Age of Empires II,Junio,2024,"  1,777,491 horas","    28,128 horas","    2,917 streamers","   24,340 espectadores",     77 canales,"  2,472 espectadores",    39 canales
84,Guild Wars 2,Mayo,2016,"    332,588 horas","    22,354 horas","    2,526 streamers","    3,789 espectadores",     78 canales,    447 espectadores,    30 canales
137,Bloodborne,Julio,2016,"    250,777 horas","    29,789 horas","    5,748 streamers",NA,     78 canales,NA,    40 canales
68,Street Fighter V,Febrero,2019,"  1,148,650 horas","    29,668 horas","    3,317 streamers","   40,587 espectadores",     78 canales,NA,    44 canales
123,Star Citizen,Agosto,2019,"    503,163 horas","    22,330 horas","    1,879 streamers","    4,578 espectadores",     78 canales,    677 espectadores,    30 canales
131,Bloodborne,Noviembre,2019,"    432,559 horas","    22,859 horas","    3,685 streamers","    9,328 espectadores",     78 canales,NA,    31 canales
105,Super Smash Bros. Melee,Mayo,2022,"  1,617,953 horas","    18,548 horas","    2,618 streamers","   52,948 espectadores",     78 canales,"  2,177 espectadores",    24 canales
96,Bloodborne,Octubre,2017,"    491,000 horas","    29,250 horas","    5,148 streamers",NA,     79 canales,    660 espectadores,    39 canales
114,Super Smash Bros. Melee,Octubre,2020,"  1,162,988 horas","    22,304 horas","    2,547 streamers","   21,797 espectadores",     79 canales,"  1,565 espectadores",    30 canales
158,Dofus,Diciembre,2020,"    848,603 horas","    24,494 horas","    1,544 streamers","    8,667 espectadores",     79 canales,"  1,142 espectadores",    32 canales
110,Terraria,Mayo,2016,"    223,453 horas","    22,846 horas","    4,905 streamers","    4,527 espectadores",     80 canales,    300 espectadores,    30 canales
50,Tekken 7,Agosto,2017,"  1,183,806 horas","    33,642 horas","    8,304 streamers","   21,625 espectadores",     80 canales,"  1,593 espectadores",NA
117,Bloodborne,Mayo,2019,"    601,858 horas","    30,459 horas","    5,045 streamers","    5,780 espectadores",     80 canales,    810 espectadores,    40 canales
98,Star Citizen,Julio,2019,"    645,688 horas","    22,386 horas","    1,876 streamers","    6,936 espectadores",     80 canales,    869 espectadores,    30 canales
95,Age of Empires II,Octubre,2022,"  1,944,685 horas","    30,093 horas","    3,026 streamers","   48,236 espectadores",     80 canales,"  2,617 espectadores",    40 canales
158,Dofus,Noviembre,2022,"    790,997 horas","    20,973 horas","    1,550 streamers","    6,074 espectadores",     80 canales,"  1,100 espectadores",    29 canales
127,Age of Empires II,Agosto,2024,"  1,308,682 horas","    28,081 horas","    2,905 streamers","   10,935 espectadores",     80 canales,"  1,761 espectadores",    37 canales
39,Street Fighter V,Mayo,2018,"  2,392,334 horas","    30,365 horas","    4,190 streamers","   62,084 espectadores",     81 canales,NA,    40 canales
117,Bloodborne,Septiembre,2018,"    483,166 horas","    29,729 horas","    5,303 streamers","    4,193 espectadores",     81 canales,    671 espectadores,NA
112,Star Citizen,Febrero,2019,"    599,454 horas","    19,497 horas","    1,846 streamers","   16,178 espectadores",     81 canales,    893 espectadores,NA
63,Street Fighter V,Abril,2019,"  1,456,108 horas","    30,937 horas","    3,663 streamers","   43,837 espectadores",     81 canales,"  2,025 espectadores",    43 canales
183,Super Smash Bros. Melee,Septiembre,2020,"    591,289 horas","    21,064 horas","    2,663 streamers",NA,     81 canales,    822 espectadores,    29 canales
171,Dofus,Mayo,2022,"    796,205 horas","    21,450 horas","    1,620 streamers",NA,     81 canales,"  1,071 espectadores",    28 canales
192,Dofus,Abril,2024,"    712,000 horas","    21,551 horas","    1,528 streamers","    4,119 espectadores",     81 canales,    990 espectadores,NA
179,Roblox,Junio,2017,"    158,473 horas","    28,452 horas","    8,468 streamers","    3,322 espectadores",     82 canales,NA,    39 canales
165,Dofus,Diciembre,2021,"    864,044 horas","    22,637 horas","    1,365 streamers","   34,561 espectadores",     82 canales,"  1,162 espectadores",    30 canales
182,Dofus,Enero,2023,"    737,006 horas","    26,076 horas","    1,857 streamers","    3,059 espectadores",     82 canales,    991 espectadores,NA
101,Guild Wars 2,Marzo,2017,"    324,492 horas","    24,030 horas","    2,208 streamers","    2,302 espectadores",     83 canales,    436 espectadores,    32 canales
135,Stardew Valley,Junio,2017,"    227,305 horas","    23,661 horas","    4,180 streamers","    2,016 espectadores",     83 canales,    316 espectadores,    32 canales
45,Street Fighter V,Julio,2018,"  1,988,111 horas","    33,402 horas","    4,386 streamers","   47,455 espectadores",     83 canales,"  2,675 espectadores",    44 canales
60,Tekken 7,Noviembre,2019,"  1,571,704 horas","    38,121 horas","    6,172 streamers","   22,619 espectadores",     83 canales,"  2,185 espectadores",    53 canales
97,Summoners War: Sky Arena,Junio,2020,"  1,324,207 horas","    26,809 horas","    1,417 streamers","    7,764 espectadores",     83 canales,"  1,841 espectadores",    37 canales
96,Age of Empires II,Julio,2022,"  2,012,761 horas","    34,233 horas","    3,375 streamers",NA,     83 canales,"  2,708 espectadores",    46 canales
199,Dofus,Febrero,2024,"    658,945 horas","    20,632 horas","    1,387 streamers","   14,302 espectadores",     83 canales,    948 espectadores,    29 canales
109,Guild Wars 2,Noviembre,2016,"    288,934 horas","    18,867 horas","    2,013 streamers",NA,     84 canales,    401 espectadores,    26 canales
41,Street Fighter V,Febrero,2017,"  1,532,107 horas","    29,324 horas","    4,552 streamers","   23,459 espectadores",     84 canales,"  2,283 espectadores",    43 canales
112,Guild Wars 2,Mayo,2017,"    356,214 horas","    26,876 horas","    3,045 streamers","    2,077 espectadores",     84 canales,NA,NA
112,The Legend of Zelda: Ocarina of Time,Septiembre,2017,"    383,372 horas","    10,745 horas",      884 streamers,"    5,228 espectadores",     84 canales,    533 espectadores,    14 canales
127,Age of Empires II,Diciembre,2021,"  1,325,375 horas","    29,864 horas","    2,261 streamers","   32,811 espectadores",     84 canales,"  1,783 espectadores",    40 canales
114,Age of Empires II,Agosto,2023,"  1,435,492 horas","    33,214 horas","    3,923 streamers","   13,031 espectadores",     84 canales,NA,NA
158,Terraria,Noviembre,2016,"    143,002 horas","    22,131 horas","    4,188 streamers","    5,825 espectadores",     85 canales,    198 espectadores,    30 canales
81,Terraria,Febrero,2018,"    635,962 horas","    27,995 horas","    4,968 streamers",NA,     85 canales,    947 espectadores,    41 canales
111,Terraria,Junio,2018,"    564,047 horas","    32,798 horas","    6,059 streamers","    5,376 espectadores",     85 canales,    784 espectadores,    45 canales
68,The Legend of Zelda: Ocarina of Time,Julio,2018,"  1,165,720 horas","    24,436 horas","    1,856 streamers","   19,877 espectadores",     85 canales,"  1,568 espectadores",    32 canales
79,Bloodborne,Agosto,2018,"    923,890 horas","    34,445 horas","    6,178 streamers","   15,424 espectadores",     85 canales,"  1,243 espectadores",    46 canales
117,Summoners War: Sky Arena,Julio,2020,"  1,156,190 horas","    24,251 horas","    1,310 streamers","   13,073 espectadores",     85 canales,"  1,556 espectadores",    32 canales
183,Super Smash Bros. Melee,Septiembre,2021,"    806,946 horas","    19,880 horas","    2,192 streamers","   43,296 espectadores",     85 canales,"  1,122 espectadores",    27 canales
125,Stardew Valley,Diciembre,2017,"    338,123 horas","    32,084 horas","    5,456 streamers","    2,796 espectadores",     86 canales,    455 espectadores,    43 canales
122,Stardew Valley,Marzo,2018,"    381,430 horas","    34,159 horas","    5,426 streamers","    5,095 espectadores",     86 canales,    513 espectadores,    45 canales
40,Street Fighter V,Septiembre,2018,"  2,650,840 horas","    33,034 horas","    4,201 streamers","   42,847 espectadores",     86 canales,"  3,686 espectadores",    45 canales
50,Street Fighter V,Octubre,2018,"  1,678,231 horas","    31,785 horas","    3,769 streamers","   24,693 espectadores",     86 canales,"  2,258 espectadores",    42 canales
49,Street Fighter V,Noviembre,2018,"  1,978,849 horas","    29,996 horas","    3,606 streamers","   86,152 espectadores",     86 canales,"  2,752 espectadores",NA
156,Super Smash Bros. Melee,Junio,2021,"    911,269 horas","    21,462 horas","    2,355 streamers","   40,729 espectadores",     86 canales,"  1,267 espectadores",    29 canales
166,Dofus,Marzo,2022,"    786,628 horas","    22,008 horas","    1,714 streamers","    7,133 espectadores",     86 canales,"  1,058 espectadores",    29 canales
86,Age of Empires II,Noviembre,2022,"  1,845,474 horas","    28,967 horas","    3,084 streamers","   21,973 espectadores",     86 canales,"  2,566 espectadores",    40 canales
96,Age of Empires II,Diciembre,2022,"  1,519,884 horas","    27,464 horas","    3,061 streamers","   12,966 espectadores",     86 canales,"  2,045 espectadores",    36 canales
135,Guild Wars 2,Enero,2018,"    337,947 horas","    32,269 horas","    3,239 streamers","    1,376 espectadores",     87 canales,    454 espectadores,    43 canales
196,Dofus,Agosto,2021,"    749,566 horas","    25,706 horas","    1,660 streamers","    4,490 espectadores",     87 canales,"  1,008 espectadores",    34 canales
166,Dofus,Febrero,2023,"    671,729 horas","    21,752 horas","    1,617 streamers","    3,432 espectadores",     87 canales,"  1,001 espectadores",    32 canales
133,Terraria,Enero,2016,"    264,591 horas","    28,667 horas","    5,705 streamers","   11,834 espectadores",     88 canales,    356 espectadores,    38 canales
91,Bloodborne,Agosto,2016,"    327,711 horas","    31,535 horas","    5,460 streamers",NA,     88 canales,    441 espectadores,    42 canales
45,Street Fighter V,Marzo,2019,"  2,315,502 horas","    31,213 horas","    3,441 streamers","   55,515 espectadores",     88 canales,"  3,116 espectadores",    42 canales
92,Summoners War: Sky Arena,Mayo,2020,"  1,755,094 horas","    32,726 horas","    1,703 streamers",NA,     88 canales,"  2,362 espectadores",    44 canales
104,Summoners War: Sky Arena,Agosto,2020,"  1,244,267 horas","    23,882 horas","    1,297 streamers","   12,371 espectadores",     88 canales,"  1,674 espectadores",    32 canales
156,Dofus,Enero,2021,"    875,675 horas","    26,946 horas","    1,691 streamers","    4,240 espectadores",     88 canales,"  1,178 espectadores",    36 canales
163,Dofus,Abril,2023,"    885,365 horas","    24,718 horas","    1,750 streamers","    7,003 espectadores",     88 canales,"  1,231 espectadores",NA
190,Stardew Valley,Noviembre,2018,"    245,938 horas","    31,487 horas","    6,040 streamers","    1,983 espectadores",     89 canales,    342 espectadores,    43 canales
63,Tekken 7,Junio,2019,"  1,715,986 horas","    39,397 horas","    6,348 streamers",NA,     89 canales,"  2,386 espectadores",    54 canales
80,Summoners War: Sky Arena,Abril,2020,"  1,615,190 horas","    27,035 horas","    1,601 streamers",NA,     89 canales,"  2,246 espectadores",NA
184,Dofus,Enero,2022,"    799,488 horas","    24,304 horas","    1,953 streamers","    5,698 espectadores",     89 canales,NA,    32 canales
123,Age of Empires II,Septiembre,2022,"  1,368,165 horas","    31,381 horas","    3,095 streamers","   12,699 espectadores",     89 canales,NA,    43 canales
158,Dofus,Diciembre,2022,"    783,294 horas","    22,736 horas","    1,638 streamers",NA,     89 canales,"  1,054 espectadores",    30 canales
115,Age of Empires II,Septiembre,2023,"  1,210,579 horas","    30,941 horas","    3,370 streamers","   14,095 espectadores",     89 canales,"  1,683 espectadores",    43 canales
95,Age of Empires II,Diciembre,2023,"  2,178,130 horas","    33,621 horas","    3,518 streamers","   20,946 espectadores",     89 canales,NA,    45 canales
127,Stardew Valley,Febrero,2018,"    300,538 horas","    32,506 horas","    5,262 streamers","   23,314 espectadores",     90 canales,    447 espectadores,    48 canales
173,Stardew Valley,Octubre,2018,"    277,513 horas","    34,735 horas","    6,287 streamers","    2,403 espectadores",     90 canales,    373 espectadores,    46 canales
72,Super Smash Bros. Melee,Julio,2021,"  2,760,024 horas","    22,127 horas","    2,435 streamers","  117,332 espectadores",     90 canales,"  3,714 espectadores",    29 canales
171,Street Fighter V,Mayo,2023,"    756,034 horas","    28,427 horas","    4,987 streamers",NA,     90 canales,"  1,017 espectadores",    38 canales
123,Roblox,Abril,2017,"    274,328 horas","    25,257 horas","    5,504 streamers",NA,     91 canales,    381 espectadores,    35 canales
89,Bloodborne,Junio,2017,"    456,681 horas","    35,088 horas","    6,515 streamers","    5,636 espectadores",     91 canales,    635 espectadores,    48 canales
82,Bloodborne,Agosto,2017,"    632,908 horas","    33,420 horas","    6,018 streamers","   15,371 espectadores",     91 canales,    851 espectadores,NA
92,Stardew Valley,Octubre,2017,"    514,969 horas","    32,747 horas","    5,209 streamers","    5,612 espectadores",     91 canales,    693 espectadores,NA
79,Terraria,Abril,2018,"    780,183 horas","    32,836 horas","    5,488 streamers","   34,646 espectadores",     91 canales,"  1,085 espectadores",NA
65,The Legend of Zelda: Ocarina of Time,Junio,2018,"  1,212,845 horas","    23,773 horas","    1,706 streamers","  152,961 espectadores",     91 canales,NA,    33 canales
98,Tekken 7,Enero,2019,"    850,925 horas","    40,938 horas","    6,958 streamers","   12,729 espectadores",     91 canales,NA,    55 canales
78,Street Fighter V,Abril,2020,"  1,694,848 horas","    35,491 horas","    3,210 streamers","   25,065 espectadores",     91 canales,NA,    49 canales
86,Street Fighter V,Junio,2020,"  1,544,848 horas","    38,980 horas","    3,308 streamers","   30,429 espectadores",     91 canales,NA,    54 canales
129,Age of Empires II,Noviembre,2021,"  1,363,978 horas","    30,440 horas","    2,600 streamers","   17,552 espectadores",     91 canales,"  1,897 espectadores",NA
105,Age of Empires II,Mayo,2024,"  1,757,522 horas","    32,450 horas","    3,351 streamers","   24,288 espectadores",     91 canales,"  2,365 espectadores",    43 canales
53,Terraria,Junio,2016,"    597,382 horas","    29,262 horas","    5,510 streamers","    8,234 espectadores",     92 canales,NA,    40 canales
105,Bloodborne,Julio,2017,"    447,184 horas","    34,436 horas","    6,250 streamers","    5,038 espectadores",     92 canales,    601 espectadores,    46 canales
117,Guild Wars 2,Diciembre,2017,"    391,596 horas","    28,985 horas","    3,098 streamers",NA,     92 canales,    527 espectadores,    39 canales
77,Terraria,Mayo,2018,"    909,403 horas","    33,694 horas","    5,817 streamers","    6,733 espectadores",     92 canales,"  1,223 espectadores",NA
105,Bloodborne,Octubre,2018,"    659,373 horas","    35,492 horas","    6,017 streamers","    9,414 espectadores",     92 canales,    887 espectadores,    47 canales
77,Street Fighter V,Enero,2019,"  1,208,150 horas","    38,944 horas","    4,401 streamers","   10,015 espectadores",     92 canales,"  1,626 espectadores",    52 canales
133,Stardew Valley,Septiembre,2019,"    434,081 horas","    33,927 horas","    6,162 streamers","   10,769 espectadores",     92 canales,    603 espectadores,    47 canales
176,Guild Wars 2,Febrero,2020,"    399,486 horas","    28,853 horas","    2,483 streamers",NA,     92 canales,    574 espectadores,    41 canales
187,Dofus,Febrero,2021,"    660,610 horas","    23,829 horas","    1,572 streamers","   16,758 espectadores",     92 canales,    984 espectadores,    35 canales
109,Age of Empires II,Febrero,2022,"  1,382,193 horas","    30,320 horas","    3,164 streamers","   16,309 espectadores",     92 canales,"  2,059 espectadores",    45 canales
112,Street Fighter V,Diciembre,2022,"  1,228,020 horas","    30,410 horas","    4,110 streamers","   27,261 espectadores",     92 canales,"  1,652 espectadores",NA
69,Bloodborne,Julio,2018,"  1,139,844 horas","    38,644 horas","    6,718 streamers","   21,951 espectadores",     93 canales,"  1,534 espectadores",    52 canales
154,Terraria,Diciembre,2018,"    422,018 horas","    30,324 horas","    6,122 streamers","   18,007 espectadores",     93 canales,    567 espectadores,    40 canales
101,Guild Wars 2,Agosto,2019,"    632,821 horas","    28,891 horas","    2,747 streamers",NA,     93 canales,    851 espectadores,    38 canales
171,Guild Wars 2,Diciembre,2019,"    333,101 horas","    24,804 horas","    2,337 streamers",NA,     93 canales,    448 espectadores,NA
56,Bloodborne,Noviembre,2016,"    775,280 horas","    33,890 horas","    5,726 streamers",NA,     94 canales,"  1,078 espectadores",NA
62,Terraria,Septiembre,2018,"  1,106,760 horas","    31,453 horas","    5,344 streamers","    7,299 espectadores",     94 canales,"  1,539 espectadores",NA
150,Guild Wars 2,Abril,2019,"    416,325 horas","    34,086 horas","    3,223 streamers","    2,144 espectadores",     94 canales,    579 espectadores,    47 canales
169,Stardew Valley,Agosto,2019,"    336,506 horas","    37,851 horas","    6,603 streamers","    2,602 espectadores",     94 canales,NA,    50 canales
98,Street Fighter V,Marzo,2020,"  1,002,428 horas","    32,354 horas","    3,860 streamers",NA,     94 canales,"  1,349 espectadores",    43 canales
164,Street Fighter V,Marzo,2023,"    819,430 horas","    37,380 horas","    5,462 streamers","    6,482 espectadores",     94 canales,"  1,102 espectadores",    50 canales
107,Age of Empires II,Julio,2023,"  1,380,655 horas","    36,006 horas","    4,469 streamers",NA,     94 canales,"  1,858 espectadores",    48 canales
163,The Legend of Zelda: Ocarina of Time,Julio,2024,"    721,633 horas","    29,681 horas","    3,182 streamers","   77,057 espectadores",     94 canales,    971 espectadores,    39 canales
110,Stardew Valley,Julio,2017,"    427,895 horas","    34,325 horas","    5,723 streamers",NA,     95 canales,    575 espectadores,    46 canales
169,Roblox,Septiembre,2017,"    196,716 horas","    27,193 horas","    7,092 streamers","   22,375 espectadores",     95 canales,    273 espectadores,    37 canales
72,Bloodborne,Noviembre,2017,"    760,490 horas","    30,734 horas","    5,405 streamers","    7,962 espectadores",     95 canales,"  1,057 espectadores",    42 canales
34,Street Fighter V,Diciembre,2017,"  2,655,177 horas","    31,559 horas","    4,638 streamers","  127,771 espectadores",     95 canales,"  3,573 espectadores",    42 canales
116,Guild Wars 2,Febrero,2018,"    368,635 horas","    30,686 horas","    3,151 streamers","    2,879 espectadores",     95 canales,    549 espectadores,    45 canales
61,Terraria,Agosto,2018,"  1,296,853 horas","    35,762 horas","    6,091 streamers","    7,349 espectadores",     95 canales,"  1,745 espectadores",    48 canales
82,Terraria,Octubre,2018,"    927,544 horas","    30,519 horas","    5,251 streamers",NA,     95 canales,"  1,248 espectadores",    41 canales
50,Tekken 7,Julio,2019,"  1,729,724 horas","    42,893 horas","    6,461 streamers","   29,620 espectadores",     95 canales,"  2,328 espectadores",    57 canales
143,Stardew Valley,Octubre,2019,"    419,448 horas","    35,713 horas","    6,306 streamers","   15,371 espectadores",     95 canales,    564 espectadores,    48 canales
159,Dofus,Marzo,2023,"    854,280 horas","    24,983 horas","    1,724 streamers","   12,475 espectadores",     95 canales,"  1,149 espectadores",    33 canales
30,Street Fighter V,Mayo,2016,"  2,576,951 horas","    32,672 horas","    5,809 streamers","   45,219 espectadores",     96 canales,"  3,468 espectadores",NA
77,Bloodborne,Mayo,2017,"    642,483 horas","    38,375 horas","    7,015 streamers","    6,217 espectadores",     96 canales,    864 espectadores,    51 canales
109,Guild Wars 2,Junio,2017,"    323,771 horas","    26,735 horas","    2,755 streamers",NA,     96 canales,NA,NA
164,Age of Empires II,Septiembre,2020,"    688,251 horas","    11,617 horas","    1,428 streamers","   13,958 espectadores",     96 canales,NA,    16 canales
105,Street Fighter V,Julio,2021,"  1,619,968 horas","    37,429 horas","    3,499 streamers","   62,848 espectadores",     96 canales,"  2,180 espectadores",    50 canales
124,Street Fighter V,Octubre,2022,"  1,312,047 horas","    35,619 horas","    4,477 streamers","   27,310 espectadores",     96 canales,"  1,765 espectadores",    47 canales
110,Star Citizen,Enero,2019,"    760,154 horas","    30,432 horas","    2,699 streamers",NA,     97 canales,"  1,023 espectadores",    40 canales
60,Tekken 7,Octubre,2019,"  1,388,511 horas","    43,624 horas","    6,842 streamers",NA,     97 canales,"  1,868 espectadores",    58 canales
104,Tekken 7,Febrero,2020,"    787,152 horas","    41,318 horas","    6,606 streamers","   21,713 espectadores",     97 canales,"  1,132 espectadores",    59 canales
182,The Legend of Zelda: Ocarina of Time,Abril,2024,"    764,268 horas","    31,232 horas","    3,307 streamers","    7,244 espectadores",     97 canales,"  1,062 espectadores",NA
80,Bloodborne,Abril,2017,"    500,515 horas","    36,595 horas","    5,244 streamers","    4,478 espectadores",     98 canales,    696 espectadores,    50 canales
138,Roblox,Julio,2017,"    342,909 horas","    39,072 horas","   10,448 streamers",NA,     98 canales,    461 espectadores,    52 canales
62,Tekken 7,Diciembre,2017,"    947,862 horas","    29,360 horas","    6,612 streamers","   25,674 espectadores",     98 canales,"  1,275 espectadores",    39 canales
128,Bloodborne,Noviembre,2018,"    494,225 horas","    30,487 horas","    5,451 streamers","    3,471 espectadores",     98 canales,    687 espectadores,    42 canales
89,Bloodborne,Diciembre,2018,"    864,466 horas","    35,633 horas","    6,367 streamers",NA,     98 canales,"  1,163 espectadores",    47 canales
164,Terraria,Marzo,2019,"    379,615 horas","    36,074 horas","    6,100 streamers","   13,862 espectadores",     98 canales,NA,    48 canales
122,Age of Empires II,Enero,2022,"  1,474,558 horas","    34,045 horas","    3,523 streamers",NA,     98 canales,"  1,984 espectadores",    45 canales
126,Street Fighter V,Julio,2022,"  1,344,066 horas","    40,696 horas","    5,034 streamers",NA,     98 canales,"  1,808 espectadores",    54 canales
200,Bloodborne,Septiembre,2023,"    530,610 horas","    36,741 horas","    6,652 streamers","   10,300 espectadores",     98 canales,    737 espectadores,    51 canales
110,Age of Empires II,Octubre,2023,"  1,747,428 horas","    34,379 horas","    3,381 streamers","   14,835 espectadores",     98 canales,NA,    46 canales
85,Bloodborne,Septiembre,2017,"    523,045 horas","    30,661 horas","    5,366 streamers","   11,047 espectadores",     99 canales,    727 espectadores,    42 canales
186,Guild Wars 2,Octubre,2019,"    315,143 horas","    27,849 horas","    2,558 streamers","    2,553 espectadores",     99 canales,    424 espectadores,NA
158,Guild Wars 2,Noviembre,2019,"    335,932 horas","    25,356 horas","    2,257 streamers","    2,631 espectadores",     99 canales,    467 espectadores,    35 canales
80,Bloodborne,Enero,2020,"  1,170,429 horas","    37,670 horas","    5,167 streamers","   12,768 espectadores",     99 canales,"  1,575 espectadores",    50 canales
86,Age of Empires II,Mayo,2022,"  2,105,968 horas","    37,251 horas","    3,369 streamers","   11,955 espectadores",     99 canales,"  2,834 espectadores",    50 canales
181,Tekken 7,Septiembre,2023,"    657,171 horas","    41,068 horas","    6,013 streamers","    7,285 espectadores",     99 canales,    914 espectadores,    57 canales
156,Roblox,Octubre,2016,"    174,891 horas","    27,216 horas","    8,676 streamers",NA,    100 canales,NA,NA
69,Bloodborne,Marzo,2017,"    618,203 horas","    35,442 horas","    4,979 streamers","    5,931 espectadores",    100 canales,    832 espectadores,    47 canales
82,Stardew Valley,Noviembre,2017,"    668,377 horas","    35,347 horas","    5,672 streamers","   10,375 espectadores",    100 canales,    929 espectadores,NA
81,Terraria,Marzo,2018,"    744,832 horas","    33,283 horas","    5,404 streamers","   19,024 espectadores",    100 canales,"  1,002 espectadores",    44 canales
160,Terraria,Mayo,2019,"    427,436 horas","    38,296 horas","    7,002 streamers","   15,533 espectadores",    100 canales,    575 espectadores,    51 canales
38,Street Fighter V,Junio,2017,"  1,584,366 horas","    23,059 horas","    4,122 streamers","   53,802 espectadores",    101 canales,"  2,203 espectadores",    32 canales
137,Guild Wars 2,Diciembre,2018,"    482,636 horas","    29,814 horas","    3,041 streamers","   27,208 espectadores",    101 canales,    649 espectadores,    40 canales
196,Tekken 7,Diciembre,2023,"    628,905 horas","    41,261 horas","    6,131 streamers","   10,357 espectadores",    101 canales,    846 espectadores,    55 canales
51,Tekken 7,Noviembre,2017,"  1,247,342 horas","    25,923 horas","    5,613 streamers","   48,884 espectadores",    102 canales,"  1,734 espectadores",    36 canales
83,Bloodborne,Febrero,2019,"    883,435 horas","    34,912 horas","    5,400 streamers","   28,281 espectadores",    102 canales,"  1,316 espectadores",    52 canales
170,Super Smash Bros. Melee,Marzo,2021,"  1,004,090 horas","    27,213 horas","    2,865 streamers","   41,750 espectadores",    102 canales,"  1,351 espectadores",    36 canales
113,Street Fighter V,Enero,2022,"  1,666,466 horas","    41,039 horas","    5,048 streamers",NA,    102 canales,"  2,242 espectadores",    55 canales
112,Street Fighter V,Septiembre,2022,"  1,565,368 horas","    40,376 horas","    4,920 streamers","   35,221 espectadores",    102 canales,"  2,177 espectadores",    56 canales
106,Guild Wars 2,Febrero,2017,"    359,340 horas","    24,134 horas","    2,537 streamers","    2,454 espectadores",    103 canales,    535 espectadores,    35 canales
83,Bloodborne,Febrero,2018,"    624,860 horas","    33,566 horas","    5,501 streamers","    6,070 espectadores",    103 canales,    931 espectadores,NA
100,The Legend of Zelda: Ocarina of Time,Noviembre,2018,"    755,384 horas","    22,956 horas","    1,883 streamers","    7,745 espectadores",    103 canales,"  1,050 espectadores",    31 canales
155,Guild Wars 2,Febrero,2019,"    360,241 horas","    29,515 horas","    2,779 streamers","    2,167 espectadores",    103 canales,    536 espectadores,NA
129,Tekken 7,Abril,2020,"    856,137 horas","    48,374 horas","    6,585 streamers",NA,    103 canales,NA,    67 canales
119,Super Smash Bros. Melee,Mayo,2021,"  1,543,178 horas","    26,933 horas","    2,795 streamers","   63,485 espectadores",    103 canales,"  2,076 espectadores",    36 canales
102,Street Fighter V,Diciembre,2021,"  1,814,634 horas","    38,970 horas","    3,505 streamers","   53,444 espectadores",    103 canales,"  2,442 espectadores",    52 canales
190,Tekken 7,Octubre,2023,"    678,484 horas","    38,427 horas","    5,592 streamers","   12,220 espectadores",    103 canales,    913 espectadores,    51 canales
78,Age of Empires II,Noviembre,2023,"  2,661,172 horas","    36,458 horas","    3,733 streamers","   29,704 espectadores",    103 canales,"  3,701 espectadores",    50 canales
76,Age of Empires II,Enero,2024,"  2,996,461 horas","    36,743 horas","    3,737 streamers","   31,614 espectadores",    103 canales,"  4,032 espectadores",    49 canales
161,The Legend of Zelda: Ocarina of Time,Junio,2024,"    781,116 horas","    30,509 horas","    3,295 streamers","    9,440 espectadores",    103 canales,"  1,086 espectadores",    42 canales
114,The Witcher 3: Wild Hunt,Noviembre,2016,"    252,245 horas","    32,770 horas","    5,560 streamers","    4,790 espectadores",    104 canales,    350 espectadores,NA
78,Tekken 7,Enero,2020,"  1,198,374 horas","    45,593 horas","    8,190 streamers","   44,635 espectadores",    104 canales,"  1,612 espectadores",    61 canales
162,Dofus,Mayo,2021,"  1,018,662 horas","    29,584 horas","    1,661 streamers","    5,282 espectadores",    104 canales,"  1,371 espectadores",    39 canales
90,Street Fighter V,Mayo,2022,"  1,938,311 horas","    42,459 horas","    5,290 streamers","   53,224 espectadores",    104 canales,NA,    57 canales
114,The Witcher 3: Wild Hunt,Marzo,2016,"    220,951 horas","    36,497 horas","    6,973 streamers","    2,893 espectadores",    105 canales,    297 espectadores,    49 canales
112,Bloodborne,Junio,2018,"    557,921 horas","    40,492 horas","    7,189 streamers","   12,483 espectadores",    105 canales,    775 espectadores,    56 canales
168,Terraria,Febrero,2019,"    308,084 horas","    33,346 horas","    5,808 streamers","    2,235 espectadores",    105 canales,    459 espectadores,    49 canales
108,Star Citizen,Marzo,2019,"    649,385 horas","    22,524 horas","    1,993 streamers","   10,903 espectadores",    105 canales,NA,NA
189,Guild Wars 2,Enero,2020,"    372,025 horas","    28,796 horas","    2,427 streamers","    2,004 espectadores",    105 canales,    500 espectadores,    38 canales
86,Street Fighter V,Julio,2020,"  1,777,609 horas","    41,238 horas","    3,572 streamers","   37,634 espectadores",    105 canales,NA,    55 canales
195,The Legend of Zelda: Ocarina of Time,Octubre,2022,"    704,617 horas","    30,607 horas","    3,186 streamers","   14,537 espectadores",    105 canales,NA,NA
108,The Witcher 3: Wild Hunt,Octubre,2016,"    263,992 horas","    34,403 horas","    6,195 streamers","    5,755 espectadores",    106 canales,    355 espectadores,    46 canales
133,Guild Wars 2,Agosto,2018,"    398,131 horas","    34,692 horas","    3,535 streamers","    4,249 espectadores",    106 canales,    535 espectadores,    46 canales
93,Star Citizen,Abril,2019,"    806,725 horas","    29,196 horas","    2,857 streamers","    8,334 espectadores",    106 canales,"  1,122 espectadores",    40 canales
115,Bloodborne,Febrero,2020,"    698,492 horas","    35,903 horas","    4,772 streamers","    7,616 espectadores",    106 canales,"  1,005 espectadores",    51 canales
119,Dofus,Noviembre,2020,"  1,189,429 horas","    33,457 horas","    2,023 streamers","    8,932 espectadores",    106 canales,"  1,654 espectadores",NA
182,Dofus,Octubre,2021,"    741,679 horas","    25,205 horas","    1,496 streamers","    6,248 espectadores",    106 canales,    998 espectadores,NA
164,Tekken 7,Noviembre,2023,"    892,727 horas","    43,279 horas","    5,798 streamers","   14,351 espectadores",    106 canales,"  1,241 espectadores",    60 canales
78,Stardew Valley,Enero,2017,"    696,427 horas","    39,692 horas","    6,854 streamers","    6,331 espectadores",    107 canales,    937 espectadores,    53 canales
187,The Legend of Zelda: Ocarina of Time,Junio,2022,"    685,961 horas","    30,797 horas","    3,484 streamers","    4,796 espectadores",    107 canales,    954 espectadores,    42 canales
168,Bloodborne,Diciembre,2023,"    801,956 horas","    37,587 horas","    6,788 streamers",NA,    107 canales,"  1,079 espectadores",    50 canales
92,Age of Empires II,Febrero,2024,"  2,404,667 horas","    33,938 horas","    3,468 streamers","   26,348 espectadores",    107 canales,"  3,459 espectadores",    48 canales
132,Roblox,Septiembre,2016,"    161,258 horas","    25,670 horas","    8,910 streamers","    9,548 espectadores",    108 canales,    224 espectadores,    35 canales
125,The Witcher 3: Wild Hunt,Agosto,2017,"    342,199 horas","    39,698 horas","    6,049 streamers","   11,285 espectadores",    108 canales,    460 espectadores,    53 canales
145,Roblox,Agosto,2017,"    272,393 horas","    37,850 horas","    9,940 streamers","   19,754 espectadores",    108 canales,    366 espectadores,    50 canales
109,Star Citizen,Noviembre,2017,"    430,457 horas","    12,572 horas","    1,459 streamers","    4,498 espectadores",    108 canales,    598 espectadores,    17 canales
36,Street Fighter V,Abril,2018,"  2,425,340 horas","    33,264 horas","    4,462 streamers","   61,872 espectadores",    108 canales,"  3,373 espectadores",    46 canales
121,Guild Wars 2,Mayo,2018,"    447,021 horas","    35,967 horas","    3,723 streamers","    3,056 espectadores",    108 canales,    601 espectadores,NA
191,Stardew Valley,Diciembre,2018,"    284,833 horas","    36,730 horas","    7,021 streamers","    3,801 espectadores",    108 canales,    383 espectadores,    49 canales
113,Terraria,Julio,2019,"    538,642 horas","    43,726 horas","    7,684 streamers","    8,167 espectadores",    108 canales,NA,    58 canales
129,Terraria,Agosto,2019,"    467,350 horas","    35,448 horas","    6,485 streamers","   10,140 espectadores",    108 canales,    629 espectadores,NA
78,Super Smash Bros. Melee,Diciembre,2020,"  2,270,169 horas","    28,915 horas","    3,429 streamers","   72,236 espectadores",    108 canales,"  3,055 espectadores",    38 canales
172,Bloodborne,Noviembre,2022,"    711,984 horas","    29,983 horas","    5,794 streamers","   12,248 espectadores",    108 canales,    990 espectadores,    41 canales
152,Roblox,Diciembre,2016,"    196,429 horas","    31,630 horas","    1,878 streamers",NA,    109 canales,    264 espectadores,    42 canales
99,Star Citizen,Octubre,2018,"    734,832 horas","    19,412 horas","    1,979 streamers",NA,    110 canales,    989 espectadores,    26 canales
50,Dofus,Octubre,2019,"  1,932,183 horas","    28,317 horas","    2,296 streamers","   12,752 espectadores",    110 canales,NA,NA
52,Street Fighter V,Enero,2020,"  2,602,393 horas","    41,422 horas","    4,678 streamers","   86,365 espectadores",    110 canales,"  3,502 espectadores",    55 canales
97,Street Fighter V,Mayo,2020,"  1,513,065 horas","    41,270 horas","    3,458 streamers","    8,417 espectadores",    110 canales,"  2,036 espectadores",    55 canales
122,Tekken 7,Junio,2020,"    983,397 horas","    51,028 horas","    6,884 streamers","   45,772 espectadores",    110 canales,"  1,367 espectadores",NA
173,Guild Wars 2,Junio,2020,"    604,378 horas","    36,688 horas","    2,678 streamers","    4,867 espectadores",    110 canales,    840 espectadores,    51 canales
180,Super Smash Bros. Melee,Febrero,2021,"    729,420 horas","    25,618 horas","    2,917 streamers","   21,890 espectadores",    110 canales,"  1,087 espectadores",    38 canales
135,Tekken 7,Enero,2023,"  1,046,800 horas","    51,353 horas","    8,093 streamers","   18,600 espectadores",    110 canales,"  1,408 espectadores",    69 canales
181,Guild Wars 2,Enero,2023,"    746,610 horas","    36,788 horas","    3,242 streamers","    4,545 espectadores",    110 canales,"  1,004 espectadores",    49 canales
189,Bloodborne,Mayo,2024,"    700,510 horas","    39,513 horas","    7,394 streamers","    8,149 espectadores",    110 canales,    942 espectadores,    53 canales
120,Star Citizen,Julio,2024,"  1,207,954 horas","    35,345 horas","    2,518 streamers","   11,573 espectadores",    110 canales,"  1,625 espectadores",NA
162,Roblox,Mayo,2016,"    125,130 horas","    27,174 horas","    8,952 streamers","    6,795 espectadores",    111 canales,    168 espectadores,    36 canales
87,Bloodborne,Diciembre,2017,"    664,153 horas","    40,447 horas","    7,292 streamers","   15,995 espectadores",    111 canales,    893 espectadores,    54 canales
109,Stardew Valley,Enero,2018,"    474,675 horas","    43,250 horas","    6,746 streamers","    4,340 espectadores",    111 canales,NA,NA
46,Street Fighter V,Junio,2018,"  1,963,304 horas","    28,856 horas","    4,071 streamers","   25,316 espectadores",    111 canales,"  2,730 espectadores",    40 canales
91,The Legend of Zelda: Ocarina of Time,Octubre,2018,"    852,005 horas","    20,261 horas","    1,659 streamers","   20,208 espectadores",    111 canales,"  1,146 espectadores",    27 canales
167,Tekken 7,Febrero,2022,"    731,939 horas","    45,320 horas","    6,758 streamers","   14,456 espectadores",    111 canales,"  1,090 espectadores",    67 canales
185,Guild Wars 2,Julio,2022,"    698,653 horas","    36,715 horas","    3,056 streamers","    4,959 espectadores",    111 canales,    940 espectadores,NA
123,Star Citizen,Agosto,2023,"  1,176,001 horas","    40,104 horas","    3,006 streamers","   33,435 espectadores",    111 canales,"  1,582 espectadores",NA
72,Stardew Valley,Febrero,2017,"    646,743 horas","    35,036 horas","    5,541 streamers","    6,306 espectadores",    112 canales,    963 espectadores,    52 canales
89,Age of Empires II,Octubre,2021,"  2,094,576 horas","    41,177 horas","    3,367 streamers","   29,444 espectadores",    112 canales,"  2,819 espectadores",    55 canales
144,The Legend of Zelda: Ocarina of Time,Mayo,2022,"  1,051,814 horas","    33,803 horas","    3,757 streamers","   13,966 espectadores",    112 canales,"  1,415 espectadores",    45 canales
92,Street Fighter V,Junio,2022,"  1,765,726 horas","    43,292 horas","    6,192 streamers","   44,120 espectadores",    112 canales,"  2,455 espectadores",NA
188,Bloodborne,Octubre,2022,"    791,163 horas","    41,968 horas","    7,028 streamers","   16,243 espectadores",    112 canales,"  1,064 espectadores",    56 canales
198,The Legend of Zelda: Ocarina of Time,Mayo,2023,"    605,969 horas","    32,302 horas","    3,851 streamers","    6,627 espectadores",    112 canales,    815 espectadores,NA
107,The Witcher 3: Wild Hunt,Abril,2016,"    242,565 horas","    36,794 horas","    6,529 streamers","    4,052 espectadores",    113 canales,    337 espectadores,NA
138,Guild Wars 2,Octubre,2018,"    404,806 horas","    34,874 horas","    3,366 streamers",NA,    113 canales,    544 espectadores,    46 canales
145,Guild Wars 2,Marzo,2019,"    429,797 horas","    34,662 horas","    3,161 streamers","    3,868 espectadores",    113 canales,    578 espectadores,    46 canales
39,Tekken 7,Agosto,2019,"  3,035,084 horas","    50,706 horas","    7,956 streamers","  236,556 espectadores",    113 canales,"  4,084 espectadores",    68 canales
98,The Legend of Zelda: Ocarina of Time,Septiembre,2019,"    678,669 horas","    24,668 horas","    2,003 streamers","    8,840 espectadores",    113 canales,    943 espectadores,    34 canales
172,Guild Wars 2,Marzo,2020,"    482,096 horas","    35,038 horas","    3,029 streamers","    2,387 espectadores",    113 canales,    648 espectadores,    47 canales
180,The Legend of Zelda: Ocarina of Time,Septiembre,2022,"    798,746 horas","    32,825 horas","    3,485 streamers","    7,074 espectadores",    113 canales,"  1,110 espectadores",    45 canales
163,Bloodborne,Agosto,2023,"    851,341 horas","    42,068 horas","    7,606 streamers","   24,364 espectadores",    113 canales,"  1,145 espectadores",    56 canales
139,Terraria,Abril,2019,"    462,434 horas","    37,830 horas","    6,851 streamers","   17,440 espectadores",    114 canales,    643 espectadores,    52 canales
68,Age of Empires II,Octubre,2020,"  2,641,651 horas","    38,670 horas","    2,950 streamers",NA,    114 canales,"  3,555 espectadores",    52 canales
70,Age of Empires II,Julio,2021,"  2,837,032 horas","    46,231 horas","    3,804 streamers","   20,387 espectadores",    114 canales,NA,    62 canales
104,Tekken 7,Mayo,2022,"  1,632,379 horas","    50,171 horas","    7,109 streamers","   74,993 espectadores",    114 canales,"  2,197 espectadores",    67 canales
118,Tekken 7,Julio,2022,"  1,490,836 horas","    52,508 horas","    7,821 streamers","   34,860 espectadores",    114 canales,"  2,006 espectadores",    70 canales
127,Star Citizen,Mayo,2019,"    547,801 horas","    26,372 horas","    2,613 streamers",NA,    115 canales,    737 espectadores,    35 canales
123,Tekken 7,Diciembre,2021,"  1,362,187 horas","    56,062 horas","    5,753 streamers","   43,146 espectadores",    115 canales,"  1,833 espectadores",    75 canales
182,Guild Wars 2,Mayo,2022,"    735,461 horas","    38,679 horas","    3,255 streamers",NA,    115 canales,    989 espectadores,    52 canales
120,Tekken 7,Noviembre,2022,"  1,198,836 horas","    45,159 horas","    7,067 streamers","   30,314 espectadores",    115 canales,"  1,667 espectadores",    62 canales
129,Tekken 7,Junio,2023,"    969,821 horas","    40,529 horas","    6,790 streamers","   25,565 espectadores",    115 canales,"  1,348 espectadores",    56 canales
85,The Witcher 3: Wild Hunt,Diciembre,2016,"    517,764 horas","    37,571 horas","    1,654 streamers","    7,716 espectadores",    116 canales,    696 espectadores,    50 canales
125,The Witcher 3: Wild Hunt,Noviembre,2017,"    333,431 horas","    39,471 horas","    6,482 streamers","    3,795 espectadores",    116 canales,    463 espectadores,NA
86,The Legend of Zelda: Ocarina of Time,Diciembre,2018,"    897,371 horas","    24,218 horas","    2,076 streamers","   10,034 espectadores",    116 canales,"  1,207 espectadores",    32 canales
91,Terraria,Junio,2019,"    939,604 horas","    44,907 horas","    8,067 streamers","   18,312 espectadores",    116 canales,"  1,306 espectadores",    62 canales
42,Street Fighter V,Agosto,2019,"  2,768,690 horas","    35,503 horas","    4,185 streamers","  194,951 espectadores",    116 canales,"  3,726 espectadores",    47 canales
179,Guild Wars 2,Junio,2022,"    732,940 horas","    35,842 horas","    3,092 streamers","    4,636 espectadores",    116 canales,"  1,019 espectadores",NA
147,Bloodborne,Abril,2024,"  1,024,374 horas","    42,611 horas","    7,723 streamers","   23,194 espectadores",    116 canales,"  1,424 espectadores",    59 canales
70,The Witcher 3: Wild Hunt,Septiembre,2016,"    380,928 horas","    41,835 horas","    7,603 streamers","    3,856 espectadores",    117 canales,    529 espectadores,    58 canales
105,Terraria,Febrero,2020,"    777,424 horas","    43,984 horas","    7,066 streamers","   22,339 espectadores",    117 canales,"  1,118 espectadores",    63 canales
51,Chess,Marzo,2020,"  2,655,564 horas","    25,040 horas","    2,054 streamers","   43,863 espectadores",    117 canales,"  3,574 espectadores",NA
113,Tekken 7,Octubre,2020,"  1,168,406 horas","    55,473 horas","    6,671 streamers","   15,527 espectadores",    117 canales,"  1,572 espectadores",    74 canales
88,Street Fighter V,Noviembre,2020,"  1,833,880 horas","    45,469 horas","    4,290 streamers","   44,026 espectadores",    117 canales,"  2,550 espectadores",    63 canales
118,Street Fighter V,Septiembre,2021,"  1,516,963 horas","    42,010 horas","    3,745 streamers","   38,843 espectadores",    117 canales,"  2,109 espectadores",    58 canales
81,Street Fighter V,Abril,2022,"  2,280,875 horas","    48,203 horas","    5,800 streamers","  114,405 espectadores",    117 canales,"  3,172 espectadores",NA
198,Bloodborne,Enero,2023,"    663,078 horas","    45,522 horas","    8,355 streamers","    9,455 espectadores",    117 canales,    892 espectadores,NA
97,Bloodborne,Febrero,2017,"    406,906 horas","    37,560 horas","    6,674 streamers","    5,650 espectadores",    118 canales,    606 espectadores,    55 canales
155,Guild Wars 2,Julio,2017,"    295,663 horas","    27,312 horas","    2,785 streamers","    2,170 espectadores",    118 canales,    397 espectadores,    36 canales
124,Stardew Valley,Mayo,2019,"    566,937 horas","    49,405 horas","    8,323 streamers","    5,603 espectadores",    118 canales,    763 espectadores,    66 canales
94,The Legend of Zelda: Ocarina of Time,Agosto,2019,"    702,053 horas","    27,884 horas","    2,256 streamers","    7,196 espectadores",    118 canales,    944 espectadores,    37 canales
130,Tekken 7,Noviembre,2021,"  1,330,349 horas","    55,453 horas","    5,597 streamers","   31,461 espectadores",    118 canales,"  1,850 espectadores",NA
195,Guild Wars 2,Diciembre,2021,"    655,625 horas","    37,889 horas","    2,610 streamers","    5,335 espectadores",    118 canales,    882 espectadores,    50 canales
88,Age of Empires II,Abril,2023,"  1,940,071 horas","    44,474 horas","    5,383 streamers","   11,028 espectadores",    118 canales,"  2,698 espectadores",    61 canales
192,The Legend of Zelda: Ocarina of Time,Abril,2023,"    659,997 horas","    39,544 horas","    4,182 streamers","    4,779 espectadores",    118 canales,NA,    54 canales
193,Bloodborne,Julio,2023,"    683,103 horas","    45,144 horas","    8,031 streamers","   14,473 espectadores",    118 canales,    919 espectadores,NA
118,The Witcher 3: Wild Hunt,Mayo,2024,"  1,473,280 horas","    40,435 horas","    5,051 streamers","   14,533 espectadores",    118 canales,"  1,982 espectadores",    54 canales
106,Bloodborne,Mayo,2016,"    233,648 horas","    38,583 horas","    7,563 streamers","    5,392 espectadores",    119 canales,    314 espectadores,    51 canales
124,Roblox,Agosto,2016,"    232,408 horas","    41,736 horas","   12,590 streamers","    5,784 espectadores",    119 canales,    312 espectadores,    56 canales
51,Street Fighter V,Febrero,2018,"  1,108,889 horas","    29,734 horas","    4,269 streamers","   15,980 espectadores",    119 canales,"  1,652 espectadores",NA
100,The Legend of Zelda: Ocarina of Time,Mayo,2019,"    777,838 horas","    29,465 horas","    2,339 streamers","   17,403 espectadores",    119 canales,"  1,046 espectadores",    39 canales
104,Street Fighter V,Diciembre,2020,"  1,487,591 horas","    46,113 horas","    4,282 streamers","   21,371 espectadores",    119 canales,"  2,002 espectadores",    62 canales
106,Street Fighter V,Junio,2021,"  1,674,735 horas","    42,567 horas","    4,126 streamers","   49,837 espectadores",    119 canales,NA,    59 canales
122,Tekken 7,Diciembre,2022,"  1,097,730 horas","    47,600 horas","    7,824 streamers","   35,037 espectadores",    119 canales,NA,    64 canales
56,Roblox,Junio,2016,"    524,173 horas","    36,841 horas","   10,481 streamers","   12,002 espectadores",    120 canales,    729 espectadores,NA
109,Tekken 7,Junio,2022,"  1,531,974 horas","    53,358 horas","    7,816 streamers","   56,744 espectadores",    120 canales,"  2,130 espectadores",    74 canales
43,Chess,Julio,2022,"  5,305,606 horas","    41,818 horas","    6,069 streamers",NA,    120 canales,"  7,140 espectadores",NA
102,Age of Empires II,Agosto,2022,"  1,884,819 horas","    32,083 horas","    3,190 streamers","   13,661 espectadores",    120 canales,"  2,536 espectadores",    43 canales
133,Super Smash Bros. Melee,Agosto,2022,"  1,301,408 horas","    15,794 horas","    2,385 streamers","   90,243 espectadores",    120 canales,"  1,751 espectadores",    21 canales
61,Street Fighter V,Abril,2023,"  3,420,977 horas","    41,956 horas","    6,163 streamers","  102,205 espectadores",    120 canales,"  4,757 espectadores",    58 canales
150,Bloodborne,Noviembre,2023,"  1,038,722 horas","    37,100 horas","    6,681 streamers","   14,211 espectadores",    120 canales,"  1,444 espectadores",    51 canales
75,Street Fighter V,Enero,2016,"    475,393 horas","     5,516 horas","    2,561 streamers","   23,133 espectadores",    121 canales,    639 espectadores,     7 canales
196,Roblox,Febrero,2017,"    149,454 horas","    29,040 horas","    9,201 streamers","    3,570 espectadores",    121 canales,NA,    43 canales
60,The Witcher 3: Wild Hunt,Diciembre,2017,"  1,101,504 horas","    40,935 horas","    6,665 streamers",NA,    121 canales,"  1,482 espectadores",    55 canales
125,Tekken 7,Julio,2020,"  1,098,417 horas","    56,907 horas","    7,386 streamers","   32,733 espectadores",    121 canales,NA,NA
30,Chess,Agosto,2020,"  7,420,337 horas","    45,943 horas","    5,374 streamers","   92,999 espectadores",    121 canales,"  9,986 espectadores",    61 canales
45,Chess,Octubre,2020,"  4,294,301 horas","    41,209 horas","    3,989 streamers","   50,371 espectadores",    121 canales,"  5,779 espectadores",    55 canales
187,Guild Wars 2,Diciembre,2020,"    565,850 horas","    40,325 horas","    2,767 streamers","    1,796 espectadores",    121 canales,    761 espectadores,    54 canales
190,Guild Wars 2,Noviembre,2021,"    684,862 horas","    37,540 horas","    2,497 streamers","    8,961 espectadores",    121 canales,    952 espectadores,    52 canales
174,Guild Wars 2,Abril,2022,"    804,309 horas","    41,457 horas","    3,493 streamers","   10,813 espectadores",    121 canales,"  1,118 espectadores",NA
71,Age of Empires II,Marzo,2023,"  2,645,963 horas","    46,143 horas","    6,491 streamers",NA,    121 canales,"  3,561 espectadores",    62 canales
27,Street Fighter V,Septiembre,2016,"  1,843,029 horas","    25,623 horas","    4,492 streamers","   37,304 espectadores",    122 canales,"  2,563 espectadores",    35 canales
189,The Legend of Zelda: Ocarina of Time,Septiembre,2021,"    773,629 horas","    34,980 horas","    2,876 streamers","    7,218 espectadores",    122 canales,NA,    48 canales
175,The Legend of Zelda: Ocarina of Time,Marzo,2022,"    708,883 horas","    35,597 horas","    3,982 streamers","   25,385 espectadores",    122 canales,    954 espectadores,    47 canales
167,Guild Wars 2,Abril,2023,"    851,898 horas","    44,553 horas","    3,502 streamers","    3,774 espectadores",    122 canales,"  1,184 espectadores",NA
85,Guild Wars 2,Octubre,2017,"    587,110 horas","    42,544 horas","    4,237 streamers","    3,344 espectadores",    123 canales,    790 espectadores,    57 canales
91,The Legend of Zelda: Ocarina of Time,Julio,2019,"    697,480 horas","    26,199 horas","    2,140 streamers","   20,117 espectadores",    123 canales,NA,    35 canales
44,Chess,Abril,2020,"  3,784,982 horas","    34,966 horas","    2,713 streamers","   47,638 espectadores",    123 canales,"  5,264 espectadores",    48 canales
71,Age of Empires II,Septiembre,2021,"  3,090,202 horas","    44,062 horas","    3,838 streamers","   57,427 espectadores",    123 canales,"  4,297 espectadores",    61 canales
44,Chess,Junio,2022,"  6,429,152 horas","    38,171 horas","    5,613 streamers","  113,009 espectadores",    123 canales,"  8,941 espectadores",    53 canales
37,Street Fighter V,Octubre,2017,"  2,135,289 horas","    27,954 horas","    3,839 streamers","   36,664 espectadores",    124 canales,"  2,873 espectadores",    37 canales
81,The Legend of Zelda: Ocarina of Time,Agosto,2018,"    916,937 horas","    26,221 horas","    2,051 streamers","    8,829 espectadores",    124 canales,NA,    35 canales
127,Bloodborne,Marzo,2020,"    741,030 horas","    43,748 horas","    6,232 streamers","   17,273 espectadores",    124 canales,    997 espectadores,NA
97,Super Smash Bros. Melee,Julio,2020,"  1,439,699 horas","    34,602 horas","    4,272 streamers","   38,548 espectadores",    124 canales,NA,    46 canales
190,Star Citizen,Julio,2021,"    768,864 horas","    30,111 horas","    1,962 streamers","   14,898 espectadores",    124 canales,"  1,034 espectadores",NA
44,Chess,Octubre,2022,"  5,312,851 horas","    40,814 horas","    5,841 streamers","   51,388 espectadores",    124 canales,"  7,150 espectadores",    54 canales
155,Bloodborne,Febrero,2023,"    760,103 horas","    39,806 horas","    7,587 streamers","   17,669 espectadores",    124 canales,"  1,132 espectadores",    59 canales
75,Age of Empires II,Mayo,2023,"  2,420,586 horas","    40,333 horas","    4,881 streamers","   25,753 espectadores",    124 canales,"  3,257 espectadores",    54 canales
22,Street Fighter V,Julio,2017,"  3,238,233 horas","    28,502 horas","    4,438 streamers","  205,793 espectadores",    125 canales,"  4,358 espectadores",NA
57,Dofus,Octubre,2017,"    964,907 horas","    16,742 horas","    1,650 streamers","   12,517 espectadores",    125 canales,"  1,298 espectadores",    22 canales
122,Guild Wars 2,Julio,2018,"    583,653 horas","    40,841 horas","    4,014 streamers","    2,313 espectadores",    125 canales,    785 espectadores,    54 canales
170,The Witcher 3: Wild Hunt,Diciembre,2018,"    358,524 horas","    41,362 horas","    6,766 streamers","    4,945 espectadores",    125 canales,    482 espectadores,    55 canales
149,Terraria,Enero,2019,"    504,028 horas","    45,890 horas","    8,087 streamers",NA,    125 canales,    678 espectadores,    61 canales
141,Stardew Valley,Julio,2019,"    432,457 horas","    46,371 horas","    8,028 streamers","   15,449 espectadores",    125 canales,    582 espectadores,    62 canales
144,The Legend of Zelda: Ocarina of Time,Febrero,2023,"    853,478 horas","    32,282 horas","    3,756 streamers",NA,    125 canales,"  1,271 espectadores",    48 canales
154,Guild Wars 2,Julio,2023,"    980,449 horas","    44,349 horas","    3,445 streamers","    5,568 espectadores",    125 canales,"  1,319 espectadores",NA
26,Street Fighter V,Mayo,2017,"  2,637,768 horas","    29,251 horas","    4,901 streamers","   53,647 espectadores",    126 canales,"  3,550 espectadores",NA
142,The Witcher 3: Wild Hunt,Noviembre,2018,"    403,731 horas","    41,275 horas","    6,936 streamers","    4,326 espectadores",    126 canales,    561 espectadores,NA
128,iRacing,Noviembre,2019,"    438,734 horas","    29,020 horas","    2,542 streamers","    2,587 espectadores",    126 canales,    610 espectadores,    40 canales
165,Star Citizen,Marzo,2022,"    796,298 horas","    40,163 horas","    3,205 streamers","   13,323 espectadores",    126 canales,"  1,071 espectadores",    54 canales
156,Roblox,Mayo,2018,"    299,104 horas","    42,449 horas","   11,619 streamers","   30,358 espectadores",    127 canales,    402 espectadores,    57 canales
170,Stardew Valley,Enero,2019,"    413,479 horas","    50,706 horas","    8,805 streamers","    6,606 espectadores",    127 canales,    556 espectadores,    68 canales
128,Bloodborne,Agosto,2020,"    975,113 horas","    51,224 horas","    5,536 streamers",NA,    127 canales,"  1,312 espectadores",NA
147,Star Citizen,Agosto,2020,"    838,808 horas","    38,260 horas","    2,630 streamers","   23,620 espectadores",    127 canales,"  1,128 espectadores",    51 canales
135,Tekken 7,Febrero,2021,"  1,079,433 horas","    54,745 horas","    7,423 streamers","    9,685 espectadores",    127 canales,"  1,608 espectadores",    81 canales
187,Guild Wars 2,Enero,2022,"    796,180 horas","    42,950 horas","    3,671 streamers","   23,850 espectadores",    127 canales,"  1,071 espectadores",    57 canales
77,Chess,Agosto,2024,"  2,755,940 horas","    42,482 horas","    5,859 streamers","   28,577 espectadores",    127 canales,NA,    57 canales
111,Street Fighter V,Enero,2021,"  1,388,220 horas","    49,038 horas","    4,588 streamers","   31,577 espectadores",    128 canales,"  1,868 espectadores",    66 canales
134,The Legend of Zelda: Ocarina of Time,Enero,2023,"  1,049,675 horas","    36,189 horas","    3,799 streamers","   10,966 espectadores",    128 canales,"  1,412 espectadores",    48 canales
179,Bloodborne,Marzo,2023,"    715,024 horas","    43,451 horas","    8,258 streamers","   49,403 espectadores",    128 canales,    962 espectadores,    58 canales
139,Bloodborne,Enero,2024,"  1,088,670 horas","    47,287 horas","    8,229 streamers","   16,215 espectadores",    128 canales,NA,    63 canales
180,Bloodborne,Julio,2024,"    658,226 horas","    52,014 horas","   10,271 streamers",NA,    128 canales,    885 espectadores,    70 canales
146,The Witcher 3: Wild Hunt,Octubre,2017,"    255,684 horas","    38,006 horas","    6,774 streamers","    2,329 espectadores",    129 canales,    344 espectadores,    51 canales
91,The Legend of Zelda: Ocarina of Time,Octubre,2019,"    802,983 horas","    23,702 horas","    1,833 streamers","    8,889 espectadores",    129 canales,"  1,080 espectadores",NA
129,Star Citizen,Julio,2020,"  1,048,574 horas","    42,965 horas","    2,556 streamers","    4,973 espectadores",    129 canales,"  1,411 espectadores",    57 canales
125,Tekken 7,Enero,2021,"  1,235,924 horas","    63,175 horas","    8,301 streamers","   19,366 espectadores",    129 canales,"  1,663 espectadores",    85 canales
107,Street Fighter V,Noviembre,2021,"  1,783,581 horas","    39,954 horas","    3,580 streamers","   29,734 espectadores",    129 canales,NA,    55 canales
168,Super Smash Bros. Melee,Enero,2022,"    914,505 horas","    20,640 horas","    2,951 streamers","   17,394 espectadores",    129 canales,"  1,230 espectadores",    27 canales
52,Chess,Mayo,2022,"  4,627,922 horas","    41,994 horas","    5,792 streamers","   76,855 espectadores",    129 canales,"  6,228 espectadores",    56 canales
111,Tekken 7,Octubre,2022,"  1,471,896 horas","    53,043 horas","    8,096 streamers","   26,823 espectadores",    129 canales,"  1,981 espectadores",    71 canales
151,The Legend of Zelda: Ocarina of Time,Enero,2024,"    981,467 horas","    37,307 horas","    3,800 streamers","   90,948 espectadores",    129 canales,"  1,320 espectadores",    50 canales
188,Guild Wars 2,Octubre,2020,"    574,878 horas","    42,453 horas","    3,060 streamers","    2,196 espectadores",    130 canales,NA,    57 canales
195,iRacing,Junio,2017,"    139,492 horas","    11,507 horas","    1,025 streamers","    1,638 espectadores",    131 canales,    194 espectadores,NA
108,The Witcher 3: Wild Hunt,Mayo,2019,"    673,836 horas","    46,001 horas","    7,064 streamers","    7,461 espectadores",    131 canales,    906 espectadores,    61 canales
63,Age of Empires II,Noviembre,2020,"  2,768,163 horas","    45,414 horas","    4,081 streamers","   17,803 espectadores",    131 canales,"  3,850 espectadores",    63 canales
111,Star Citizen,Febrero,2023,"  1,150,540 horas","    42,428 horas","    3,779 streamers","   17,872 espectadores",    131 canales,"  1,714 espectadores",    63 canales
121,Guild Wars 2,Marzo,2018,"    384,560 horas","    35,319 horas","    3,620 streamers","    1,920 espectadores",    132 canales,    517 espectadores,    47 canales
112,The Witcher 3: Wild Hunt,Octubre,2018,"    612,415 horas","    45,903 horas","    7,456 streamers",NA,    132 canales,    824 espectadores,    61 canales
91,The Legend of Zelda: Ocarina of Time,Enero,2019,"    944,530 horas","    31,779 horas","    2,590 streamers","    7,391 espectadores",    132 canales,"  1,271 espectadores",    42 canales
102,Stardew Valley,Abril,2019,"    724,044 horas","    54,475 horas","    8,973 streamers","   12,749 espectadores",    132 canales,"  1,007 espectadores",NA
129,Tekken 7,Septiembre,2021,"  1,286,422 horas","    60,314 horas","    6,098 streamers","   13,367 espectadores",    132 canales,"  1,789 espectadores",NA
39,Chess,Abril,2022,"  5,494,842 horas","    44,729 horas","    6,298 streamers","   84,159 espectadores",    132 canales,NA,    62 canales
73,The Witcher 3: Wild Hunt,Febrero,2016,"    437,326 horas","    43,966 horas","    7,843 streamers","    8,528 espectadores",    133 canales,    629 espectadores,    63 canales
115,The Witcher 3: Wild Hunt,Septiembre,2017,"    360,796 horas","    39,264 horas","    5,788 streamers","    5,459 espectadores",    133 canales,    501 espectadores,    54 canales
101,Tekken 7,Agosto,2020,"  1,291,964 horas","    60,067 horas","    7,428 streamers","   15,365 espectadores",    133 canales,"  1,738 espectadores",NA
160,Guild Wars 2,Junio,2021,"    882,529 horas","    42,401 horas","    2,905 streamers","    3,967 espectadores",    133 canales,"  1,227 espectadores",    58 canales
44,Chess,Septiembre,2022,"  5,313,013 horas","    41,464 horas","    5,950 streamers","   64,957 espectadores",    133 canales,"  7,389 espectadores",    57 canales
46,Chess,Abril,2024,"  5,418,786 horas","    43,539 horas","    6,327 streamers","  129,792 espectadores",    133 canales,"  7,536 espectadores",    60 canales
117,Dofus,Julio,2019,"    521,012 horas","    15,054 horas","    1,251 streamers","    9,282 espectadores",    134 canales,    701 espectadores,    20 canales
164,Guild Wars 2,Abril,2020,"    585,250 horas","    43,362 horas","    3,143 streamers","    2,682 espectadores",    134 canales,    813 espectadores,    60 canales
175,The Legend of Zelda: Ocarina of Time,Julio,2020,"    668,550 horas","    40,326 horas","    3,116 streamers","    4,527 espectadores",    134 canales,    899 espectadores,    54 canales
153,Tekken 7,Abril,2022,"  1,055,900 horas","    50,324 horas","    6,980 streamers","   42,918 espectadores",    134 canales,"  1,468 espectadores",    69 canales
73,Chess,Octubre,2023,"  3,694,641 horas","    46,831 horas","    7,145 streamers","   25,438 espectadores",    134 canales,NA,    63 canales
27,Overwatch,Marzo,2016,"  2,735,563 horas","    58,336 horas","    5,321 streamers","   16,594 espectadores",    135 canales,NA,    78 canales
73,Bloodborne,Enero,2019,"  1,353,426 horas","    51,062 horas","    7,898 streamers","  245,345 espectadores",    135 canales,"  1,821 espectadores",    68 canales
123,Star Citizen,Marzo,2020,"    771,010 horas","    40,073 horas","    3,114 streamers","   11,899 espectadores",    135 canales,"  1,037 espectadores",NA
126,Tekken 7,Octubre,2021,"  1,270,109 horas","    58,820 horas","    5,916 streamers","   16,529 espectadores",    135 canales,NA,    79 canales
32,Chess,Marzo,2022,"  6,859,163 horas","    47,804 horas","    6,823 streamers","   86,411 espectadores",    135 canales,"  9,231 espectadores",    64 canales
68,Dark Souls III,Octubre,2019,"  1,124,801 horas","    55,648 horas","    7,739 streamers","   10,267 espectadores",    136 canales,"  1,513 espectadores",    74 canales
75,Street Fighter V,Octubre,2020,"  2,290,912 horas","    47,536 horas","    4,546 streamers","   46,923 espectadores",    136 canales,"  3,083 espectadores",    63 canales
90,Age of Empires II,Agosto,2021,"  2,653,409 horas","    48,384 horas","    4,023 streamers","   16,282 espectadores",    136 canales,"  3,571 espectadores",    65 canales
110,The Witcher 3: Wild Hunt,Marzo,2018,"    426,897 horas","    47,479 horas","    7,826 streamers","    5,594 espectadores",    137 canales,    574 espectadores,    63 canales
114,The Witcher 3: Wild Hunt,Abril,2018,"    466,786 horas","    46,821 horas","    7,806 streamers","    9,517 espectadores",    137 canales,    649 espectadores,    65 canales
192,Roblox,Junio,2018,"    272,716 horas","    55,185 horas","   15,360 streamers","    2,639 espectadores",    137 canales,    379 espectadores,    76 canales
108,Dark Souls III,Noviembre,2019,"    640,333 horas","    58,919 horas","    8,376 streamers","    4,237 espectadores",    137 canales,    890 espectadores,    81 canales
63,Street Fighter V,Febrero,2020,"  1,618,347 horas","    35,958 horas","    4,703 streamers","   19,199 espectadores",    137 canales,NA,NA
154,Bloodborne,Julio,2020,"    786,143 horas","    55,917 horas","    5,960 streamers","    9,583 espectadores",    137 canales,"  1,058 espectadores",NA
144,Star Citizen,Septiembre,2020,"    765,296 horas","    38,274 horas","    2,849 streamers","   72,123 espectadores",    137 canales,"  1,064 espectadores",    53 canales
131,Super Smash Bros. Melee,Enero,2021,"  1,153,467 horas","    31,732 horas","    3,646 streamers","   31,073 espectadores",    137 canales,"  1,552 espectadores",NA
67,Chess,Julio,2024,"  3,255,142 horas","    42,026 horas","    6,128 streamers","   29,641 espectadores",    137 canales,"  4,381 espectadores",    56 canales
84,The Witcher 3: Wild Hunt,Julio,2017,"    612,737 horas","    51,198 horas","    7,744 streamers",NA,    138 canales,    824 espectadores,NA
74,Dark Souls III,Septiembre,2018,"    800,375 horas","    57,852 horas","    9,613 streamers","    9,922 espectadores",    138 canales,"  1,113 espectadores",NA
162,The Witcher 3: Wild Hunt,Abril,2024,"    909,812 horas","    44,824 horas","    5,496 streamers","   17,336 espectadores",    138 canales,"  1,265 espectadores",    62 canales
61,Chess,Junio,2024,"  3,556,848 horas","    41,006 horas","    6,148 streamers","   47,180 espectadores",    138 canales,"  4,946 espectadores",    57 canales
171,Roblox,Abril,2018,"    232,544 horas","    45,138 horas","   11,759 streamers","    7,659 espectadores",    139 canales,    323 espectadores,NA
92,The Witcher 3: Wild Hunt,Mayo,2018,"    674,109 horas","    46,255 horas","    7,660 streamers","   11,395 espectadores",    139 canales,    907 espectadores,    62 canales
152,Guild Wars 2,Enero,2019,"    494,679 horas","    36,879 horas","    3,639 streamers","    2,847 espectadores",    139 canales,    665 espectadores,    49 canales
99,Tekken 7,Marzo,2020,"  1,001,346 horas","    47,567 horas","    7,353 streamers","   19,861 espectadores",    139 canales,NA,NA
168,Guild Wars 2,Octubre,2021,"    800,311 horas","    43,144 horas","    2,993 streamers","   14,261 espectadores",    139 canales,"  1,077 espectadores",    58 canales
107,Guild Wars 2,Noviembre,2017,"    437,543 horas","    30,674 horas","    3,132 streamers","    3,280 espectadores",    140 canales,    608 espectadores,    42 canales
90,Super Smash Bros. Melee,Noviembre,2020,"  1,784,902 horas","    25,192 horas","    2,895 streamers","   52,947 espectadores",    140 canales,"  2,482 espectadores",    35 canales
123,Tekken 7,Agosto,2021,"  1,543,893 horas","    65,076 horas","    6,869 streamers","   30,309 espectadores",    140 canales,"  2,077 espectadores",NA
116,The Legend of Zelda: Ocarina of Time,Marzo,2023,"  1,292,727 horas","    35,423 horas","    3,988 streamers","   87,987 espectadores",    140 canales,"  1,739 espectadores",    47 canales
76,The Legend of Zelda: Ocarina of Time,Septiembre,2018,"    783,846 horas","    25,917 horas","    1,965 streamers","    7,358 espectadores",    141 canales,"  1,090 espectadores",    36 canales
51,Chess,Agosto,2022,"  4,987,828 horas","    43,073 horas","    6,061 streamers","   40,559 espectadores",    141 canales,"  6,713 espectadores",    57 canales
164,Guild Wars 2,Septiembre,2023,"    764,821 horas","    45,154 horas","    3,418 streamers",NA,    141 canales,"  1,063 espectadores",    62 canales
154,The Witcher 3: Wild Hunt,Febrero,2024,"    943,757 horas","    45,962 horas","    5,738 streamers","   10,393 espectadores",    141 canales,NA,    66 canales
33,Street Fighter V,Marzo,2017,"  2,888,232 horas","    32,244 horas","    4,095 streamers","   62,099 espectadores",    142 canales,"  3,887 espectadores",    43 canales
58,The Witcher 3: Wild Hunt,Enero,2018,"  1,192,398 horas","    56,267 horas","    8,799 streamers",NA,    142 canales,NA,NA
187,Guild Wars 2,Enero,2021,"    638,209 horas","    46,233 horas","    3,115 streamers","    4,430 espectadores",    142 canales,NA,    62 canales
101,Tekken 7,Marzo,2023,"  1,616,637 horas","    57,049 horas","    9,374 streamers","   78,723 espectadores",    142 canales,"  2,175 espectadores",    76 canales
92,The Witcher 3: Wild Hunt,Agosto,2018,"    768,344 horas","    48,985 horas","    7,822 streamers","   15,143 espectadores",    143 canales,"  1,034 espectadores",    65 canales
102,Tekken 7,Diciembre,2020,"  1,515,554 horas","    62,516 horas","    7,980 streamers","   45,874 espectadores",    143 canales,"  2,039 espectadores",    84 canales
75,Street Fighter V,Mayo,2021,"  3,024,586 horas","    58,220 horas","    5,149 streamers",NA,    143 canales,"  4,070 espectadores",    78 canales
191,Guild Wars 2,Mayo,2021,"    845,424 horas","    47,360 horas","    3,228 streamers","    4,383 espectadores",    143 canales,"  1,137 espectadores",    63 canales
103,Tekken 7,Julio,2021,"  1,686,212 horas","    71,030 horas","    8,106 streamers","   33,520 espectadores",    143 canales,"  2,269 espectadores",    95 canales
162,The Witcher 3: Wild Hunt,Agosto,2022,"    970,711 horas","    49,807 horas","    6,800 streamers","   10,829 espectadores",    143 canales,"  1,306 espectadores",NA
118,Star Citizen,Septiembre,2023,"  1,198,395 horas","    41,415 horas","    3,386 streamers","   15,003 espectadores",    143 canales,"  1,666 espectadores",    57 canales
70,Dark Souls III,Octubre,2017,"    784,912 horas","    59,205 horas","   10,697 streamers","    6,831 espectadores",    144 canales,NA,    79 canales
182,Bloodborne,Septiembre,2020,"    591,704 horas","    54,098 horas","    5,563 streamers","    6,607 espectadores",    144 canales,    822 espectadores,    75 canales
63,Age of Empires II,Junio,2021,"  3,543,852 horas","    47,864 horas","    3,909 streamers","   28,661 espectadores",    144 canales,"  4,928 espectadores",    66 canales
97,Tekken 7,Septiembre,2022,"  1,931,393 horas","    64,270 horas","   10,208 streamers","   56,468 espectadores",    144 canales,"  2,686 espectadores",    89 canales
158,The Witcher 3: Wild Hunt,Junio,2023,"    706,587 horas","    43,094 horas","    5,847 streamers","   15,751 espectadores",    144 canales,    982 espectadores,    59 canales
187,The Legend of Zelda: Ocarina of Time,Febrero,2024,"    694,686 horas","    32,852 horas","    3,552 streamers","    5,760 espectadores",    144 canales,NA,    47 canales
102,Bloodborne,Junio,2020,"  1,202,503 horas","    57,368 horas","    6,069 streamers","   25,978 espectadores",    145 canales,NA,    79 canales
136,Tekken 7,Abril,2021,"  1,296,482 horas","    63,164 horas","    7,542 streamers","   22,918 espectadores",    145 canales,"  1,803 espectadores",NA
78,Street Fighter V,Agosto,2022,"  2,712,739 horas","    42,167 horas","    5,235 streamers","  249,613 espectadores",    145 canales,"  3,651 espectadores",    56 canales
73,Street Fighter V,Febrero,2023,"  2,441,300 horas","    33,045 horas","    4,302 streamers","   77,867 espectadores",    145 canales,"  3,638 espectadores",NA
58,Chess,Noviembre,2023,"  3,299,232 horas","    46,295 horas","    6,596 streamers","   24,077 espectadores",    145 canales,"  4,588 espectadores",    64 canales
125,Star Citizen,Agosto,2024,"  1,318,281 horas","    38,540 horas","    2,671 streamers","    7,654 espectadores",    145 canales,"  1,774 espectadores",    51 canales
52,Bloodborne,Enero,2017,"  1,242,944 horas","    53,584 horas","    9,087 streamers","   16,804 espectadores",    146 canales,"  1,672 espectadores",    72 canales
31,VRChat,Diciembre,2017,"  2,858,834 horas","    20,645 horas","    3,518 streamers","   45,858 espectadores",    146 canales,"  3,847 espectadores",NA
117,Stardew Valley,Julio,2018,"    607,919 horas","    57,228 horas","    9,631 streamers","    9,503 espectadores",    146 canales,    818 espectadores,    77 canales
98,Stardew Valley,Marzo,2019,"    731,002 horas","    58,688 horas","    9,349 streamers","    8,380 espectadores",    146 canales,NA,    78 canales
110,iRacing,Septiembre,2019,"    543,243 horas","    31,791 horas","    2,936 streamers","   12,318 espectadores",    146 canales,    755 espectadores,    44 canales
170,The Legend of Zelda: Ocarina of Time,Septiembre,2020,"    640,773 horas","    37,907 horas","    3,085 streamers",NA,    146 canales,    891 espectadores,    52 canales
46,Chess,Octubre,2021,"  5,422,599 horas","    51,694 horas","    4,993 streamers","   70,446 espectadores",    146 canales,"  7,298 espectadores",    69 canales
54,Chess,Septiembre,2023,"  5,184,707 horas","    49,814 horas","    7,831 streamers",NA,    146 canales,"  7,210 espectadores",    69 canales
132,Dofus,Octubre,2023,"  1,211,835 horas","    27,491 horas","    1,789 streamers","   25,634 espectadores",    146 canales,NA,    37 canales
197,The Witcher 3: Wild Hunt,Enero,2024,"    631,209 horas","    53,266 horas","    6,348 streamers","    4,816 espectadores",    146 canales,    849 espectadores,    71 canales
178,Dofus,Marzo,2024,"    864,526 horas","    22,829 horas","    1,598 streamers",NA,    146 canales,"  1,163 espectadores",    30 canales
86,Bloodborne,Agosto,2024,"  2,247,190 horas","    49,105 horas","    9,119 streamers","  150,053 espectadores",    146 canales,"  3,024 espectadores",    66 canales
57,Chess,Septiembre,2024,"  3,951,334 horas","    40,284 horas","    5,760 streamers","   62,980 espectadores",    146 canales,"  5,495 espectadores",    56 canales
76,The Witcher 3: Wild Hunt,Enero,2016,"    466,001 horas","    55,249 horas","   10,895 streamers","    5,797 espectadores",    147 canales,    627 espectadores,    74 canales
53,The Witcher 3: Wild Hunt,Febrero,2017,"    974,635 horas","    45,399 horas","    7,079 streamers","   17,061 espectadores",    147 canales,"  1,452 espectadores",    67 canales
47,Chess,Junio,2023,"  4,394,324 horas","    53,234 horas","    9,690 streamers","   35,651 espectadores",    147 canales,"  6,111 espectadores",    74 canales
154,Dofus,Enero,2019,"    479,449 horas","    15,642 horas","    1,419 streamers","    7,157 espectadores",    148 canales,    645 espectadores,NA
130,The Witcher 3: Wild Hunt,Febrero,2019,"    484,263 horas","    44,450 horas","    7,030 streamers","   12,978 espectadores",    148 canales,NA,    66 canales
64,Star Citizen,Octubre,2019,"  1,339,676 horas","    40,022 horas","    3,116 streamers","   36,959 espectadores",    148 canales,"  1,803 espectadores",    53 canales
192,The Witcher 3: Wild Hunt,Julio,2022,"    670,310 horas","    47,938 horas","    6,677 streamers","    6,566 espectadores",    148 canales,    902 espectadores,    64 canales
32,Street Fighter V,Agosto,2017,"  1,939,050 horas","    30,571 horas","    4,464 streamers",NA,    149 canales,"  2,609 espectadores",NA
170,Roblox,Marzo,2018,"    238,291 horas","    46,648 horas","   11,613 streamers","   14,203 espectadores",    149 canales,    320 espectadores,    62 canales
97,Tekken 7,Septiembre,2020,"  1,452,124 horas","    58,270 horas","    7,088 streamers","   18,391 espectadores",    149 canales,"  2,019 espectadores",NA
49,Stardew Valley,Abril,2016,"    844,542 horas","    46,361 horas","    6,573 streamers","   15,377 espectadores",    150 canales,NA,    64 canales
62,Dark Souls III,Noviembre,2017,"    867,571 horas","    58,074 horas","   10,391 streamers","    5,970 espectadores",    150 canales,"  1,206 espectadores",    80 canales
76,Tekken 7,Febrero,2019,"  1,032,859 horas","    36,167 horas","    5,953 streamers","   43,736 espectadores",    150 canales,NA,    53 canales
65,Age of Empires II,Mayo,2021,"  3,506,906 horas","    55,620 horas","    4,451 streamers","   22,945 espectadores",    150 canales,"  4,719 espectadores",NA
144,Dark Souls III,Noviembre,2022,"    916,181 horas","    51,520 horas","    8,863 streamers","   14,196 espectadores",    150 canales,"  1,274 espectadores",    71 canales
172,The Witcher 3: Wild Hunt,Marzo,2023,"    766,702 horas","    47,321 horas","    6,495 streamers",NA,    150 canales,NA,NA
52,Bloodborne,Enero,2018,"  1,383,175 horas","    53,904 horas","    8,781 streamers","  215,882 espectadores",    151 canales,"  1,861 espectadores",    72 canales
111,Stardew Valley,Febrero,2019,"    605,679 horas","    40,916 horas","    7,200 streamers","   33,892 espectadores",    151 canales,NA,    60 canales
116,The Witcher 3: Wild Hunt,Marzo,2019,"    578,997 horas","    51,074 horas","    7,219 streamers","   13,004 espectadores",    151 canales,    779 espectadores,    68 canales
146,Guild Wars 2,Junio,2019,"    466,932 horas","    32,489 horas","    3,079 streamers","    4,777 espectadores",    151 canales,    649 espectadores,    45 canales
107,The Legend of Zelda: Ocarina of Time,Agosto,2020,"  1,200,195 horas","    39,177 horas","    3,190 streamers","   84,807 espectadores",    151 canales,"  1,615 espectadores",    52 canales
170,Star Citizen,Agosto,2021,"    913,307 horas","    42,028 horas","    2,909 streamers","   14,472 espectadores",    151 canales,"  1,229 espectadores",    56 canales
43,Chess,Noviembre,2021,"  7,138,907 horas","    49,517 horas","    4,814 streamers","  156,260 espectadores",    151 canales,"  9,928 espectadores",    68 canales
87,Tekken 7,Febrero,2023,"  1,741,285 horas","    48,795 horas","    8,053 streamers","   74,150 espectadores",    151 canales,"  2,595 espectadores",    72 canales
52,Chess,Julio,2023,"  4,725,187 horas","    51,901 horas","    9,178 streamers","   62,680 espectadores",    151 canales,"  6,359 espectadores",    69 canales
84,Star Citizen,Febrero,2020,"  1,000,199 horas","    35,701 horas","    2,896 streamers","    9,990 espectadores",    152 canales,"  1,439 espectadores",    51 canales
157,Roblox,Febrero,2018,"    218,404 horas","    38,487 horas","    8,804 streamers","   43,531 espectadores",    153 canales,    325 espectadores,NA
182,iRacing,Mayo,2018,"    226,389 horas","    18,908 horas","    1,533 streamers","    2,021 espectadores",    153 canales,NA,NA
130,The Witcher 3: Wild Hunt,Septiembre,2019,"    458,025 horas","    46,508 horas","    6,581 streamers","    3,734 espectadores",    153 canales,    637 espectadores,    64 canales
193,The Legend of Zelda: Ocarina of Time,Junio,2021,"    721,669 horas","    37,154 horas","    3,150 streamers","   11,640 espectadores",    153 canales,"  1,003 espectadores",    51 canales
95,Street Fighter V,Febrero,2022,"  1,695,999 horas","    35,549 horas","    4,709 streamers","  143,276 espectadores",    153 canales,"  2,527 espectadores",    52 canales
41,Chess,Diciembre,2022,"  5,731,298 horas","    45,397 horas","    8,391 streamers","   93,899 espectadores",    153 canales,"  7,713 espectadores",    61 canales
112,Guild Wars 2,Marzo,2023,"  1,346,016 horas","    47,948 horas","    3,954 streamers","   14,810 espectadores",    153 canales,"  1,811 espectadores",    64 canales
33,Street Fighter V,Diciembre,2019,"  3,754,280 horas","    41,227 horas","    4,478 streamers","  112,182 espectadores",    154 canales,"  5,052 espectadores",    55 canales
54,Age of Empires II,Marzo,2021,"  4,615,389 horas","    49,965 horas","    4,074 streamers","   71,248 espectadores",    154 canales,"  6,211 espectadores",    67 canales
138,The Legend of Zelda: Ocarina of Time,Julio,2022,"  1,147,373 horas","    35,502 horas","    3,763 streamers",NA,    154 canales,"  1,544 espectadores",NA
182,Guild Wars 2,Octubre,2022,"    820,638 horas","    49,595 horas","    4,049 streamers",NA,    154 canales,"  1,104 espectadores",    66 canales
57,Chess,Enero,2024,"  4,238,479 horas","    49,771 horas","    8,103 streamers","   35,083 espectadores",    154 canales,"  5,704 espectadores",    66 canales
75,VRChat,Julio,2019,"    934,888 horas","    54,954 horas","    5,509 streamers",NA,    155 canales,"  1,258 espectadores",    73 canales
158,Guild Wars 2,Septiembre,2020,"    721,030 horas","    50,248 horas","    3,716 streamers","    4,194 espectadores",    155 canales,"  1,002 espectadores",    69 canales
199,The Legend of Zelda: Ocarina of Time,Marzo,2021,"    776,888 horas","    44,938 horas","    3,882 streamers","    7,995 espectadores",    155 canales,"  1,045 espectadores",NA
171,Guild Wars 2,Julio,2021,"    860,931 horas","    42,132 horas","    3,040 streamers","   55,773 espectadores",    155 canales,"  1,158 espectadores",    56 canales
147,The Witcher 3: Wild Hunt,Septiembre,2022,"  1,045,971 horas","    47,361 horas","    6,479 streamers","    9,680 espectadores",    155 canales,"  1,454 espectadores",NA
99,Tekken 7,Abril,2023,"  1,751,236 horas","    64,000 horas","    9,543 streamers","   85,825 espectadores",    155 canales,"  2,435 espectadores",    89 canales
72,The Legend of Zelda: Ocarina of Time,Marzo,2019,"  1,094,554 horas","    32,180 horas","    2,574 streamers","   12,059 espectadores",    156 canales,"  1,473 espectadores",    43 canales
137,The Witcher 3: Wild Hunt,Abril,2019,"    492,038 horas","    48,317 horas","    7,278 streamers",NA,    156 canales,    684 espectadores,    67 canales
102,Terraria,Enero,2020,"    925,457 horas","    53,382 horas","    9,155 streamers","  185,307 espectadores",    156 canales,"  1,245 espectadores",    71 canales
165,Terraria,Marzo,2020,"    512,677 horas","    51,247 horas","    8,647 streamers","   19,929 espectadores",    156 canales,    690 espectadores,    68 canales
143,Bloodborne,Octubre,2020,"    856,847 horas","    55,466 horas","    6,037 streamers","   25,325 espectadores",    156 canales,"  1,153 espectadores",    74 canales
50,Tekken 7,Junio,2021,"  4,587,708 horas","    65,592 horas","    7,721 streamers","   70,777 espectadores",    156 canales,"  6,380 espectadores",    91 canales
44,Dark Souls III,Septiembre,2017,"  1,241,888 horas","    67,118 horas","   11,739 streamers","   17,419 espectadores",    157 canales,"  1,727 espectadores",NA
126,The Legend of Zelda: Ocarina of Time,Abril,2020,"    874,724 horas","    39,493 horas","    2,719 streamers",NA,    157 canales,"  1,216 espectadores",    54 canales
32,Chess,Julio,2020,"  6,710,713 horas","    54,921 horas","    7,403 streamers","  103,274 espectadores",    157 canales,"  9,031 espectadores",    73 canales
67,Age of Empires II,Febrero,2021,"  2,891,396 horas","    50,758 horas","    4,373 streamers","   31,400 espectadores",    157 canales,"  4,309 espectadores",    75 canales
46,The Witcher 3: Wild Hunt,Junio,2017,"  1,182,523 horas","    56,757 horas","    8,898 streamers","   11,080 espectadores",    158 canales,"  1,644 espectadores",NA
68,Tekken 7,Marzo,2019,"  1,197,400 horas","    42,427 horas","    7,368 streamers",NA,    158 canales,"  1,611 espectadores",    57 canales
84,VRChat,Agosto,2019,"    855,392 horas","    54,274 horas","    5,427 streamers","    7,419 espectadores",    158 canales,"  1,151 espectadores",    73 canales
149,Guild Wars 2,Septiembre,2019,"    380,959 horas","    31,769 horas","    3,065 streamers","    3,121 espectadores",    158 canales,    529 espectadores,    44 canales
125,Star Citizen,Diciembre,2021,"  1,328,839 horas","    57,034 horas","    3,038 streamers","    7,756 espectadores",    158 canales,"  1,788 espectadores",NA
48,Tekken 7,Diciembre,2019,"  2,513,646 horas","    48,171 horas","    8,448 streamers",NA,    159 canales,"  3,383 espectadores",    64 canales
130,Super Smash Bros. Melee,Junio,2020,"    858,578 horas","    22,544 horas","    3,215 streamers","   25,324 espectadores",    159 canales,"  1,194 espectadores",    31 canales
145,Tekken 7,Mayo,2021,"  1,146,631 horas","    69,216 horas","    7,744 streamers",NA,    159 canales,NA,    93 canales
175,Bloodborne,Julio,2021,"    852,486 horas","    65,449 horas","    7,026 streamers","   16,132 espectadores",    159 canales,"  1,147 espectadores",NA
171,Dark Souls III,Octubre,2022,"    892,617 horas","    55,728 horas","    9,060 streamers","   12,122 espectadores",    159 canales,NA,    75 canales
65,Chess,Febrero,2024,"  3,542,872 horas","    45,024 horas","    7,015 streamers","   41,766 espectadores",    159 canales,NA,    64 canales
53,Tekken 7,Diciembre,2018,"  2,109,043 horas","    41,646 horas","    7,879 streamers","   58,587 espectadores",    160 canales,NA,    56 canales
55,Dofus,Octubre,2020,"  3,665,436 horas","    46,631 horas","    2,614 streamers",NA,    160 canales,NA,    62 canales
34,Chess,Noviembre,2020,"  8,028,058 horas","    54,142 horas","    6,648 streamers",NA,    160 canales," 11,165 espectadores",    75 canales
37,Chess,Agosto,2021,"  7,899,228 horas","    61,942 horas","    6,994 streamers","  189,970 espectadores",    160 canales," 10,631 espectadores",    83 canales
88,The Legend of Zelda: Ocarina of Time,Abril,2019,"    892,756 horas","    31,954 horas","    2,641 streamers","    9,574 espectadores",    161 canales,"  1,241 espectadores",    44 canales
61,Star Citizen,Noviembre,2019,"  1,531,137 horas","    36,832 horas","    3,031 streamers","   44,758 espectadores",    161 canales,NA,    51 canales
109,The Legend of Zelda: Ocarina of Time,Diciembre,2019,"    680,717 horas","    24,458 horas","    1,881 streamers","    8,809 espectadores",    161 canales,    916 espectadores,    32 canales
143,The Legend of Zelda: Ocarina of Time,Junio,2020,"    738,090 horas","    38,555 horas","    2,792 streamers",NA,    161 canales,"  1,026 espectadores",    53 canales
181,Star Citizen,Abril,2021,"    877,736 horas","    40,912 horas","    2,598 streamers","    5,295 espectadores",    161 canales,"  1,220 espectadores",NA
104,Guild Wars 2,Junio,2023,"  1,335,396 horas","    42,469 horas","    3,188 streamers","   16,667 espectadores",    161 canales,"  1,857 espectadores",NA
83,VRChat,Octubre,2019,"    862,598 horas","    52,941 horas","    5,173 streamers","    4,508 espectadores",    162 canales,"  1,160 espectadores",    71 canales
100,The Legend of Zelda: Ocarina of Time,Marzo,2020,"    994,485 horas","    33,818 horas","    2,662 streamers","   24,279 espectadores",    162 canales,"  1,338 espectadores",    45 canales
193,Stardew Valley,Mayo,2020,"    548,637 horas","    68,427 horas","    9,308 streamers","    4,282 espectadores",    162 canales,    738 espectadores,    92 canales
92,Street Fighter V,Marzo,2021,"  2,300,039 horas","    66,026 horas","    6,256 streamers","   10,201 espectadores",    162 canales,"  3,095 espectadores",    88 canales
162,Dark Souls III,Julio,2022,"    837,317 horas","    65,003 horas","   11,891 streamers","   10,426 espectadores",    162 canales,"  1,126 espectadores",    87 canales
122,Star Citizen,Septiembre,2024,"  1,594,387 horas","    52,219 horas","    3,406 streamers",NA,    162 canales,"  2,217 espectadores",NA
76,VRChat,Diciembre,2019,"  1,217,636 horas","    55,274 horas","    6,052 streamers","   13,055 espectadores",    163 canales,"  1,638 espectadores",    74 canales
41,Chess,Febrero,2022,"  6,337,943 horas","    48,591 horas","    7,068 streamers","   46,915 espectadores",    163 canales,"  9,445 espectadores",NA
74,Dark Souls III,Julio,2019,"    944,328 horas","    73,566 horas","   10,845 streamers","    5,770 espectadores",    164 canales,"  1,270 espectadores",    99 canales
85,VRChat,Septiembre,2019,"    791,018 horas","    48,107 horas","    5,024 streamers","    8,361 espectadores",    164 canales,"  1,100 espectadores",    66 canales
167,Dark Souls III,Marzo,2023,"    794,899 horas","    59,453 horas","   10,628 streamers","   25,922 espectadores",    164 canales,"  1,069 espectadores",    80 canales
110,Star Citizen,Julio,2023,"  1,365,757 horas","    53,231 horas","    3,812 streamers","   12,308 espectadores",    164 canales,"  1,838 espectadores",    71 canales
42,Chess,Agosto,2023,"  6,751,904 horas","    56,401 horas","    9,313 streamers","  168,327 espectadores",    164 canales,"  9,087 espectadores",    75 canales
92,Age of Empires II,Marzo,2024,"  2,248,772 horas","    35,388 horas","    3,820 streamers","   98,131 espectadores",    164 canales,NA,    47 canales
137,Roblox,Agosto,2018,"    377,715 horas","    71,075 horas","   17,731 streamers","   47,446 espectadores",    165 canales,    508 espectadores,    95 canales
102,iRacing,Agosto,2019,"    630,582 horas","    31,919 horas","    2,796 streamers","    8,962 espectadores",    165 canales,    848 espectadores,    42 canales
137,The Legend of Zelda: Ocarina of Time,Mayo,2020,"    961,218 horas","    44,230 horas","    3,004 streamers","   18,952 espectadores",    165 canales,"  1,293 espectadores",    59 canales
191,Star Citizen,Marzo,2021,"    818,159 horas","    38,203 horas","    2,464 streamers","   44,615 espectadores",    165 canales,"  1,101 espectadores",NA
179,The Legend of Zelda: Ocarina of Time,Agosto,2022,"    803,120 horas","    35,173 horas","    3,718 streamers","   18,192 espectadores",    165 canales,"  1,080 espectadores",    47 canales
195,The Witcher 3: Wild Hunt,Julio,2023,"    670,685 horas","    55,237 horas","    7,889 streamers","    4,441 espectadores",    165 canales,    902 espectadores,    74 canales
133,Guild Wars 2,Mayo,2019,"    526,562 horas","    39,636 horas","    3,800 streamers","    3,010 espectadores",    166 canales,    708 espectadores,    53 canales
76,Dark Souls III,Agosto,2019,"    980,870 horas","    70,139 horas","   10,061 streamers","    5,214 espectadores",    166 canales,"  1,320 espectadores",    94 canales
141,Bloodborne,Mayo,2021,"  1,168,782 horas","    66,140 horas","    7,249 streamers","   24,221 espectadores",    166 canales,"  1,573 espectadores",    89 canales
113,Street Fighter V,Marzo,2022,"  1,304,334 horas","    37,820 horas","    4,737 streamers",NA,    166 canales,"  1,755 espectadores",    50 canales
155,iRacing,Marzo,2018,"    257,832 horas","    18,474 horas","    1,513 streamers","    1,786 espectadores",    168 canales,    347 espectadores,    24 canales
114,Stardew Valley,Agosto,2018,"    519,548 horas","    59,627 horas","   10,264 streamers","    3,914 espectadores",    168 canales,NA,    80 canales
93,Bloodborne,Mayo,2020,"  1,674,821 horas","    64,377 horas","    6,485 streamers","   32,120 espectadores",    168 canales,"  2,254 espectadores",    86 canales
138,Roblox,Julio,2018,"    437,829 horas","    66,820 horas","   17,097 streamers","   37,490 espectadores",    169 canales,    589 espectadores,NA
163,The Legend of Zelda: Ocarina of Time,Julio,2021,"    927,501 horas","    34,775 horas","    3,099 streamers","   13,109 espectadores",    169 canales,"  1,248 espectadores",    46 canales
148,The Witcher 3: Wild Hunt,Mayo,2022,"  1,026,993 horas","    57,349 horas","    7,412 streamers","    6,944 espectadores",    169 canales,"  1,382 espectadores",    77 canales
65,VRChat,Mayo,2018,"  1,257,583 horas","    59,660 horas","    5,391 streamers","    7,115 espectadores",    171 canales,"  1,692 espectadores",    80 canales
89,VRChat,Octubre,2018,"    883,409 horas","    57,283 horas","    5,414 streamers","    5,667 espectadores",    171 canales,"  1,188 espectadores",    77 canales
90,VRChat,Junio,2019,"    941,714 horas","    54,203 horas","    5,398 streamers","    6,906 espectadores",    171 canales,"  1,309 espectadores",    75 canales
66,Age of Empires II,Abril,2021,"  3,618,472 horas","    56,230 horas","    4,924 streamers","   52,743 espectadores",    171 canales,"  5,032 espectadores",    78 canales
186,The Witcher 3: Wild Hunt,Noviembre,2021,"    726,956 horas","    57,846 horas","    6,108 streamers","    7,936 espectadores",    171 canales,"  1,011 espectadores",    80 canales
31,Chess,Enero,2023,"  8,720,066 horas","    62,188 horas","   14,281 streamers","   65,445 espectadores",    171 canales," 11,736 espectadores",    83 canales
46,Chess,Mayo,2023,"  5,347,815 horas","    62,576 horas","   11,454 streamers","   41,452 espectadores",    171 canales,"  7,197 espectadores",    84 canales
56,The Witcher 3: Wild Hunt,Febrero,2018,"    940,791 horas","    55,793 horas","    8,680 streamers","   13,699 espectadores",    172 canales,"  1,402 espectadores",    83 canales
193,Stardew Valley,Julio,2020,"    545,181 horas","    71,286 horas","   10,088 streamers","    5,423 espectadores",    172 canales,    733 espectadores,    95 canales
37,Chess,Julio,2021,"  7,668,385 horas","    62,277 horas","    6,872 streamers","   58,457 espectadores",    172 canales," 10,320 espectadores",    83 canales
36,Chess,Enero,2022,"  8,048,959 horas","    55,691 horas","    8,830 streamers","   74,937 espectadores",    172 canales," 10,833 espectadores",    74 canales
145,Star Citizen,Septiembre,2022,"  1,058,500 horas","    49,355 horas","    3,878 streamers",NA,    172 canales,"  1,472 espectadores",    68 canales
68,Dark Souls III,Noviembre,2018,"  1,156,604 horas","    68,582 horas","   10,921 streamers","   16,759 espectadores",    173 canales,"  1,608 espectadores",    95 canales
117,The Legend of Zelda: Ocarina of Time,Noviembre,2019,"    554,904 horas","    25,575 horas","    1,851 streamers","    3,932 espectadores",    173 canales,    771 espectadores,    35 canales
155,Bloodborne,Diciembre,2020,"    872,406 horas","    67,013 horas","    7,406 streamers","   17,182 espectadores",    173 canales,"  1,174 espectadores",    90 canales
170,The Witcher 3: Wild Hunt,Abril,2022,"    819,955 horas","    54,924 horas","    7,863 streamers","   11,888 espectadores",    173 canales,"  1,140 espectadores",    76 canales
48,The Witcher 3: Wild Hunt,Junio,2018,"  1,830,436 horas","    56,835 horas","    9,461 streamers","   27,995 espectadores",    174 canales,"  2,545 espectadores",NA
70,VRChat,Julio,2018,"  1,121,070 horas","    62,234 horas","    5,559 streamers",NA,    174 canales,"  1,508 espectadores",    83 canales
105,VRChat,Noviembre,2018,"    718,914 horas","    51,167 horas","    5,325 streamers","    5,129 espectadores",    174 canales,NA,    71 canales
117,Star Citizen,Agosto,2022,"  1,556,807 horas","    60,995 horas","    4,656 streamers","   28,720 espectadores",    174 canales,"  2,095 espectadores",    82 canales
82,VRChat,Mayo,2019,"  1,017,644 horas","    55,290 horas","    5,469 streamers","    8,862 espectadores",    175 canales,"  1,369 espectadores",    74 canales
131,Tekken 7,Enero,2024,"  1,187,168 horas","    37,082 horas","    6,709 streamers","   51,759 espectadores",    175 canales,"  1,597 espectadores",    49 canales
89,Star Citizen,Junio,2024,"  1,755,594 horas","    53,937 horas","    3,769 streamers",NA,    175 canales,"  2,441 espectadores",    75 canales
74,The Legend of Zelda: Ocarina of Time,Febrero,2019,"  1,050,970 horas","    30,345 horas","    2,295 streamers","    8,240 espectadores",    176 canales,"  1,566 espectadores",    45 canales
77,Star Citizen,Enero,2020,"  1,229,011 horas","    47,548 horas","    3,674 streamers",NA,    176 canales,NA,    63 canales
44,Dark Souls III,Agosto,2017,"  1,315,225 horas","    74,965 horas","   12,989 streamers","   25,436 espectadores",    177 canales,"  1,770 espectadores",   100 canales
99,Star Citizen,Junio,2023,"  1,448,266 horas","    61,867 horas","    4,322 streamers","   10,793 espectadores",    177 canales,"  2,014 espectadores",    86 canales
187,Terraria,Junio,2024,"    628,426 horas","    72,182 horas","   13,986 streamers",NA,    177 canales,    874 espectadores,   100 canales
172,Terraria,Septiembre,2024,"    811,470 horas","    63,337 horas","   11,764 streamers","   20,046 espectadores",    177 canales,NA,NA
76,Guild Wars 2,Agosto,2017,"    749,783 horas","    44,992 horas","    4,645 streamers","   56,295 espectadores",    178 canales,"  1,009 espectadores",    60 canales
156,Roblox,Octubre,2018,"    337,059 horas","    58,017 horas","   13,898 streamers","    4,799 espectadores",    178 canales,    453 espectadores,NA
82,VRChat,Abril,2019,"    981,770 horas","    54,121 horas","    5,723 streamers","   13,372 espectadores",    178 canales,"  1,365 espectadores",    75 canales
86,Dark Souls III,Junio,2019,"    991,140 horas","    70,121 horas","   10,860 streamers",NA,    178 canales,"  1,378 espectadores",NA
86,The Witcher 3: Wild Hunt,Agosto,2019,"    814,762 horas","    61,504 horas","    8,064 streamers","    7,499 espectadores",    178 canales,"  1,096 espectadores",NA
134,Star Citizen,Enero,2022,"  1,279,269 horas","    53,116 horas","    3,991 streamers",NA,    178 canales,"  1,721 espectadores",    71 canales
182,Terraria,Agosto,2024,"    747,559 horas","    76,050 horas","   13,785 streamers","   11,532 espectadores",    178 canales,NA,   102 canales
73,VRChat,Marzo,2019,"  1,087,746 horas","    55,885 horas","    5,875 streamers",NA,    179 canales,"  1,463 espectadores",    75 canales
177,The Legend of Zelda: Ocarina of Time,Diciembre,2022,"    685,496 horas","    31,660 horas","    3,131 streamers","    6,810 espectadores",    179 canales,    922 espectadores,    42 canales
146,The Legend of Zelda: Ocarina of Time,Febrero,2021,"    991,582 horas","    44,971 horas","    4,043 streamers","    8,916 espectadores",    180 canales,"  1,477 espectadores",NA
138,Bloodborne,Noviembre,2021,"  1,233,253 horas","    68,622 horas","    7,423 streamers",NA,    180 canales,"  1,715 espectadores",    95 canales
86,Dark Souls III,Abril,2019,"    906,852 horas","    69,462 horas","   11,502 streamers","    7,151 espectadores",    181 canales,"  1,261 espectadores",NA
35,Chess,Septiembre,2021,"  7,318,024 horas","    56,201 horas","    6,174 streamers","   87,485 espectadores",    181 canales," 10,178 espectadores",    78 canales
115,Guild Wars 2,Septiembre,2021,"  1,558,513 horas","    55,781 horas","    3,748 streamers","   23,419 espectadores",    182 canales,"  2,167 espectadores",    77 canales
86,Star Citizen,Diciembre,2022,"  1,874,120 horas","    52,282 horas","    4,305 streamers","   34,699 espectadores",    182 canales,"  2,522 espectadores",NA
63,VRChat,Junio,2018,"  1,271,849 horas","    61,688 horas","    5,279 streamers","   12,889 espectadores",    183 canales,"  1,768 espectadores",    85 canales
168,Dark Souls III,Diciembre,2022,"    731,920 horas","    56,366 horas","   10,611 streamers","    9,871 espectadores",    183 canales,    985 espectadores,    75 canales
42,Dark Souls III,Diciembre,2016,"  1,460,530 horas","    73,218 horas","    3,195 streamers","   19,520 espectadores",    184 canales,"  1,965 espectadores",    98 canales
62,Dark Souls III,Mayo,2018,"  1,298,014 horas","    83,423 horas","   14,232 streamers","   18,369 espectadores",    184 canales,"  1,746 espectadores",   112 canales
142,Star Citizen,Enero,2021,"  1,037,363 horas","    47,845 horas","    2,938 streamers","    7,644 espectadores",    184 canales,"  1,396 espectadores",    64 canales
107,Sea of Thieves,Noviembre,2018,"    683,392 horas","    40,956 horas","    5,951 streamers","   21,558 espectadores",    185 canales,    950 espectadores,NA
121,Dark Souls III,Septiembre,2022,"  1,403,871 horas","    65,289 horas","   10,721 streamers","   15,059 espectadores",    185 canales,"  1,952 espectadores",    90 canales
183,Terraria,Abril,2024,"    760,620 horas","    72,654 horas","   14,355 streamers","    9,689 espectadores",    185 canales,NA,   101 canales
75,Dark Souls III,Agosto,2018,"    979,738 horas","    70,638 horas","   11,870 streamers","   10,996 espectadores",    186 canales,"  1,318 espectadores",    95 canales
145,Roblox,Noviembre,2018,"    397,946 horas","    58,655 horas","   14,294 streamers","   20,567 espectadores",    187 canales,NA,NA
155,Bloodborne,Abril,2021,"  1,114,162 horas","    67,853 horas","    7,500 streamers","   10,763 espectadores",    187 canales,"  1,549 espectadores",    94 canales
110,Star Citizen,Enero,2024,"  1,546,760 horas","    55,995 horas","    4,036 streamers","    9,294 espectadores",    187 canales,"  2,081 espectadores",    75 canales
76,Tekken 7,Agosto,2022,"  2,774,953 horas","    60,796 horas","    9,101 streamers","  204,274 espectadores",    188 canales,"  3,734 espectadores",    81 canales
149,Dark Souls III,Febrero,2023,"    815,159 horas","    60,906 horas","   11,024 streamers","    6,816 espectadores",    188 canales,"  1,214 espectadores",    90 canales
60,Dark Souls III,Junio,2017,"    899,746 horas","    76,837 horas","   14,537 streamers","   36,119 espectadores",    189 canales,"  1,251 espectadores",   106 canales
78,Street Fighter V,Agosto,2020,"  2,011,813 horas","    49,004 horas","    4,729 streamers","   36,339 espectadores",    189 canales,NA,    65 canales
176,Terraria,Septiembre,2020,"    628,590 horas","    70,217 horas","    9,135 streamers","   13,389 espectadores",    189 canales,    874 espectadores,    97 canales
157,The Witcher 3: Wild Hunt,Marzo,2022,"    888,136 horas","    63,008 horas","    8,850 streamers","    8,638 espectadores",    191 canales,NA,    84 canales
31,Chess,Abril,2023,"  9,295,618 horas","    66,180 horas","   13,622 streamers","  138,226 espectadores",    191 canales,NA,    92 canales
58,Dofus,Septiembre,2019,"  1,531,157 horas","    21,079 horas","    2,198 streamers","   23,871 espectadores",    192 canales,"  2,129 espectadores",NA
86,VRChat,Agosto,2018,"    858,328 horas","    59,746 horas","    5,277 streamers","    6,735 espectadores",    193 canales,"  1,155 espectadores",    80 canales
71,VRChat,Septiembre,2018,"    861,630 horas","    57,287 horas","    4,935 streamers","    5,137 espectadores",    194 canales,"  1,198 espectadores",    79 canales
75,Stardew Valley,Febrero,2020,"  1,143,276 horas","    78,398 horas","   11,774 streamers","   21,550 espectadores",    194 canales,"  1,645 espectadores",   112 canales
79,Star Citizen,Junio,2022,"  2,367,218 horas","    73,916 horas","    5,943 streamers","   31,913 espectadores",    194 canales,"  3,292 espectadores",   102 canales
23,Street Fighter V,Agosto,2018,"  5,226,447 horas","    42,173 horas","    5,754 streamers",NA,    195 canales,"  7,034 espectadores",    56 canales
158,Roblox,Septiembre,2018,"    344,191 horas","    58,812 horas","   15,298 streamers","    6,513 espectadores",    195 canales,NA,    81 canales
172,Terraria,Febrero,2022,"    702,441 horas","    75,142 horas","   17,385 streamers","   76,462 espectadores",    196 canales,NA,   111 canales
51,The Witcher 3: Wild Hunt,Julio,2019,"  1,650,524 horas","    70,223 horas","    9,779 streamers","   19,077 espectadores",    197 canales,"  2,221 espectadores",NA
141,Star Citizen,Abril,2022,"  1,119,804 horas","    50,268 horas","    4,089 streamers","   17,617 espectadores",    197 canales,"  1,557 espectadores",NA
141,Guild Wars 2,Septiembre,2022,"  1,096,757 horas","    63,173 horas","    5,523 streamers","    9,982 espectadores",    197 canales,"  1,525 espectadores",    87 canales
197,The Legend of Zelda: Ocarina of Time,Noviembre,2022,"    571,566 horas","    31,922 horas","    3,092 streamers","    7,394 espectadores",    197 canales,    794 espectadores,    44 canales
160,Stardew Valley,Abril,2020,"    594,118 horas","    83,374 horas","   11,201 streamers","    6,551 espectadores",    198 canales,NA,   115 canales
108,Bloodborne,Febrero,2021,"  1,357,865 horas","    67,229 horas","    7,573 streamers","   35,979 espectadores",    198 canales,"  2,023 espectadores",   100 canales
61,Star Citizen,Diciembre,2019,"  1,924,520 horas","    53,627 horas","    4,189 streamers","   30,882 espectadores",    199 canales,"  2,590 espectadores",NA
39,Chess,Febrero,2023,"  7,154,043 horas","    61,078 horas","   14,966 streamers",NA,    199 canales," 10,661 espectadores",    91 canales
105,Tekken 7,Agosto,2023,"  1,600,783 horas","    42,018 horas","    6,720 streamers","  194,929 espectadores",    199 canales,"  2,154 espectadores",    56 canales
48,Dark Souls III,Julio,2018,"  1,801,275 horas","    96,853 horas","   15,437 streamers","   17,686 espectadores",    200 canales,NA,NA
184,Terraria,Enero,2024,"    725,665 horas","    85,348 horas","   16,650 streamers","    7,310 espectadores",    200 canales,    976 espectadores,   114 canales
43,VRChat,Marzo,2018,"  1,854,373 horas","    65,634 horas","    5,717 streamers","   11,783 espectadores",    201 canales,"  2,495 espectadores",    88 canales
84,Street Fighter V,Septiembre,2020,"  1,655,823 horas","    59,773 horas","    7,645 streamers","   21,318 espectadores",    201 canales,NA,    83 canales
124,Star Citizen,Febrero,2021,"  1,202,706 horas","    48,055 horas","    3,238 streamers","   68,626 espectadores",    201 canales,"  1,792 espectadores",    71 canales
116,Guild Wars 2,Agosto,2021,"  1,678,170 horas","    61,701 horas","    4,248 streamers","   22,640 espectadores",    202 canales,"  2,258 espectadores",    83 canales
46,Bloodborne,Marzo,2016,"  1,166,144 horas","    75,375 horas","   13,446 streamers",NA,    203 canales,"  1,569 espectadores",   101 canales
50,Dark Souls III,Julio,2017,"  1,362,025 horas","    91,377 horas","   15,838 streamers","  199,098 espectadores",    203 canales,"  1,833 espectadores",   122 canales
26,Chess,Diciembre,2020," 12,107,143 horas","    76,445 horas","   10,640 streamers","   96,998 espectadores",    203 canales,NA,   102 canales
20,Street Fighter V,Abril,2016,"  3,333,695 horas","    44,268 horas","    7,748 streamers","   72,891 espectadores",    204 canales,"  4,636 espectadores",    61 canales
67,Bloodborne,Abril,2018,"    927,586 horas","    67,640 horas","   12,528 streamers","    9,012 espectadores",    204 canales,"  1,290 espectadores",    94 canales
36,Tekken 7,Septiembre,2018,"  3,358,915 horas","    48,991 horas","    8,892 streamers","   31,650 espectadores",    204 canales,"  4,671 espectadores",    68 canales
78,Street Fighter V,Agosto,2021,"  2,998,899 horas","    50,704 horas","    4,768 streamers","   56,550 espectadores",    204 canales,"  4,036 espectadores",    68 canales
27,Chess,Diciembre,2021," 10,746,987 horas","    54,582 horas","    5,316 streamers","  231,630 espectadores",    204 canales," 14,464 espectadores",    73 canales
111,Star Citizen,Abril,2020,"  1,099,094 horas","    43,049 horas","    2,874 streamers","   20,286 espectadores",    205 canales,"  1,528 espectadores",    59 canales
110,Terraria,Agosto,2020,"  1,178,579 horas","    87,420 horas","   10,693 streamers","   13,293 espectadores",    205 canales,"  1,586 espectadores",   117 canales
105,Star Citizen,Octubre,2021,"  1,658,767 horas","    33,654 horas","    2,044 streamers","   45,964 espectadores",    205 canales,"  2,232 espectadores",    45 canales
168,Terraria,Mayo,2022,"    830,331 horas","    82,481 horas","   17,037 streamers","   13,173 espectadores",    205 canales,"  1,117 espectadores",   111 canales
127,Guild Wars 2,Septiembre,2018,"    453,372 horas","    35,992 horas","    3,456 streamers","    6,084 espectadores",    207 canales,    630 espectadores,    50 canales
190,The Legend of Zelda: Ocarina of Time,Diciembre,2021,"    704,383 horas","    42,476 horas","    3,282 streamers","   87,517 espectadores",    207 canales,    948 espectadores,    57 canales
51,Bloodborne,Febrero,2016,"  1,099,246 horas","    77,531 horas","   12,994 streamers",NA,    208 canales,NA,   111 canales
137,The Legend of Zelda: Ocarina of Time,Noviembre,2020,"    974,066 horas","    40,555 horas","    3,035 streamers","   16,793 espectadores",    208 canales,"  1,354 espectadores",    56 canales
85,Star Citizen,Marzo,2023,"  2,012,532 horas","    60,704 horas","    5,018 streamers","   13,959 espectadores",    208 canales,"  2,708 espectadores",    81 canales
163,Stardew Valley,Diciembre,2023,"    836,029 horas","    77,990 horas","   15,734 streamers","   13,209 espectadores",    208 canales,"  1,125 espectadores",   104 canales
180,Terraria,Diciembre,2022,"    669,887 horas","    74,376 horas","   15,485 streamers","    7,827 espectadores",    209 canales,    901 espectadores,   100 canales
185,Terraria,Septiembre,2023,"    633,451 horas","    77,497 horas","   15,383 streamers","    4,966 espectadores",    210 canales,    881 espectadores,   107 canales
176,Stardew Valley,Octubre,2023,"    765,068 horas","    86,825 horas","   16,117 streamers","    4,938 espectadores",    210 canales,"  1,029 espectadores",   116 canales
62,Stardew Valley,Diciembre,2019,"  1,776,499 horas","    83,495 horas","   12,564 streamers",NA,    211 canales,"  2,390 espectadores",   112 canales
144,Terraria,Agosto,2023,"  1,018,440 horas","    94,146 horas","   18,879 streamers",NA,    211 canales,NA,   126 canales
16,Street Fighter V,Marzo,2016,"  5,004,563 horas","    61,023 horas","   11,677 streamers","   98,493 espectadores",    212 canales,"  6,735 espectadores",    82 canales
15,Street Fighter V,Julio,2016,"  4,959,825 horas","    39,250 horas","    7,200 streamers","  212,889 espectadores",    212 canales,"  6,675 espectadores",    52 canales
123,Bloodborne,Febrero,2022,"  1,130,738 horas","    67,933 horas","   12,999 streamers","   22,888 espectadores",    212 canales,NA,   101 canales
62,VRChat,Junio,2020,"  2,437,110 horas","    82,554 horas","    7,562 streamers",NA,    213 canales,"  3,389 espectadores",NA
169,Terraria,Mayo,2023,"    782,264 horas","    86,057 horas","   16,651 streamers","    8,553 espectadores",    214 canales,"  1,052 espectadores",   115 canales
144,Terraria,Octubre,2023,"  1,027,655 horas","    82,519 horas","   16,038 streamers","   13,892 espectadores",    215 canales,NA,   111 canales
66,Dark Souls III,Junio,2018,"  1,157,923 horas","    85,413 horas","   14,978 streamers","   12,258 espectadores",    217 canales,"  1,610 espectadores",   118 canales
176,iRacing,Agosto,2018,"    250,633 horas","    19,575 horas","    1,632 streamers","    3,203 espectadores",    217 canales,    337 espectadores,    26 canales
150,Stardew Valley,Noviembre,2020,"    878,089 horas","    79,119 horas","   11,995 streamers","   15,858 espectadores",    217 canales,"  1,221 espectadores",   110 canales
129,Dark Souls III,Agosto,2022,"  1,379,387 horas","    67,189 horas","   11,554 streamers","   15,170 espectadores",    218 canales,NA,    90 canales
144,Roblox,Octubre,2019,"    415,823 horas","    73,331 horas","   13,956 streamers","    5,088 espectadores",    219 canales,NA,    98 canales
118,The Witcher 3: Wild Hunt,Octubre,2020,"  1,134,225 horas","    80,839 horas","    8,626 streamers","   20,107 espectadores",    220 canales,"  1,526 espectadores",   108 canales
35,VRChat,Febrero,2018,"  2,551,347 horas","    62,520 horas","    6,816 streamers",NA,    221 canales,"  3,802 espectadores",    93 canales
50,Dark Souls III,Abril,2018,"  1,384,005 horas","    89,240 horas","   14,469 streamers","   12,238 espectadores",    221 canales,"  1,924 espectadores",   124 canales
59,Dark Souls III,Enero,2020,"  2,105,831 horas","    95,083 horas","   13,231 streamers","   13,970 espectadores",    221 canales,"  2,834 espectadores",   127 canales
157,The Witcher 3: Wild Hunt,Enero,2021,"    842,700 horas","    85,842 horas","    9,031 streamers",NA,    221 canales,"  1,134 espectadores",   115 canales
104,Terraria,Enero,2023,"  1,377,493 horas","    88,419 horas","   18,386 streamers","   91,142 espectadores",    221 canales,"  1,853 espectadores",NA
54,Dark Souls III,Febrero,2019,"  1,540,110 horas","    86,025 horas","   12,825 streamers","   18,803 espectadores",    222 canales,"  2,295 espectadores",   128 canales
192,Bloodborne,Marzo,2024,"    759,948 horas","    46,340 horas","    8,589 streamers",NA,    222 canales,NA,    62 canales
70,VRChat,Marzo,2020,"  1,622,188 horas","    66,846 horas","    6,981 streamers","   51,406 espectadores",    223 canales,"  2,183 espectadores",NA
35,Chess,Junio,2021,"  7,509,039 horas","    67,014 horas","    7,326 streamers","   52,737 espectadores",    223 canales," 10,443 espectadores",    93 canales
90,Star Citizen,Enero,2023,"  1,679,694 horas","    59,136 horas","    4,951 streamers","   18,408 espectadores",    223 canales,"  2,260 espectadores",    79 canales
147,Roblox,Mayo,2019,"    456,348 horas","    81,772 horas","   19,162 streamers","    6,236 espectadores",    224 canales,    614 espectadores,   110 canales
68,Destiny 2,Mayo,2017,"    765,060 horas","     1,326 horas",      482 streamers,"  465,627 espectadores",    225 canales,NA,     1 canales
134,Tekken 7,Marzo,2021,"  1,408,981 horas","    66,144 horas","    8,616 streamers","   14,493 espectadores",    225 canales,"  1,896 espectadores",NA
191,Stardew Valley,Noviembre,2023,"    724,199 horas","    84,101 horas","   15,723 streamers","   10,846 espectadores",    225 canales,NA,   116 canales
83,Stardew Valley,Enero,2020,"  1,150,623 horas","    89,011 horas","   13,002 streamers","   10,235 espectadores",    226 canales,NA,NA
185,The Witcher 3: Wild Hunt,Febrero,2021,"    666,938 horas","    70,960 horas","    8,201 streamers","    9,912 espectadores",    226 canales,    993 espectadores,   105 canales
147,Terraria,Junio,2022,"  1,003,117 horas","    87,258 horas","   17,803 streamers","   22,366 espectadores",    226 canales,"  1,395 espectadores",   121 canales
154,Guild Wars 2,Febrero,2023,"    761,739 horas","    36,044 horas","    3,272 streamers","   20,469 espectadores",    226 canales,"  1,135 espectadores",    53 canales
184,Guild Wars 2,Febrero,2024,"    728,344 horas","    35,867 horas","    2,746 streamers","   15,427 espectadores",    226 canales,NA,    51 canales
47,VRChat,Abril,2020,"  3,722,313 horas","    84,386 horas","    7,629 streamers","   70,578 espectadores",    228 canales,NA,   117 canales
104,The Witcher 3: Wild Hunt,Junio,2021,"  1,693,882 horas","    76,610 horas","    7,842 streamers","   18,333 espectadores",    228 canales,"  2,355 espectadores",   106 canales
151,Terraria,Julio,2022,"    970,641 horas","   105,363 horas","   21,168 streamers","   18,947 espectadores",    228 canales,"  1,306 espectadores",NA
58,Dark Souls III,Marzo,2019,"  1,632,070 horas","    94,156 horas","   14,322 streamers","   20,700 espectadores",    229 canales,NA,   126 canales
47,Dark Souls III,Febrero,2020,"  2,438,142 horas","    89,677 horas","   11,805 streamers","   14,657 espectadores",    229 canales,NA,   129 canales
46,Dark Souls III,Febrero,2017,"  1,079,802 horas","    76,025 horas","   14,007 streamers","   15,501 espectadores",    230 canales,"  1,609 espectadores",   113 canales
90,Star Citizen,Diciembre,2023,"  2,398,063 horas","    71,217 horas","    4,747 streamers","   45,169 espectadores",    230 canales,"  3,227 espectadores",    95 canales
151,Stardew Valley,Noviembre,2022,"    873,898 horas","    83,067 horas","   16,347 streamers","   18,408 espectadores",    231 canales,"  1,215 espectadores",   115 canales
33,Dark Souls III,Enero,2017,"  2,335,640 horas","    97,695 horas","   18,173 streamers","  271,174 espectadores",    232 canales,"  3,143 espectadores",   131 canales
120,Star Citizen,Octubre,2022,"  1,354,825 horas","    48,539 horas","    3,735 streamers","   46,718 espectadores",    232 canales,"  1,823 espectadores",    65 canales
74,Bloodborne,Abril,2016,"    446,631 horas","    62,170 horas","   11,832 streamers","   14,173 espectadores",    233 canales,    621 espectadores,    86 canales
91,Terraria,Julio,2021,"  2,119,549 horas","   101,076 horas","   12,716 streamers","   58,558 espectadores",    233 canales,"  2,852 espectadores",   136 canales
172,Roblox,Enero,2019,"    402,711 horas","    80,668 horas","   18,307 streamers","    9,433 espectadores",    234 canales,    542 espectadores,   108 canales
159,Terraria,Abril,2020,"    594,608 horas","    90,553 horas","   10,920 streamers","   32,292 espectadores",    234 canales,    826 espectadores,   125 canales
137,Terraria,Julio,2023,"  1,110,899 horas","   106,911 horas","   21,458 streamers","   15,807 espectadores",    234 canales,"  1,495 espectadores",   143 canales
151,The Witcher 3: Wild Hunt,Diciembre,2020,"    886,772 horas","    78,731 horas","    9,657 streamers","   15,231 espectadores",    235 canales,"  1,193 espectadores",NA
151,Terraria,Diciembre,2021,"    967,498 horas","    91,277 horas","   11,729 streamers","   17,752 espectadores",    235 canales,"  1,302 espectadores",   122 canales
55,Dark Souls III,Diciembre,2018,"  2,031,894 horas","    81,202 horas","   13,052 streamers","   35,766 espectadores",    236 canales,"  2,734 espectadores",   109 canales
144,Roblox,Septiembre,2019,"    397,551 horas","    73,391 horas","   15,258 streamers","    3,960 espectadores",    236 canales,    552 espectadores,   102 canales
74,Dark Souls III,Marzo,2020,"  1,462,174 horas","    97,795 horas","   13,021 streamers","   10,748 espectadores",    236 canales,"  1,967 espectadores",NA
106,The Witcher 3: Wild Hunt,Agosto,2020,"  1,219,693 horas","    81,397 horas","    8,868 streamers","   88,802 espectadores",    236 canales,"  1,641 espectadores",NA
177,The Witcher 3: Wild Hunt,Julio,2021,"    836,800 horas","    78,722 horas","    8,341 streamers","   39,324 espectadores",    236 canales,"  1,126 espectadores",   105 canales
195,Terraria,Abril,2021,"    796,745 horas","    99,521 horas","   13,824 streamers","    6,828 espectadores",    237 canales,"  1,108 espectadores",NA
147,Roblox,Febrero,2019,"    398,971 horas","    66,903 horas","   15,543 streamers","   21,053 espectadores",    239 canales,    594 espectadores,    99 canales
178,Stardew Valley,Octubre,2022,"    866,792 horas","    85,151 horas","   16,384 streamers",NA,    239 canales,NA,   114 canales
47,Dark Souls III,Marzo,2018,"  1,609,331 horas","   103,532 horas","   17,020 streamers","   15,677 espectadores",    240 canales,"  2,165 espectadores",   139 canales
178,The Witcher 3: Wild Hunt,Abril,2021,"    904,161 horas","    80,352 horas","    8,593 streamers",NA,    241 canales,"  1,257 espectadores",   111 canales
37,Dark Souls III,Mayo,2017,"  1,634,662 horas","   108,052 horas","   18,737 streamers",NA,    242 canales,"  2,200 espectadores",   145 canales
75,Tekken 7,Noviembre,2020,"  2,269,538 horas","    73,724 horas","    8,928 streamers","   48,907 espectadores",    242 canales,"  3,156 espectadores",   102 canales
133,The Legend of Zelda: Ocarina of Time,Enero,2021,"  1,138,012 horas","    46,578 horas","    3,729 streamers","  113,833 espectadores",    242 canales,"  1,531 espectadores",    62 canales
54,Stardew Valley,Febrero,2016,"    891,333 horas","    11,046 horas","    2,034 streamers","   46,505 espectadores",    243 canales,"  1,282 espectadores",    15 canales
64,VRChat,Mayo,2020,"  2,485,936 horas","    89,038 horas","    7,914 streamers","   22,944 espectadores",    243 canales,"  3,345 espectadores",   119 canales
123,Stardew Valley,Diciembre,2022,"  1,085,235 horas","    83,789 horas","   17,486 streamers","   56,860 espectadores",    244 canales,"  1,460 espectadores",   112 canales
168,Terraria,Agosto,2022,"    909,857 horas","    88,682 horas","   17,926 streamers","   13,225 espectadores",    245 canales,NA,   119 canales
112,Terraria,Enero,2022,"  1,724,073 horas","    97,331 horas","   21,033 streamers","   36,185 espectadores",    246 canales,"  2,320 espectadores",   130 canales
186,The Witcher 3: Wild Hunt,Marzo,2024,"    820,978 horas","    46,151 horas","    5,591 streamers",NA,    247 canales,"  1,104 espectadores",NA
38,Dark Souls III,Julio,2016,"  1,401,228 horas","   103,510 horas","   19,009 streamers","   12,132 espectadores",    248 canales,"  1,885 espectadores",   139 canales
46,Sea of Thieves,Julio,2019,"  2,139,833 horas","    91,331 horas","   12,189 streamers","   50,956 espectadores",    248 canales,"  2,879 espectadores",   122 canales
151,Terraria,Febrero,2023,"    783,446 horas","    77,375 horas","   16,198 streamers","   11,711 espectadores",    248 canales,"  1,167 espectadores",   115 canales
102,Roblox,Julio,2019,"    619,197 horas","   103,862 horas","   21,061 streamers","   19,673 espectadores",    249 canales,    833 espectadores,   139 canales
144,The Witcher 3: Wild Hunt,Noviembre,2020,"    926,853 horas","    86,758 horas","    9,719 streamers","   15,692 espectadores",    249 canales,"  1,289 espectadores",   120 canales
133,Stardew Valley,Junio,2023,"    910,148 horas","    97,356 horas","   18,726 streamers","    7,988 espectadores",    250 canales,NA,   135 canales
88,Dofus,Abril,2020,"  1,422,736 horas","    39,004 horas","    2,316 streamers","   16,565 espectadores",    251 canales,NA,    54 canales
156,The Witcher 3: Wild Hunt,Julio,2020,"    773,583 horas","    88,392 horas","    9,763 streamers","    7,355 espectadores",    251 canales,"  1,041 espectadores",   118 canales
135,Stardew Valley,Enero,2024,"  1,111,991 horas","    94,380 horas","   17,446 streamers","   12,402 espectadores",    251 canales,"  1,496 espectadores",   127 canales
195,Terraria,Noviembre,2020,"    575,874 horas","    96,416 horas","   12,317 streamers","   16,798 espectadores",    253 canales,    800 espectadores,   134 canales
27,Chess,Mayo,2021," 11,675,738 horas","    86,169 horas","   10,090 streamers","  211,772 espectadores",    253 canales," 15,714 espectadores",   115 canales
160,Terraria,Abril,2023,"    900,375 horas","    97,431 horas","   19,254 streamers","   23,561 espectadores",    253 canales,"  1,252 espectadores",   135 canales
109,Roblox,Agosto,2019,"    543,548 horas","    98,713 horas","   19,835 streamers","    8,056 espectadores",    254 canales,    731 espectadores,NA
88,Dofus,Julio,2022,"  2,385,771 horas","    43,114 horas","    2,916 streamers",NA,    254 canales,"  3,210 espectadores",    58 canales
93,Stardew Valley,Marzo,2020,"  1,066,389 horas","    96,548 horas","   15,192 streamers","   13,850 espectadores",    256 canales,"  1,435 espectadores",   129 canales
89,Terraria,Julio,2020,"  1,532,921 horas","   107,678 horas","   12,844 streamers","   32,901 espectadores",    256 canales,"  2,063 espectadores",   144 canales
43,Bloodborne,Enero,2016,"  1,300,353 horas","    86,384 horas","   17,349 streamers",NA,    257 canales,"  1,750 espectadores",NA
56,VRChat,Julio,2020,"  3,439,805 horas","    91,292 horas","    8,250 streamers","   24,751 espectadores",    257 canales,"  4,629 espectadores",   122 canales
199,The Legend of Zelda: Ocarina of Time,Marzo,2024,"    719,226 horas","    31,876 horas","    3,411 streamers","    6,828 espectadores",    257 canales,    968 espectadores,    42 canales
169,Stardew Valley,Septiembre,2024,"    819,401 horas","    91,649 horas","   16,398 streamers","    6,938 espectadores",    258 canales,"  1,139 espectadores",NA
135,The Witcher 3: Wild Hunt,Febrero,2023,"    951,332 horas","    60,393 horas","    8,645 streamers","   16,991 espectadores",    259 canales,NA,    90 canales
73,Sea of Thieves,Junio,2018,"  1,028,020 horas","    82,467 horas","   12,945 streamers","   41,503 espectadores",    261 canales,"  1,429 espectadores",   114 canales
100,Star Citizen,Abril,2023,"  1,688,254 horas","    62,425 horas","    5,134 streamers","   11,608 espectadores",    261 canales,"  2,348 espectadores",    86 canales
71,The Witcher 3: Wild Hunt,Septiembre,2020,"  2,273,988 horas","    87,979 horas","    9,143 streamers","   25,865 espectadores",    262 canales,"  3,162 espectadores",   122 canales
140,Roblox,Marzo,2019,"    462,409 horas","    86,471 horas","   18,881 streamers","    9,203 espectadores",    264 canales,    622 espectadores,   116 canales
172,Terraria,Diciembre,2020,"    731,117 horas","    98,903 horas","   13,033 streamers","    5,486 espectadores",    265 canales,    984 espectadores,NA
144,iRacing,Febrero,2019,"    407,903 horas","    28,803 horas","    2,428 streamers","    6,808 espectadores",    270 canales,    607 espectadores,    42 canales
82,The Witcher 3: Wild Hunt,Marzo,2020,"  1,320,731 horas","    86,371 horas","   12,105 streamers","   17,963 espectadores",    270 canales,"  1,777 espectadores",   116 canales
98,The Witcher 3: Wild Hunt,Junio,2020,"  1,229,857 horas","    90,291 horas","    9,748 streamers","    8,263 espectadores",    271 canales,"  1,710 espectadores",   125 canales
146,Stardew Valley,Agosto,2023,"  1,001,432 horas","   101,050 horas","   18,532 streamers","   10,326 espectadores",    271 canales,NA,   136 canales
66,VRChat,Marzo,2023,"  2,962,157 horas","    74,911 horas","   11,605 streamers","   67,019 espectadores",    273 canales,"  3,986 espectadores",   100 canales
152,Stardew Valley,Julio,2023,"    989,130 horas","   108,481 horas","   20,564 streamers","    7,242 espectadores",    273 canales,"  1,331 espectadores",   146 canales
86,VRChat,Abril,2024,"  2,479,710 horas","    74,256 horas","   10,072 streamers","   17,217 espectadores",    273 canales,NA,   103 canales
31,Dark Souls III,Noviembre,2016,"  2,454,908 horas","    95,641 horas","   15,075 streamers","   19,471 espectadores",    274 canales,"  3,414 espectadores",   133 canales
132,Roblox,Noviembre,2019,"    431,426 horas","    80,749 horas","   15,533 streamers","   15,885 espectadores",    274 canales,    600 espectadores,   112 canales
83,The Witcher 3: Wild Hunt,Abril,2020,"  1,576,551 horas","   101,232 horas","   10,820 streamers","   14,775 espectadores",    274 canales,"  2,192 espectadores",   140 canales
55,Terraria,Junio,2021,"  4,250,171 horas","   103,355 horas","   13,218 streamers","  102,719 espectadores",    274 canales,NA,   143 canales
183,Terraria,Noviembre,2021,"    739,329 horas","    95,239 horas","   12,436 streamers","    6,796 espectadores",    274 canales,"  1,028 espectadores",   132 canales
94,Star Citizen,Noviembre,2022,"  1,636,571 horas","    55,201 horas","    4,580 streamers","   22,124 espectadores",    274 canales,"  2,276 espectadores",NA
74,Street Fighter V,Febrero,2021,"  2,621,017 horas","    58,800 horas","    6,016 streamers",NA,    275 canales,"  3,906 espectadores",    87 canales
143,Stardew Valley,Agosto,2024,"  1,059,469 horas","   108,346 horas","   18,986 streamers","   47,801 espectadores",    275 canales,NA,   145 canales
40,Dark Souls III,Febrero,2018,"  1,824,727 horas","   104,108 horas","   17,532 streamers","   16,511 espectadores",    276 canales,"  2,719 espectadores",   155 canales
58,VRChat,Diciembre,2022,"  3,668,620 horas","    79,917 horas","   12,081 streamers","   67,823 espectadores",    276 canales,"  4,937 espectadores",   107 canales
123,Roblox,Abril,2019,"    581,935 horas","    96,096 horas","   21,055 streamers","    6,635 espectadores",    278 canales,    809 espectadores,NA
104,Star Citizen,Noviembre,2021,"  1,828,850 horas","    62,762 horas","    3,587 streamers","   36,629 espectadores",    278 canales,"  2,543 espectadores",    87 canales
169,Guild Wars 2,Marzo,2024,"    894,924 horas","    42,431 horas","    3,040 streamers","   26,695 espectadores",    278 canales,"  1,204 espectadores",NA
120,Dofus,Agosto,2024,"  1,468,882 horas","    25,224 horas","    2,050 streamers","   29,504 espectadores",    278 canales,"  1,976 espectadores",    33 canales
90,Dark Souls III,Octubre,2020,"  1,559,004 horas","   116,098 horas","   12,750 streamers","   21,843 espectadores",    280 canales,"  2,098 espectadores",   156 canales
84,Age of Empires II,Febrero,2023,"  1,991,875 horas","    66,749 horas","   11,823 streamers","   16,296 espectadores",    280 canales,"  2,968 espectadores",    99 canales
84,VRChat,Enero,2019,"  1,021,907 horas","    64,505 horas","    7,186 streamers",NA,    281 canales,"  1,375 espectadores",    86 canales
126,iRacing,Agosto,2020,"    982,952 horas","    66,669 horas","    4,291 streamers","    9,219 espectadores",    281 canales,"  1,322 espectadores",    89 canales
120,Stardew Valley,Mayo,2023,"  1,317,609 horas","   107,414 horas","   19,278 streamers","   10,315 espectadores",    281 canales,"  1,773 espectadores",   144 canales
64,Chess,Marzo,2024,"  3,721,386 horas","    43,975 horas","    6,749 streamers","   37,382 espectadores",    281 canales,"  5,008 espectadores",    59 canales
142,iRacing,Mayo,2019,"    497,208 horas","    35,448 horas","    2,713 streamers","    5,400 espectadores",    282 canales,    669 espectadores,    47 canales
57,VRChat,Agosto,2020,"  3,141,316 horas","    97,302 horas","    8,890 streamers",NA,    282 canales,"  4,227 espectadores",   130 canales
93,Dark Souls III,Octubre,2021,"  2,040,724 horas","   123,151 horas","   13,070 streamers","   18,879 espectadores",    282 canales,NA,   165 canales
141,Roblox,Diciembre,2019,"    478,292 horas","    98,591 horas","   20,163 streamers",NA,    283 canales,NA,   132 canales
127,Stardew Valley,Octubre,2021,"  1,247,692 horas","   112,081 horas","   15,883 streamers",NA,    283 canales,"  1,679 espectadores",   150 canales
76,VRChat,Septiembre,2024,"  2,640,682 horas","    77,577 horas","   10,206 streamers","   30,300 espectadores",    283 canales,"  3,672 espectadores",   107 canales
72,Sea of Thieves,Agosto,2019,"  1,071,830 horas","    89,848 horas","   11,280 streamers","   16,255 espectadores",    284 canales,"  1,442 espectadores",   120 canales
96,Star Citizen,Noviembre,2020,"  1,672,216 horas","    56,064 horas","    3,814 streamers","   56,736 espectadores",    284 canales,"  2,325 espectadores",NA
66,VRChat,Abril,2023,"  3,238,843 horas","    83,318 horas","   11,408 streamers","   24,764 espectadores",    284 canales,"  4,504 espectadores",   115 canales
123,iRacing,Septiembre,2023,"  1,133,090 horas","    57,084 horas","    5,564 streamers","    9,183 espectadores",    284 canales,"  1,575 espectadores",    79 canales
19,VRChat,Enero,2018,"  5,133,847 horas","    90,960 horas","   15,187 streamers","   47,621 espectadores",    285 canales,"  6,909 espectadores",   122 canales
143,Stardew Valley,Septiembre,2022,"  1,076,625 horas","   103,087 horas","   19,407 streamers","   36,110 espectadores",    285 canales,"  1,497 espectadores",NA
52,VRChat,Octubre,2020,"  3,862,852 horas","    83,931 horas","    8,686 streamers","   73,152 espectadores",    287 canales,"  5,198 espectadores",   112 canales
71,Dofus,Mayo,2023,"  2,682,696 horas","    37,611 horas","    2,133 streamers","   36,808 espectadores",    287 canales,NA,    50 canales
73,Star Citizen,Mayo,2022,"  2,691,347 horas","    85,747 horas","    7,070 streamers","  269,842 espectadores",    288 canales,NA,   115 canales
80,VRChat,Agosto,2021,"  2,881,719 horas","   101,904 horas","   10,707 streamers",NA,    289 canales,"  3,878 espectadores",   137 canales
129,The Witcher 3: Wild Hunt,Febrero,2022,"  1,077,748 horas","    81,609 horas","   11,415 streamers","   14,690 espectadores",    289 canales,"  1,606 espectadores",   121 canales
85,Age of Empires II,Enero,2023,"  1,812,993 horas","    34,325 horas","    4,657 streamers","    9,614 espectadores",    290 canales,"  2,440 espectadores",    46 canales
64,VRChat,Mayo,2023,"  3,297,747 horas","    81,539 horas","   10,559 streamers",NA,    290 canales,"  4,438 espectadores",   109 canales
114,Star Citizen,Mayo,2021,"  1,615,611 horas","    60,047 horas","    3,636 streamers","   33,511 espectadores",    291 canales,"  2,174 espectadores",NA
74,Dark Souls III,Septiembre,2020,"  2,024,159 horas","   130,075 horas","   14,405 streamers","   22,247 espectadores",    293 canales,"  2,815 espectadores",NA
111,Terraria,Mayo,2021,"  1,686,797 horas","   110,945 horas","   14,927 streamers",NA,    293 canales,"  2,270 espectadores",   149 canales
81,VRChat,Septiembre,2023,"  2,449,509 horas","    79,054 horas","    9,902 streamers","   20,178 espectadores",    293 canales,"  3,406 espectadores",   109 canales
107,Dofus,Marzo,2020,"    917,484 horas","    25,276 horas","    2,009 streamers","   34,804 espectadores",    295 canales,"  1,234 espectadores",    34 canales
150,iRacing,Agosto,2021,"  1,073,318 horas","    64,727 horas","    4,621 streamers","    4,266 espectadores",    295 canales,"  1,444 espectadores",    87 canales
112,Star Citizen,Julio,2022,"  1,588,827 horas","    56,325 horas","    4,993 streamers","   12,505 espectadores",    295 canales,"  2,138 espectadores",    75 canales
81,VRChat,Septiembre,2021,"  2,611,440 horas","    90,853 horas","    9,357 streamers","   35,315 espectadores",    296 canales,"  3,632 espectadores",   126 canales
163,Roblox,Febrero,2020,"    452,551 horas","    98,480 horas","   19,391 streamers","    2,589 espectadores",    299 canales,    651 espectadores,   141 canales
69,VRChat,Agosto,2024,"  3,378,656 horas","    80,548 horas","   11,012 streamers","   48,206 espectadores",    300 canales,"  4,547 espectadores",   108 canales
111,The Witcher 3: Wild Hunt,Mayo,2020,"  1,264,793 horas","   110,808 horas","   11,517 streamers","    9,998 espectadores",    301 canales,"  1,702 espectadores",   149 canales
112,Stardew Valley,Julio,2024,"  1,398,294 horas","   125,403 horas","   21,209 streamers","   54,485 espectadores",    301 canales,"  1,881 espectadores",   168 canales
38,Dark Souls III,Enero,2018,"  2,405,618 horas","   126,343 horas","   20,584 streamers",NA,    302 canales,"  3,237 espectadores",   170 canales
153,Roblox,Enero,2020,"    530,454 horas","   109,576 horas","   22,095 streamers","    7,807 espectadores",    302 canales,    713 espectadores,NA
22,Chess,Abril,2021," 16,985,289 horas","    98,570 horas","   13,061 streamers","  163,548 espectadores",    303 canales," 23,623 espectadores",   137 canales
68,VRChat,Julio,2023,"  3,248,193 horas","    86,712 horas","   11,932 streamers","   89,220 espectadores",    303 canales,"  4,371 espectadores",   116 canales
150,Stardew Valley,Noviembre,2021,"    979,678 horas","   106,535 horas","   15,679 streamers","    9,166 espectadores",    304 canales,"  1,362 espectadores",NA
51,VRChat,Septiembre,2022,"  4,636,396 horas","    85,016 horas","   12,013 streamers","   95,342 espectadores",    305 canales,"  6,448 espectadores",   118 canales
18,Chess,Febrero,2021," 22,069,662 horas","   104,789 horas","   16,604 streamers","  370,111 espectadores",    306 canales,NA,   156 canales
82,VRChat,Agosto,2023,"  2,684,983 horas","    79,155 horas","   10,791 streamers","   19,002 espectadores",    308 canales,"  3,613 espectadores",NA
62,VRChat,Diciembre,2023,"  3,515,134 horas","    80,123 horas","   11,083 streamers","   68,058 espectadores",    309 canales,"  4,731 espectadores",   107 canales
87,VRChat,Enero,2020,"  1,088,220 horas","    60,561 horas","    6,490 streamers","    5,098 espectadores",    310 canales,"  1,464 espectadores",NA
36,Dark Souls III,Enero,2019,"  3,544,460 horas","   130,316 horas","   18,228 streamers","  275,893 espectadores",    311 canales,"  4,770 espectadores",   175 canales
72,Sea of Thieves,Junio,2019,"  1,261,214 horas","   107,806 horas","   15,635 streamers","   19,728 espectadores",    311 canales,"  1,754 espectadores",NA
170,Terraria,Septiembre,2022,"    857,016 horas","    78,505 horas","   16,455 streamers","   17,746 espectadores",    312 canales,"  1,191 espectadores",   109 canales
84,VRChat,Octubre,2023,"  3,062,953 horas","    81,259 horas","   10,510 streamers","   37,172 espectadores",    313 canales,"  4,122 espectadores",   109 canales
67,VRChat,Diciembre,2021,"  3,605,238 horas","    98,100 horas","   10,550 streamers",NA,    315 canales,"  4,852 espectadores",   132 canales
71,VRChat,Julio,2024,"  2,979,057 horas","    75,808 horas","   10,972 streamers","   97,510 espectadores",    319 canales,"  4,009 espectadores",   102 canales
125,iRacing,Octubre,2019,"    545,658 horas","    36,784 horas","    2,875 streamers","    4,921 espectadores",    320 canales,    734 espectadores,    49 canales
73,Star Citizen,Mayo,2023,"  2,474,215 horas","    82,695 horas","    5,794 streamers","   36,522 espectadores",    321 canales,"  3,330 espectadores",   111 canales
73,VRChat,Octubre,2021,"  2,896,931 horas","    95,304 horas","   10,025 streamers","   57,270 espectadores",    324 canales,"  3,898 espectadores",   128 canales
82,VRChat,Noviembre,2021,"  2,672,454 horas","    92,522 horas","    9,751 streamers",NA,    324 canales,"  3,716 espectadores",   128 canales
99,Guild Wars 2,Marzo,2022,"  1,626,828 horas","    56,236 horas","    4,573 streamers","   53,428 espectadores",    325 canales,"  2,189 espectadores",    75 canales
99,Terraria,Enero,2021,"  1,665,269 horas","   120,082 horas","   15,868 streamers","   46,914 espectadores",    326 canales,"  2,241 espectadores",   161 canales
62,Star Citizen,Mayo,2020,"  2,740,054 horas","    79,169 horas","    5,091 streamers","   35,775 espectadores",    327 canales,NA,   106 canales
77,Dark Souls III,Septiembre,2021,"  2,790,017 horas","   139,498 horas","   15,194 streamers","   18,742 espectadores",    329 canales,"  3,880 espectadores",   194 canales
71,Sea of Thieves,Septiembre,2019,"  1,246,824 horas","    96,383 horas","   12,748 streamers","   23,025 espectadores",    330 canales,"  1,734 espectadores",   134 canales
120,Stardew Valley,Marzo,2023,"  1,247,096 horas","   120,854 horas","   22,323 streamers","   13,373 espectadores",    332 canales,"  1,678 espectadores",   162 canales
148,Stardew Valley,Diciembre,2021,"  1,012,639 horas","   117,208 horas","   17,775 streamers","   20,482 espectadores",    334 canales,"  1,362 espectadores",NA
36,Street Fighter V,Enero,2018,"  2,681,877 horas","    47,520 horas","    7,322 streamers","   51,806 espectadores",    336 canales,"  3,609 espectadores",    63 canales
55,VRChat,Noviembre,2022,"  3,306,134 horas","    75,721 horas","   11,359 streamers",NA,    339 canales,"  4,598 espectadores",   105 canales
121,Stardew Valley,Abril,2022,"  1,384,227 horas","   131,904 horas","   23,510 streamers","   19,760 espectadores",    341 canales,"  1,925 espectadores",   183 canales
86,Star Citizen,Octubre,2023,"  2,913,372 horas","    64,127 horas","    4,269 streamers","   68,658 espectadores",    341 canales,NA,NA
21,Chess,Enero,2021," 18,345,889 horas","   103,462 horas","   15,850 streamers",NA,    342 canales," 24,691 espectadores",   139 canales
50,The Witcher 3: Wild Hunt,Febrero,2020,"  2,167,203 horas","   103,574 horas","   13,221 streamers","   29,669 espectadores",    344 canales,"  3,118 espectadores",   149 canales
73,Dark Souls III,Agosto,2020,"  2,240,058 horas","   151,980 horas","   16,455 streamers","   18,612 espectadores",    345 canales,NA,   204 canales
113,iRacing,Diciembre,2022,"  1,217,036 horas","    56,054 horas","    5,789 streamers","    8,555 espectadores",    345 canales,"  1,638 espectadores",    75 canales
73,VRChat,Junio,2024,"  2,533,144 horas","    79,340 horas","   10,681 streamers","   27,473 espectadores",    345 canales,"  3,523 espectadores",   110 canales
118,iRacing,Abril,2023,"  1,326,091 horas","    66,151 horas","    6,369 streamers","   19,378 espectadores",    349 canales,"  1,844 espectadores",    92 canales
81,Guild Wars 2,Agosto,2022,"  2,657,139 horas","    57,616 horas","    4,894 streamers","   49,943 espectadores",    350 canales,NA,    77 canales
87,Sea of Thieves,Septiembre,2018,"    689,920 horas","    57,757 horas","    7,687 streamers","   14,051 espectadores",    351 canales,    959 espectadores,    80 canales
84,Terraria,Febrero,2021,"  2,078,713 horas","   123,196 horas","   16,843 streamers","  265,103 espectadores",    352 canales,"  3,097 espectadores",   183 canales
89,Stardew Valley,Mayo,2022,"  1,945,040 horas","   133,112 horas","   24,088 streamers","   22,516 espectadores",    353 canales,"  2,617 espectadores",   179 canales
146,iRacing,Septiembre,2022,"  1,053,284 horas","    56,561 horas","    5,738 streamers","    7,689 espectadores",    356 canales,NA,    78 canales
71,VRChat,Noviembre,2023,"  2,950,683 horas","    74,611 horas","    9,774 streamers","   41,595 espectadores",    356 canales,"  4,103 espectadores",NA
127,Stardew Valley,Septiembre,2021,"  1,309,929 horas","   129,694 horas","   18,322 streamers","   18,372 espectadores",    357 canales,"  1,821 espectadores",   180 canales
138,iRacing,Septiembre,2021,"  1,185,959 horas","    65,172 horas","    4,864 streamers","   10,531 espectadores",    358 canales,"  1,649 espectadores",    90 canales
88,Stardew Valley,Junio,2022,"  1,990,159 horas","   137,373 horas","   25,108 streamers","   18,901 espectadores",    359 canales,"  2,767 espectadores",   191 canales
147,iRacing,Marzo,2019,"    428,696 horas","    33,614 horas","    2,622 streamers","    2,784 espectadores",    360 canales,    576 espectadores,NA
65,VRChat,Julio,2021,"  3,009,785 horas","   101,386 horas","   10,362 streamers","   31,816 espectadores",    361 canales,"  4,050 espectadores",   136 canales
107,Stardew Valley,Febrero,2023,"  1,198,550 horas","   114,541 horas","   21,984 streamers","   14,649 espectadores",    363 canales,"  1,786 espectadores",   170 canales
106,Star Citizen,Marzo,2024,"  1,745,945 horas","    51,908 horas","    3,761 streamers","   17,674 espectadores",    363 canales,"  2,349 espectadores",    69 canales
51,Dark Souls III,Junio,2020,"  2,939,929 horas","   153,732 horas","   17,122 streamers","   25,730 espectadores",    364 canales,"  4,088 espectadores",NA
41,Star Citizen,Mayo,2024,"  7,183,146 horas","    88,146 horas","    6,292 streamers","   45,883 espectadores",    364 canales,"  9,667 espectadores",   118 canales
137,Stardew Valley,Agosto,2021,"  1,242,964 horas","   146,885 horas","   20,710 streamers","    7,435 espectadores",    365 canales,NA,   197 canales
58,VRChat,Julio,2022,"  4,226,386 horas","   102,174 horas","   15,288 streamers","   67,204 espectadores",    366 canales,"  5,688 espectadores",NA
178,Terraria,Octubre,2021,"    756,582 horas","   101,006 horas","   11,990 streamers","   13,737 espectadores",    369 canales,"  1,018 espectadores",NA
85,iRacing,Mayo,2022,"  2,174,683 horas","    67,149 horas","    6,715 streamers",NA,    369 canales,"  2,926 espectadores",    90 canales
107,Stardew Valley,Julio,2022,"  1,681,039 horas","   139,126 horas","   26,068 streamers","   26,120 espectadores",    371 canales,"  2,262 espectadores",NA
128,Stardew Valley,Julio,2021,"  1,322,042 horas","   144,335 horas","   20,654 streamers","   15,647 espectadores",    372 canales,NA,NA
135,iRacing,Diciembre,2023,"  1,149,232 horas","    65,020 horas","    6,224 streamers","    7,496 espectadores",    372 canales,"  1,546 espectadores",    87 canales
106,iRacing,Julio,2019,"    582,817 horas","    35,648 horas","    2,712 streamers","   17,113 espectadores",    373 canales,    784 espectadores,NA
10,Stardew Valley,Marzo,2016,"  5,925,311 horas","   137,735 horas","   15,288 streamers","   50,884 espectadores",    375 canales,"  7,974 espectadores",   185 canales
124,Stardew Valley,Junio,2021,"  1,327,638 horas","   137,454 horas","   19,901 streamers","   99,539 espectadores",    377 canales,"  1,846 espectadores",NA
40,Sea of Thieves,Octubre,2019,"  2,860,679 horas","   101,644 horas","   11,582 streamers","   54,648 espectadores",    379 canales,"  3,850 espectadores",   136 canales
63,VRChat,Junio,2023,"  2,895,559 horas","    84,851 horas","   10,940 streamers","   96,053 espectadores",    381 canales,"  4,027 espectadores",   118 canales
58,Dark Souls III,Abril,2020,"  2,596,554 horas","   140,545 horas","   15,631 streamers","   47,194 espectadores",    383 canales,"  3,611 espectadores",   195 canales
102,Stardew Valley,Febrero,2022,"  1,455,208 horas","   128,476 horas","   24,763 streamers","   24,549 espectadores",    386 canales,"  2,168 espectadores",   191 canales
33,Terraria,Octubre,2022,"  6,904,616 horas","   139,088 horas","   24,234 streamers","   72,819 espectadores",    388 canales,"  9,292 espectadores",NA
95,Dark Souls III,Mayo,2021,"  2,245,392 horas","   155,477 horas","   17,164 streamers","   12,658 espectadores",    389 canales,"  3,022 espectadores",   209 canales
102,Stardew Valley,Junio,2024,"  1,584,716 horas","   140,187 horas","   22,898 streamers","    8,227 espectadores",    391 canales,"  2,204 espectadores",   194 canales
92,Stardew Valley,Abril,2018,"    614,063 horas","    34,396 horas","    5,347 streamers","   39,063 espectadores",    392 canales,    854 espectadores,    47 canales
54,VRChat,Diciembre,2020,"  3,699,886 horas","   101,031 horas","   10,451 streamers",NA,    393 canales,"  4,979 espectadores",   135 canales
78,Dofus,Febrero,2022,"  2,572,414 horas","    38,854 horas","    2,717 streamers","   51,973 espectadores",    393 canales,"  3,833 espectadores",    57 canales
91,Dark Souls III,Agosto,2021,"  2,649,535 horas","   173,686 horas","   18,286 streamers","   31,489 espectadores",    399 canales,"  3,565 espectadores",   233 canales
118,iRacing,Septiembre,2020,"  1,085,600 horas","    64,807 horas","    4,365 streamers","    6,911 espectadores",    403 canales,"  1,509 espectadores",    90 canales
74,VRChat,Junio,2021,"  2,838,800 horas","    93,244 horas","    9,710 streamers","   36,452 espectadores",    403 canales,"  3,948 espectadores",   129 canales
74,Dark Souls III,Marzo,2021,"  3,040,241 horas","   164,754 horas","   18,464 streamers","   29,335 espectadores",    405 canales,"  4,091 espectadores",   221 canales
69,VRChat,Marzo,2021,"  3,229,145 horas","   108,499 horas","   11,455 streamers","   33,323 espectadores",    408 canales,"  4,346 espectadores",   146 canales
87,VRChat,Mayo,2021,"  2,773,437 horas","   100,726 horas","   10,389 streamers","   17,096 espectadores",    410 canales,"  3,732 espectadores",   135 canales
93,Stardew Valley,Enero,2022,"  2,321,847 horas","   157,369 horas","   30,069 streamers",NA,    412 canales,"  3,124 espectadores",NA
59,VRChat,Agosto,2022,"  3,935,846 horas","    93,132 horas","   13,835 streamers","   50,393 espectadores",    412 canales,NA,   125 canales
30,Dark Souls III,Junio,2016,"  2,198,877 horas","   149,879 horas","   25,117 streamers",NA,    413 canales,"  3,058 espectadores",   208 canales
64,Dark Souls III,Julio,2021,"  3,248,563 horas","   183,876 horas","   20,216 streamers","  124,687 espectadores",    413 canales,"  4,372 espectadores",   247 canales
75,Dark Souls III,Noviembre,2021,"  2,959,513 horas","   163,170 horas","   17,550 streamers","   24,133 espectadores",    413 canales,"  4,116 espectadores",   226 canales
48,Dark Souls III,Julio,2020,"  4,315,695 horas","   183,516 horas","   19,717 streamers","   26,973 espectadores",    415 canales,"  5,808 espectadores",   246 canales
51,VRChat,Mayo,2022,"  4,648,999 horas","    98,731 horas","   15,187 streamers",NA,    415 canales,"  6,257 espectadores",   132 canales
115,iRacing,Noviembre,2020,"  1,217,903 horas","    70,122 horas","    4,611 streamers","   13,311 espectadores",    427 canales,"  1,693 espectadores",    97 canales
70,Dark Souls III,Enero,2021,"  2,655,310 horas","   189,975 horas","   20,894 streamers","   26,659 espectadores",    430 canales,"  3,573 espectadores",NA
60,Guild Wars 2,Septiembre,2017,"    792,248 horas","    52,556 horas","    4,659 streamers","   17,260 espectadores",    432 canales,"  1,101 espectadores",    73 canales
76,VRChat,Febrero,2021,"  2,536,536 horas","    97,655 horas","   10,783 streamers","   15,110 espectadores",    432 canales,"  3,780 espectadores",   145 canales
91,Guild Wars 2,Agosto,2024,"  2,178,905 horas","    47,852 horas","    3,337 streamers","   58,702 espectadores",    432 canales,"  2,932 espectadores",    64 canales
75,Dark Souls III,Febrero,2021,"  2,551,855 horas","   156,640 horas","   18,014 streamers",NA,    433 canales,"  3,803 espectadores",   233 canales
39,Sea of Thieves,Diciembre,2019,"  3,035,548 horas","   155,501 horas","   19,345 streamers","   31,618 espectadores",    438 canales,"  4,085 espectadores",   209 canales
135,iRacing,Abril,2024,"  1,206,556 horas","    74,393 horas","    6,970 streamers",NA,    439 canales,"  1,678 espectadores",   103 canales
30,Sea of Thieves,Noviembre,2019,"  4,378,783 horas","   123,018 horas","   14,791 streamers","   45,960 espectadores",    440 canales,"  6,090 espectadores",   171 canales
96,The Witcher 3: Wild Hunt,Diciembre,2021,"  2,036,305 horas","   100,453 horas","   11,791 streamers","   24,446 espectadores",    440 canales,"  2,740 espectadores",   135 canales
43,VRChat,Abril,2022,"  4,534,353 horas","   106,506 horas","   16,135 streamers","   47,424 espectadores",    440 canales,"  6,306 espectadores",   148 canales
109,Dofus,Septiembre,2021,"  1,677,918 horas","    34,580 horas","    2,230 streamers","   31,809 espectadores",    442 canales,"  2,333 espectadores",    48 canales
139,iRacing,Septiembre,2024,"  1,213,218 horas","    65,129 horas","    6,166 streamers","   33,476 espectadores",    444 canales,"  1,687 espectadores",    90 canales
64,The Witcher 3: Wild Hunt,Enero,2023,"  2,952,071 horas","   143,885 horas","   15,575 streamers","   20,498 espectadores",    446 canales,"  3,973 espectadores",   193 canales
55,Sea of Thieves,Enero,2020,"  2,175,381 horas","   161,928 horas","   18,983 streamers",NA,    464 canales,NA,   217 canales
87,Dark Souls III,Diciembre,2020,"  1,922,373 horas","   175,104 horas","   20,488 streamers","   12,053 espectadores",    467 canales,"  2,587 espectadores",NA
125,iRacing,Mayo,2021,"  1,419,531 horas","    81,246 horas","    5,892 streamers","   13,293 espectadores",    471 canales,"  1,910 espectadores",   109 canales
50,VRChat,Febrero,2022,"  4,718,706 horas","   103,345 horas","   17,502 streamers","  128,943 espectadores",    471 canales,"  7,032 espectadores",   154 canales
118,iRacing,Diciembre,2020,"  1,249,928 horas","    76,100 horas","    5,187 streamers","    8,275 espectadores",    472 canales,"  1,682 espectadores",   102 canales
138,iRacing,Junio,2019,"    480,350 horas","    39,028 horas","    2,884 streamers","    7,843 espectadores",    473 canales,    668 espectadores,    54 canales
54,VRChat,Junio,2022,"  4,335,775 horas","   100,992 horas","   14,861 streamers",NA,    474 canales,NA,   140 canales
36,Bloodborne,Marzo,2018,"  2,196,389 horas","   137,050 horas","   29,620 streamers","   14,171 espectadores",    476 canales,"  2,956 espectadores",   184 canales
36,Stardew Valley,Mayo,2018,"  2,626,381 horas","   145,566 horas","   22,012 streamers","   37,846 espectadores",    479 canales,"  3,534 espectadores",   195 canales
70,Dark Souls III,Diciembre,2021,"  3,216,663 horas","   180,685 horas","   18,598 streamers","   56,764 espectadores",    479 canales,NA,   243 canales
47,VRChat,Marzo,2022,"  4,252,393 horas","   108,185 horas","   16,462 streamers",NA,    480 canales,"  5,723 espectadores",NA
68,Dark Souls III,Enero,2022,"  3,756,212 horas","   211,910 horas","   31,195 streamers","   24,347 espectadores",    489 canales,"  5,055 espectadores",   285 canales
79,Guild Wars 2,Agosto,2023,"  2,792,883 horas","    56,612 horas","    4,282 streamers","   43,697 espectadores",    493 canales,"  3,758 espectadores",    76 canales
155,iRacing,Enero,2019,"    475,577 horas","    34,694 horas","    2,382 streamers","    7,833 espectadores",    494 canales,    640 espectadores,    46 canales
119,iRacing,Agosto,2023,"  1,297,921 horas","    67,838 horas","    5,781 streamers","    9,264 espectadores",    498 canales,"  1,746 espectadores",NA
15,Tekken 7,Junio,2017,"  6,297,513 horas","    96,360 horas","   25,874 streamers",NA,    508 canales,"  8,758 espectadores",NA
55,Sea of Thieves,Junio,2023,"  3,907,831 horas","   194,028 horas","   29,904 streamers","   42,615 espectadores",    510 canales,"  5,435 espectadores",   269 canales
69,Sea of Thieves,Noviembre,2023,"  3,044,697 horas","   163,810 horas","   22,720 streamers","   51,694 espectadores",    510 canales,"  4,234 espectadores",   227 canales
117,Stardew Valley,Abril,2021,"  1,693,474 horas","   188,307 horas","   26,055 streamers","    9,956 espectadores",    523 canales,NA,   261 canales
148,Roblox,Marzo,2020,"    620,662 horas","   134,256 horas","   25,430 streamers","    3,125 espectadores",    528 canales,    835 espectadores,   180 canales
63,The Witcher 3: Wild Hunt,Enero,2022,"  3,882,257 horas","   152,559 horas","   20,718 streamers","   46,849 espectadores",    530 canales,"  5,225 espectadores",   205 canales
59,VRChat,Enero,2021,"  3,403,258 horas","   109,989 horas","   12,124 streamers","   35,446 espectadores",    531 canales,"  4,580 espectadores",   148 canales
132,iRacing,Noviembre,2022,"  1,048,590 horas","    55,505 horas","    5,449 streamers","   18,090 espectadores",    535 canales,"  1,458 espectadores",    77 canales
103,Roblox,Junio,2020,"  1,190,288 horas","   225,533 horas","   30,137 streamers","    6,827 espectadores",    536 canales,"  1,655 espectadores",   313 canales
20,Sea of Thieves,Diciembre,2018,"  7,763,915 horas","   126,785 horas","   15,655 streamers","   70,031 espectadores",    537 canales," 10,449 espectadores",   170 canales
58,Sea of Thieves,Octubre,2022,"  3,729,557 horas","   181,097 horas","   25,682 streamers","   27,554 espectadores",    544 canales,"  5,019 espectadores",   243 canales
11,Dark Souls III,Marzo,2016,"  5,597,403 horas","    46,336 horas","    4,293 streamers","  121,710 espectadores",    545 canales,"  7,533 espectadores",    62 canales
13,Overwatch,Febrero,2016,"  4,735,263 horas","    68,029 horas","    7,075 streamers","   94,851 espectadores",    546 canales,"  6,813 espectadores",    97 canales
48,Dark Souls III,Febrero,2022,"  4,839,010 horas","   166,162 horas","   27,083 streamers","   68,925 espectadores",    554 canales,"  7,211 espectadores",   247 canales
158,iRacing,Octubre,2022,"  1,041,972 horas","    59,768 horas","    5,701 streamers","   17,572 espectadores",    555 canales,"  1,402 espectadores",    80 canales
123,Roblox,Abril,2020,"    949,817 horas","   202,237 horas","   26,631 streamers","   11,151 espectadores",    559 canales,NA,NA
52,Sea of Thieves,Febrero,2020,"  2,152,866 horas","   138,378 horas","   15,832 streamers","   40,606 espectadores",    563 canales,NA,   199 canales
93,iRacing,Febrero,2020,"    892,252 horas","    48,756 horas","    3,706 streamers","   13,870 espectadores",    582 canales,"  1,283 espectadores",NA
24,Dark Souls III,Abril,2017,"  3,828,075 horas","   174,943 horas","   22,938 streamers","   23,436 espectadores",    584 canales,"  5,324 espectadores",   243 canales
115,Dofus,Abril,2021,"  1,720,155 horas","    41,261 horas","    2,533 streamers","   30,395 espectadores",    585 canales,"  2,392 espectadores",    57 canales
92,Roblox,Julio,2020,"  1,485,988 horas","   271,383 horas","   35,538 streamers",NA,    586 canales,"  1,999 espectadores",   365 canales
56,The Witcher 3: Wild Hunt,Diciembre,2019,"  1,966,289 horas","   102,872 horas","   19,309 streamers","   31,898 espectadores",    587 canales,"  2,646 espectadores",NA
100,Roblox,Agosto,2020,"  1,323,482 horas","   265,337 horas","   35,109 streamers","    6,311 espectadores",    590 canales,"  1,781 espectadores",   357 canales
157,iRacing,Agosto,2022,"  1,004,787 horas","    64,254 horas","    5,967 streamers","    7,962 espectadores",    594 canales,"  1,352 espectadores",    86 canales
131,iRacing,Junio,2023,"    939,311 horas","    62,917 horas","    5,980 streamers","    7,138 espectadores",    601 canales,"  1,306 espectadores",    87 canales
125,iRacing,Junio,2024,"  1,197,988 horas","    73,331 horas","    6,856 streamers","   31,433 espectadores",    605 canales,"  1,666 espectadores",   101 canales
124,iRacing,Octubre,2023,"  1,287,442 horas","    66,082 horas","    5,929 streamers","   14,113 espectadores",    607 canales,"  1,732 espectadores",    88 canales
61,VRChat,Enero,2022,"  3,895,443 horas","   108,302 horas","   17,907 streamers","   67,751 espectadores",    609 canales,"  5,242 espectadores",   145 canales
55,Sea of Thieves,Mayo,2018,"  1,497,675 horas","   108,451 horas","   14,657 streamers","   51,691 espectadores",    614 canales,"  2,015 espectadores",NA
37,Destiny 2,Abril,2018,"  2,239,688 horas","   184,408 horas","   22,930 streamers","  108,393 espectadores",    617 canales,NA,NA
75,Sea of Thieves,Agosto,2024,"  2,984,113 horas","   224,903 horas","   32,695 streamers","   39,492 espectadores",    619 canales,NA,   302 canales
134,iRacing,Octubre,2021,"  1,100,710 horas","    68,965 horas","    4,884 streamers","   15,658 espectadores",    620 canales,"  1,481 espectadores",    92 canales
77,Stardew Valley,Marzo,2021,"  2,876,985 horas","   240,202 horas","   31,660 streamers","   90,497 espectadores",    626 canales,"  3,872 espectadores",   323 canales
75,Stardew Valley,Mayo,2024,"  2,938,995 horas","   199,542 horas","   29,934 streamers","   51,462 espectadores",    627 canales,NA,   268 canales
30,Sea of Thieves,Marzo,2019,"  4,440,492 horas","   183,332 horas","   18,786 streamers","   57,195 espectadores",    628 canales,"  5,976 espectadores",   246 canales
68,Sea of Thieves,Agosto,2023,"  3,211,793 horas","   191,053 horas","   29,295 streamers",NA,    629 canales,"  4,322 espectadores",   257 canales
60,Sea of Thieves,Octubre,2021,"  3,918,984 horas","   230,438 horas","   21,802 streamers","   35,156 espectadores",    641 canales,NA,   310 canales
65,Stardew Valley,Febrero,2021,"  2,936,151 horas","   234,020 horas","   30,846 streamers","   38,244 espectadores",    643 canales,"  4,375 espectadores",   348 canales
151,Guild Wars 2,Febrero,2022,"    851,056 horas","    39,883 horas","    3,839 streamers","   50,611 espectadores",    647 canales,"  1,268 espectadores",    59 canales
121,Roblox,Septiembre,2020,"  1,053,857 horas","   209,500 horas","   28,964 streamers","   11,151 espectadores",    650 canales,"  1,465 espectadores",   291 canales
78,Destiny 2,Septiembre,2024,"  2,550,236 horas","   224,226 horas","   26,318 streamers","   21,029 espectadores",    656 canales,"  3,546 espectadores",   311 canales
35,Terraria,Junio,2020,"  5,247,075 horas","   195,641 horas","   21,963 streamers","   37,539 espectadores",    659 canales,"  7,297 espectadores",   272 canales
51,Sea of Thieves,Noviembre,2022,"  3,835,038 horas","   184,424 horas","   25,961 streamers","   30,265 espectadores",    663 canales,NA,   256 canales
72,Sea of Thieves,Noviembre,2021,"  3,029,065 horas","   201,918 horas","   20,613 streamers","   23,962 espectadores",    678 canales,"  4,212 espectadores",   280 canales
63,Sea of Thieves,Mayo,2023,"  3,440,370 horas","   226,500 horas","   32,101 streamers","   20,221 espectadores",    679 canales,"  4,630 espectadores",   304 canales
49,Destiny 2,Febrero,2018,"  1,396,495 horas","   190,133 horas","   23,099 streamers","    7,006 espectadores",    684 canales,"  2,081 espectadores",   283 canales
58,Sea of Thieves,Junio,2022,"  3,739,192 horas","   249,398 horas","   39,454 streamers","   28,986 espectadores",    686 canales,"  5,200 espectadores",   346 canales
62,iRacing,Marzo,2020,"  1,834,184 horas","    66,114 horas","    5,181 streamers","   55,317 espectadores",    688 canales,"  2,468 espectadores",    88 canales
96,Roblox,Diciembre,2020,"  1,619,003 horas","   287,411 horas","   41,648 streamers","  127,222 espectadores",    692 canales,"  2,179 espectadores",NA
42,Fortnite,Agosto,2017,"  1,376,994 horas","   144,303 horas","   18,467 streamers","   14,564 espectadores",    697 canales,"  1,853 espectadores",   194 canales
49,Sea of Thieves,Enero,2023,"  4,495,112 horas","   230,178 horas","   34,679 streamers","   38,231 espectadores",    699 canales,"  6,049 espectadores",   309 canales
24,The Witcher 3: Wild Hunt,Enero,2020,"  6,282,969 horas","   223,895 horas","   30,165 streamers",NA,    700 canales,"  8,456 espectadores",   301 canales
74,Stardew Valley,Diciembre,2020,"  2,525,032 horas","   154,976 horas","   23,020 streamers","   30,624 espectadores",    715 canales,"  3,398 espectadores",   208 canales
72,Sea of Thieves,Septiembre,2024,"  2,765,855 horas","   165,413 horas","   23,528 streamers",NA,    717 canales,"  3,846 espectadores",NA
67,Sea of Thieves,Julio,2022,"  3,598,930 horas","   260,033 horas","   40,579 streamers","   17,532 espectadores",    724 canales,"  4,843 espectadores",   349 canales
68,Sea of Thieves,Octubre,2023,"  3,855,354 horas","   214,539 horas","   28,908 streamers","   60,458 espectadores",    739 canales,"  5,188 espectadores",   288 canales
111,iRacing,Octubre,2020,"  1,232,647 horas","    78,761 horas","    4,983 streamers",NA,    750 canales,"  1,659 espectadores",   106 canales
14,Street Fighter V,Febrero,2016,"  4,582,582 horas","    68,678 horas","   15,635 streamers","   76,768 espectadores",    760 canales,"  6,593 espectadores",NA
62,Sea of Thieves,Enero,2024,"  3,819,422 horas","   226,089 horas","   31,405 streamers","   55,555 espectadores",    763 canales,"  5,140 espectadores",   304 canales
47,The Witcher 3: Wild Hunt,Diciembre,2022,"  4,763,272 horas","   147,257 horas","   20,991 streamers","   81,860 espectadores",    766 canales,NA,   198 canales
55,Sea of Thieves,Abril,2023,"  4,003,644 horas","   258,206 horas","   36,872 streamers","   26,870 espectadores",    772 canales,"  5,568 espectadores",   359 canales
51,Destiny 2,Marzo,2018,"  1,483,513 horas","   158,032 horas","   20,175 streamers","   17,524 espectadores",    775 canales,"  1,996 espectadores",   212 canales
54,Sea of Thieves,Diciembre,2023,"  3,978,400 horas","   177,561 horas","   25,061 streamers","   43,003 espectadores",    789 canales,"  5,354 espectadores",NA
42,Destiny 2,Enero,2018,"  1,982,926 horas","   264,079 horas","   34,091 streamers","   15,396 espectadores",    798 canales,"  2,668 espectadores",   355 canales
45,Sea of Thieves,Julio,2023,"  6,061,638 horas","   241,115 horas","   37,904 streamers","   69,226 espectadores",    799 canales,"  8,158 espectadores",   324 canales
41,Stardew Valley,Abril,2024,"  6,003,264 horas","   294,129 horas","   39,259 streamers","   51,950 espectadores",    807 canales,NA,   409 canales
58,Sea of Thieves,Agosto,2021,"  4,382,507 horas","   299,685 horas","   31,220 streamers","   33,262 espectadores",    818 canales,"  5,898 espectadores",   403 canales
101,iRacing,Enero,2020,"    929,743 horas","    59,415 horas","    3,839 streamers","   11,454 espectadores",    821 canales,"  1,251 espectadores",    79 canales
62,Sea of Thieves,Febrero,2022,"  3,664,979 horas","   250,781 horas","   39,140 streamers","   40,001 espectadores",    825 canales,"  5,461 espectadores",   373 canales
66,Sea of Thieves,Octubre,2020,"  2,762,466 horas","   244,117 horas","   24,640 streamers","   28,813 espectadores",    832 canales,"  3,717 espectadores",   328 canales
92,iRacing,Febrero,2023,"  1,501,266 horas","    66,669 horas","    6,651 streamers",NA,    839 canales,"  2,237 espectadores",    99 canales
45,Sea of Thieves,Agosto,2020,"  4,203,185 horas","   319,827 horas","   31,000 streamers","   46,219 espectadores",    844 canales,NA,   430 canales
41,Sea of Thieves,Marzo,2022,"  4,732,268 horas","   264,938 horas","   38,691 streamers","   32,744 espectadores",    847 canales,"  6,369 espectadores",   356 canales
56,Sea of Thieves,Diciembre,2021,"  4,542,475 horas","   261,729 horas","   26,356 streamers","   47,241 espectadores",    855 canales,"  6,113 espectadores",   352 canales
38,Destiny 2,Abril,2019,"  3,159,898 horas","   276,886 horas","   29,317 streamers",NA,    856 canales,"  4,394 espectadores",   385 canales
68,iRacing,Abril,2022,"  2,670,082 horas","    83,578 horas","    7,206 streamers","   25,050 espectadores",    861 canales,NA,   116 canales
81,Roblox,Enero,2021,"  2,382,194 horas","   338,849 horas","   52,064 streamers","  205,850 espectadores",    872 canales,"  3,206 espectadores",   456 canales
77,Roblox,Febrero,2021,"  2,379,521 horas","   331,174 horas","   52,185 streamers","  175,156 espectadores",    873 canales,NA,   493 canales
86,Roblox,Julio,2021,"  2,321,527 horas","   429,801 horas","   67,091 streamers","   75,600 espectadores",    873 canales,NA,   578 canales
89,Roblox,Junio,2021,"  2,103,682 horas","   372,196 horas","   58,979 streamers",NA,    885 canales,"  2,925 espectadores",   517 canales
100,Roblox,Mayo,2022,"  1,787,088 horas","   351,151 horas","  141,733 streamers","   41,399 espectadores",    897 canales,"  2,405 espectadores",   472 canales
9,Sea of Thieves,Enero,2018," 14,474,914 horas","    79,736 horas","   11,327 streamers",NA,    900 canales," 19,481 espectadores",   107 canales
62,Destiny 2,Febrero,2024,"  3,691,481 horas","   285,343 horas","   33,928 streamers",NA,    902 canales,"  5,311 espectadores",   410 canales
30,Destiny 2,Septiembre,2019,"  3,929,168 horas","   322,090 horas","   33,351 streamers","   24,985 espectadores",    906 canales,"  5,464 espectadores",   447 canales
63,Sea of Thieves,Julio,2024,"  3,706,331 horas","   242,626 horas","   36,354 streamers","   35,311 espectadores",    913 canales,"  4,988 espectadores",   326 canales
39,Destiny 2,Febrero,2019,"  2,427,053 horas","   257,422 horas","   30,888 streamers","   12,042 espectadores",    920 canales,"  3,617 espectadores",   383 canales
87,Roblox,Septiembre,2021,"  2,276,809 horas","   348,429 horas","   54,889 streamers","   68,032 espectadores",    923 canales,"  3,166 espectadores",   484 canales
78,Roblox,Mayo,2021,"  2,976,889 horas","   388,143 horas","   62,143 streamers",NA,    926 canales,"  4,006 espectadores",   522 canales
69,Sea of Thieves,Septiembre,2023,"  3,189,855 horas","   168,860 horas","   25,408 streamers","   50,127 espectadores",    933 canales,NA,   234 canales
54,Destiny 2,Enero,2024,"  4,445,755 horas","   364,530 horas","   40,700 streamers","   16,440 espectadores",    942 canales,"  5,983 espectadores",   490 canales
86,Roblox,Marzo,2022,"  1,940,266 horas","   350,219 horas","  147,423 streamers",NA,    944 canales,"  2,611 espectadores",   471 canales
57,iRacing,Abril,2020,"  2,625,851 horas","   117,002 horas","    6,948 streamers",NA,    949 canales,"  3,652 espectadores",   162 canales
46,Overwatch,Septiembre,2022,"  5,198,188 horas","   358,502 horas","   54,142 streamers","   24,162 espectadores",    955 canales,NA,   498 canales
26,Sea of Thieves,Abril,2022," 10,053,671 horas","   324,705 horas","   46,151 streamers","   76,384 espectadores",    972 canales," 13,982 espectadores",   451 canales
89,Roblox,Enero,2022,"  2,557,512 horas","   384,674 horas","  164,870 streamers","  108,542 espectadores",    979 canales,"  3,442 espectadores",NA
86,Roblox,Febrero,2022,"  2,268,900 horas","   339,570 horas","  150,485 streamers","   78,804 espectadores",    981 canales,"  3,381 espectadores",   506 canales
58,Sea of Thieves,Enero,2022,"  4,329,664 horas","   310,419 horas","   46,967 streamers","   21,577 espectadores",    985 canales,"  5,827 espectadores",   417 canales
121,iRacing,Julio,2021,"  1,391,884 horas","    90,079 horas","    5,332 streamers","   47,056 espectadores",    986 canales,"  1,873 espectadores",   121 canales
99,iRacing,Marzo,2023,"  1,660,663 horas","    75,480 horas","    7,049 streamers","   19,569 espectadores",    989 canales,"  2,235 espectadores",   101 canales
40,Sea of Thieves,Abril,2020,"  4,367,820 horas","   252,280 horas","   23,402 streamers","   78,018 espectadores",    992 canales,"  6,074 espectadores",   350 canales
97,Roblox,Noviembre,2021,"  2,000,922 horas","   366,700 horas","   55,517 streamers","   36,537 espectadores",    993 canales,"  2,782 espectadores",   510 canales
117,iRacing,Marzo,2022,"  1,275,571 horas","    73,845 horas","    7,173 streamers","   10,523 espectadores","  1,000 canales","  1,716 espectadores",    99 canales
28,Destiny 2,Febrero,2020,"  4,584,474 horas","   367,942 horas","   35,308 streamers","   19,157 espectadores","  1,005 canales","  6,596 espectadores",NA
99,Roblox,Abril,2022,"  1,851,058 horas","   371,275 horas","  154,043 streamers","   68,134 espectadores","  1,006 canales","  2,574 espectadores",   516 canales
132,iRacing,Julio,2022,"  1,242,646 horas","    75,643 horas","    6,422 streamers","   14,583 espectadores","  1,014 canales","  1,672 espectadores",   101 canales
53,Destiny 2,Noviembre,2022,"  3,674,953 horas","   300,331 horas","   37,092 streamers",NA,"  1,021 canales","  5,111 espectadores",   417 canales
27,Roblox,Octubre,2021," 11,922,623 horas","   397,234 horas","   71,662 streamers","  999,409 espectadores","  1,037 canales"," 16,046 espectadores",   534 canales
120,iRacing,Julio,2020,"  1,145,839 horas","    85,394 horas","    4,949 streamers","   10,953 espectadores","  1,043 canales","  1,542 espectadores",   114 canales
81,Roblox,Junio,2022,"  2,242,739 horas","   390,851 horas","  157,298 streamers","   76,214 espectadores","  1,045 canales","  3,119 espectadores",   543 canales
54,Sea of Thieves,Septiembre,2020,"  3,854,043 horas","   308,828 horas","   29,793 streamers","   35,432 espectadores","  1,046 canales","  5,360 espectadores",   429 canales
125,iRacing,Julio,2023,"  1,201,528 horas","    76,612 horas","    5,926 streamers","   10,074 espectadores","  1,049 canales",NA,   103 canales
20,Dark Souls III,Octubre,2016,"  3,346,006 horas","   128,053 horas","   22,431 streamers","   63,452 espectadores","  1,061 canales","  4,503 espectadores",   172 canales
61,Destiny 2,Octubre,2023,"  4,640,191 horas","   356,740 horas","   40,814 streamers","   22,811 espectadores","  1,065 canales",NA,   480 canales
111,iRacing,Mayo,2024,"  1,625,673 horas","    90,034 horas","    7,046 streamers",NA,"  1,067 canales",NA,   121 canales
30,Sea of Thieves,Febrero,2018,"  3,005,380 horas","    61,062 horas","    9,729 streamers","  205,315 espectadores","  1,070 canales",NA,    91 canales
27,Dark Souls III,Marzo,2017,"  3,456,402 horas","   130,920 horas","   19,036 streamers",NA,"  1,109 canales","  4,651 espectadores",   176 canales
33,Overwatch,Febrero,2022,"  9,168,826 horas","   457,390 horas","   70,914 streamers","   89,068 espectadores","  1,115 canales"," 13,664 espectadores",   681 canales
21,Overwatch,Abril,2016,"  3,314,869 horas","    69,482 horas","    9,592 streamers","   38,505 espectadores","  1,129 canales","  4,610 espectadores",    96 canales
65,Roblox,Julio,2022,"  3,609,032 horas","   520,781 horas","  201,783 streamers","   86,616 espectadores","  1,135 canales","  4,857 espectadores",   700 canales
113,iRacing,Abril,2021,"  1,728,334 horas","   104,414 horas","    6,374 streamers","   23,397 espectadores","  1,137 canales","  2,403 espectadores",   145 canales
56,Destiny 2,Julio,2023,"  4,406,177 horas","   395,731 horas","   49,622 streamers","   21,958 espectadores","  1,139 canales","  5,930 espectadores",   532 canales
22,Destiny 2,Agosto,2019,"  5,366,944 horas","   428,190 horas","   41,033 streamers","   74,108 espectadores","  1,144 canales","  7,223 espectadores",   576 canales
34,Overwatch,Septiembre,2021,"  8,401,428 horas","   521,831 horas","   53,834 streamers","   78,397 espectadores","  1,146 canales"," 11,684 espectadores",   725 canales
56,Sea of Thieves,Mayo,2022,"  4,270,653 horas","   277,975 horas","   40,605 streamers","   55,818 espectadores","  1,148 canales","  5,747 espectadores",   374 canales
45,Sea of Thieves,Diciembre,2020,"  4,201,273 horas","   318,665 horas","   33,662 streamers","   57,023 espectadores","  1,151 canales","  5,654 espectadores",   428 canales
66,Roblox,Noviembre,2022,"  2,718,544 horas","   375,043 horas","  131,168 streamers","   84,927 espectadores","  1,156 canales","  3,781 espectadores",   521 canales
51,Sea of Thieves,Mayo,2021,"  4,919,816 horas","   367,260 horas","   36,744 streamers",NA,"  1,165 canales","  6,621 espectadores",   494 canales
42,Sea of Thieves,Agosto,2022,"  5,946,529 horas","   313,280 horas","   44,047 streamers","   99,659 espectadores","  1,171 canales","  8,003 espectadores",   421 canales
70,Roblox,Octubre,2022,"  3,119,175 horas","   436,550 horas","  162,515 streamers","   60,796 espectadores","  1,176 canales","  4,198 espectadores",   587 canales
96,iRacing,Febrero,2021,"  1,686,239 horas","   101,713 horas","    6,819 streamers","   22,885 espectadores","  1,187 canales",NA,   151 canales
64,Roblox,Agosto,2022,"  3,761,185 horas","   514,161 horas","  203,413 streamers","  116,965 espectadores","  1,188 canales",NA,NA
23,Destiny 2,Junio,2018,"  4,600,488 horas","   382,031 horas","   43,290 streamers","  177,513 espectadores","  1,194 canales","  6,398 espectadores",   531 canales
69,Sea of Thieves,Marzo,2024,"  3,335,590 horas","   200,078 horas","   31,015 streamers",NA,"  1,194 canales",NA,   269 canales
58,Sea of Thieves,Junio,2024,"  3,735,810 horas","   288,227 horas","   45,042 streamers","   83,652 espectadores","  1,205 canales","  5,195 espectadores",   400 canales
20,Sea of Thieves,Abril,2018,"  4,958,317 horas","   270,825 horas","   33,261 streamers","   36,652 espectadores","  1,207 canales","  6,896 espectadores",   376 canales
32,Overwatch,Mayo,2022,"  7,817,614 horas","   498,485 horas","   80,409 streamers","   57,877 espectadores","  1,215 canales"," 10,521 espectadores",NA
74,Roblox,Diciembre,2022,"  2,690,367 horas","   389,167 horas","  133,719 streamers","   69,207 espectadores","  1,218 canales","  3,620 espectadores",   523 canales
33,Overwatch,Agosto,2021,"  8,981,103 horas","   573,820 horas","   59,940 streamers",NA,"  1,227 canales"," 12,087 espectadores",   772 canales
38,Overwatch,Junio,2022,"  7,447,132 horas","   442,067 horas","   69,090 streamers","   98,128 espectadores","  1,236 canales"," 10,357 espectadores",   614 canales
32,Sea of Thieves,Mayo,2019,"  4,301,237 horas","   210,462 horas","   25,264 streamers","   58,713 espectadores","  1,254 canales","  5,789 espectadores",   283 canales
55,Sea of Thieves,Febrero,2023,"  3,910,553 horas","   205,346 horas","   30,864 streamers","   60,195 espectadores","  1,261 canales","  5,827 espectadores",   306 canales
68,Roblox,Septiembre,2022,"  3,421,067 horas","   424,985 horas","  168,486 streamers","  135,740 espectadores","  1,263 canales","  4,758 espectadores",   591 canales
48,Sea of Thieves,Marzo,2023,"  4,759,691 horas","   263,726 horas","   36,825 streamers","   43,828 espectadores","  1,269 canales","  6,406 espectadores",   354 canales
55,Sea of Thieves,Septiembre,2022,"  4,313,009 horas","   233,299 horas","   31,961 streamers","  131,802 espectadores","  1,278 canales","  5,998 espectadores",   324 canales
34,Overwatch,Enero,2022,"  8,979,640 horas","   537,197 horas","   81,506 streamers","   48,858 espectadores","  1,282 canales"," 12,085 espectadores",   723 canales
50,Sea of Thieves,Marzo,2021,"  5,311,760 horas","   398,412 horas","   39,818 streamers","   48,689 espectadores","  1,298 canales","  7,149 espectadores",   536 canales
45,Sea of Thieves,Mayo,2024,"  5,949,157 horas","   412,128 horas","   58,912 streamers",NA,"  1,301 canales","  8,006 espectadores",NA
24,Sea of Thieves,Febrero,2019,"  5,962,175 horas","   215,751 horas","   25,920 streamers","   55,263 espectadores","  1,303 canales","  8,885 espectadores",   321 canales
47,Overwatch,Agosto,2022,"  5,369,471 horas","   398,727 horas","   58,396 streamers","   33,615 espectadores","  1,320 canales","  7,226 espectadores",   536 canales
18,Fortnite,Julio,2017,"  3,789,768 horas","   157,724 horas","   21,887 streamers","   74,484 espectadores","  1,322 canales","  5,100 espectadores",   212 canales
48,Destiny 2,Noviembre,2021,"  5,456,719 horas","   438,805 horas","   34,533 streamers","   37,732 espectadores","  1,349 canales","  7,589 espectadores",   610 canales
116,iRacing,Marzo,2021,"  1,648,362 horas","   100,894 horas","    6,636 streamers","   17,193 espectadores","  1,367 canales","  2,218 espectadores",NA
81,Roblox,Marzo,2021,"  2,627,261 horas","   360,556 horas","   59,445 streamers",NA,"  1,407 canales",NA,   485 canales
120,Roblox,Noviembre,2020,"  1,188,115 horas","   241,773 horas","   34,742 streamers","   21,892 espectadores","  1,422 canales","  1,652 espectadores",   336 canales
58,Roblox,Enero,2023,"  3,455,293 horas","   453,870 horas","  158,265 streamers","   84,805 espectadores","  1,438 canales","  4,650 espectadores",   610 canales
2,Counter-Strike: Global Offensive,Julio,2016," 52,953,297 horas","   596,141 horas","   94,538 streamers",NA,"  1,441 canales"," 71,269 espectadores",   802 canales
20,Sea of Thieves,Junio,2020," 13,074,561 horas","   479,773 horas","   42,558 streamers","   63,429 espectadores","  1,447 canales"," 18,184 espectadores",   667 canales
46,Sea of Thieves,Abril,2019,"  1,995,466 horas","   119,755 horas","   15,761 streamers","   79,473 espectadores","  1,450 canales","  2,775 espectadores",   166 canales
6,Counter-Strike: Global Offensive,Junio,2017," 21,829,455 horas","   566,198 horas","   98,244 streamers",NA,"  1,474 canales",NA,NA
25,Destiny 2,Enero,2019,"  6,877,481 horas","   455,264 horas","   46,152 streamers","   82,481 espectadores","  1,489 canales","  9,256 espectadores",   612 canales
33,Destiny 2,Mayo,2020,"  6,878,581 horas","   549,016 horas","   37,636 streamers","   33,126 espectadores","  1,490 canales","  9,257 espectadores",   738 canales
36,Overwatch,Octubre,2021,"  8,014,815 horas","   527,637 horas","   53,751 streamers","   24,865 espectadores","  1,495 canales"," 10,787 espectadores",   710 canales
39,Destiny 2,Julio,2022,"  6,345,347 horas","   471,043 horas","   55,404 streamers","   33,835 espectadores","  1,499 canales","  8,540 espectadores",NA
38,Sea of Thieves,Febrero,2021,"  6,371,289 horas","   442,012 horas","   46,006 streamers","   62,017 espectadores","  1,504 canales","  9,495 espectadores",   658 canales
17,Destiny 2,Agosto,2018,"  6,287,845 horas","   490,449 horas","   53,602 streamers","   91,330 espectadores","  1,511 canales","  8,462 espectadores",   660 canales
5,Counter-Strike: Global Offensive,Septiembre,2017," 27,290,465 horas","   557,376 horas","   91,958 streamers","  287,694 espectadores","  1,521 canales"," 37,956 espectadores",   775 canales
85,iRacing,Junio,2020,"  1,709,722 horas","   106,658 horas","    5,778 streamers","   28,478 espectadores","  1,529 canales","  2,377 espectadores",   148 canales
67,Sea of Thieves,Abril,2024,"  3,572,677 horas","   231,704 horas","   34,869 streamers","   36,235 espectadores","  1,530 canales","  4,968 espectadores",   322 canales
11,Sea of Thieves,Enero,2019," 17,540,235 horas","   356,389 horas","   39,381 streamers","  125,641 espectadores","  1,538 canales"," 23,607 espectadores",   479 canales
5,Counter-Strike: Global Offensive,Noviembre,2017," 25,703,362 horas","   574,183 horas","   91,409 streamers","  287,276 espectadores","  1,552 canales"," 35,748 espectadores",   798 canales
14,Overwatch,Noviembre,2019," 16,078,956 horas","   707,451 horas","   86,095 streamers",NA,"  1,561 canales"," 22,362 espectadores",NA
8,Counter-Strike: Global Offensive,Mayo,2018," 26,429,452 horas","   612,457 horas","  103,243 streamers","  242,438 espectadores","  1,566 canales",NA,   824 canales
2,Counter-Strike: Global Offensive,Julio,2017," 68,139,030 horas","   625,409 horas","  105,071 streamers","  945,413 espectadores","  1,574 canales",NA,NA
8,Dark Souls III,Mayo,2016,"  7,436,193 horas","   393,112 horas","   60,299 streamers","   35,278 espectadores","  1,576 canales"," 10,008 espectadores",   529 canales
9,Counter-Strike: Global Offensive,Junio,2018," 21,897,817 horas","   600,193 horas","  105,655 streamers","  262,105 espectadores","  1,578 canales"," 30,455 espectadores",   834 canales
34,Sea of Thieves,Abril,2021," 10,301,651 horas","   449,242 horas","   45,956 streamers","  141,852 espectadores","  1,578 canales"," 14,327 espectadores",   624 canales
46,Sea of Thieves,Enero,2021,"  5,265,966 horas","   475,480 horas","   49,740 streamers","   62,563 espectadores","  1,582 canales","  7,087 espectadores",   639 canales
5,Counter-Strike: Global Offensive,Agosto,2017," 20,163,803 horas","   642,880 horas","  105,110 streamers",NA,"  1,588 canales"," 27,138 espectadores",   865 canales
24,Destiny 2,Noviembre,2019,"  5,881,172 horas","   511,190 horas","   53,302 streamers","   27,502 espectadores","  1,590 canales","  8,179 espectadores",   710 canales
4,Counter-Strike: Global Offensive,Agosto,2016," 26,252,677 horas","   642,691 horas","   91,934 streamers","  152,628 espectadores","  1,595 canales"," 35,333 espectadores",NA
3,Counter-Strike: Global Offensive,Septiembre,2016," 30,761,358 horas","   548,932 horas","   85,839 streamers","  305,793 espectadores","  1,610 canales"," 42,783 espectadores",   763 canales
3,Counter-Strike: Global Offensive,Junio,2016," 36,137,071 horas","   576,786 horas","   86,923 streamers","  226,858 espectadores","  1,615 canales",NA,   802 canales
19,Destiny 2,Julio,2019,"  6,254,229 horas","   467,659 horas","   42,494 streamers",NA,"  1,617 canales",NA,   629 canales
7,Counter-Strike: Global Offensive,Julio,2018," 26,762,517 horas","   691,064 horas","  115,318 streamers","  237,413 espectadores","  1,641 canales"," 36,019 espectadores",   930 canales
36,Destiny 2,Abril,2022,"  6,512,134 horas","   513,627 horas","   56,648 streamers","   34,145 espectadores","  1,641 canales","  9,057 espectadores",   714 canales
5,Counter-Strike: Global Offensive,Octubre,2017," 28,388,369 horas","   593,047 horas","   95,811 streamers","  576,773 espectadores","  1,645 canales"," 38,207 espectadores",   798 canales
3,Counter-Strike: Global Offensive,Octubre,2016," 35,446,861 horas","   577,243 horas","   86,193 streamers","  336,075 espectadores","  1,646 canales",NA,   776 canales
14,Overwatch,Febrero,2020," 15,337,803 horas","   744,064 horas","   83,070 streamers","   89,447 espectadores","  1,648 canales"," 22,068 espectadores"," 1,070 canales"
7,Overwatch,Junio,2019," 30,730,691 horas","   765,200 horas","   98,075 streamers","  163,632 espectadores","  1,652 canales"," 42,740 espectadores",NA
39,Sea of Thieves,Julio,2021,"  7,121,195 horas","   502,637 horas","   54,840 streamers","   48,829 espectadores","  1,656 canales","  9,584 espectadores",   676 canales
23,Overwatch,Junio,2021," 12,330,934 horas","   688,517 horas","   71,864 streamers","   73,883 espectadores","  1,664 canales",NA,   957 canales
35,Destiny 2,Octubre,2022,"  6,355,738 horas","   510,232 horas","   57,321 streamers","   25,377 espectadores","  1,672 canales",NA,   686 canales
50,Destiny 2,Junio,2023,"  4,283,100 horas","   461,423 horas","   60,649 streamers","   19,880 espectadores","  1,679 canales","  5,957 espectadores",   641 canales
14,Overwatch,Enero,2020," 14,476,204 horas","   817,235 horas","   91,877 streamers","   53,847 espectadores","  1,706 canales"," 19,483 espectadores"," 1,099 canales"
9,Overwatch,Septiembre,2019," 21,867,082 horas","   705,530 horas","   92,814 streamers","  321,314 espectadores","  1,717 canales"," 30,413 espectadores",   981 canales
20,Overwatch,Septiembre,2020," 12,981,536 horas","   751,471 horas","   74,060 streamers","   58,428 espectadores","  1,725 canales"," 18,054 espectadores"," 1,045 canales"
4,Counter-Strike: Global Offensive,Diciembre,2016," 30,576,246 horas","   594,414 horas","   27,104 streamers","  240,717 espectadores","  1,731 canales"," 41,152 espectadores",   800 canales
43,Destiny 2,Abril,2021,"  6,615,780 horas","   551,326 horas","   41,859 streamers","   33,739 espectadores","  1,734 canales","  9,201 espectadores",   766 canales
6,Overwatch,Agosto,2016," 18,643,208 horas","   678,192 horas","  109,939 streamers","   92,808 espectadores","  1,740 canales"," 25,091 espectadores",NA
18,Overwatch,Junio,2020," 15,364,110 horas","   819,637 horas","   78,735 streamers","   68,028 espectadores","  1,756 canales"," 21,368 espectadores",NA
45,Destiny 2,Junio,2022,"  6,402,427 horas","   515,769 horas","   60,289 streamers","   30,977 espectadores","  1,762 canales",NA,NA
23,Destiny 2,Noviembre,2018,"  6,234,500 horas","   609,997 horas","   77,893 streamers","   26,938 espectadores","  1,764 canales","  8,671 espectadores",   848 canales
29,Overwatch,Julio,2021," 10,952,403 horas","   703,256 horas","   73,442 streamers","   49,877 espectadores","  1,776 canales"," 14,740 espectadores",   946 canales
34,Destiny 2,Octubre,2020,"  6,380,496 horas","   641,070 horas","   47,421 streamers",NA,"  1,782 canales","  8,587 espectadores",   862 canales
28,Overwatch,Noviembre,2020," 12,073,850 horas","   749,719 horas","   76,572 streamers",NA,"  1,786 canales"," 16,792 espectadores"," 1,042 canales"
87,iRacing,Enero,2023,"  1,742,739 horas","    99,876 horas","    7,620 streamers","   23,432 espectadores","  1,793 canales","  2,345 espectadores",   134 canales
30,Destiny 2,Mayo,2024," 10,114,772 horas","   607,769 horas","   61,226 streamers","   80,859 espectadores","  1,796 canales",NA,   817 canales
53,Stardew Valley,Marzo,2024,"  5,181,510 horas","   233,045 horas","   37,777 streamers",NA,"  1,810 canales","  6,973 espectadores",   313 canales
21,Destiny 2,Julio,2018,"  4,537,690 horas","   363,090 horas","   40,596 streamers","   42,725 espectadores","  1,823 canales","  6,107 espectadores",   488 canales
9,Counter-Strike: Global Offensive,Agosto,2018," 21,697,899 horas","   760,366 horas","  121,482 streamers","  187,317 espectadores","  1,846 canales"," 29,203 espectadores"," 1,023 canales"
8,Counter-Strike: Global Offensive,Abril,2018," 22,925,690 horas","   661,902 horas","  105,690 streamers","  321,506 espectadores","  1,869 canales"," 31,885 espectadores",   920 canales
8,Overwatch,Junio,2018," 23,127,738 horas","   802,496 horas","  119,586 streamers",NA,"  1,875 canales"," 32,166 espectadores"," 1,116 canales"
31,Destiny 2,Abril,2020,"  7,197,240 horas","   578,827 horas","   40,966 streamers","   58,881 espectadores","  1,881 canales"," 10,010 espectadores",   805 canales
39,Destiny 2,Octubre,2021,"  7,418,269 horas","   631,194 horas","   46,976 streamers","   47,109 espectadores","  1,881 canales","  9,984 espectadores",   849 canales
16,Overwatch,Octubre,2019," 10,882,550 horas","   682,058 horas","   85,624 streamers","   55,125 espectadores","  1,902 canales"," 14,646 espectadores",   917 canales
54,Destiny 2,Noviembre,2023,"  3,639,831 horas","   280,752 horas","   34,401 streamers","   31,403 espectadores","  1,913 canales","  5,062 espectadores",   390 canales
15,Overwatch,Diciembre,2019," 14,056,666 horas","   722,851 horas","   86,206 streamers","   58,517 espectadores","  1,915 canales"," 18,918 espectadores",   972 canales
39,Destiny 2,Marzo,2021,"  7,515,558 horas","   653,695 horas","   47,769 streamers","   37,292 espectadores","  1,927 canales"," 10,115 espectadores",   879 canales
24,Destiny 2,Diciembre,2019,"  5,701,369 horas","   454,607 horas","   45,579 streamers",NA,"  1,936 canales",NA,   611 canales
3,Counter-Strike: Global Offensive,Septiembre,2018," 70,564,750 horas","   703,957 horas","  114,229 streamers","  827,050 espectadores","  1,939 canales",NA,   979 canales
2,Counter-Strike: Global Offensive,Marzo,2016," 71,963,213 horas","   742,531 horas","  104,144 streamers",NA,"  1,940 canales"," 96,854 espectadores",   999 canales
7,Counter-Strike: Global Offensive,Octubre,2018," 24,204,390 horas","   719,986 horas","  113,472 streamers","  221,263 espectadores","  1,958 canales"," 32,576 espectadores",   969 canales
38,Destiny 2,Junio,2021,"  6,834,275 horas","   576,112 horas","   43,132 streamers","   36,165 espectadores","  1,968 canales","  9,505 espectadores",   801 canales
2,Counter-Strike: Global Offensive,Enero,2018," 69,603,467 horas","   784,226 horas","  125,843 streamers",NA,"  1,978 canales"," 93,678 espectadores"," 1,055 canales"
15,Overwatch,Marzo,2020," 15,595,432 horas","   870,540 horas","   98,914 streamers","  194,372 espectadores","  1,983 canales"," 20,989 espectadores"," 1,171 canales"
6,Overwatch,Julio,2017," 19,496,787 horas","   875,038 horas","  135,242 streamers","   92,616 espectadores","  1,985 canales"," 26,240 espectadores"," 1,177 canales"
8,Counter-Strike: Global Offensive,Octubre,2022," 56,602,588 horas","   762,067 horas","  110,356 streamers","  681,874 espectadores","  1,993 canales",NA," 1,025 canales"
6,Overwatch,Septiembre,2016," 15,244,235 horas","   624,055 horas","  108,359 streamers","   74,964 espectadores","  2,022 canales"," 21,201 espectadores",   867 canales
18,Destiny 2,Octubre,2018,"  7,221,524 horas","   586,253 horas","   60,325 streamers","   46,321 espectadores","  2,053 canales","  9,719 espectadores",   789 canales
7,Counter-Strike: Global Offensive,Julio,2022," 51,096,287 horas","   848,961 horas","  130,195 streamers","1,153,750 espectadores","  2,055 canales"," 68,770 espectadores"," 1,142 canales"
24,Overwatch,Diciembre,2020," 13,597,110 horas","   798,761 horas","   82,400 streamers","   95,650 espectadores","  2,056 canales"," 18,300 espectadores",NA
26,Overwatch,Mayo,2021," 12,292,040 horas","   770,340 horas","   77,905 streamers","  111,114 espectadores","  2,056 canales"," 16,543 espectadores"," 1,036 canales"
8,Overwatch,Noviembre,2017," 22,309,745 horas","   835,413 horas","  112,654 streamers","  329,834 espectadores","  2,057 canales"," 31,028 espectadores"," 1,161 canales"
24,Overwatch,Enero,2021," 15,430,328 horas","   945,335 horas","   94,343 streamers","   61,609 espectadores","  2,069 canales"," 20,767 espectadores",NA
2,Counter-Strike: Global Offensive,Febrero,2017," 40,480,425 horas","   677,884 horas","  100,125 streamers","  459,482 espectadores","  2,078 canales",NA," 1,010 canales"
85,iRacing,Enero,2021,"  2,133,238 horas","   132,219 horas","    7,140 streamers","   30,759 espectadores","  2,084 canales","  2,871 espectadores",   177 canales
4,Counter-Strike: Global Offensive,Marzo,2017," 36,870,753 horas","   703,107 horas","   84,382 streamers","  508,269 espectadores","  2,086 canales"," 49,624 espectadores",   946 canales
21,Overwatch,Abril,2020," 13,708,585 horas","   875,738 horas","   87,545 streamers","   82,477 espectadores","  2,087 canales",NA," 1,217 canales"
5,Overwatch,Noviembre,2016," 20,378,464 horas","   676,432 horas","  105,104 streamers","  247,288 espectadores","  2,089 canales"," 28,342 espectadores",NA
2,Counter-Strike: Global Offensive,Febrero,2016," 44,933,218 horas","   754,901 horas","  106,074 streamers","  235,027 espectadores","  2,097 canales"," 64,652 espectadores"," 1,086 canales"
2,Counter-Strike: Global Offensive,Abril,2016," 71,723,213 horas","   721,644 horas","   97,614 streamers","1,059,002 espectadores","  2,119 canales"," 99,754 espectadores"," 1,003 canales"
7,Overwatch,Noviembre,2018," 21,844,731 horas","   924,630 horas","  129,623 streamers","  259,787 espectadores","  2,133 canales"," 30,382 espectadores"," 1,285 canales"
8,Overwatch,Mayo,2019," 24,738,341 horas","   843,717 horas","  106,609 streamers","  260,129 espectadores","  2,133 canales",NA," 1,135 canales"
16,Fortnite,Septiembre,2017,"  4,703,330 horas","   209,917 horas","   50,095 streamers",NA,"  2,146 canales","  6,541 espectadores",   291 canales
5,Counter-Strike: Global Offensive,Junio,2022," 56,442,633 horas","   840,093 horas","  125,497 streamers",NA,"  2,173 canales"," 78,501 espectadores"," 1,168 canales"
2,Counter-Strike: Global Offensive,Enero,2017," 72,376,812 horas","   694,606 horas","  110,118 streamers","1,233,293 espectadores","  2,177 canales"," 97,411 espectadores",   934 canales
7,Counter-Strike: Global Offensive,Abril,2022," 59,002,939 horas","   802,622 horas","  122,078 streamers",NA,"  2,200 canales"," 82,062 espectadores"," 1,116 canales"
5,Counter-Strike: Global Offensive,Mayo,2022," 93,930,915 horas","   845,157 horas","  121,653 streamers","1,687,805 espectadores","  2,202 canales","126,421 espectadores"," 1,137 canales"
5,Overwatch,Julio,2016," 24,928,646 horas","   813,972 horas","  126,978 streamers","   82,786 espectadores","  2,220 canales"," 33,551 espectadores"," 1,095 canales"
30,Overwatch,Abril,2021," 12,239,978 horas","   803,047 horas","   84,414 streamers","   71,596 espectadores","  2,220 canales"," 17,023 espectadores",NA
10,Counter-Strike: Global Offensive,Agosto,2022," 42,556,325 horas","   876,860 horas","  133,460 streamers","  313,850 espectadores","  2,220 canales"," 57,276 espectadores"," 1,180 canales"
7,Counter-Strike: Global Offensive,Julio,2019," 40,700,017 horas","   914,238 horas","  138,472 streamers",NA,"  2,224 canales"," 54,777 espectadores"," 1,230 canales"
5,Overwatch,Febrero,2017," 18,544,200 horas","   778,498 horas","  120,815 streamers","   77,354 espectadores","  2,230 canales"," 27,636 espectadores"," 1,160 canales"
37,Destiny 2,Abril,2023,"  7,986,721 horas","   675,402 horas","   74,727 streamers","   34,013 espectadores","  2,230 canales"," 11,108 espectadores",   939 canales
7,Counter-Strike: Global Offensive,Mayo,2019," 29,661,382 horas","   860,011 horas","  129,622 streamers","  234,864 espectadores","  2,268 canales"," 39,921 espectadores"," 1,157 canales"
100,iRacing,Enero,2024,"  1,937,059 horas","   122,442 horas","    8,363 streamers","   31,444 espectadores","  2,270 canales","  2,607 espectadores",   164 canales
7,Counter-Strike: Global Offensive,Agosto,2019," 46,112,933 horas","   974,890 horas","  147,984 streamers","  518,564 espectadores","  2,281 canales"," 62,063 espectadores"," 1,312 canales"
5,Overwatch,Diciembre,2016," 22,178,852 horas","   857,811 horas","   35,354 streamers",NA,"  2,288 canales"," 29,850 espectadores"," 1,154 canales"
6,Counter-Strike: Global Offensive,Abril,2019," 30,853,367 horas","   845,555 horas","  127,669 streamers","  313,013 espectadores","  2,295 canales",NA,NA
39,Destiny 2,Diciembre,2022,"  6,278,626 horas","   446,168 horas","   49,760 streamers","   60,548 espectadores","  2,313 canales","  8,450 espectadores",   600 canales
4,Counter-Strike: Global Offensive,Febrero,2018," 37,486,546 horas","   778,934 horas","  120,998 streamers","  360,635 espectadores","  2,315 canales"," 55,866 espectadores",NA
10,Counter-Strike: Global Offensive,Enero,2023," 39,153,067 horas","   836,436 horas","  126,395 streamers","  325,890 espectadores","  2,315 canales"," 52,695 espectadores"," 1,125 canales"
12,Counter-Strike: Global Offensive,Diciembre,2022," 31,315,331 horas","   682,014 horas","  105,795 streamers","  280,430 espectadores","  2,323 canales"," 42,147 espectadores",   917 canales
26,Destiny 2,Marzo,2020,"  9,267,132 horas","   619,405 horas","   50,146 streamers","   85,865 espectadores","  2,334 canales"," 12,472 espectadores",   833 canales
7,Counter-Strike: Global Offensive,Marzo,2018," 28,078,226 horas","   790,038 horas","  121,083 streamers",NA,"  2,336 canales"," 37,790 espectadores"," 1,063 canales"
8,Counter-Strike: Global Offensive,Marzo,2022," 55,974,322 horas","   864,927 horas","  133,185 streamers","  360,389 espectadores","  2,341 canales"," 75,335 espectadores"," 1,164 canales"
6,Counter-Strike: Global Offensive,Febrero,2023," 54,680,222 horas","   810,501 horas","  119,258 streamers","  586,084 espectadores","  2,348 canales"," 81,490 espectadores"," 1,207 canales"
27,Overwatch,Febrero,2021," 12,638,505 horas","   843,839 horas","   89,223 streamers","   72,588 espectadores","  2,361 canales",NA," 1,257 canales"
8,Overwatch,Diciembre,2017," 17,837,670 horas","   875,780 horas","  118,792 streamers","   85,699 espectadores","  2,399 canales"," 24,007 espectadores",NA
27,Destiny 2,Julio,2020,"  9,801,493 horas","   840,733 horas","   54,420 streamers","   52,632 espectadores","  2,406 canales"," 13,191 espectadores"," 1,131 canales"
5,Counter-Strike: Global Offensive,Septiembre,2019," 46,007,837 horas","   914,564 horas","  138,048 streamers","  659,147 espectadores","  2,416 canales"," 63,988 espectadores",NA
5,Overwatch,Enero,2017," 25,700,463 horas","   972,764 horas","  149,853 streamers","   88,338 espectadores","  2,423 canales"," 34,590 espectadores"," 1,309 canales"
18,Overwatch,Mayo,2020," 14,819,259 horas","   935,781 horas","   87,808 streamers","  142,904 espectadores","  2,434 canales"," 19,945 espectadores"," 1,259 canales"
29,Destiny 2,Agosto,2020,"  7,558,794 horas","   757,588 horas","   50,050 streamers","   26,071 espectadores","  2,480 canales"," 10,173 espectadores"," 1,019 canales"
10,Counter-Strike: Global Offensive,Diciembre,2021," 45,401,155 horas","   914,766 horas","   94,162 streamers","  524,450 espectadores","  2,485 canales"," 61,105 espectadores"," 1,231 canales"
24,Overwatch,Octubre,2020," 12,686,221 horas","   825,098 horas","   83,528 streamers","   71,982 espectadores","  2,489 canales"," 17,074 espectadores",NA
8,Overwatch,Febrero,2018," 26,713,493 horas","   898,701 horas","  125,449 streamers","  226,758 espectadores","  2,491 canales"," 39,811 espectadores"," 1,339 canales"
11,Overwatch,Diciembre,2018," 16,862,203 horas","   968,889 horas","  132,283 streamers","   50,545 espectadores","  2,496 canales"," 22,694 espectadores"," 1,304 canales"
4,Counter-Strike: Global Offensive,Noviembre,2019," 35,606,495 horas","   890,153 horas","  129,703 streamers","  299,143 espectadores","  2,500 canales"," 49,522 espectadores"," 1,238 canales"
7,Counter-Strike: Global Offensive,Marzo,2019," 35,411,834 horas","   913,794 horas","  134,809 streamers","  833,440 espectadores","  2,509 canales"," 47,660 espectadores",NA
7,Counter-Strike: Global Offensive,Julio,2021," 58,658,860 horas"," 1,107,453 horas","  112,617 streamers","  696,447 espectadores","  2,513 canales"," 78,948 espectadores"," 1,490 canales"
8,Counter-Strike: Global Offensive,Agosto,2020," 48,243,344 horas"," 1,071,229 horas","  117,920 streamers","  313,425 espectadores","  2,526 canales"," 64,930 espectadores"," 1,441 canales"
8,Overwatch,Abril,2019," 28,601,463 horas","   788,023 horas","  102,724 streamers","  185,196 espectadores","  2,534 canales"," 39,779 espectadores"," 1,095 canales"
9,Counter-Strike: Global Offensive,Agosto,2021," 49,822,431 horas"," 1,099,409 horas","  114,949 streamers","  378,388 espectadores","  2,538 canales"," 67,055 espectadores"," 1,479 canales"
6,Counter-Strike: Global Offensive,Octubre,2021," 70,180,423 horas","   956,368 horas","   97,136 streamers","  655,467 espectadores","  2,555 canales"," 94,455 espectadores"," 1,287 canales"
4,Counter-Strike: Global Offensive,Octubre,2019," 44,765,681 horas","   932,539 horas","  135,261 streamers","  381,582 espectadores","  2,578 canales"," 60,249 espectadores"," 1,255 canales"
6,Overwatch,Mayo,2017," 20,539,723 horas","   885,655 horas","  140,295 streamers","   89,639 espectadores","  2,585 canales"," 27,644 espectadores"," 1,191 canales"
4,Counter-Strike: Global Offensive,Noviembre,2021," 79,981,393 horas","   951,598 horas","   97,574 streamers","1,916,027 espectadores","  2,590 canales","111,239 espectadores"," 1,323 canales"
7,Fortnite,Noviembre,2017," 23,390,963 horas","   990,352 horas","  148,535 streamers",NA,"  2,593 canales"," 32,532 espectadores"," 1,377 canales"
30,Destiny 2,Septiembre,2021,"  9,679,016 horas","   825,205 horas","   59,911 streamers","   46,150 espectadores","  2,616 canales"," 13,461 espectadores"," 1,147 canales"
6,Counter-Strike: Global Offensive,Febrero,2022," 67,421,442 horas","   886,058 horas","  150,560 streamers","  995,138 espectadores","  2,618 canales",NA," 1,320 canales"
7,Counter-Strike: Global Offensive,Septiembre,2020," 53,623,137 horas"," 1,029,871 horas","  114,511 streamers","  306,910 espectadores","  2,620 canales"," 74,580 espectadores"," 1,432 canales"
8,Overwatch,Septiembre,2017," 16,746,745 horas","   758,045 horas","  111,470 streamers","   65,265 espectadores","  2,655 canales"," 23,291 espectadores"," 1,054 canales"
10,Overwatch,Octubre,2017," 14,579,938 horas","   729,063 horas","  109,231 streamers",NA,"  2,659 canales"," 19,623 espectadores",   981 canales
21,Destiny 2,Diciembre,2018,"  7,203,792 horas","   545,323 horas","   54,062 streamers","  109,447 espectadores","  2,663 canales","  9,695 espectadores",   733 canales
4,Counter-Strike: Global Offensive,Diciembre,2019," 40,460,483 horas","   977,970 horas","  146,003 streamers","  322,386 espectadores","  2,695 canales",NA," 1,316 canales"
14,Overwatch,Abril,2022," 25,598,037 horas","   604,554 horas","   93,774 streamers","1,459,249 espectadores","  2,725 canales"," 35,602 espectadores",   840 canales
13,Counter-Strike: Global Offensive,Enero,2022," 40,012,823 horas"," 1,017,881 horas","  166,711 streamers",NA,"  2,748 canales"," 53,853 espectadores",NA
13,Destiny 2,Noviembre,2017,"  6,579,912 horas","   664,376 horas","   77,034 streamers","  111,655 espectadores","  2,765 canales","  9,151 espectadores",   924 canales
8,Overwatch,Enero,2019," 22,499,093 horas"," 1,192,726 horas","  146,158 streamers","   88,234 espectadores","  2,784 canales"," 30,281 espectadores"," 1,605 canales"
6,Overwatch,Marzo,2017," 22,579,043 horas","   918,777 horas","  102,428 streamers","   98,176 espectadores","  2,808 canales"," 30,389 espectadores"," 1,236 canales"
8,Overwatch,Agosto,2019," 35,080,281 horas","   898,039 horas","  113,361 streamers",NA,"  2,813 canales"," 47,214 espectadores"," 1,208 canales"
6,Overwatch,Abril,2017," 21,200,021 horas","   857,974 horas","   99,965 streamers","  123,529 espectadores","  2,814 canales",NA," 1,193 canales"
7,Counter-Strike: Global Offensive,Septiembre,2021," 61,533,744 horas"," 1,007,538 horas","  105,073 streamers","  725,327 espectadores","  2,823 canales"," 85,582 espectadores"," 1,401 canales"
5,Counter-Strike: Global Offensive,Mayo,2023," 87,965,792 horas"," 1,087,921 horas","  151,201 streamers","1,117,445 espectadores","  2,829 canales","118,392 espectadores"," 1,464 canales"
13,Overwatch,Octubre,2018," 16,188,422 horas","   847,552 horas","  118,139 streamers","   62,487 espectadores","  2,870 canales"," 21,787 espectadores"," 1,140 canales"
5,Counter-Strike: Global Offensive,Enero,2019," 30,778,297 horas"," 1,051,447 horas","  159,310 streamers","  187,678 espectadores","  2,895 canales"," 41,424 espectadores"," 1,415 canales"
35,Destiny 2,Diciembre,2020,"  8,042,552 horas","   773,754 horas","   56,761 streamers","   55,622 espectadores","  2,931 canales"," 10,824 espectadores"," 1,041 canales"
6,Overwatch,Enero,2018," 32,620,891 horas"," 1,118,103 horas","  142,342 streamers",NA,"  2,940 canales"," 43,904 espectadores"," 1,504 canales"
9,Overwatch,Septiembre,2018," 20,588,095 horas","   903,065 horas","  122,273 streamers","  123,275 espectadores","  2,959 canales"," 28,634 espectadores"," 1,256 canales"
7,Counter-Strike: Global Offensive,Octubre,2020," 58,560,804 horas"," 1,138,329 horas","  124,370 streamers",NA,"  2,976 canales",NA," 1,532 canales"
7,Overwatch,Mayo,2018," 31,493,400 horas","   958,542 horas","  135,510 streamers",NA,"  2,982 canales"," 42,386 espectadores"," 1,290 canales"
8,Counter-Strike: Global Offensive,Julio,2020," 41,902,442 horas"," 1,187,042 horas","  126,894 streamers","  197,934 espectadores","  3,034 canales"," 56,396 espectadores"," 1,597 canales"
5,Counter-Strike: Global Offensive,Marzo,2023," 65,844,705 horas"," 1,005,456 horas","  156,919 streamers","  889,692 espectadores","  3,035 canales"," 88,620 espectadores"," 1,353 canales"
26,Destiny 2,Julio,2017,"  2,817,604 horas","    82,796 horas","   15,736 streamers","  216,110 espectadores","  3,065 canales","  3,792 espectadores",   111 canales
5,Counter-Strike: Global Offensive,Abril,2023," 81,024,311 horas"," 1,152,844 horas","  173,372 streamers","  579,417 espectadores","  3,097 canales","112,690 espectadores"," 1,603 canales"
4,Counter-Strike: Global Offensive,Febrero,2020," 49,796,451 horas"," 1,135,106 horas","  154,126 streamers","  614,792 espectadores","  3,212 canales"," 71,649 espectadores"," 1,633 canales"
5,Dark Souls III,Abril,2016," 17,979,317 horas","   749,702 horas","   94,233 streamers",NA,"  3,238 canales"," 25,006 espectadores"," 1,042 canales"
5,Overwatch,Junio,2016," 30,041,625 horas"," 1,141,859 horas","  152,548 streamers",NA,"  3,428 canales"," 41,782 espectadores"," 1,588 canales"
6,Counter-Strike: Global Offensive,Noviembre,2020," 60,714,096 horas"," 1,297,659 horas","  139,791 streamers",NA,"  3,544 canales"," 84,442 espectadores"," 1,804 canales"
34,Destiny 2,Febrero,2021,"  7,879,773 horas","   669,141 horas","   48,714 streamers","   48,725 espectadores","  3,560 canales"," 11,743 espectadores",   997 canales
5,Overwatch,Junio,2017," 22,749,333 horas","   982,803 horas","  148,384 streamers","   68,705 espectadores","  3,561 canales",NA," 1,366 canales"
8,Counter-Strike: Global Offensive,Mayo,2021," 75,670,449 horas"," 1,380,646 horas","  140,856 streamers","  551,182 espectadores","  3,620 canales","101,844 espectadores"," 1,858 canales"
25,Destiny 2,Agosto,2017,"  2,598,905 horas","    80,025 horas","   26,871 streamers","  225,199 espectadores","  3,637 canales","  3,497 espectadores",NA
17,Destiny 2,Junio,2019,"  8,764,392 horas","   509,112 horas","   45,841 streamers",NA,"  3,654 canales"," 12,189 espectadores",   708 canales
33,Destiny 2,Mayo,2022,"  7,199,085 horas","   557,682 horas","   60,445 streamers",NA,"  3,720 canales","  9,689 espectadores",   750 canales
5,Fortnite,Diciembre,2017," 32,129,147 horas"," 1,478,632 horas","  208,677 streamers",NA,"  3,848 canales"," 43,242 espectadores"," 1,990 canales"
37,Destiny 2,Mayo,2023,"  7,855,192 horas","   647,300 horas","   70,342 streamers","   80,082 espectadores","  3,929 canales"," 10,572 espectadores",   871 canales
9,Counter-Strike: Global Offensive,Diciembre,2020," 60,757,021 horas"," 1,426,365 horas","  154,721 streamers","  387,473 espectadores","  3,961 canales"," 81,772 espectadores"," 1,919 canales"
8,Counter-Strike: Global Offensive,Abril,2021," 70,072,819 horas"," 1,464,933 horas","  158,206 streamers","  421,485 espectadores","  4,173 canales"," 97,458 espectadores"," 2,037 canales"
37,Destiny 2,Diciembre,2021,"  7,599,810 horas","   564,719 horas","   41,106 streamers","   70,948 espectadores","  4,175 canales"," 10,228 espectadores",NA
7,Counter-Strike: Global Offensive,Junio,2020," 76,001,332 horas"," 1,403,689 horas","  149,577 streamers","  499,919 espectadores","  4,209 canales","105,704 espectadores"," 1,952 canales"
8,Counter-Strike: Global Offensive,Marzo,2021," 72,375,036 horas"," 1,626,300 horas","  170,319 streamers","  454,393 espectadores","  4,379 canales"," 97,409 espectadores"," 2,188 canales"
8,Counter-Strike: Global Offensive,Febrero,2021," 67,578,481 horas"," 1,507,029 horas","  161,814 streamers","  607,485 espectadores","  4,460 canales",NA," 2,245 canales"
9,Counter-Strike: Global Offensive,Enero,2021," 60,899,705 horas"," 1,669,538 horas","  178,120 streamers",NA,"  4,598 canales"," 81,964 espectadores",NA
4,Counter-Strike: Global Offensive,Marzo,2020," 66,797,699 horas"," 1,511,619 horas","  197,089 streamers","  828,949 espectadores","  4,667 canales"," 89,902 espectadores"," 2,034 canales"
7,Counter-Strike: Global Offensive,Mayo,2020," 76,786,808 horas"," 1,783,788 horas","  187,999 streamers","  380,494 espectadores","  4,853 canales","103,346 espectadores"," 2,400 canales"
22,Terraria,Mayo,2020," 13,299,419 horas","   387,419 horas","   39,524 streamers","  125,768 espectadores","  4,989 canales"," 17,899 espectadores",   521 canales
14,Destiny 2,Mayo,2018,"  7,035,216 horas","   514,113 horas","   55,443 streamers","   67,071 espectadores","  4,991 canales","  9,468 espectadores",   691 canales
17,Destiny 2,Diciembre,2017,"  4,657,851 horas","   515,066 horas","   63,961 streamers","   69,366 espectadores","  5,034 canales",NA,   693 canales
28,Sea of Thieves,Junio,2021,"  9,385,102 horas","   603,159 horas","   64,653 streamers","  204,660 espectadores","  5,106 canales"," 13,052 espectadores",   838 canales
5,Counter-Strike: Global Offensive,Abril,2020," 86,673,161 horas"," 1,981,314 horas","  215,744 streamers",NA,"  5,542 canales","120,546 espectadores",NA
4,Fortnite,Enero,2018," 45,936,666 horas"," 2,363,181 horas","  302,468 streamers","  196,517 espectadores","  6,418 canales"," 61,825 espectadores"," 3,180 canales"
26,Destiny 2,Junio,2020," 10,546,869 horas","   712,956 horas","   50,306 streamers","  289,529 espectadores","  6,800 canales"," 14,668 espectadores",   991 canales
15,Fortnite,Noviembre,2022," 27,840,564 horas"," 2,645,277 horas","  505,582 streamers","  348,066 espectadores","  6,903 canales"," 38,721 espectadores",NA
8,Fortnite,Julio,2022," 47,525,559 horas"," 3,609,437 horas","  704,231 streamers","  238,361 espectadores","  7,189 canales"," 63,964 espectadores"," 4,857 canales"
13,Destiny 2,Octubre,2019," 14,866,473 horas"," 1,057,199 horas","   95,976 streamers","  228,980 espectadores","  7,288 canales"," 20,008 espectadores",NA
7,Fortnite,Mayo,2022," 54,986,586 horas"," 3,236,016 horas","  624,828 streamers",NA,"  7,328 canales"," 74,006 espectadores"," 4,355 canales"
10,Destiny 2,Septiembre,2018," 19,960,983 horas"," 1,087,238 horas","  108,813 streamers","  181,929 espectadores","  8,097 canales",NA," 1,512 canales"
11,Fortnite,Mayo,2023," 34,645,115 horas"," 3,726,355 horas","  703,553 streamers","  203,439 espectadores","  9,271 canales"," 46,628 espectadores"," 5,015 canales"
4,Fortnite,Septiembre,2019," 60,441,768 horas"," 3,521,012 horas","  406,624 streamers","  329,388 espectadores","  9,472 canales"," 84,063 espectadores"," 4,897 canales"
11,Destiny 2,Octubre,2017," 11,852,589 horas","   977,625 horas","  114,152 streamers","  226,206 espectadores","  9,503 canales"," 15,952 espectadores"," 1,315 canales"
5,Overwatch,Mayo,2016," 22,098,050 horas","   834,402 horas","  140,615 streamers","  302,141 espectadores","  9,741 canales"," 29,741 espectadores"," 1,123 canales"
10,Fortnite,Octubre,2021," 58,780,907 horas"," 3,799,080 horas","  359,321 streamers","  287,301 espectadores","  9,757 canales",NA," 5,113 canales"
10,Fortnite,Octubre,2023," 37,910,871 horas"," 3,925,454 horas","  720,876 streamers","  589,731 espectadores"," 10,162 canales"," 51,024 espectadores",NA
3,Fortnite,Noviembre,2019," 58,552,659 horas"," 3,529,438 horas","  429,521 streamers","  405,467 espectadores"," 10,287 canales"," 81,436 espectadores"," 4,908 canales"
5,Fortnite,Abril,2022," 71,463,618 horas"," 3,880,171 horas","  767,403 streamers","  639,272 espectadores"," 10,321 canales",NA," 5,396 canales"
8,Fortnite,Febrero,2022," 61,225,567 horas"," 3,690,722 horas","  801,253 streamers","  380,708 espectadores"," 10,627 canales"," 91,245 espectadores"," 5,500 canales"
9,Fortnite,Septiembre,2023," 36,112,395 horas"," 4,099,915 horas","  773,428 streamers","  235,368 espectadores"," 10,844 canales",NA," 5,702 canales"
8,Fortnite,Enero,2023," 42,715,772 horas"," 4,040,480 horas","  810,984 streamers","  268,831 espectadores"," 10,921 canales"," 57,490 espectadores"," 5,438 canales"
8,Fortnite,Julio,2024," 40,269,754 horas"," 4,683,178 horas","  830,354 streamers","  404,529 espectadores"," 10,975 canales"," 54,198 espectadores"," 6,303 canales"
6,Fortnite,Enero,2022," 70,296,392 horas"," 4,783,165 horas","1,013,324 streamers","  403,757 espectadores"," 11,096 canales",NA," 6,437 canales"
42,Destiny 2,Septiembre,2023,"  8,532,870 horas","   621,380 horas","   66,817 streamers",NA," 11,191 canales"," 11,867 espectadores",   864 canales
4,Fortnite,Enero,2020," 53,731,549 horas"," 4,399,954 horas","  502,688 streamers",NA," 11,303 canales"," 72,317 espectadores"," 5,921 canales"
9,Fortnite,Agosto,2022," 45,169,240 horas"," 3,773,479 horas","  719,684 streamers","  230,914 espectadores"," 11,312 canales",NA,NA
6,Fortnite,Julio,2021," 69,328,083 horas"," 5,002,281 horas","  488,332 streamers","  341,415 espectadores"," 11,334 canales"," 93,308 espectadores"," 6,732 canales"
8,Fortnite,Julio,2023," 39,474,807 horas"," 4,580,716 horas","  913,098 streamers","  166,737 espectadores"," 11,506 canales"," 53,128 espectadores"," 6,165 canales"
31,Destiny 2,Febrero,2022,"  9,855,293 horas","   762,640 horas","   80,782 streamers","  156,357 espectadores"," 11,681 canales"," 14,687 espectadores"," 1,136 canales"
30,Destiny 2,Agosto,2022," 11,196,151 horas","   749,165 horas","   81,185 streamers","  451,907 espectadores"," 11,764 canales"," 15,068 espectadores"," 1,008 canales"
3,Fortnite,Febrero,2020," 55,475,583 horas"," 3,975,899 horas","  427,073 streamers","  273,169 espectadores"," 11,837 canales"," 79,820 espectadores"," 5,720 canales"
10,Fortnite,Septiembre,2022," 40,234,527 horas"," 3,455,199 horas","  653,659 streamers","  363,863 espectadores"," 11,944 canales",NA," 4,805 canales"
5,Fortnite,Marzo,2020," 66,249,206 horas"," 4,750,140 horas","  497,697 streamers","  289,330 espectadores"," 12,948 canales"," 89,164 espectadores"," 6,393 canales"
35,Destiny 2,Febrero,2023,"  7,676,264 horas","   564,874 horas","   70,876 streamers","  173,158 espectadores"," 13,395 canales"," 11,440 espectadores",   841 canales
7,Fortnite,Agosto,2023," 44,035,740 horas"," 4,860,987 horas","  906,363 streamers","  211,195 espectadores"," 14,068 canales"," 59,267 espectadores",NA
6,Destiny 2,Septiembre,2017," 18,927,348 horas"," 1,504,205 horas","  131,862 streamers","  203,487 espectadores"," 14,140 canales"," 26,324 espectadores",NA
6,Fortnite,Mayo,2021," 91,858,834 horas"," 4,994,610 horas","  484,887 streamers","  456,652 espectadores"," 14,339 canales","123,632 espectadores"," 6,722 canales"
7,Fortnite,Mayo,2024," 44,713,363 horas"," 4,732,259 horas","  803,589 streamers","  309,821 espectadores"," 14,419 canales"," 60,179 espectadores"," 6,369 canales"
8,Fortnite,Marzo,2023," 42,256,437 horas"," 4,254,764 horas","  812,797 streamers","  461,687 espectadores"," 14,426 canales"," 56,872 espectadores"," 5,726 canales"
6,Fortnite,Abril,2024," 47,560,212 horas"," 5,333,248 horas","  924,545 streamers","  269,139 espectadores"," 14,563 canales"," 66,147 espectadores"," 7,417 canales"
4,Fortnite,Octubre,2020," 85,559,924 horas"," 5,777,917 horas","  533,320 streamers","  388,650 espectadores"," 15,148 canales","115,154 espectadores"," 7,776 canales"
1,Fortnite,Junio,2019," 92,750,132 horas"," 5,793,509 horas","  676,020 streamers",NA," 15,367 canales","128,998 espectadores"," 8,057 canales"
7,Fortnite,Junio,2021," 70,802,599 horas"," 5,069,896 horas","  492,980 streamers","  343,301 espectadores"," 15,889 canales"," 98,473 espectadores",NA
1,Fortnite,Marzo,2018,"118,391,174 horas"," 6,062,527 horas","  741,423 streamers","  862,789 espectadores"," 17,082 canales","159,342 espectadores"," 8,159 canales"
5,Fortnite,Abril,2021," 94,112,337 horas"," 5,810,309 horas","  588,089 streamers","  498,791 espectadores"," 17,790 canales","130,893 espectadores"," 8,081 canales"
1,Fortnite,Mayo,2018,"144,602,326 horas"," 7,645,739 horas","  930,299 streamers","  576,926 espectadores"," 18,000 canales","194,619 espectadores","10,290 canales"
1,Fortnite,Abril,2018,"128,654,925 horas"," 7,309,656 horas","  877,646 streamers","  657,462 espectadores"," 18,292 canales","178,935 espectadores","10,166 canales"
4,Fortnite,Febrero,2021,"107,665,720 horas"," 6,523,956 horas","  644,071 streamers","  541,227 espectadores"," 18,890 canales","160,455 espectadores"," 9,722 canales"
23,Destiny 2,Marzo,2022," 13,337,169 horas"," 1,003,441 horas","   93,492 streamers","  357,728 espectadores"," 19,199 canales",NA," 1,350 canales"
5,Fortnite,Enero,2021,"101,306,583 horas"," 7,396,984 horas","  689,937 streamers","  997,440 espectadores"," 19,348 canales","136,348 espectadores"," 9,955 canales"
1,Fortnite,Julio,2018,"152,086,231 horas"," 8,073,931 horas","  945,248 streamers",NA," 19,495 canales","204,692 espectadores","10,866 canales"
5,Fortnite,Febrero,2024," 68,101,025 horas"," 6,853,468 horas","1,239,467 streamers",NA," 19,927 canales"," 97,987 espectadores"," 9,861 canales"
1,Fortnite,Septiembre,2018,"106,325,201 horas"," 7,407,787 horas","  900,461 streamers",NA," 20,180 canales","147,879 espectadores","10,302 canales"
4,Fortnite,Marzo,2021,"117,342,947 horas"," 7,181,301 horas","  703,686 streamers","  778,187 espectadores"," 20,333 canales","157,931 espectadores"," 9,665 canales"
1,Fortnite,Octubre,2018,"112,125,020 horas"," 6,638,650 horas","  822,907 streamers","  591,205 espectadores"," 20,952 canales","150,908 espectadores"," 8,934 canales"
21,Destiny 2,Noviembre,2020," 18,006,507 horas"," 1,388,181 horas","   78,270 streamers","  402,791 espectadores"," 20,975 canales"," 25,043 espectadores"," 1,930 canales"
3,Fortnite,Julio,2020,"105,305,814 horas"," 8,882,333 horas","  681,016 streamers","  328,230 espectadores"," 21,039 canales","141,730 espectadores","11,954 canales"
4,Fortnite,Agosto,2020," 98,814,094 horas"," 7,962,195 horas","  663,479 streamers","  497,250 espectadores"," 21,768 canales",NA,"10,716 canales"
1,Fortnite,Abril,2019,"100,443,090 horas"," 7,536,634 horas","  884,315 streamers","  465,998 espectadores"," 21,968 canales","139,698 espectadores","10,482 canales"
1,Fortnite,Diciembre,2018,"118,143,183 horas"," 9,027,163 horas","1,013,029 streamers","  418,403 espectadores"," 22,408 canales","159,008 espectadores","12,149 canales"
5,Fortnite,Enero,2024," 72,330,309 horas"," 8,256,190 horas","1,498,156 streamers",NA," 23,219 canales"," 97,349 espectadores","11,111 canales"
2,Fortnite,Marzo,2019,"101,265,583 horas"," 8,373,592 horas","  888,542 streamers","  424,746 espectadores"," 23,473 canales","136,292 espectadores","11,269 canales"
1,Fortnite,Junio,2018,"126,859,989 horas"," 6,797,681 horas","  847,488 streamers","1,460,297 espectadores"," 23,749 canales","176,439 espectadores",NA
6,Fortnite,Agosto,2024," 44,317,890 horas"," 5,296,318 horas","  921,134 streamers","  286,309 espectadores"," 24,806 canales"," 59,647 espectadores"," 7,128 canales"
3,Fortnite,Noviembre,2020," 82,963,986 horas"," 6,162,249 horas","  563,077 streamers","  488,655 espectadores"," 25,246 canales","115,388 espectadores",NA
3,Fortnite,Noviembre,2023,"117,782,753 horas"," 8,562,724 horas","1,558,854 streamers",NA," 33,128 canales",NA,"11,909 canales"
3,Fortnite,Diciembre,2019," 64,228,513 horas"," 3,857,516 horas","  470,255 streamers","  942,880 espectadores"," 35,639 canales"," 86,444 espectadores"," 5,191 canales"
6,Fortnite,Marzo,2024," 56,123,119 horas"," 6,756,317 horas","1,213,954 streamers","  502,147 espectadores"," 38,085 canales"," 75,535 espectadores",NA
4,Fortnite,Mayo,2020,"122,842,189 horas","10,245,704 horas","  749,518 streamers","  623,197 espectadores"," 39,752 canales",NA,"13,789 canales"
1,Fortnite,Julio,2019," 90,508,922 horas"," 5,704,941 horas","  619,076 streamers","1,299,699 espectadores"," 47,033 canales","121,815 espectadores"," 7,678 canales"
6,Fortnite,Junio,2022," 51,892,737 horas"," 3,845,917 horas","  754,617 streamers","  945,769 espectadores"," 48,299 canales",NA," 5,348 canales"
1,Fortnite,Mayo,2019,"107,228,121 horas"," 6,801,136 horas","  846,724 streamers","  590,940 espectadores"," 51,473 canales","144,317 espectadores",NA
5,Fortnite,Agosto,2021," 77,871,428 horas"," 4,764,584 horas","  473,438 streamers","  719,861 espectadores"," 52,969 canales","104,806 espectadores"," 6,412 canales"
1,Fortnite,Enero,2019,"126,502,656 horas","10,205,058 horas","1,013,016 streamers","  649,136 espectadores"," 56,274 canales","170,259 espectadores","13,734 canales"
4,Fortnite,Abril,2020," 97,700,836 horas"," 7,413,195 horas","  565,926 streamers","  832,660 espectadores"," 59,676 canales",NA,"10,310 canales"
3,Fortnite,Febrero,2019," 84,064,959 horas"," 7,238,650 horas","  810,687 streamers","  658,887 espectadores"," 67,544 canales","125,283 espectadores","10,787 canales"
3,Fortnite,Diciembre,2023,"108,582,886 horas"," 9,630,049 horas","1,728,322 streamers","3,291,525 espectadores"," 85,481 canales","146,141 espectadores","12,961 canales"
6,Fortnite,Diciembre,2021," 67,039,763 horas"," 4,833,376 horas","  499,414 streamers","1,270,408 espectadores"," 88,824 canales",NA," 6,505 canales"
3,Fortnite,Junio,2020,"111,733,315 horas"," 9,686,644 horas","  733,031 streamers","2,331,987 espectadores","115,814 canales",NA,"13,472 canales"
2,Counter-Strike: Global Offensive,Enero,2016," 47,832,863 horas","   830,105 horas","  120,849 streamers","  372,654 espectadores",NA," 64,378 espectadores"," 1,117 canales"
32,Super Smash Bros. Melee,Enero,2016,"  1,790,598 horas","    10,638 horas","    1,895 streamers",NA,NA,"  2,409 espectadores",    14 canales
167,Age of Empires II,Febrero,2016,"    129,101 horas","     3,169 horas",      215 streamers,"    1,980 espectadores",NA,    185 espectadores,     4 canales
197,Roblox,Febrero,2016,"     99,370 horas","    17,552 horas","    5,624 streamers","    5,943 espectadores",NA,    142 espectadores,    25 canales
98,Guild Wars 2,Marzo,2016,"    280,265 horas","    20,754 horas","    2,385 streamers","    3,092 espectadores",NA,    377 espectadores,    27 canales
145,Star Citizen,Marzo,2016,"    158,864 horas","     7,332 horas","    1,085 streamers",NA,NA,    213 espectadores,     9 canales
155,Roblox,Marzo,2016,"    150,267 horas","    18,282 horas","    5,601 streamers","    4,760 espectadores",NA,    202 espectadores,    24 canales
193,Age of Empires II,Marzo,2016,"     98,903 horas","     2,928 horas",      204 streamers,      967 espectadores,NA,    133 espectadores,NA
27,Super Smash Bros. Melee,Abril,2016,"  2,282,986 horas","    12,281 horas","    1,992 streamers","   63,236 espectadores",NA,"  3,175 espectadores",    17 canales
78,Summoners War: Sky Arena,Abril,2016,"    419,666 horas","    12,762 horas",      746 streamers,NA,NA,    583 espectadores,    17 canales
90,Guild Wars 2,Abril,2016,"    318,164 horas","    22,436 horas","    2,553 streamers","    3,550 espectadores",NA,    442 espectadores,NA
182,Roblox,Abril,2016,"    119,281 horas","    23,279 horas","    6,873 streamers","    4,131 espectadores",NA,    165 espectadores,    32 canales
184,Age of Empires II,Abril,2016,"    116,800 horas","     2,923 horas",      208 streamers,NA,NA,    162 espectadores,     4 canales
4,Counter-Strike: Global Offensive,Mayo,2016," 44,882,927 horas","   663,528 horas","  101,483 streamers","  347,527 espectadores",NA," 60,407 espectadores",NA
43,The Witcher 3: Wild Hunt,Mayo,2016,"  1,260,978 horas","    67,863 horas","   12,472 streamers",NA,NA,"  1,697 espectadores",    91 canales
69,Summoners War: Sky Arena,Mayo,2016,"    408,501 horas","    13,143 horas",      816 streamers,"    3,880 espectadores",NA,    549 espectadores,    17 canales
29,The Witcher 3: Wild Hunt,Junio,2016,"  2,267,507 horas","   120,248 horas","   17,030 streamers","   35,727 espectadores",NA,"  3,153 espectadores",NA
121,Bloodborne,Junio,2016,"    178,004 horas","    31,046 horas","    5,777 streamers","    6,748 espectadores",NA,    247 espectadores,NA
72,The Witcher 3: Wild Hunt,Julio,2016,"    497,996 horas","    58,449 horas","    9,699 streamers","    5,271 espectadores",NA,    670 espectadores,    78 canales
87,Terraria,Julio,2016,"    372,927 horas","    30,261 horas","    6,128 streamers","    7,328 espectadores",NA,NA,    40 canales
111,Roblox,Julio,2016,"    308,759 horas","    44,717 horas","   14,676 streamers","   12,155 espectadores",NA,NA,    60 canales
144,Guild Wars 2,Julio,2016,"    235,348 horas","    19,672 horas","    2,245 streamers","    1,738 espectadores",NA,    316 espectadores,    26 canales
31,Street Fighter V,Agosto,2016,"  1,841,535 horas","    29,559 horas","    4,995 streamers","   22,511 espectadores",NA,"  2,478 espectadores",    39 canales
48,Dark Souls III,Agosto,2016,"    805,250 horas","    84,652 horas","   15,281 streamers","    7,977 espectadores",NA,"  1,083 espectadores",   113 canales
104,The Witcher 3: Wild Hunt,Agosto,2016,"    284,477 horas","    44,510 horas","    7,682 streamers","    9,325 espectadores",NA,NA,    59 canales
185,Terraria,Agosto,2016,"    122,038 horas","    22,941 horas","    4,542 streamers","    2,377 espectadores",NA,NA,    30 canales
37,Dark Souls III,Septiembre,2016,"  1,066,973 horas","    80,717 horas","   15,453 streamers","   10,488 espectadores",NA,"  1,483 espectadores",   112 canales
6,Overwatch,Octubre,2016," 14,653,679 horas","   620,097 horas","   95,883 streamers","  118,438 espectadores",NA," 19,722 espectadores",   834 canales
49,Stardew Valley,Octubre,2016,"    835,842 horas","    27,048 horas","    3,969 streamers","   12,154 espectadores",NA,"  1,124 espectadores",    36 canales
4,Counter-Strike: Global Offensive,Noviembre,2016," 32,928,974 horas","   574,651 horas","   77,914 streamers","  219,844 espectadores",NA," 45,798 espectadores",   799 canales
82,Summoners War: Sky Arena,Noviembre,2016,"    486,627 horas","    11,215 horas",      752 streamers,"    3,203 espectadores",NA,    676 espectadores,NA
145,Roblox,Noviembre,2016,"    161,354 horas","    26,648 horas","    7,258 streamers","    3,865 espectadores",NA,    224 espectadores,    37 canales
25,Street Fighter V,Diciembre,2016,"  3,104,248 horas","    34,130 horas","    1,117 streamers","  117,299 espectadores",NA,"  4,177 espectadores",    45 canales
50,Bloodborne,Diciembre,2016,"  1,126,020 horas","    38,491 horas","    1,431 streamers","   15,249 espectadores",NA,"  1,515 espectadores",    51 canales
100,Stardew Valley,Diciembre,2016,"    415,969 horas","    29,320 horas",      780 streamers,"    6,039 espectadores",NA,NA,    39 canales
114,Star Citizen,Diciembre,2016,"    342,175 horas","     9,839 horas",      261 streamers,"   15,878 espectadores",NA,    460 espectadores,    13 canales
131,Terraria,Diciembre,2016,"    275,798 horas","    23,155 horas","    1,090 streamers","   28,497 espectadores",NA,    371 espectadores,NA
40,Street Fighter V,Enero,2017,"  1,962,277 horas","    37,712 horas","    6,005 streamers",NA,NA,"  2,641 espectadores",    50 canales
57,The Witcher 3: Wild Hunt,Enero,2017,"  1,067,593 horas","    53,217 horas","    8,096 streamers","   21,902 espectadores",NA,"  1,436 espectadores",    71 canales
99,Roblox,Enero,2017,"    519,359 horas","    37,283 horas","   12,839 streamers","   17,560 espectadores",NA,    699 espectadores,NA
67,Summoners War: Sky Arena,Febrero,2017,"    725,167 horas","    15,055 horas",      971 streamers,"    8,989 espectadores",NA,"  1,080 espectadores",    22 canales
38,Super Smash Bros. Melee,Marzo,2017,"  1,857,015 horas","    12,693 horas","    1,862 streamers","   59,515 espectadores",NA,"  2,499 espectadores",    17 canales
60,The Witcher 3: Wild Hunt,Marzo,2017,"    914,969 horas","    43,990 horas","    5,966 streamers","   16,634 espectadores",NA,"  1,231 espectadores",NA
99,Age of Empires II,Marzo,2017,"    333,600 horas","     5,720 horas",      341 streamers,"    4,339 espectadores",NA,    448 espectadores,     7 canales
114,Stardew Valley,Marzo,2017,"    282,672 horas","    28,681 horas","    3,951 streamers","    3,297 espectadores",NA,    380 espectadores,    38 canales
161,Roblox,Marzo,2017,"    163,955 horas","    31,170 horas","    6,975 streamers","    5,081 espectadores",NA,    220 espectadores,    41 canales
5,Counter-Strike: Global Offensive,Abril,2017," 36,569,260 horas","   630,577 horas","   82,803 streamers","  417,435 espectadores",NA,NA,   877 canales
30,Street Fighter V,Abril,2017,"  2,556,358 horas","    30,513 horas","    3,898 streamers","   51,127 espectadores",NA,"  3,555 espectadores",    42 canales
63,Summoners War: Sky Arena,Abril,2017,"    696,139 horas","    15,839 horas",      959 streamers,"    3,594 espectadores",NA,NA,    22 canales
67,The Witcher 3: Wild Hunt,Abril,2017,"    644,879 horas","    38,659 horas","    5,066 streamers","   13,279 espectadores",NA,    896 espectadores,    53 canales
91,The Legend of Zelda: Ocarina of Time,Abril,2017,"    404,630 horas","     8,321 horas",      829 streamers,"    3,996 espectadores",NA,    562 espectadores,NA
5,Counter-Strike: Global Offensive,Mayo,2017," 23,364,660 horas","   614,559 horas","  101,064 streamers",NA,NA," 31,446 espectadores",   827 canales
101,The Witcher 3: Wild Hunt,Mayo,2017,"    412,377 horas","    42,984 horas","    7,358 streamers","    4,457 espectadores",NA,NA,    57 canales
174,Tekken 7,Mayo,2017,"    159,470 horas",       618 horas,      467 streamers,NA,NA,    214 espectadores,NA
85,The Legend of Zelda: Ocarina of Time,Junio,2017,"    471,269 horas","     9,954 horas",      955 streamers,"    5,245 espectadores",NA,    655 espectadores,    13 canales
158,Dofus,Junio,2017,"    180,612 horas","     7,869 horas",      758 streamers,"    2,133 espectadores",NA,    251 espectadores,    10 canales
30,Tekken 7,Julio,2017,"  2,421,950 horas","    43,615 horas","   11,528 streamers","  142,873 espectadores",NA,"  3,259 espectadores",    58 canales
7,Overwatch,Agosto,2017," 17,443,046 horas","   856,247 horas","  131,260 streamers","  116,664 espectadores",NA,NA," 1,152 canales"
141,The Legend of Zelda: Ocarina of Time,Agosto,2017,"    285,470 horas","    10,163 horas",      993 streamers,NA,NA,NA,NA
188,Dofus,Agosto,2017,"    169,109 horas","     8,171 horas",      728 streamers,"    6,901 espectadores",NA,    227 espectadores,    10 canales
35,Street Fighter V,Septiembre,2017,"  2,026,385 horas","    25,424 horas","    3,777 streamers","   34,506 espectadores",NA,NA,    35 canales
8,Fortnite,Octubre,2017," 16,155,246 horas","   982,236 horas","  162,863 streamers","   79,181 espectadores",NA," 21,743 espectadores"," 1,321 canales"
45,Super Smash Bros. Melee,Octubre,2017,"  1,601,739 horas","    13,750 horas","    2,240 streamers","   42,533 espectadores",NA,NA,    18 canales
44,Super Smash Bros. Melee,Noviembre,2017,"  1,557,066 horas","    13,734 horas","    2,155 streamers","   58,406 espectadores",NA,"  2,165 espectadores",    19 canales
117,Dofus,Noviembre,2017,"    389,404 horas","    12,131 horas","    1,076 streamers","   17,283 espectadores",NA,    541 espectadores,NA
7,Counter-Strike: Global Offensive,Diciembre,2017," 18,625,865 horas","   642,004 horas","  103,821 streamers","  229,676 espectadores",NA,NA,   864 canales
43,Dark Souls III,Diciembre,2017,"  1,861,196 horas","    80,142 horas","   14,195 streamers","   34,299 espectadores",NA,"  2,504 espectadores",   107 canales
147,Terraria,Diciembre,2017,"    252,459 horas","    25,334 horas","    4,980 streamers","    9,889 espectadores",NA,    339 espectadores,NA
177,Dofus,Diciembre,2017,"    200,239 horas","     8,169 horas",      816 streamers,"    3,621 espectadores",NA,    269 espectadores,    10 canales
53,Super Smash Bros. Melee,Enero,2018,"  1,305,840 horas","    13,676 horas","    2,386 streamers",NA,NA,"  1,757 espectadores",NA
60,The Legend of Zelda: Ocarina of Time,Enero,2018,"  1,030,911 horas","    10,510 horas","    1,132 streamers",NA,NA,"  1,387 espectadores",    14 canales
79,Age of Empires II,Enero,2018,"    741,622 horas","    14,365 horas","    1,795 streamers","   13,527 espectadores",NA,NA,    19 canales
91,Chess,Enero,2018,"    655,168 horas","     7,720 horas",      810 streamers,"   41,482 espectadores",NA,NA,    10 canales
173,Star Citizen,Enero,2018,"    257,720 horas","    14,217 horas","    1,709 streamers","    5,674 espectadores",NA,    346 espectadores,    19 canales
2,Fortnite,Febrero,2018," 65,693,934 horas"," 3,446,094 horas","  400,784 streamers","  261,996 espectadores",NA," 97,904 espectadores"," 5,135 canales"
71,Chess,Febrero,2018,"    727,140 horas","     9,034 horas",      803 streamers,"   21,551 espectadores",NA,"  1,083 espectadores",NA
101,The Legend of Zelda: Ocarina of Time,Febrero,2018,"    476,270 horas","    10,534 horas","    1,073 streamers","   19,568 espectadores",NA,    709 espectadores,    15 canales
193,iRacing,Febrero,2018,"    169,046 horas","    15,044 horas","    1,291 streamers",NA,NA,    251 espectadores,NA
5,Overwatch,Marzo,2018," 32,053,648 horas","   991,752 horas","  135,198 streamers","  239,954 espectadores",NA," 43,140 espectadores"," 1,334 canales"
9,Sea of Thieves,Marzo,2018," 15,566,926 horas","   543,198 horas","   66,327 streamers","  255,998 espectadores",NA," 20,951 espectadores",   731 canales
50,Tekken 7,Marzo,2018,"  1,499,822 horas","    30,760 horas","    6,254 streamers","   45,219 espectadores",NA,"  2,018 espectadores",    41 canales
70,Chess,Marzo,2018,"    962,858 horas","    11,333 horas",      882 streamers,"   15,126 espectadores",NA,"  1,295 espectadores",    15 canales
82,Age of Empires II,Marzo,2018,"    737,687 horas","    13,770 horas","    1,705 streamers","    8,032 espectadores",NA,    992 espectadores,    18 canales
7,Overwatch,Abril,2018," 31,997,018 horas","   929,152 horas","  130,461 streamers","  191,674 espectadores",NA," 44,502 espectadores",NA
49,VRChat,Abril,2018,"  1,395,348 horas","    64,482 horas","    5,249 streamers","    8,590 espectadores",NA,"  1,940 espectadores",    89 canales
113,Guild Wars 2,Abril,2018,"    467,455 horas","    36,015 horas","    3,622 streamers","    5,747 espectadores",NA,    650 espectadores,    50 canales
93,Bloodborne,Mayo,2018,"    651,655 horas","    44,549 horas","    7,981 streamers","    7,025 espectadores",NA,    877 espectadores,    59 canales
81,Super Smash Bros. Melee,Junio,2018,"    874,518 horas","    13,814 horas","    2,481 streamers","  124,689 espectadores",NA,"  1,216 espectadores",    19 canales
90,Stardew Valley,Junio,2018,"    786,398 horas","    67,662 horas","   11,626 streamers","   12,698 espectadores",NA,"  1,093 espectadores",    94 canales
107,Guild Wars 2,Junio,2018,"    624,014 horas","    42,821 horas","    4,591 streamers","    5,057 espectadores",NA,    867 espectadores,    59 canales
8,Overwatch,Julio,2018," 25,211,255 horas","   971,524 horas","  131,507 streamers","  344,591 espectadores",NA," 33,931 espectadores"," 1,307 canales"
51,Terraria,Julio,2018,"  1,714,658 horas","    42,414 horas","    7,006 streamers","   13,457 espectadores",NA,"  2,307 espectadores",    57 canales
57,The Witcher 3: Wild Hunt,Julio,2018,"  1,329,088 horas","    64,174 horas","    9,476 streamers","   21,378 espectadores",NA,"  1,788 espectadores",    86 canales
61,Sea of Thieves,Julio,2018,"  1,241,101 horas","    78,247 horas","    9,419 streamers","   48,586 espectadores",NA,"  1,670 espectadores",   105 canales
127,Star Citizen,Julio,2018,"    539,417 horas","    13,891 horas","    1,575 streamers","   18,740 espectadores",NA,    725 espectadores,    18 canales
1,Fortnite,Agosto,2018,"131,436,549 horas"," 8,166,820 horas","  974,227 streamers",NA,NA,"176,899 espectadores","10,991 canales"
8,Overwatch,Agosto,2018," 23,090,495 horas","   983,482 horas","  137,844 streamers",NA,NA," 31,077 espectadores"," 1,323 canales"
44,Tekken 7,Agosto,2018,"  2,177,499 horas","    37,265 horas","    7,845 streamers","  178,753 espectadores",NA,"  2,930 espectadores",    50 canales
70,Sea of Thieves,Agosto,2018,"  1,107,117 horas","    85,720 horas","   11,118 streamers","   28,368 espectadores",NA,"  1,490 espectadores",   115 canales
95,Age of Empires II,Agosto,2018,"    750,558 horas","    13,004 horas","    1,601 streamers","   18,771 espectadores",NA,"  1,010 espectadores",    17 canales
80,The Witcher 3: Wild Hunt,Septiembre,2018,"    765,194 horas","    48,716 horas","    7,904 streamers",NA,NA,"  1,064 espectadores",    67 canales
135,Super Smash Bros. Melee,Septiembre,2018,"    421,686 horas","    15,093 horas","    2,295 streamers",NA,NA,    586 espectadores,    20 canales
153,Stardew Valley,Septiembre,2018,"    363,909 horas","    41,653 horas","    7,386 streamers","    2,983 espectadores",NA,    506 espectadores,    57 canales
49,Tekken 7,Octubre,2018,"  1,699,175 horas","    40,716 horas","    7,604 streamers","   30,235 espectadores",NA,NA,    54 canales
84,Dark Souls III,Octubre,2018,"    917,108 horas","    60,455 horas","   10,002 streamers","   81,245 espectadores",NA,"  1,234 espectadores",    81 canales
102,Sea of Thieves,Octubre,2018,"    706,585 horas","    55,500 horas","    7,810 streamers",NA,NA,    950 espectadores,    74 canales
1,Fortnite,Noviembre,2018,"107,793,716 horas"," 6,629,217 horas","  800,661 streamers","1,077,180 espectadores",NA,NA," 9,220 canales"
6,Counter-Strike: Global Offensive,Noviembre,2018," 26,556,456 horas","   709,424 horas","  110,383 streamers","  308,216 espectadores",NA," 36,935 espectadores",NA
89,Star Citizen,Noviembre,2018,"    891,476 horas","    32,537 horas","    3,647 streamers",NA,NA,"  1,239 espectadores",    45 canales
130,Guild Wars 2,Noviembre,2018,"    455,665 horas","    30,312 horas","    2,876 streamers",NA,NA,    633 espectadores,    42 canales
189,Terraria,Noviembre,2018,"    246,231 horas","    27,249 horas","    5,043 streamers","   12,153 espectadores",NA,    342 espectadores,    37 canales
7,Counter-Strike: Global Offensive,Diciembre,2018," 25,568,114 horas","   874,586 horas","  150,135 streamers","  273,822 espectadores",NA," 34,411 espectadores"," 1,177 canales"
41,Street Fighter V,Diciembre,2018,"  3,055,765 horas","    40,305 horas","    5,176 streamers","   94,636 espectadores",NA,"  4,112 espectadores",    54 canales
66,Star Citizen,Diciembre,2018,"  1,489,312 horas","    34,845 horas","    3,616 streamers","   50,710 espectadores",NA,"  2,004 espectadores",    46 canales
100,VRChat,Diciembre,2018,"    722,398 horas","    49,925 horas","    5,474 streamers","    4,034 espectadores",NA,    972 espectadores,    67 canales
151,Roblox,Diciembre,2018,"    440,397 horas","    68,870 horas","   17,916 streamers","   14,733 espectadores",NA,    592 espectadores,    92 canales
167,iRacing,Diciembre,2018,"    370,245 horas","    21,577 horas","    1,971 streamers","    6,547 espectadores",NA,    498 espectadores,NA
102,The Witcher 3: Wild Hunt,Enero,2019,"    805,149 horas","    52,413 horas","    7,831 streamers","   29,429 espectadores",NA,"  1,083 espectadores",    70 canales
6,Counter-Strike: Global Offensive,Febrero,2019," 47,256,109 horas","   744,851 horas","  120,461 streamers",NA,NA," 70,426 espectadores"," 1,110 canales"
7,Overwatch,Febrero,2019," 23,707,822 horas","   717,365 horas","  102,530 streamers","  289,347 espectadores",NA," 35,332 espectadores"," 1,069 canales"
91,VRChat,Febrero,2019,"    799,524 horas","    51,035 horas","    5,532 streamers","    7,763 espectadores",NA,"  1,191 espectadores",    76 canales
8,Overwatch,Marzo,2019," 26,607,780 horas","   803,629 horas","  104,627 streamers","  259,090 espectadores",NA," 35,811 espectadores"," 1,081 canales"
33,Destiny 2,Marzo,2019,"  3,825,077 horas","   333,963 horas","   33,785 streamers","   33,877 espectadores",NA,"  5,148 espectadores",   449 canales
93,Bloodborne,Marzo,2019,"    835,141 horas","    44,508 horas","    7,132 streamers","   12,768 espectadores",NA,"  1,124 espectadores",NA
96,Summoners War: Sky Arena,Marzo,2019,"    745,168 horas","    17,181 horas","    1,069 streamers","    5,218 espectadores",NA,"  1,002 espectadores",NA
97,Age of Empires II,Marzo,2019,"    742,377 horas","    16,021 horas","    1,976 streamers","    8,566 espectadores",NA,NA,    21 canales
79,Tekken 7,Abril,2019,"  1,046,841 horas","    38,912 horas","    6,574 streamers","   23,203 espectadores",NA,"  1,455 espectadores",    54 canales
141,Bloodborne,Abril,2019,"    459,728 horas","    35,919 horas","    6,272 streamers","   14,414 espectadores",NA,    639 espectadores,    49 canales
146,iRacing,Abril,2019,"    430,885 horas","    29,712 horas","    2,472 streamers","    8,558 espectadores",NA,    599 espectadores,    41 canales
33,Destiny 2,Mayo,2019,"  4,104,665 horas","   300,600 horas","   31,304 streamers","   29,091 espectadores",NA,"  5,524 espectadores",   404 canales
62,Tekken 7,Mayo,2019,"  1,641,031 horas","    39,250 horas","    6,625 streamers","   55,676 espectadores",NA,"  2,208 espectadores",    52 canales
81,Dark Souls III,Mayo,2019,"  1,028,560 horas","    74,361 horas","   11,009 streamers","    7,540 espectadores",NA,"  1,384 espectadores",   100 canales
109,Age of Empires II,Mayo,2019,"    667,714 horas","    14,408 horas","    1,746 streamers","    6,297 espectadores",NA,    898 espectadores,    19 canales
182,Dofus,Mayo,2019,"    338,468 horas","    12,666 horas","    1,116 streamers","    2,938 espectadores",NA,    455 espectadores,    17 canales
8,Counter-Strike: Global Offensive,Junio,2019," 30,260,300 horas","   842,383 horas","  130,888 streamers","  348,529 espectadores",NA," 42,086 espectadores"," 1,171 canales"
52,Super Smash Bros. Melee,Junio,2019,"  2,106,088 horas","    12,101 horas","    1,980 streamers",NA,NA,"  2,929 espectadores",    16 canales
109,The Legend of Zelda: Ocarina of Time,Junio,2019,"    708,326 horas","    27,044 horas","    2,257 streamers","  158,726 espectadores",NA,    985 espectadores,    37 canales
120,The Witcher 3: Wild Hunt,Junio,2019,"    563,385 horas","    56,700 horas","    8,354 streamers",NA,NA,    783 espectadores,    78 canales
131,Roblox,Junio,2019,"    521,886 horas","    94,986 horas","   20,333 streamers","    4,061 espectadores",NA,    725 espectadores,   132 canales
134,Stardew Valley,Junio,2019,"    502,095 horas","    42,475 horas","    7,886 streamers",NA,NA,NA,NA
154,Star Citizen,Junio,2019,"    425,424 horas","    19,109 horas","    1,691 streamers",NA,NA,    591 espectadores,    26 canales
9,Overwatch,Julio,2019," 29,237,452 horas","   803,728 horas","  101,433 streamers",NA,NA," 39,350 espectadores"," 1,081 canales"
157,Guild Wars 2,Julio,2019,"    377,383 horas","    27,667 horas","    2,545 streamers","    2,075 espectadores",NA,    507 espectadores,    37 canales
1,Fortnite,Agosto,2019," 89,053,008 horas"," 5,436,945 horas","  596,217 streamers",NA,NA,"119,856 espectadores"," 7,317 canales"
162,Bloodborne,Agosto,2019,"    349,604 horas","    27,129 horas","    3,929 streamers","    4,876 espectadores",NA,    470 espectadores,    36 canales
48,Tekken 7,Septiembre,2019,"  1,929,707 horas","    52,215 horas","    8,139 streamers","   23,642 espectadores",NA,"  2,683 espectadores",    72 canales
68,Street Fighter V,Septiembre,2019,"  1,290,087 horas","    24,899 horas","    2,848 streamers","   26,792 espectadores",NA,"  1,794 espectadores",    34 canales
89,Dark Souls III,Septiembre,2019,"    777,388 horas","    58,792 horas","    8,692 streamers","   14,902 espectadores",NA,"  1,081 espectadores",    81 canales
103,Super Smash Bros. Melee,Septiembre,2019,"    599,617 horas","     9,769 horas","    1,539 streamers","   44,029 espectadores",NA,    833 espectadores,NA
2,Fortnite,Octubre,2019," 79,089,347 horas"," 3,933,947 horas","  437,772 streamers","1,611,930 espectadores",NA,"106,445 espectadores"," 5,294 canales"
155,The Witcher 3: Wild Hunt,Octubre,2019,"    393,968 horas","    40,540 horas","    5,656 streamers","    4,370 espectadores",NA,    530 espectadores,    54 canales
77,VRChat,Noviembre,2019,"  1,016,335 horas","    52,088 horas","    5,281 streamers","   14,971 espectadores",NA,NA,    72 canales
110,Stardew Valley,Noviembre,2019,"    630,598 horas","    43,176 horas","    7,647 streamers","    9,492 espectadores",NA,    877 espectadores,    60 canales
136,The Witcher 3: Wild Hunt,Noviembre,2019,"    416,812 horas","    42,142 horas","    6,249 streamers",NA,NA,    579 espectadores,NA
81,Dark Souls III,Diciembre,2019,"  1,117,965 horas","    73,875 horas","   10,795 streamers","   17,809 espectadores",NA,"  1,504 espectadores",    99 canales
120,iRacing,Diciembre,2019,"    621,892 horas","    37,650 horas","    3,203 streamers",NA,NA,    837 espectadores,    50 canales
137,Terraria,Diciembre,2019,"    522,738 horas","    59,682 horas","   11,573 streamers","   13,148 espectadores",NA,    703 espectadores,    80 canales
7,Counter-Strike: Global Offensive,Enero,2020," 33,893,286 horas"," 1,217,678 horas","  168,202 streamers","  257,488 espectadores",NA," 45,616 espectadores"," 1,638 canales"
23,Destiny 2,Enero,2020,"  6,709,117 horas","   416,818 horas","   41,292 streamers","  157,168 espectadores",NA,"  9,029 espectadores",   560 canales
74,The Legend of Zelda: Ocarina of Time,Enero,2020,"  1,342,335 horas","    27,001 horas","    2,116 streamers","  165,946 espectadores",NA,"  1,806 espectadores",    36 canales
77,VRChat,Febrero,2020,"  1,072,777 horas","    55,662 horas","    5,668 streamers","    6,883 espectadores",NA,NA,    80 canales
82,Chess,Febrero,2020,"  1,026,827 horas","    17,289 horas","    1,372 streamers",NA,NA,"  1,477 espectadores",NA
83,The Legend of Zelda: Ocarina of Time,Febrero,2020,"  1,023,914 horas","    29,300 horas","    2,254 streamers","   20,463 espectadores",NA,"  1,473 espectadores",    42 canales
55,Sea of Thieves,Marzo,2020,"  2,133,919 horas","   173,625 horas","   20,210 streamers","   32,892 espectadores",NA,"  2,872 espectadores",   233 canales
128,Summoners War: Sky Arena,Marzo,2020,"    739,890 horas","    17,239 horas","    1,039 streamers",NA,NA,    995 espectadores,    23 canales
120,Bloodborne,Abril,2020,"    988,379 horas","    55,067 horas","    6,026 streamers","   14,531 espectadores",NA,"  1,374 espectadores",    76 canales
21,Sea of Thieves,Mayo,2020," 13,382,265 horas","   384,757 horas","   33,764 streamers","   76,126 espectadores",NA," 18,011 espectadores",   517 canales
29,Chess,Mayo,2020,"  8,014,578 horas","    45,546 horas","    5,060 streamers","   81,672 espectadores",NA," 10,786 espectadores",    61 canales
44,Dark Souls III,Mayo,2020,"  4,305,343 horas","   185,872 horas","   18,693 streamers","   43,941 espectadores",NA,"  5,794 espectadores",   250 canales
79,iRacing,Mayo,2020,"  2,116,585 horas","   104,142 horas","    6,636 streamers","   23,949 espectadores",NA,"  2,848 espectadores",   140 canales
110,Tekken 7,Mayo,2020,"  1,285,090 horas","    57,439 horas","    7,277 streamers","   36,760 espectadores",NA,"  1,729 espectadores",    77 canales
116,Roblox,Mayo,2020,"  1,173,499 horas","   231,396 horas","   29,952 streamers","   12,067 espectadores",NA,NA,   311 canales
169,Dofus,Mayo,2020,"    724,589 horas","    24,857 horas","    1,471 streamers","    3,937 espectadores",NA,    975 espectadores,    33 canales
173,Guild Wars 2,Mayo,2020,"    697,004 horas","    47,723 horas","    3,295 streamers",NA,NA,    938 espectadores,    64 canales
23,Chess,Junio,2020," 12,622,789 horas","    65,732 horas","   10,241 streamers","  155,183 espectadores",NA," 17,556 espectadores",    91 canales
75,Star Citizen,Junio,2020,"  2,050,585 horas","    57,125 horas","    3,476 streamers",NA,NA,"  2,851 espectadores",    79 canales
17,Overwatch,Julio,2020," 17,368,052 horas","   883,835 horas","   81,725 streamers",NA,NA,NA," 1,189 canales"
35,Sea of Thieves,Julio,2020,"  5,972,355 horas","   349,134 horas","   33,636 streamers","   41,888 espectadores",NA,"  8,038 espectadores",   469 canales
187,Guild Wars 2,Julio,2020,"    571,762 horas","    37,136 horas","    2,779 streamers","    5,913 espectadores",NA,    769 espectadores,    49 canales
18,Overwatch,Agosto,2020," 12,834,847 horas","   826,326 horas","   81,557 streamers","   63,488 espectadores",NA," 17,274 espectadores"," 1,112 canales"
66,Guild Wars 2,Agosto,2020,"  2,395,254 horas","    54,570 horas","    4,182 streamers",NA,NA,"  3,223 espectadores",NA
190,Super Smash Bros. Melee,Agosto,2020,"    546,261 horas","    25,709 horas","    3,180 streamers","    6,774 espectadores",NA,    735 espectadores,    34 canales
4,Fortnite,Septiembre,2020," 77,824,133 horas"," 6,265,599 horas","  561,921 streamers","  271,740 espectadores",NA,NA,NA
33,Destiny 2,Septiembre,2020,"  6,306,724 horas","   631,399 horas","   46,274 streamers","   30,941 espectadores",NA,"  8,771 espectadores",   878 canales
47,Chess,Septiembre,2020,"  4,754,306 horas","    39,817 horas","    4,329 streamers","  123,597 espectadores",NA,"  6,612 espectadores",    55 canales
64,VRChat,Septiembre,2020,"  2,783,769 horas","    83,315 horas","    7,826 streamers","   81,185 espectadores",NA,"  3,871 espectadores",   115 canales
123,Dofus,Septiembre,2020,"  1,024,725 horas","    24,033 horas","    1,732 streamers","   32,074 espectadores",NA,"  1,425 espectadores",    33 canales
117,Roblox,Octubre,2020,"  1,135,755 horas","   223,733 horas","   30,776 streamers","   53,477 espectadores",NA,"  1,528 espectadores",   301 canales
134,Star Citizen,Octubre,2020,"    946,879 horas","    40,097 horas","    2,624 streamers","   16,103 espectadores",NA,"  1,274 espectadores",    53 canales
52,VRChat,Noviembre,2020,"  4,023,302 horas","    92,517 horas","    9,832 streamers","   50,325 espectadores",NA,NA,   128 canales
56,Sea of Thieves,Noviembre,2020,"  3,432,018 horas","   290,694 horas","   29,024 streamers","   42,929 espectadores",NA,"  4,773 espectadores",NA
86,Dark Souls III,Noviembre,2020,"  1,851,380 horas","   152,333 horas","   18,418 streamers","   10,893 espectadores",NA,"  2,574 espectadores",   211 canales
196,Guild Wars 2,Noviembre,2020,"    569,961 horas","    41,574 horas","    2,881 streamers","    2,074 espectadores",NA,    792 espectadores,    57 canales
2,Fortnite,Diciembre,2020,"108,692,225 horas"," 7,231,028 horas","  667,652 streamers","1,585,293 espectadores",NA,"146,288 espectadores"," 9,732 canales"
70,Age of Empires II,Diciembre,2020,"  2,721,869 horas","    48,943 horas","    4,223 streamers","   33,090 espectadores",NA,"  3,663 espectadores",    65 canales
105,Star Citizen,Diciembre,2020,"  1,480,988 horas","    54,371 horas","    3,384 streamers",NA,NA,"  1,993 espectadores",    73 canales
159,The Legend of Zelda: Ocarina of Time,Diciembre,2020,"    840,159 horas","    43,235 horas","    3,295 streamers","   57,580 espectadores",NA,NA,    58 canales
35,Stardew Valley,Enero,2021,"  7,548,952 horas","   316,734 horas","   37,286 streamers","   42,766 espectadores",NA," 10,160 espectadores",NA
40,Destiny 2,Enero,2021,"  6,369,404 horas","   614,106 horas","   46,462 streamers","   22,283 espectadores",NA,"  8,572 espectadores",   826 canales
56,Age of Empires II,Enero,2021,"  3,632,218 horas","    57,995 horas","    5,072 streamers","   27,875 espectadores",NA,"  4,888 espectadores",    78 canales
168,Bloodborne,Enero,2021,"    770,962 horas","    75,747 horas","    8,047 streamers",NA,NA,"  1,037 espectadores",   101 canales
24,Chess,Marzo,2021," 16,819,313 horas","   110,659 horas","   15,594 streamers","  234,665 espectadores",NA," 22,637 espectadores",   148 canales
26,Overwatch,Marzo,2021," 13,825,073 horas","   862,789 horas","   88,225 streamers",NA,NA,NA," 1,161 canales"
175,Bloodborne,Marzo,2021,"    960,385 horas","    76,197 horas","    8,281 streamers",NA,NA,"  1,292 espectadores",   102 canales
189,Terraria,Marzo,2021,"    823,099 horas","   113,601 horas","   15,383 streamers","   37,757 espectadores",NA,"  1,107 espectadores",   152 canales
65,Dark Souls III,Abril,2021,"  3,662,459 horas","   179,386 horas","   19,765 streamers","   68,123 espectadores",NA,"  5,093 espectadores",NA
68,VRChat,Abril,2021,"  3,598,670 horas","   103,832 horas","   11,202 streamers","   35,099 espectadores",NA,"  5,005 espectadores",NA
77,Roblox,Abril,2021,"  2,923,823 horas","   366,646 horas","   61,361 streamers","  216,339 espectadores",NA,"  4,066 espectadores",   509 canales
91,Street Fighter V,Abril,2021,"  2,331,060 horas","    61,996 horas","    5,938 streamers","   43,406 espectadores",NA,"  3,242 espectadores",    86 canales
126,Super Smash Bros. Melee,Abril,2021,"  1,514,575 horas","    27,944 horas","    2,927 streamers","   53,332 espectadores",NA,"  2,106 espectadores",    38 canales
153,Summoners War: Sky Arena,Abril,2021,"  1,124,852 horas","    25,508 horas","    1,676 streamers","   16,128 espectadores",NA,"  1,564 espectadores",    35 canales
28,Destiny 2,Mayo,2021," 11,013,320 horas","   905,331 horas","   60,430 streamers","  232,547 espectadores",NA," 14,822 espectadores"," 1,218 canales"
118,Stardew Valley,Mayo,2021,"  1,545,964 horas","   163,658 horas","   22,844 streamers",NA,NA,"  2,080 espectadores",NA
9,Counter-Strike: Global Offensive,Junio,2021," 55,332,904 horas"," 1,162,096 horas","  116,511 streamers","  363,798 espectadores",NA," 76,958 espectadores"," 1,616 canales"
72,Dark Souls III,Junio,2021,"  2,924,786 horas","   160,698 horas","   18,490 streamers",NA,NA,"  4,067 espectadores",   223 canales
134,iRacing,Junio,2021,"  1,198,167 horas","    71,727 horas","    5,246 streamers","    8,989 espectadores",NA,"  1,666 espectadores",    99 canales
165,Star Citizen,Junio,2021,"    850,419 horas","    39,166 horas","    2,344 streamers","   14,388 espectadores",NA,NA,    54 canales
175,Bloodborne,Junio,2021,"    801,374 horas","    63,411 horas","    6,754 streamers",NA,NA,NA,    88 canales
40,Destiny 2,Julio,2021,"  6,593,873 horas","   531,155 horas","   40,601 streamers","   93,427 espectadores",NA,"  8,874 espectadores",   714 canales
36,Destiny 2,Agosto,2021,"  7,905,861 horas","   604,130 horas","   47,529 streamers","  287,418 espectadores",NA," 10,640 espectadores",   813 canales
75,Roblox,Agosto,2021,"  3,116,282 horas","   440,914 horas","   68,187 streamers",NA,NA,"  4,194 espectadores",NA
193,Bloodborne,Agosto,2021,"    762,617 horas","    65,517 horas","    7,004 streamers","    7,175 espectadores",NA,"  1,026 espectadores",    88 canales
8,Fortnite,Septiembre,2021," 60,226,831 horas"," 4,160,495 horas","  415,949 streamers",NA,NA," 83,764 espectadores"," 5,786 canales"
54,Sea of Thieves,Septiembre,2021,"  4,323,755 horas","   286,395 horas","   27,652 streamers","   36,290 espectadores",NA,"  6,013 espectadores",   398 canales
92,Street Fighter V,Octubre,2021,"  2,047,909 horas","    38,608 horas","    3,381 streamers","   36,931 espectadores",NA,"  2,756 espectadores",    51 canales
183,Summoners War: Sky Arena,Octubre,2021,"    734,768 horas","    15,806 horas","    1,054 streamers","    8,680 espectadores",NA,    988 espectadores,    21 canales
200,Bloodborne,Octubre,2021,"    643,461 horas","    61,119 horas","    6,698 streamers","   10,737 espectadores",NA,    866 espectadores,    82 canales
8,Fortnite,Noviembre,2021," 50,178,082 horas"," 3,235,937 horas","  329,946 streamers","  363,096 espectadores",NA,NA," 4,500 canales"
41,Overwatch,Noviembre,2021,"  8,238,742 horas","   463,110 horas","   47,800 streamers",NA,NA," 11,458 espectadores",   644 canales
63,iRacing,Noviembre,2021,"  3,878,822 horas","    65,961 horas","    4,787 streamers","   25,080 espectadores",NA,"  5,394 espectadores",    91 canales
34,Overwatch,Diciembre,2021,"  8,003,500 horas","   477,729 horas","   50,636 streamers","   55,187 espectadores",NA," 10,771 espectadores",   642 canales
87,Roblox,Diciembre,2021,"  2,348,817 horas","   368,576 horas","   54,223 streamers","   70,399 espectadores",NA,"  3,161 espectadores",   496 canales
115,iRacing,Diciembre,2021,"  1,519,257 horas","    70,895 horas","    5,526 streamers","    8,640 espectadores",NA,"  2,044 espectadores",NA
161,Bloodborne,Diciembre,2021,"    880,173 horas","    68,551 horas","    7,264 streamers","    8,716 espectadores",NA,"  1,184 espectadores",    92 canales
39,Destiny 2,Enero,2022,"  7,092,727 horas","   523,242 horas","   63,135 streamers","   32,815 espectadores",NA,"  9,546 espectadores",   704 canales
101,iRacing,Enero,2022,"  2,024,927 horas","   125,128 horas","    9,231 streamers","   26,621 espectadores",NA,"  2,725 espectadores",   168 canales
123,Bloodborne,Enero,2022,"  1,450,229 horas","    76,477 horas","   12,640 streamers","   12,059 espectadores",NA,NA,   102 canales
141,Tekken 7,Enero,2022,"  1,164,114 horas","    57,905 horas","    8,170 streamers","   29,656 espectadores",NA,"  1,566 espectadores",NA
167,The Legend of Zelda: Ocarina of Time,Enero,2022,"    922,522 horas","    41,199 horas","    4,421 streamers","    8,341 espectadores",NA,"  1,241 espectadores",NA
103,iRacing,Febrero,2022,"  1,434,378 horas","    77,546 horas","    7,754 streamers","   13,003 espectadores",NA,"  2,137 espectadores",   115 canales
150,Star Citizen,Febrero,2022,"    851,242 horas","    47,138 horas","    3,801 streamers","    6,288 espectadores",NA,NA,    70 canales
184,The Legend of Zelda: Ocarina of Time,Febrero,2022,"    631,897 horas","    34,264 horas","    3,873 streamers","   22,844 espectadores",NA,    941 espectadores,    51 canales
6,Fortnite,Marzo,2022," 72,816,507 horas"," 3,833,018 horas","  792,664 streamers","  685,560 espectadores",NA," 98,003 espectadores"," 5,158 canales"
27,Overwatch,Marzo,2022,"  9,753,786 horas","   487,513 horas","   70,963 streamers","   89,382 espectadores",NA,NA,   656 canales
83,Terraria,Marzo,2022,"  2,148,103 horas","    79,779 horas","   17,545 streamers","   46,986 espectadores",NA,"  2,891 espectadores",   107 canales
103,Stardew Valley,Marzo,2022,"  1,498,051 horas","   132,550 horas","   24,322 streamers",NA,NA,"  2,016 espectadores",   178 canales
105,Age of Empires II,Marzo,2022,"  1,441,192 horas","    33,199 horas","    3,209 streamers",NA,NA,"  1,939 espectadores",NA
146,Tekken 7,Marzo,2022,"    977,297 horas","    44,598 horas","    6,304 streamers",NA,NA,"  1,315 espectadores",    60 canales
197,Super Smash Bros. Melee,Marzo,2022,"    564,092 horas","    18,098 horas","    3,891 streamers",NA,NA,    759 espectadores,    24 canales
105,Age of Empires II,Abril,2022,"  1,650,662 horas","    36,668 horas","    3,535 streamers","    9,424 espectadores",NA,"  2,295 espectadores",    50 canales
179,Terraria,Abril,2022,"    761,732 horas","    80,682 horas","   17,089 streamers","   12,489 espectadores",NA,"  1,059 espectadores",   112 canales
184,The Legend of Zelda: Ocarina of Time,Abril,2022,"    703,704 horas","    35,368 horas","    3,843 streamers","    8,484 espectadores",NA,    978 espectadores,    49 canales
164,Summoners War: Sky Arena,Mayo,2022,"    880,913 horas","    17,219 horas","    1,756 streamers",NA,NA,"  1,185 espectadores",    23 canales
89,Age of Empires II,Junio,2022,"  1,929,447 horas","    33,663 horas","    3,141 streamers","   20,525 espectadores",NA,"  2,683 espectadores",    46 canales
105,Dofus,Junio,2022,"  1,578,571 horas","    30,017 horas","    2,558 streamers","   64,406 espectadores",NA,"  2,195 espectadores",    41 canales
114,iRacing,Junio,2022,"  1,417,520 horas","    68,951 horas","    6,550 streamers","   13,193 espectadores",NA,"  1,971 espectadores",    95 canales
36,Overwatch,Julio,2022,"  7,514,570 horas","   409,152 horas","   65,064 streamers","  112,470 espectadores",NA," 10,113 espectadores",   550 canales
149,Stardew Valley,Agosto,2022,"  1,091,692 horas","   120,461 horas","   22,831 streamers","    6,166 espectadores",NA,NA,   162 canales
6,Counter-Strike: Global Offensive,Septiembre,2022," 58,486,237 horas","   797,252 horas","  119,721 streamers","  454,739 espectadores",NA,NA," 1,108 canales"
31,Destiny 2,Septiembre,2022,"  8,805,794 horas","   715,370 horas","   79,892 streamers","   47,633 espectadores",NA," 12,247 espectadores",NA
12,Fortnite,Octubre,2022," 30,207,457 horas"," 3,099,016 horas","  574,380 streamers","  148,176 espectadores",NA," 40,656 espectadores"," 4,170 canales"
62,VRChat,Octubre,2022,"  3,605,656 horas","    84,759 horas","   12,181 streamers",NA,NA,NA,   114 canales
4,Counter-Strike: Global Offensive,Noviembre,2022," 86,942,107 horas","   666,047 horas","  106,614 streamers","1,313,814 espectadores",NA,"120,920 espectadores",   926 canales
46,Chess,Noviembre,2022,"  4,486,097 horas","    40,267 horas","    6,219 streamers","   43,993 espectadores",NA,"  6,239 espectadores",    56 canales
123,Street Fighter V,Noviembre,2022,"  1,133,355 horas","    32,389 horas","    3,881 streamers","   18,723 espectadores",NA,"  1,576 espectadores",NA
131,Terraria,Noviembre,2022,"  1,054,633 horas","    92,111 horas","   17,208 streamers","   24,478 espectadores",NA,"  1,466 espectadores",   128 canales
150,Guild Wars 2,Noviembre,2022,"    886,795 horas","    39,361 horas","    3,478 streamers","   16,256 espectadores",NA,"  1,233 espectadores",    54 canales
7,Fortnite,Diciembre,2022," 47,147,947 horas"," 4,059,928 horas","  827,595 streamers","1,024,567 espectadores",NA," 63,456 espectadores"," 5,464 canales"
38,Sea of Thieves,Diciembre,2022,"  6,605,807 horas","   207,199 horas","   29,626 streamers","   35,532 espectadores",NA,NA,   278 canales
40,Destiny 2,Enero,2023,"  5,917,894 horas","   490,310 horas","   55,372 streamers","   21,431 espectadores",NA,NA,   659 canales
59,VRChat,Enero,2023,"  3,449,974 horas","    80,287 horas","   12,696 streamers",NA,NA,"  4,643 espectadores",   108 canales
97,Stardew Valley,Enero,2023,"  1,489,443 horas","   124,945 horas","   23,947 streamers","   91,982 espectadores",NA,NA,   168 canales
103,Dark Souls III,Enero,2023,"  1,385,840 horas","    74,871 horas","   12,959 streamers","   10,869 espectadores",NA,"  1,865 espectadores",   100 canales
132,Street Fighter V,Enero,2023,"  1,064,601 horas","    33,326 horas","    4,285 streamers","   23,946 espectadores",NA,"  1,432 espectadores",    44 canales
9,Fortnite,Febrero,2023," 37,811,579 horas"," 3,481,638 horas","  702,379 streamers",NA,NA," 56,351 espectadores",NA
68,VRChat,Febrero,2023,"  2,719,951 horas","    74,995 horas","   11,329 streamers","   25,714 espectadores",NA,NA,   111 canales
20,Destiny 2,Marzo,2023," 17,750,465 horas"," 1,222,865 horas","  115,103 streamers",NA,NA," 23,890 espectadores"," 1,645 canales"
43,Chess,Marzo,2023,"  7,078,866 horas","    64,106 horas","   14,986 streamers",NA,NA,"  9,527 espectadores",    86 canales
8,Fortnite,Abril,2023," 39,200,548 horas"," 4,113,969 horas","  772,346 streamers","  168,775 espectadores",NA," 54,520 espectadores"," 5,721 canales"
114,Stardew Valley,Abril,2023,"  1,416,247 horas","   119,454 horas","   21,263 streamers","    9,222 espectadores",NA,"  1,969 espectadores",   166 canales
99,Guild Wars 2,Mayo,2023,"  1,633,066 horas","    46,225 horas","    3,400 streamers","   32,775 espectadores",NA,"  2,197 espectadores",    62 canales
105,Tekken 7,Mayo,2023,"  1,491,334 horas","    57,085 horas","    8,243 streamers","   60,432 espectadores",NA,NA,    76 canales
112,iRacing,Mayo,2023,"  1,385,989 horas","    77,302 horas","    6,265 streamers","   42,466 espectadores",NA,NA,   104 canales
179,Super Smash Bros. Melee,Mayo,2023,"    707,062 horas","    12,884 horas","    1,961 streamers","   47,382 espectadores",NA,    951 espectadores,    17 canales
10,Fortnite,Junio,2023," 36,783,425 horas"," 4,005,189 horas","  792,949 streamers",NA,NA," 51,159 espectadores"," 5,570 canales"
92,Age of Empires II,Junio,2023,"  1,530,231 horas","    33,978 horas","    4,034 streamers","   10,870 espectadores",NA,"  2,128 espectadores",    47 canales
157,Terraria,Junio,2023,"    718,083 horas","    80,711 horas","   16,923 streamers","   10,922 espectadores",NA,    998 espectadores,   112 canales
132,Tekken 7,Julio,2023,"  1,157,976 horas","    40,303 horas","    6,776 streamers","   52,523 espectadores",NA,"  1,558 espectadores",    54 canales
179,Super Smash Bros. Melee,Julio,2023,"    762,075 horas","    12,240 horas","    1,937 streamers","   43,535 espectadores",NA,"  1,025 espectadores",    16 canales
46,Destiny 2,Agosto,2023,"  6,071,074 horas","   436,938 horas","   53,808 streamers","  339,962 espectadores",NA,"  8,171 espectadores",   588 canales
199,The Witcher 3: Wild Hunt,Agosto,2023,"    606,125 horas","    48,138 horas","    6,598 streamers","   14,429 espectadores",NA,    815 espectadores,    64 canales
107,Dofus,Septiembre,2023,"  1,490,373 horas","    29,592 horas","    2,201 streamers","   33,612 espectadores",NA,"  2,072 espectadores",    41 canales
152,Stardew Valley,Septiembre,2023,"    852,302 horas","    88,176 horas","   16,257 streamers","    6,364 espectadores",NA,"  1,185 espectadores",NA
195,Bloodborne,Octubre,2023,"    626,374 horas","    39,930 horas","    6,901 streamers","   20,703 espectadores",NA,NA,    53 canales
56,Star Citizen,Noviembre,2023,"  3,427,287 horas","    81,606 horas","    5,579 streamers","   22,227 espectadores",NA,"  4,766 espectadores",   113 canales
139,iRacing,Noviembre,2023,"  1,130,731 horas","    62,672 horas","    5,876 streamers","    9,556 espectadores",NA,"  1,572 espectadores",    87 canales
145,Guild Wars 2,Noviembre,2023,"  1,094,135 horas","    45,077 horas","    3,337 streamers","   16,385 espectadores",NA,"  1,521 espectadores",    62 canales
46,Destiny 2,Diciembre,2023,"  4,955,050 horas","   407,968 horas","   47,462 streamers","   58,080 espectadores",NA,"  6,668 espectadores",   549 canales
52,Chess,Diciembre,2023,"  4,227,917 horas","    47,046 horas","    7,236 streamers","   52,785 espectadores",NA,"  5,690 espectadores",    63 canales
151,The Witcher 3: Wild Hunt,Diciembre,2023,"    987,062 horas","    46,727 horas","    6,129 streamers","   31,285 espectadores",NA,"  1,328 espectadores",    62 canales
193,The Legend of Zelda: Ocarina of Time,Diciembre,2023,"    658,270 horas","    31,144 horas","    3,129 streamers",NA,NA,    885 espectadores,    41 canales
68,VRChat,Enero,2024,"  3,508,270 horas","    81,224 horas","   11,740 streamers","   62,903 espectadores",NA,"  4,721 espectadores",   109 canales
64,Sea of Thieves,Febrero,2024,"  3,604,470 horas","   200,604 horas","   28,238 streamers","   46,331 espectadores",NA,"  5,186 espectadores",   288 canales
85,VRChat,Febrero,2024,"  2,594,649 horas","    75,720 horas","   10,613 streamers","   26,284 espectadores",NA,"  3,733 espectadores",NA
125,iRacing,Febrero,2024,"  1,405,473 horas","    85,233 horas","    7,548 streamers","   16,344 espectadores",NA,"  2,022 espectadores",NA
126,Star Citizen,Febrero,2024,"  1,402,074 horas","    45,422 horas","    3,439 streamers",NA,NA,"  2,017 espectadores",NA
173,Stardew Valley,Febrero,2024,"    815,181 horas","    81,682 horas","   15,245 streamers",NA,NA,"  1,172 espectadores",   117 canales
175,Bloodborne,Febrero,2024,"    793,765 horas","    44,847 horas","    7,979 streamers","   22,162 espectadores",NA,"  1,142 espectadores",NA
36,Destiny 2,Marzo,2024,"  8,324,851 horas","   397,921 horas","   44,688 streamers","  158,489 espectadores",NA,NA,   535 canales
79,VRChat,Marzo,2024,"  2,688,124 horas","    80,702 horas","   10,926 streamers",NA,NA,"  3,617 espectadores",   108 canales
103,iRacing,Marzo,2024,"  1,793,162 horas","    91,289 horas","    8,395 streamers","   32,813 espectadores",NA,"  2,413 espectadores",   122 canales
185,Super Smash Bros. Melee,Marzo,2024,"    824,547 horas","    13,043 horas","    1,927 streamers","   43,480 espectadores",NA,"  1,109 espectadores",    17 canales
33,Destiny 2,Abril,2024,"  7,866,666 horas","   511,834 horas","   54,307 streamers","  215,004 espectadores",NA," 10,941 espectadores",   711 canales
102,Star Citizen,Abril,2024,"  1,874,466 horas","    51,253 horas","    3,565 streamers","   18,575 espectadores",NA,NA,    71 canales
109,Age of Empires II,Abril,2024,"  1,620,703 horas","    32,389 horas","    3,436 streamers","   30,041 espectadores",NA,"  2,254 espectadores",    45 canales
66,Chess,Mayo,2024,"  3,564,370 horas","    44,682 horas","    6,527 streamers",NA,NA,"  4,797 espectadores",    60 canales
82,VRChat,Mayo,2024,"  2,527,807 horas","    72,124 horas","   10,054 streamers","   17,915 espectadores",NA,"  3,402 espectadores",    97 canales
146,Guild Wars 2,Mayo,2024,"  1,074,755 horas","    39,003 horas","    2,729 streamers","   16,468 espectadores",NA,"  1,446 espectadores",    52 canales
7,Fortnite,Junio,2024," 40,625,532 horas"," 4,213,956 horas","  768,791 streamers","  216,271 espectadores",NA," 56,502 espectadores"," 5,860 canales"
12,Destiny 2,Junio,2024," 24,578,322 horas"," 1,202,749 horas","   99,907 streamers","  485,292 espectadores",NA," 34,184 espectadores"," 1,672 canales"
81,Dofus,Junio,2024,"  2,125,261 horas","    29,868 horas","    1,649 streamers","   23,508 espectadores",NA,NA,    41 canales
48,Destiny 2,Julio,2024,"  5,294,594 horas","   407,842 horas","   46,306 streamers","   97,564 espectadores",NA,"  7,125 espectadores",   548 canales
99,Terraria,Julio,2024,"  1,589,649 horas","    78,200 horas","   14,698 streamers","   37,121 espectadores",NA,"  2,139 espectadores",   105 canales
113,iRacing,Julio,2024,"  1,359,187 horas","    83,461 horas","    6,668 streamers","   35,186 espectadores",NA,"  1,829 espectadores",   112 canales
66,Destiny 2,Agosto,2024,"  3,644,041 horas","   274,780 horas","   32,087 streamers","   31,912 espectadores",NA,"  4,904 espectadores",   369 canales
134,iRacing,Agosto,2024,"  1,211,063 horas","    73,493 horas","    6,093 streamers","    8,638 espectadores",NA,"  1,629 espectadores",    98 canales
8,Fortnite,Septiembre,2024," 45,352,505 horas"," 4,395,640 horas","  790,466 streamers","  651,963 espectadores",NA," 63,077 espectadores",NA
