Raza,Sexo,Peso,Largo,Cintura,Color,Talla,Edad
peruano,macho,783.8807025056196,28.800646819755386,19.930417704530907,blanco,sano,17.19680807263281
peruano,macho,867.9658471447837,26.529515226305215,21.755745644558896,blanco,sano,31.459759407727276
híbrido,macho,902.7044957503572,20.87989785528106,18.375000861750316,pintado,gordo,31.385672029748548
andino,macho,734.736461929103,NA,18.207716516613317,marrón,sano,56.612555526010894
peruano,hembra,749.0646302867019,28.62216614155971,NA,pintado,NA,31.20911352943325
americano,hembra,774.2305987699765,25.286618821799493,NA,blanco,NA,52.50857848420565
peruano,hembra,666.9466547938982,24.96906185116392,18.834887971355524,blanco,sano,64.37411612606067
peruano,macho,895.2161075959157,30.85954819451648,NA,blanco,NA,19.02292040248285
abisinio,macho,558.5472540288623,23.17986538801902,NA,negro,NA,30.717694815418284
andino,macho,929.6853329839468,29.111534128008756,17.080411824586275,tricolor,gordo,51.64773866623412
andino,macho,722.2132605164209,23.17483236707529,NA,blanco,NA,58.857441826801725
andino,macho,849.0733038499467,NA,17.34173106814337,rojizo,gordo,40.40325083647802
americano,hembra,825.5311157903867,24.57475932572482,18.98861968286517,negro,sano,14.003153097806898
abisinio,macho,563.947198161189,21.175322072732005,16.922528789486513,pintado,sano,29.00737108308458
peruano,hembra,917.2028435230028,29.670069974625537,18.193581048333147,blanco,gordo,22.081916964167647
andino,macho,NA,23.957333058068908,18.36032459191736,blanco,NA,31.277475706339388
peruano,macho,638.41140419291,25.496165864579325,19.81467548818119,negro,sano,40.699765383334466
peruano,macho,840.2183219856323,29.269539013516077,19.14387679058304,negro,sano,29.537891420648407
peruano,macho,773.5274540131539,27.257215860827436,21.06567349165973,blanco,sano,65.63076282180825
peruano,hembra,619.796123883924,NA,NA,marrón,NA,39.85635811471095
peruano,macho,789.6606269053618,24.143486782089113,NA,marrón,NA,35.4392022952217
peruano,macho,923.4347056242405,27.761338308104012,19.968520701201797,pintado,sano,23.19113334971324
peruano,hembra,733.5378380389122,26.91896531755317,17.85642595629579,blanco,sano,55.46966961244067
peruano,hembra,550.1015759674628,27.037502207640973,16.78244005650025,blanco,sano,41.13934812225089
peruano,hembra,809.10757078708,27.992848281306397,17.560933311778207,marrón,gordo,17.214859929027433
híbrido,hembra,939.8592421578222,36.00611283502478,NA,pintado,NA,41.86264878646249
peruano,hembra,NA,30.209737596267622,17.546631999570938,pintado,NA,32.068074142501544
abisinio,macho,602.3491769294872,24.42892000248002,NA,gris,NA,28.531169726341744
peruano,hembra,868.2794008143145,25.78888163044246,18.767378404557387,pintado,sano,49.34557540539028
andino,hembra,NA,23.242515416544,16.44694436630826,tricolor,NA,45.963310048603425
peruano,macho,820.822211804879,NA,18.46604907237817,pintado,sano,50.2593021492676
peruano,hembra,737.3741775345221,32.22891276826975,18.66868849607265,pintado,sano,29.536857049439902
andino,macho,1073.562355536527,32.91532394611942,18.604689532042077,rojizo,gordo,46.600327732257405
andino,macho,844.1642436877399,NA,19.54982295654504,negro,sano,38.953855989036974
peruano,hembra,638.8823294867722,23.488495065802027,16.62311406902184,pintado,sano,10.470563950483143
híbrido,macho,594.643024414159,31.071712484564777,NA,tricolor,NA,35.835608157770565
peruano,macho,NA,30.93395686293041,19.57913720278873,marrón,NA,27.874152035964556
peruano,hembra,NA,24.585924000580523,17.779116181244284,blanco,NA,35.18461136373018
peruano,macho,723.0122584713273,NA,19.260312122934685,blanco,sano,41.10789228325447
andino,hembra,598.3454539672008,21.544992161429334,15.761535921810133,negro,sano,18.905718625624417
andino,hembra,614.3360810698001,22.9012550794837,16.075147946632008,marrón,sano,19.89980093266798
peruano,hembra,683.6372050195134,22.21148157798524,18.425669115784125,blanco,sano,48.029850401017384
peruano,hembra,734.6675199747823,26.085604988285343,NA,negro,NA,27.79935946515244
híbrido,hembra,963.6422777566196,33.00543514610307,NA,tricolor,NA,22.663812022793557
peruano,hembra,NA,22.41940694121826,18.10627011379687,pintado,NA,39.885723616198305
andino,macho,792.6683643140332,23.25980490358319,19.56233743264114,blanco,sano,33.07066642568085
peruano,macho,765.4989819700146,NA,NA,blanco,NA,29.93719309381193
peruano,macho,748.0513943802306,27.211029537115422,NA,blanco,NA,25.303777383798952
peruano,macho,920.0393320211998,31.61752164547117,19.506064188263085,blanco,sano,41.86169155603048
peruano,macho,NA,25.910137371053665,19.491583473791817,blanco,NA,51.01094924049637
abisinio,macho,584.4253676607714,NA,NA,negro,NA,46.867513204757735
peruano,hembra,584.8825372802664,26.419345676607502,NA,negro,NA,24.99850814897445
peruano,hembra,834.2358377350834,25.148059347223533,NA,negro,NA,13.156820063580684
peruano,macho,688.266502954834,23.632939918417257,19.42368680959469,blanco,sano,21.775202037278547
peruano,macho,800.9673766705766,25.802036386039173,NA,negro,NA,17.381999006058415
peruano,hembra,549.0039084575303,18.603965928352693,NA,blanco,NA,47.71791177848568
andino,macho,733.7949398452046,25.571063078756293,19.553035266474986,rojizo,sano,51.13775651985259
peruano,macho,910.4173429611157,NA,18.35798461005032,blanco,gordo,54.2583597696221
peruano,hembra,971.098040012837,26.141037499039513,NA,blanco,NA,37.23884540618083
híbrido,hembra,639.5921735980721,20.966607755332884,NA,marrón,NA,12.518483518457924
andino,macho,905.70726463141375,NA,16.375977624876565,negro,gordo,65.61337414568595
andino,macho,623.7823887753823,25.804380333761916,NA,negro,NA,19.170983595742577
peruano,macho,899.8203604857463,29.60996930252446,19.513730401522576,blanco,sano,37.17575622021921
peruano,macho,856.6212533902296,NA,NA,marrón,NA,26.961772023189855
abisinio,macho,694.9929374278922,21.45783843385103,16.6112494155693,gris,sano,25.684237411597454
híbrido,hembra,797.4029094579079,23.73552749391879,NA,tricolor,NA,62.001788005457584
peruano,macho,698.4502032359276,28.783402609954713,18.811504755291452,pintado,sano,61.38534362448134
peruano,hembra,674.6247661444281,28.25370845454462,NA,negro,NA,12.187253765428633
peruano,hembra,811.9118735943097,NA,NA,negro,NA,15.687883634625724
peruano,hembra,831.6943012575535,22.330114415861228,18.25351745732188,blanco,sano,16.29782273370689
americano,hembra,907.1027197352428,27.411081315950067,21.26415144115412,marrón,sano,35.795722335814325
andino,macho,821.74855571981,22.614218284154877,17.11336525600347,rojizo,gordo,42.156594821771975
peruano,macho,NA,23.391075043213178,19.158280499585747,negro,NA,47.25873109598103
andino,macho,824.1014851366498,25.600516272939213,NA,marrón,NA,34.62326352862792
peruano,macho,751.4334214464898,NA,NA,negro,NA,48.28039695383117
andino,hembra,NA,NA,16.693479020865933,blanco,NA,15.692793593398427
peruano,hembra,704.2661864275427,29.375692843415187,NA,negro,NA,11.564807312466764
peruano,macho,861.4564785733506,24.10829461310739,20.38899264733563,pintado,sano,21.83053596760421
peruano,macho,841.2139016768442,29.029929793905644,18.449715814470533,pintado,sano,16.43952419235763
andino,macho,NA,27.09247482400687,NA,rojizo,NA,46.181497513161645
andino,macho,891.2768347313986,27.006073860277997,NA,marrón,NA,12.050756895360074
abisinio,macho,696.9073635898704,NA,15.11377330423974,negro,gordo,30.42453865473632
andino,hembra,747.1968663367597,24.460630102536037,15.382141981151346,blanco,gordo,20.515446106331208
híbrido,hembra,914.5714880049968,NA,15.160521513127073,tricolor,obeso,39.58018465443757
americano,macho,1119.71658291774,NA,20.137303922443863,negro,gordo,38.54622051995514
híbrido,hembra,1082.5996424949058,36.78374670288869,NA,blanco,NA,19.56439292273852
peruano,hembra,715.2648900675963,29.15248382951618,18.56270525625635,blanco,sano,41.988232607621946
peruano,macho,804.4033710488463,27.4687344190824,19.434004011850973,negro,sano,32.67212235302375
peruano,hembra,662.6159523342238,24.416521177171184,16.38418604477688,marrón,sano,55.10715241709739
peruano,macho,NA,28.250686243827168,NA,pintado,NA,47.07910352534616
peruano,macho,806.0481152718547,26.128062330467984,NA,blanco,NA,29.53695151626728
peruano,macho,633.0651261534788,NA,19.043877358337703,negro,sano,41.75179889751758
peruano,hembra,NA,21.31203350803889,19.432097012603528,marrón,NA,32.67389497961623
peruano,hembra,590.1274822009652,26.889675306297537,NA,blanco,NA,27.57784390634846
andino,hembra,607.8511777970134,25.878128512595385,15.721688014132855,blanco,sano,10.275229750793772
peruano,macho,625.7432098763363,NA,NA,marrón,NA,59.70547155355694
peruano,hembra,683.964053215446,26.51202894149124,NA,negro,NA,31.57928247953172
peruano,macho,997.9490504917254,25.979164116192248,NA,marrón,NA,60.13991145547859
andino,macho,794.147665668811,23.591815469021764,16.160926480340915,negro,gordo,16.486734874119485
peruano,macho,NA,28.207946054028675,NA,marrón,NA,49.40879518025576
peruano,macho,NA,31.584391600627647,19.69467536976089,marrón,NA,30.47924965604492
andino,hembra,644.1171504950338,19.304472802693677,17.80509104753325,tricolor,sano,60.10413149870657
peruano,hembra,703.4650099242559,23.0689451511583,17.995888800660673,negro,sano,31.914762936207108
andino,macho,786.2296877621144,25.60350866470541,16.415526837541602,negro,gordo,41.625355699912475
andino,hembra,NA,28.21229271780685,18.78221053477604,negro,NA,37.6660109689426
peruano,hembra,764.0901230835535,29.540028148092595,NA,marrón,NA,49.136356214537145
andino,macho,585.2932523137231,26.943455386827505,NA,tricolor,NA,10.97030124023349
peruano,hembra,NA,21.94261333183527,18.13661817720012,marrón,NA,37.52611181239136
andino,hembra,732.4143908927597,26.049569518308083,NA,tricolor,NA,38.689418757085264
peruano,macho,963.7508619256394,26.194960814310225,18.432897599592987,blanco,gordo,61.9699933719629
peruano,macho,905.563405764492,33.585127356421054,NA,negro,NA,40.47707801287003
híbrido,macho,728.1321110939538,23.12301338322365,19.553738786239407,tricolor,sano,32.77503465617761
peruano,macho,762.0178636027949,23.09087749725622,20.64974403202943,blanco,sano,42.84075198522894
peruano,macho,800.4170022258553,28.63529146329116,20.37979930012447,blanco,sano,32.384591615648674
peruano,hembra,595.9853086619783,25.329568284632064,18.131195931935455,blanco,sano,NA
andino,macho,638.8943019290897,30.24902237608776,NA,negro,NA,32.12115345953784
peruano,macho,764.3384978918392,NA,20.021133803992512,blanco,sano,23.083034178337737
americano,macho,NA,26.654228222426408,NA,marrón,NA,50.46942582658673
peruano,macho,805.0757253828567,30.17138282197623,19.35243266413408,marrón,sano,20.688582659601224
peruano,macho,NA,28.905977240944676,20.068910560401036,blanco,NA,21.793903488457257
peruano,macho,662.0626395635579,27.92798193384822,18.69183583950341,pintado,sano,29.874849270221414
peruano,hembra,646.8998379069302,25.60281708341272,16.28533294451781,blanco,sano,44.75242169713376
peruano,macho,NA,26.788965572339688,20.645373700343235,pintado,NA,41.76225132969347
peruano,macho,809.5710659685146,28.99154881956515,21.305602086670632,blanco,sano,36.57200319482689
andino,hembra,604.0437480733715,27.60848740614237,14.530797035816962,blanco,gordo,30.622561119768008
peruano,macho,717.0374691688589,24.855281996818007,NA,marrón,NA,27.310543403280693
peruano,macho,770.5658439975074,29.795705237569603,19.75034562830611,marrón,sano,52.36719144879076
americano,hembra,1016.4447607815736,28.33742223737069,18.67619168381485,negro,gordo,25.938692959246787
andino,macho,775.1246075875737,NA,16.843995663051682,blanco,gordo,23.12960933808441
peruano,hembra,856.5229365988122,25.43667645813866,18.976363975757177,marrón,sano,26.279297265458705
peruano,macho,726.3106510756367,25.613461017758425,NA,pintado,NA,27.25627089954518
andino,macho,616.1847583603887,28.71685142481973,18.014683385687437,negro,sano,28.782196885990093
andino,macho,692.5264209930705,26.41346910645005,18.29734310632943,blanco,sano,46.94180320833944
peruano,hembra,651.3919558722807,26.286172640745608,18.204764156563,marrón,sano,51.86288867446613
peruano,macho,901.7782966257444,NA,19.311974817420506,negro,sano,21.93819005600566
híbrido,hembra,NA,20.894174446763028,NA,tricolor,NA,23.35102777960265
andino,macho,NA,27.115012173198892,17.92014600760423,negro,NA,34.53531671085554
peruano,macho,752.0548201430153,24.58696597551597,19.80463771679505,blanco,sano,43.385160569294534
andino,hembra,651.4875621792582,26.77635594695617,18.238414286473795,marrón,sano,38.57629057828075
peruano,macho,1052.765216216393,29.65238106848018,19.004664725545556,blanco,gordo,38.73984671999242
americano,macho,NA,32.465114740330264,20.1641811124079,blanco,NA,34.62315324630568
americano,macho,1024.8609400035762,28.14054811677944,NA,negro,NA,11.014476850722875
andino,hembra,NA,28.94782317806655,16.00329045985524,negro,NA,57.61023197226391
peruano,macho,NA,29.84655960736031,18.63214890520273,marrón,NA,56.136817875700075
peruano,hembra,564.4509634156001,NA,17.762504889147696,blanco,sano,24.43521519972136
híbrido,macho,1104.722166162101,25.97445957816256,23.34720546364837,pintado,sano,47.488501310891955
peruano,hembra,760.1714466417941,25.819313552574776,18.942790959292697,blanco,sano,61.44034055470561
andino,macho,818.9795955536574,25.18643137945068,18.032687800373168,rojizo,sano,40.68628301421197
andino,macho,718.1958905474818,25.319189593531647,NA,blanco,NA,46.00856280423403
peruano,macho,765.5268365310193,28.50053869521917,19.396255783338532,blanco,sano,44.55211256349902
peruano,hembra,673.1710222371985,NA,16.708727017361575,blanco,sano,22.83833728855972
peruano,macho,730.34651523286,23.140600814107128,NA,marrón,NA,55.57351064078055
abisinio,macho,521.9719761991715,24.559811770317257,NA,marrón oscuro,NA,20.28934309493109
andino,hembra,616.2212209572641,25.62177904000661,18.239687895621003,marrón,sano,52.741228414779144
híbrido,hembra,861.3605331357306,14.696934051669327,NA,marrón,NA,50.780174377177005
peruano,hembra,751.3183575844585,24.763006749220494,16.937467615951572,negro,gordo,28.687063676054272
andino,hembra,787.8421388255232,28.023340409141255,15.951153719621384,marrón,gordo,31.493175221788658
híbrido,macho,NA,NA,16.488067972208192,pintado,NA,48.55477912145651
peruano,hembra,626.852844449287,27.13047223905186,18.832879210846333,blanco,sano,23.695531002408966
peruano,hembra,748.4803486068871,26.569754647737835,17.76438316469098,blanco,sano,33.598919430157856
peruano,hembra,528.2760861868875,28.59336078839892,17.042301910476578,negro,sano,24.3305490611682
híbrido,hembra,1161.8806121822458,NA,17.32656387020322,pintado,obeso,37.220360899008895
peruano,hembra,801.3911779586117,27.63618741178833,17.99306631769847,negro,sano,16.739014906495434
andino,hembra,664.8722216732486,24.589661760920052,14.891297914183092,negro,gordo,24.151168125145453
peruano,macho,936.899063201766,29.73128160182308,18.793581764546783,negro,gordo,37.47562530634731
peruano,hembra,722.4829010734057,22.16026362268917,17.20594997229556,negro,sano,15.91612752828436
híbrido,macho,854.2203285581545,32.746018598630634,NA,blanco,NA,56.571426235453934
híbrido,macho,NA,15.733308527245208,26.496249158533875,tricolor,NA,52.548576115146304
híbrido,hembra,NA,NA,NA,tricolor,NA,14.264995779090572
peruano,macho,931.457056846932,26.340474091459615,21.521463661617876,marrón,sano,38.191619689534214
peruano,macho,779.2795161051583,27.382899619958565,20.6126245770706,blanco,sano,33.48411579870433
abisinio,macho,709.8959982698252,24.19204187745309,NA,gris,NA,10.648713687306389
peruano,macho,838.1222960771886,25.060317150347263,20.539332697459265,blanco,sano,42.00854114106912
peruano,hembra,NA,26.26443503734838,17.6305205073191,negro,NA,18.97417776849791
andino,macho,723.5909839172131,21.54012176075534,17.87380665957423,marrón,sano,12.24386740529122
peruano,hembra,NA,23.04175066469426,NA,negro,NA,32.136834376870894
andino,macho,777.1219811073943,20.82339830557762,19.07975023191694,negro,sano,29.30090055133595
andino,macho,916.3904892773636,NA,18.945396330367753,rojizo,gordo,16.703528241924104
peruano,macho,794.5680464442528,25.85976069280042,19.524311990836487,marrón,sano,42.94913638953772
peruano,hembra,748.7056214168286,23.203690954435288,NA,blanco,NA,35.78259646700556
peruano,macho,789.9005046390192,27.615507139189837,18.967753734969985,blanco,sano,48.18041451443639
peruano,macho,771.8122811278201,25.706652520554613,NA,negro,NA,46.312483679027025
peruano,hembra,NA,21.064764612715567,NA,negro,NA,27.07168528216041
abisinio,macho,NA,NA,NA,pintado,NA,15.140133526973878
peruano,hembra,781.6637158515737,NA,17.332483903405024,blanco,gordo,55.70139036671728
peruano,hembra,748.884373137451,NA,18.275044896732005,blanco,sano,18.16980295955197
andino,macho,774.7777674977561,29.04770468191836,NA,negro,NA,26.10119159601823
peruano,hembra,NA,NA,15.649690808722736,blanco,NA,19.05561430935564
abisinio,macho,638.0662037915669,22.927719267031733,NA,marrón oscuro,NA,59.46517718479251
peruano,hembra,NA,NA,NA,negro,NA,14.669008350312552
peruano,macho,880.8503002682475,27.6669992470328,20.075136956144767,marrón,sano,55.76975001599439
peruano,macho,744.6495388610085,25.59405986517492,20.03808414059985,blanco,sano,59.015626281637175
andino,macho,826.9641476524596,25.72981051437102,19.04066219772313,blanco,sano,45.01997808094006
andino,macho,883.9340925802209,20.602929058332965,17.52440697791853,blanco,gordo,44.782541245404744
peruano,macho,767.408632987209,23.397845312587833,21.055945855694993,marrón,sano,20.79394000810079
andino,macho,758.7010538697301,21.697799090114348,NA,negro,NA,28.136327464711695
peruano,hembra,777.02630142807,29.92721281387379,NA,marrón,NA,51.45619978588536
peruano,macho,NA,27.974696481813115,NA,blanco,NA,33.88185556265812
peruano,macho,1049.9777886469371,23.837206083837565,NA,marrón,NA,62.23649526767945
peruano,macho,570.7441975453694,22.281382912807,19.173005568028444,blanco,sano,64.00408114502278
peruano,macho,792.0154043234397,26.34677802164379,20.208112635452117,negro,sano,43.32070628993215
andino,macho,730.9390470215097,29.36796807225704,NA,marrón,NA,28.277999803732655
peruano,macho,NA,26.19186830663861,20.277148744689924,blanco,NA,41.97663135500008
andino,macho,709.7297066223709,27.101061402067582,NA,marrón,NA,50.79558402162176
peruano,hembra,656.4486455355822,22.67994666790342,17.668755403727065,pintado,sano,60.78211245589716
abisinio,macho,585.9145437759828,23.00585544071119,NA,negro,NA,28.081519395494976
híbrido,hembra,1346.4053045118408,NA,20.82025897897662,tricolor,gordo,33.447115729130886
peruano,hembra,725.9480399901294,NA,19.133125245218014,negro,sano,43.64296743844854
peruano,hembra,527.3801105072749,22.646121058664328,17.502146782717094,pintado,sano,41.23950845572567
peruano,macho,869.7250977843083,23.719234622242645,18.750774015536443,negro,sano,24.30048636130749
híbrido,hembra,1418.547351747596,25.005523657667155,27.371864118191,pintado,sano,39.386996187819456
peruano,hembra,664.5781632032962,28.04965646159986,17.340391856902087,marrón,sano,31.30877559878843
peruano,macho,1021.2532181415454,31.250702954742195,NA,marrón,NA,58.643076841865074
andino,macho,586.7201375999404,27.872825258155377,19.324873239107745,blanco,sano,NA
híbrido,hembra,530.1636375000766,NA,25.523184260882697,pintado,flaco,14.790751890662314
andino,macho,990.552954468414,NA,17.934782668695863,negro,gordo,63.76149674576602
peruano,macho,836.2021218197375,25.90571084047447,19.48647480130327,blanco,sano,15.495430326058951
peruano,hembra,526.6535810892011,24.38445154688686,18.547520937549333,marrón,sano,16.608390612965245
americano,macho,1185.0793268280847,31.132805671940048,23.35521906368283,marrón,sano,42.70842770942295
andino,hembra,757.518041417717,24.194979802764045,NA,blanco,NA,32.760665525012755
híbrido,hembra,637.0743720304833,NA,14.991844362596147,tricolor,gordo,19.580991535713647
peruano,macho,664.9779059799796,24.71622493307412,NA,blanco,NA,36.514230908273746
andino,macho,755.900795029281,NA,19.408786049322813,marrón,sano,31.11352858633317
andino,hembra,NA,21.76558574155068,NA,negro,NA,13.086417218782094
híbrido,hembra,NA,26.06676933318003,20.339389030043023,tricolor,NA,42.31051315807859
híbrido,macho,716.5616061759773,23.788649471271267,19.69169719042724,blanco,sano,58.87568984730683
peruano,macho,757.8689325370875,27.593671691864955,20.81709377358116,blanco,sano,51.85855612771583
peruano,macho,886.8468710402828,26.4510709994326,NA,negro,NA,53.738845933028486
peruano,hembra,523.224059870407,22.63616905142841,NA,blanco,NA,47.62878681465431
andino,macho,782.9215855392043,23.94288307630124,19.984958772828875,marrón,sano,41.00559763544089
peruano,macho,681.46474937435,27.144280784537717,NA,blanco,NA,33.90611127423219
peruano,hembra,586.5258725465544,29.135813845739957,NA,blanco,NA,16.62288065232545
peruano,macho,718.4206202396144,25.025326476343395,21.12042659758551,negro,sano,19.969331848689215
peruano,macho,748.2666602260956,28.46196819274231,20.941457598637523,marrón,sano,38.77600915361287
abisinio,macho,559.2255041485308,29.537454298146507,15.613711510475836,marrón oscuro,sano,12.645272868906194
andino,hembra,NA,23.412459474751625,16.385541185584035,marrón,NA,37.2173996267524
peruano,macho,924.902478956653,29.944935412846085,20.085660752452277,pintado,sano,26.54342615417652
peruano,macho,1064.314911338673,NA,19.32330484398484,negro,gordo,62.41361953481605
andino,macho,638.0978938097834,23.035822901507142,NA,marrón,NA,58.25738290728872
peruano,macho,718.4762837060213,31.179745530192427,NA,marrón,NA,28.671184273025705
peruano,hembra,562.819152028397,27.828289607619716,NA,blanco,NA,45.69280786474475
andino,hembra,668.8367470164932,22.203075840160583,15.437692697178887,blanco,gordo,13.6256805058038
peruano,hembra,489.4541091315911,21.686637252998032,18.865096728372137,blanco,flaco,16.2567778828666
abisinio,macho,657.7334778967917,29.362603031379248,14.39433820690556,pintado,gordo,51.30007920294331
peruano,hembra,657.0188536141553,23.732738279205257,18.358663435153098,marrón,sano,39.53315905745272
peruano,macho,667.9514247160995,28.7787755676787,19.068335197715825,blanco,sano,19.989504149886827
peruano,macho,801.2413823675311,25.23291682831443,19.264297950769176,pintado,sano,45.56459412177742
peruano,hembra,618.2079280643452,25.35096513220194,19.260572602005347,pintado,sano,43.48540307885783
americano,hembra,689.2366324357424,25.65724725428566,19.936953298166777,marrón,sano,36.44832946261034
peruano,macho,756.7880336876867,28.23443884909771,19.45180877036878,pintado,sano,45.65286753300369
peruano,macho,735.6698445630379,25.163197045343445,19.541456647112263,negro,sano,22.074478860431988
híbrido,hembra,NA,32.88589191951821,17.400308552037828,tricolor,NA,26.663415139024607
andino,macho,752.8333203874323,25.71320593803017,NA,negro,NA,24.434724733928228
peruano,hembra,849.1824719330183,NA,18.277052043932045,blanco,gordo,30.420526488298105
andino,macho,805.0952368957218,NA,15.933361750572452,blanco,gordo,44.491798934674875
peruano,macho,899.695545227646,24.51157151900835,NA,negro,NA,41.978632336986294
peruano,macho,796.870758655556,NA,21.455166455444928,blanco,sano,10.881133211490427
peruano,hembra,NA,NA,NA,blanco,NA,36.24150538608073
peruano,macho,NA,NA,20.55830550328286,blanco,NA,44.11895131942945
peruano,hembra,791.2634977229992,24.179900212699117,20.00776830573005,negro,sano,48.2471059060531
peruano,macho,925.1072283998544,24.58749773158957,18.578492099639465,blanco,gordo,63.6634479410756
peruano,macho,878.6159706786815,26.59099971452644,20.81513878248689,negro,sano,44.66533879319517
peruano,macho,681.6705674619614,NA,20.246297289618624,negro,sano,12.0723366956819
peruano,hembra,NA,26.473638001305293,17.342707163143544,blanco,NA,34.578330556234576
peruano,macho,915.680891087384,27.64609830412299,21.242347478596297,negro,sano,13.537693136557568
abisinio,macho,600.3865349756329,23.625260834626292,15.84361998797506,marrón oscuro,sano,62.97628408614967
andino,macho,746.367389271887,27.318904224369273,19.053776582762836,marrón,sano,51.60175933482494
andino,macho,703.1667004076926,NA,NA,tricolor,NA,20.571693651770197
peruano,hembra,716.21219358183,26.01539559602305,19.101308482196803,marrón,sano,24.499839583789615
peruano,hembra,717.2460497343507,21.87338850581143,NA,negro,NA,57.00302287845555
andino,macho,887.7502994369424,21.958658338911142,NA,negro,NA,17.932276399884802
andino,macho,752.9882664847944,19.656727579189223,NA,blanco,NA,42.88812531671801
peruano,hembra,583.714536778371,21.207368033535488,17.40250546465738,blanco,sano,39.82507394062728
peruano,hembra,570.6968037306428,25.32532331548577,17.79467707322764,pintado,sano,59.357139251560824
abisinio,macho,NA,21.82690707733774,17.51531723703462,negro,NA,22.198395075202917
peruano,macho,755.7346244852367,26.806319206705293,19.478624866560303,pintado,sano,27.398796261412297
americano,macho,NA,27.43625430787044,NA,marrón,NA,52.87988016707538
peruano,hembra,922.4332466656012,28.372024046824908,17.375605991720484,negro,gordo,20.08665707383675
peruano,macho,976.784795666052,29.73324468806502,21.564744508486065,negro,sano,33.4857473197589
peruano,macho,792.1027434680923,29.924083253198944,20.17143298225672,pintado,sano,40.93197894580396
andino,macho,902.929904734174,23.40445544969559,17.22804517546244,blanco,gordo,20.026582244829147
peruano,macho,859.5335773209669,24.805069000487293,21.65302747141881,blanco,sano,17.391668250767417
abisinio,macho,614.3534299225331,NA,NA,negro,NA,59.31312738127925
peruano,hembra,647.6025166612797,NA,17.459875466701998,blanco,sano,33.680663136909175
andino,hembra,741.3281648643712,20.250178234323823,NA,marrón,NA,35.09149666596556
peruano,hembra,711.6691794790585,27.61008057770068,18.23147731369738,blanco,sano,62.93583787825745
andino,hembra,722.2674412041819,NA,NA,negro,NA,25.53607460411451
peruano,macho,NA,29.1771817907359,19.43874548609354,blanco,NA,58.64966490579651
peruano,hembra,828.6997296105476,NA,17.81364164743408,blanco,gordo,14.390793427875366
abisinio,macho,NA,25.602759563820666,15.655327665015596,marrón oscuro,NA,40.143054086192585
peruano,hembra,927.583694444175,26.8480464699772,18.28797421584252,blanco,gordo,20.793876059505365
peruano,hembra,746.4815062929704,NA,NA,marrón,NA,15.771247830853913
peruano,hembra,NA,27.18185378290301,NA,marrón,NA,41.98771121277005
híbrido,macho,1000.3338246164352,27.73284734022344,23.858911628451576,pintado,sano,42.66376170204776
peruano,macho,918.311143480329,27.01932724897948,22.277265630182395,negro,sano,22.43155141442512
híbrido,macho,NA,32.48423243237196,20.954230391419298,blanco,NA,18.909269428579655
peruano,hembra,723.5192335203817,NA,18.03065911206881,blanco,sano,14.032771490604048
híbrido,macho,894.3711212747605,NA,NA,tricolor,NA,45.81334574870961
andino,hembra,580.8014862083096,NA,NA,marrón,NA,30.733237951927507
peruano,macho,718.9752554091109,29.067628328226075,20.36994926036239,blanco,sano,43.988579324258254
peruano,macho,721.6223599410808,23.878410213795537,20.182542819355348,blanco,sano,62.20600431172644
peruano,hembra,762.8543919412903,33.329714451021744,17.539240688952837,marrón,sano,51.82483647478827
peruano,hembra,670.93601552935,25.949463456291152,17.569000124777496,pintado,sano,10.722345286795676
peruano,hembra,801.4264520691909,NA,NA,blanco,NA,21.500042201480007
americano,macho,1007.1654799815122,25.776912203526187,22.521382684546715,marrón,sano,43.46667395366043
peruano,macho,932.2097051083016,NA,20.275761597225916,negro,sano,37.395193892108736
peruano,hembra,876.8852606144317,23.307226768040636,NA,blanco,NA,32.99552233654842
híbrido,macho,1106.0550490064436,27.96948330175975,19.073054613423597,tricolor,gordo,14.968418742580408
andino,macho,795.6570943746871,NA,NA,marrón,NA,58.32733204024846
peruano,macho,NA,29.242430988249897,20.66347175279882,blanco,NA,29.25818981104761
peruano,hembra,650.8777405968023,22.315535123067924,17.959796390132524,negro,sano,35.11123747739184
andino,hembra,NA,25.96439378067221,14.809319852032,negro,NA,58.07603532869655
peruano,hembra,723.7350999041587,26.267343291449155,16.576575094412902,negro,gordo,14.105495289200428
peruano,macho,890.6922992863182,25.920949657877205,18.30490522651676,negro,gordo,25.01245072119744
andino,macho,NA,26.03640399907548,16.778400202384805,tricolor,NA,33.71533931326224
peruano,macho,621.1238987279667,26.68772767194211,NA,negro,NA,17.222157932827606
americano,hembra,682.5885103694399,24.350481371629208,NA,blanco,NA,15.554307562506596
peruano,macho,NA,24.64287513015125,NA,blanco,NA,26.20770192825269
abisinio,macho,618.0507419269331,NA,NA,negro,NA,25.766372331437573
peruano,hembra,623.6522264831526,30.431038410751363,17.272925742237273,blanco,sano,35.768726026152535
peruano,hembra,775.9601630218601,18.528519544309212,NA,blanco,NA,30.133442909147657
abisinio,macho,517.7024449804151,23.91738981059632,16.18538285242111,pintado,sano,40.53553346628376
andino,hembra,580.5487180602892,23.96161842286404,NA,rojizo,NA,60.4109233906223
peruano,hembra,814.0545328319341,NA,NA,marrón,NA,62.79332143238615
peruano,hembra,588.2431455828253,26.97687479734157,17.62397979503049,blanco,sano,21.18825922026493
andino,macho,NA,NA,18.614608170241116,tricolor,NA,23.29374168929077
peruano,macho,719.0399610840368,NA,18.41915357934279,marrón,sano,35.81042165736149
peruano,macho,770.4950234086768,27.36906750893947,20.11169283067061,blanco,sano,61.296448524959885
peruano,hembra,724.2042439493993,28.105126279801144,17.33572786682622,blanco,sano,48.973938790651104
peruano,macho,892.8630572451923,NA,20.55465399339071,blanco,sano,36.55379718333162
andino,macho,732.3114870816217,30.176762362729686,NA,negro,NA,21.820707691580072
andino,hembra,630.2829334287222,NA,16.490172761103565,negro,sano,62.03199844973442
peruano,macho,791.032900912771,24.271311321772597,NA,marrón,NA,20.79235431257352
americano,macho,NA,29.688701734877785,NA,negro,NA,28.29636176012597
andino,macho,845.5682355269519,NA,NA,negro,NA,16.923588365841287
peruano,macho,851.5709617098927,24.97688869155841,20.225468603360948,marrón,sano,38.174516766013625
andino,macho,761.4364827925924,27.742966691696193,18.94956121325415,blanco,sano,64.31703222877734
peruano,hembra,403.3124867345294,20.762537763171444,18.070125522956378,marrón,flaco,57.76266464855875
andino,macho,829.0069007788329,NA,NA,negro,NA,41.24792172022278
híbrido,macho,1537.9266618080944,23.66130277775726,23.147301649356837,pintado,gordo,39.15324559248969
peruano,macho,967.9981900700986,30.979626729700552,18.54605808763041,pintado,gordo,15.224300924280072
andino,hembra,655.790293297731,22.15029590115524,16.522116024696,negro,sano,40.977706072483365
peruano,hembra,950.879100699776,24.37324175365748,19.344090483137045,blanco,gordo,58.72443122407085
peruano,hembra,592.0597975398074,26.32638093071928,18.604970729353457,blanco,sano,45.846670700736794
peruano,macho,798.9779297527828,26.904723337880043,19.498347700327248,blanco,sano,32.007045045634285
abisinio,macho,695.5200162370679,23.53381526122444,17.712773727399338,marrón oscuro,sano,51.04657033286669
abisinio,macho,638.8689230402167,NA,NA,marrón oscuro,NA,34.69112178186709
peruano,hembra,565.0916252163438,NA,19.45786773956263,negro,flaco,36.46702343972309
peruano,macho,664.5799963375116,27.019163776167908,19.846094128428675,blanco,sano,47.52034480512999
andino,macho,692.8261798371495,24.48184443955737,17.887663616187258,rojizo,sano,18.10711577210985
americano,hembra,800.5923832337572,27.150904147625244,18.98802582924732,tricolor,sano,41.09058829660614
andino,hembra,NA,NA,NA,negro,NA,14.43976344875612
andino,hembra,748.2021060789071,27.284358743599817,15.82221579353817,negro,gordo,39.45602302881605
peruano,macho,905.4429802888884,28.485322245259113,21.09255912568585,blanco,sano,15.33069934174742
americano,macho,977.5434202313368,28.8078548147036,22.7095666365189,blanco,sano,17.363682663992307
peruano,macho,891.3643159444263,NA,NA,blanco,NA,50.97123204135322
peruano,macho,944.4041288438532,24.23135420578588,20.280659175327926,blanco,sano,11.926115601671473
abisinio,macho,590.7338834658851,26.274931237243713,NA,negro,NA,20.69219673354646
andino,hembra,708.2584294552053,22.013200744009044,15.739602413081718,blanco,gordo,25.28714878885572
abisinio,hembra,NA,19.581360738363873,16.674336769004736,marrón oscuro,NA,21.176422319408488
peruano,macho,804.7816313296067,NA,21.31818997204132,blanco,sano,55.81580204797345
peruano,macho,NA,36.13363170820593,20.10238887714105,marrón,NA,NA
andino,macho,NA,25.52125817638654,19.05066590874069,rojizo,NA,19.865263625195247
híbrido,macho,1344.7123742990093,29.73234928001048,21.13956483584674,blanco,gordo,50.3212494670501
peruano,macho,921.5035868054548,NA,20.93890505371371,blanco,sano,58.53486587674792
peruano,macho,NA,24.417194536332488,19.8736019727726,pintado,NA,61.264457821235
peruano,hembra,693.283860164898,23.856302882580025,17.393460250904603,marrón,sano,43.528557364712725
andino,hembra,644.7023393946068,20.21070017006692,NA,marrón,NA,54.21148570582724
peruano,hembra,NA,29.500181301341055,16.349000502586634,marrón,NA,55.31487819751046
andino,hembra,NA,21.602914121838495,15.714514960164326,marrón,NA,20.266513609875396
abisinio,macho,552.2676555770652,26.07819723330561,17.209759588902823,negro,sano,24.846422393820447
peruano,hembra,654.4631427076042,20.372139574531793,17.17789397131306,pintado,sano,32.219826165013316
andino,macho,828.418586414398,27.387107632434606,19.231438724416176,tricolor,sano,38.49749104302511
peruano,macho,943.5618937186908,NA,21.438779600431022,blanco,sano,27.429223057944736
híbrido,macho,697.7283062409376,24.17986363439876,NA,tricolor,NA,55.8014747500813
peruano,hembra,808.4421203464706,24.64302442506068,17.382265257796742,blanco,gordo,18.43338753131218
peruano,hembra,745.3704009533869,22.36944789421448,18.14615160707794,marrón,sano,15.831936717251114
americano,macho,1002.2168131036498,NA,19.994550987344574,negro,sano,56.57992599298231
andino,macho,714.9966005012421,23.839337324583756,20.18135562019713,blanco,sano,52.18651912898253
abisinio,macho,650.9350589006701,23.217558475864095,15.28006261238514,marrón oscuro,gordo,21.264072577681624
andino,hembra,654.8006873764925,21.968790077477927,16.982908176678862,negro,sano,41.03045117100079
peruano,macho,783.8487290053727,25.68911448726907,18.107194502742225,negro,sano,31.062653291005084
peruano,macho,819.2786923629758,26.51677940415447,NA,negro,NA,52.398197116603534
andino,hembra,761.9343472596593,24.333045235117066,15.898606425004512,blanco,gordo,25.056703997775827
peruano,macho,NA,29.35036902026751,NA,marrón,NA,19.091556859047344
andino,hembra,728.5682608530849,NA,16.953728913230563,negro,gordo,62.02321942551848
abisinio,macho,NA,22.671601705425346,15.394207576689553,negro,NA,45.487692138005855
peruano,macho,985.4292886607328,NA,20.52891598854123,marrón,sano,39.569384456542046
andino,hembra,655.1610142583048,24.13266121809484,NA,rojizo,NA,61.1759470667003
abisinio,macho,630.7985148558632,24.14875689231336,16.206004812734022,pintado,sano,28.246193543697032
peruano,macho,NA,28.41249410441771,22.03139622088509,marrón,NA,49.735874496996075
peruano,macho,792.8161265351393,25.483032484923868,21.952160660044857,blanco,sano,NA
híbrido,macho,782.1077647853766,18.96527060110064,23.00852936719396,tricolor,flaco,27.88822354006013
andino,macho,730.7922152379482,26.019904875439423,18.091862557064182,blanco,sano,60.01187823646586
peruano,hembra,616.4844786745687,24.94477583159766,17.965836254466836,marrón,sano,22.349884362703783
peruano,macho,1004.9698754054084,24.399025731418018,21.479862917595476,marrón,sano,48.0904341603879
peruano,macho,848.4402279098401,26.719269385355332,20.49100139422555,pintado,sano,20.35471331000772
andino,macho,786.3775536315219,26.650175390885355,20.118356810476374,rojizo,sano,54.640733563228615
peruano,macho,860.0521298479553,NA,20.513782283024906,blanco,sano,47.44739096507613
andino,macho,651.6508539200015,24.19155550986586,16.50297441789893,blanco,sano,12.847826407858296
híbrido,macho,1230.7924618914433,21.41597806988083,23.59562983744974,pintado,sano,13.462721132018167
americano,hembra,989.4111352700058,29.47919567457372,20.329021330740673,negro,sano,51.626257593053424
andino,macho,814.8648920455548,25.971654191040315,19.174695351617093,negro,sano,NA
andino,macho,1023.4537996080852,25.442578159703988,19.07617291613328,rojizo,gordo,54.61364057962943
peruano,macho,753.0699073183717,30.37247972533808,18.11186688038856,blanco,sano,11.23323728464479
peruano,hembra,780.7840303285953,22.981135019806807,NA,blanco,NA,65.47064796548155
andino,macho,770.9969956719766,28.069053867642108,17.954851042273017,blanco,sano,33.512891365671784
andino,hembra,780.577924144041,21.745704813672457,NA,rojizo,NA,50.83470118410101
andino,macho,611.3037629486045,24.910697964650673,16.767456470646362,blanco,sano,17.693957512602367
peruano,hembra,804.2933483568828,NA,16.313043613693587,blanco,gordo,60.137161723324695
peruano,hembra,641.568657607883,29.671461855494055,17.897559984712917,blanco,sano,46.931797683471736
peruano,hembra,586.4581940647053,22.23301826773173,19.23754043090571,blanco,sano,28.776019348891623
híbrido,hembra,976.6313395714049,27.65307287036374,19.17701632298906,blanco,gordo,10.093933990634849
peruano,macho,1015.9224617122334,NA,19.97624272123052,blanco,gordo,22.949195261784624
híbrido,macho,NA,25.734724769649677,16.81636429656806,tricolor,NA,31.795803532363585
andino,hembra,649.264989708064,NA,NA,rojizo,NA,20.494107047016556
peruano,hembra,934.1810412034192,30.24561863268986,17.310603699678786,pintado,gordo,NA
peruano,hembra,728.5143678694094,26.2932053561297,NA,negro,NA,10.73856674741482
andino,macho,1003.99461403364,27.85981083548993,NA,marrón,NA,39.561677472731205
andino,hembra,438.3570276634118,23.62429284694942,15.36381950712611,negro,sano,23.061617854184057
andino,macho,713.997349884417,22.71486082530962,18.973783832912854,tricolor,sano,36.83034497751373
peruano,macho,722.9731863746198,23.32638237980027,NA,negro,NA,22.35995875092615
peruano,macho,894.7111698039462,28.262908557678276,19.582157041664164,marrón,sano,42.994561056111706
peruano,hembra,NA,NA,17.69454569391161,negro,NA,59.20241513909976
peruano,macho,727.5520315527345,30.23095174931437,19.578930041850818,marrón,sano,53.01090150315669
peruano,macho,758.0022427964033,27.667728507870024,19.51566254327827,pintado,sano,16.18485276492496
andino,macho,NA,22.11875910606548,18.018620438862047,marrón,NA,38.97706741692227
andino,macho,837.0619324129841,23.011608364277222,17.011295103586427,marrón,gordo,42.64662772256236
andino,macho,898.3836735607812,NA,17.290594496987563,negro,gordo,39.19444026537366
andino,macho,835.0050537167805,28.241486832868457,NA,marrón,NA,59.26778618312348
híbrido,macho,881.9838065295776,29.78705765454856,17.670181210528124,blanco,gordo,23.617683523853923
peruano,macho,872.5655903454078,26.170238387825684,18.770754777131508,blanco,sano,29.381703623298293
abisinio,macho,535.8484309213258,20.00657644821555,17.153141966466702,negro,sano,29.02568938823081
andino,macho,NA,21.011435060129745,17.98098413450793,negro,NA,40.702628683404114
abisinio,macho,NA,22.98902642423369,17.859571391317708,marrón oscuro,NA,23.555364497522454
peruano,hembra,695.062572349308,29.08139328977809,20.332274599095484,blanco,sano,28.80695318037185
peruano,hembra,949.247218041921,23.501180586104912,17.647444223719148,negro,gordo,64.06246646250617
abisinio,macho,NA,22.896855350881054,16.314429854240664,marrón oscuro,NA,61.70392335618816
peruano,macho,NA,30.729755404607044,22.181081216760745,negro,NA,48.21364514059902
peruano,macho,1072.669339411378,NA,NA,blanco,NA,30.119047430468065
andino,macho,573.7029045824524,29.999355490052345,NA,blanco,NA,33.799214456904615
peruano,macho,666.8882527254661,26.442147842498333,19.348532021245298,blanco,sano,20.49222896889356
andino,hembra,809.9600474379857,NA,NA,marrón,NA,22.297944495310723
abisinio,macho,661.9786152834611,NA,15.725019734804528,marrón oscuro,gordo,57.24088861593356
andino,macho,970.8301929204166,24.895390405263793,17.05720070554125,blanco,gordo,52.06775834931501
peruano,hembra,646.6556719451787,26.241951048228152,17.886762500471775,negro,sano,11.88544477025243
peruano,hembra,676.1929802272329,25.42979766056549,18.603324796023752,pintado,sano,44.76916034391122
peruano,macho,903.098392320489,21.429365641462596,20.05240936550583,marrón,sano,64.46735265425868
andino,hembra,NA,28.509697243760073,NA,negro,NA,30.546369095640458
peruano,macho,771.2495404253,NA,NA,pintado,NA,40.024385808411424
peruano,hembra,832.8903998369408,25.951465133899063,18.71930866258461,pintado,sano,46.93585282394358
peruano,hembra,724.6684958337685,26.425441848819663,NA,blanco,NA,35.212954103663186
peruano,hembra,754.1768485111899,27.81403531287131,18.78779536364693,pintado,sano,22.43218541501453
andino,macho,958.1335019600374,27.279940319659072,18.35584064080024,rojizo,gordo,22.799177960022583
peruano,macho,NA,26.822989374122177,20.73591748851824,pintado,NA,43.68637012416697
andino,hembra,596.4520745091635,19.727455960626564,16.175412020160206,tricolor,sano,18.496854805751475
peruano,hembra,740.9683932384047,28.50495818006153,17.953554513108276,blanco,sano,58.20886165974997
peruano,hembra,NA,27.0594042501723,17.714168058821084,pintado,NA,47.78144367501784
andino,macho,820.4938951067113,NA,17.17463809451654,negro,gordo,50.40055930455449
andino,macho,774.5378780916858,NA,NA,tricolor,NA,41.42938276621824
andino,hembra,651.2672736486795,NA,17.33726669989079,marrón,sano,51.05898564633266
peruano,macho,759.4131813026285,24.475223829490737,20.40471508256837,negro,sano,65.17695618988147
peruano,macho,1001.9190179801058,NA,NA,blanco,NA,44.52826092913109
andino,macho,781.2477322205409,23.481631357536912,19.202797361590505,blanco,sano,29.171592796206145
peruano,macho,760.302584980969,22.55559055615571,20.49527377368462,blanco,sano,26.0758070276194
abisinio,macho,588.2900984003563,NA,17.43892153481215,negro,sano,63.381878360775666
americano,macho,NA,29.361527158025208,NA,negro,NA,32.63304418663691
andino,macho,738.3488202354391,28.85172204317585,18.25724237627066,blanco,sano,43.47321013631488
peruano,macho,1050.5284513171905,28.3535942113112,19.42266721209976,negro,gordo,24.906406537700924
abisinio,macho,595.6601405991202,20.52758250564908,17.081699442519216,negro,sano,20.062827669906618
peruano,macho,674.2929029022055,26.943222993233015,20.02279938290632,blanco,sano,26.064133942187674
peruano,macho,894.0626262753192,32.01352700891335,18.54098479202512,pintado,gordo,43.71307632084263
peruano,hembra,806.071392307122,26.728848565419412,17.978699344628144,blanco,sano,12.08952496251444
peruano,hembra,801.9254702159503,26.36424120907992,19.627644071004593,negro,sano,24.272944900233774
americano,hembra,807.9588517026972,NA,19.011381420114812,negro,sano,40.85120367120847
peruano,hembra,NA,20.730852655940645,18.061531869342417,negro,NA,21.489998695154515
andino,macho,849.5467622236897,24.136507188015983,17.233133212389184,rojizo,gordo,48.969359595766306
andino,macho,919.3669218839194,23.679103808147907,18.003860254050824,tricolor,gordo,NA
peruano,hembra,803.8898352196856,22.456279456831112,17.3482285864153,marrón,gordo,18.898271066890217
peruano,hembra,607.5462656140684,26.3765413056602,18.766326176251297,blanco,sano,50.93509342475985
peruano,macho,781.7349834113958,NA,17.82231051296942,blanco,sano,40.95223777908883
andino,hembra,606.1496502747276,22.63923189620816,17.050754857419964,rojizo,sano,39.62793705177572
híbrido,hembra,716.5691010651975,28.37248072903653,NA,tricolor,NA,59.23409727941124
andino,macho,707.2916900658984,NA,19.069929987213623,negro,sano,14.950349992814116
peruano,macho,NA,28.18403735446388,19.272154531731953,negro,NA,10.149660724979103
híbrido,macho,1214.7102695761887,25.70686061288396,24.418640972176295,tricolor,sano,63.300497993862606
andino,hembra,742.6612159909529,25.361915379924508,NA,marrón,NA,43.08389696285611
peruano,macho,872.3824133183527,28.796102340580095,NA,negro,NA,39.46398458585715
andino,macho,811.741708024206,NA,19.47905166816211,tricolor,sano,33.357417730731086
peruano,hembra,668.7171481860621,23.788666579956143,NA,marrón,NA,53.08950431355076
andino,macho,663.2659530493875,23.97503478121559,NA,negro,NA,56.43990791962542
andino,macho,1020.03498065832,28.29544675396115,17.70832648691213,tricolor,gordo,14.709059110780624
andino,macho,873.2098929242177,27.015700198499665,17.67397074347676,marrón,gordo,21.078266715469688
peruano,macho,968.6364269309506,23.911336130684912,17.487319903205822,blanco,gordo,18.151751463050076
peruano,macho,NA,29.05955054467417,20.252930635600443,marrón,NA,26.75706735741772
andino,macho,756.0512883065765,NA,NA,marrón,NA,54.77729614552824
peruano,macho,820.958150597627,27.61263350325329,21.16011156422222,blanco,sano,25.474741995187095
abisinio,macho,613.8040365777323,20.034719161598893,16.273664956373082,gris,sano,61.93859285400249
peruano,macho,778.5744943780187,27.20335565043696,18.658662314275933,negro,sano,27.938560176120024
peruano,hembra,766.2355034781008,30.420072560245597,NA,negro,NA,25.10607150241914
andino,macho,771.0465283244849,24.816466615534228,17.8571949914447,negro,sano,50.33186847407673
andino,macho,772.4536158647929,26.43500924589363,NA,negro,NA,12.578843153960715
andino,hembra,597.2316213825831,NA,15.4765374672434,tricolor,sano,36.221663365067336
peruano,hembra,680.5247459483962,30.746348625887975,17.994755197943423,blanco,sano,28.322095114143767
americano,macho,NA,NA,20.695948314968472,marrón,NA,18.666303019600832
peruano,hembra,826.7284018010682,31.51692224154388,19.094987748438573,marrón,sano,27.069685031540743
peruano,macho,714.4706437891156,29.800020274738444,NA,blanco,NA,44.10940200882877
híbrido,hembra,656.3691464726649,34.81840342537631,15.957562429745948,tricolor,gordo,37.73553532791149
peruano,hembra,NA,NA,NA,marrón,NA,25.12412093918107
andino,macho,719.1187545279247,NA,18.406164083266056,rojizo,sano,15.411943026557358
peruano,macho,810.6082573507578,23.478330080093745,20.077594165392327,blanco,sano,27.06633962159968
peruano,hembra,796.6983883654901,25.38868915097886,NA,negro,NA,52.61758234345414
andino,hembra,530.4155810684198,NA,15.580597765879771,negro,sano,64.25990191609102
andino,macho,674.605225156297,NA,18.187770902397077,negro,sano,40.11588342235191
peruano,macho,850.9161055528631,24.412120034197923,NA,blanco,NA,13.874985383894652
andino,macho,581.9900537228929,28.63091017357701,18.239743017231586,tricolor,sano,15.148635396620866
híbrido,hembra,562.0644803639657,NA,NA,tricolor,NA,29.80106404993991
peruano,hembra,NA,24.10632118243067,NA,pintado,NA,36.61773527613283
andino,macho,NA,24.052105975108223,NA,marrón,NA,28.72595273860355
híbrido,hembra,672.5207588148656,NA,15.70808899356068,blanco,gordo,35.55334482265343
andino,macho,765.9185491861011,26.19690568656639,17.702129476685574,negro,sano,18.02507591749207
americano,macho,834.3964497481375,27.0420590776239,21.226066985770014,tricolor,sano,21.3700192252191
peruano,macho,838.7607876762291,NA,21.467198913348856,negro,sano,45.19032484276126
peruano,hembra,706.1006634794503,27.144354041691823,17.90298994432745,blanco,sano,42.242246569554545
peruano,macho,861.328265126417,28.349775888007425,21.00454534093389,blanco,sano,28.87706770784142
peruano,hembra,624.2850693018725,30.52465861412812,18.58741133802778,marrón,sano,25.13827082344145
andino,hembra,NA,NA,15.767795090480476,blanco,NA,60.47239030014439
andino,macho,897.1881656159632,25.31575930876615,16.205823974692063,negro,gordo,14.674403397412089
peruano,macho,860.7833864535753,31.63394316718253,18.60557297581944,marrón,sano,24.843616524008763
peruano,macho,NA,30.292760492251116,NA,pintado,NA,52.50083264945636
híbrido,hembra,1065.8234027697504,15.381451271973608,24.792161582260572,pintado,sano,36.952155314210614
andino,macho,702.9924288095057,27.231496775588997,19.110170656425453,negro,sano,48.608916650042765
andino,macho,717.0307250935572,NA,NA,marrón,NA,50.93533600321235
andino,macho,947.621908350905,27.747091463561652,18.342429880212432,rojizo,gordo,46.858015976256674
andino,macho,832.2599301746196,NA,18.807395092359428,marrón,sano,50.24236034868056
peruano,hembra,482.7514373158237,22.56373011283814,16.868819700235797,marrón,sano,24.46427491176538
peruano,macho,763.4346563063799,26.579413983776444,20.412365818222863,negro,sano,32.19192737663056
abisinio,macho,722.7156119051956,24.06330763709295,NA,negro,NA,45.86913614184355
andino,macho,NA,24.968792885164675,18.675106086526643,blanco,NA,52.39002733905089
peruano,macho,847.7808200828164,32.21649459289783,21.05011222880071,blanco,sano,47.782971826031336
peruano,hembra,696.0469635209871,NA,17.99850056537255,blanco,sano,24.34000418326309
abisinio,macho,664.790836288343,21.91717503374851,17.402208250719262,marrón oscuro,sano,39.76558081476069
peruano,hembra,493.0211921851391,23.07231858958722,NA,blanco,NA,16.148433521018397
andino,hembra,733.5462407878991,NA,17.45370353783429,negro,sano,51.08544427672111
andino,macho,907.0067402931209,24.312969704708596,16.174074966138168,negro,gordo,43.802942485003875
peruano,hembra,1038.7381808964544,26.42498916737308,18.786737627845397,blanco,gordo,45.866112957905386
andino,hembra,NA,23.480439285786545,16.96339991686442,marrón,NA,56.19093873429834
peruano,macho,874.6705396955992,28.798584639700884,19.42201765428154,marrón,sano,43.29183508943291
andino,macho,843.1253554258903,24.199181944974104,NA,blanco,NA,28.337278786445676
andino,hembra,667.7530797353218,NA,15.827471564353148,tricolor,gordo,56.71187165324149
americano,macho,838.467106596132,30.01417742893547,NA,negro,NA,33.92859703395226
peruano,macho,713.4441243041995,29.3330327933439,18.83065498771728,negro,sano,16.373410163260584
andino,hembra,NA,NA,NA,blanco,NA,42.45422496729047
abisinio,macho,470.17189544468073,25.995648387569467,16.551262779525178,negro,sano,23.38852741430113
abisinio,macho,600.1866339857247,21.78678875142993,NA,gris,NA,51.91434746631475
peruano,hembra,897.2968957293671,NA,18.95588906758583,marrón,sano,20.277056835283155
americano,hembra,NA,NA,20.60660371845925,negro,NA,26.080245792130473
peruano,macho,868.1939880323405,25.734297268095265,NA,blanco,NA,18.61829203239312
peruano,hembra,718.1988373393854,NA,18.244464617656124,marrón,sano,15.77397153493128
peruano,macho,NA,26.240591349781763,21.01230512474373,negro,NA,24.86425236583468
peruano,macho,630.2834137387905,NA,NA,blanco,NA,11.24566379882524
andino,macho,745.851174177327,NA,19.999640935128376,negro,sano,41.57419752112054
peruano,hembra,682.6162987669136,19.342524521340646,18.87151530802665,negro,sano,43.86870806934271
americano,macho,NA,31.359925432684676,21.2927222268355,marrón,NA,37.01118042718607
andino,hembra,728.5329602296365,22.83818537155999,15.81716161281895,negro,gordo,44.76197066664467
híbrido,hembra,653.2852065433295,38.851052697222144,13.275022435622812,pintado,obeso,49.36628684881506
andino,macho,747.7354489089767,NA,17.701723205114043,blanco,sano,23.563497492650157
peruano,macho,734.572341991579,27.130181952935633,18.93666177757114,blanco,sano,49.73041878481534
peruano,hembra,714.6116016717071,23.23980057558681,17.607952649916903,marrón,sano,45.77972379676193
peruano,hembra,506.36331447846266,NA,17.650956307870082,marrón,sano,33.388338727095665
peruano,macho,771.0395242920564,25.071267739501984,19.535237687670808,pintado,sano,56.20488534887265
peruano,macho,881.0588604804191,26.74586331669113,19.411799435677615,blanco,sano,54.25459444646586
peruano,macho,826.3659296037177,30.939035730495924,NA,negro,NA,18.350109422041633
andino,macho,674.8109948943319,NA,18.19310232336908,negro,sano,49.51429584559629
abisinio,macho,660.9139634689942,22.705486790261613,16.63512936524007,pintado,sano,10.381079656590773
andino,macho,718.1002184060985,22.516470778136657,19.60244606522268,blanco,sano,NA
andino,hembra,619.4969544846357,23.842020063696943,NA,rojizo,NA,18.227658919548436
peruano,macho,817.3707162342507,22.590886799345572,21.018920193380936,pintado,sano,53.67528748925159
peruano,macho,762.0943635439924,NA,19.05498541071863,blanco,sano,57.02092650964064
andino,macho,778.2955437873444,26.956984806357152,16.844570284021476,marrón,gordo,36.26344062511467
peruano,hembra,787.7833272951106,NA,18.0531632171146,negro,sano,20.984456174416703
andino,macho,NA,22.567047098541355,19.288258286863947,tricolor,NA,52.47446745507829
abisinio,macho,600.0925987635368,NA,15.546405463743277,pintado,sano,36.224040486673665
peruano,hembra,NA,24.452623992182065,17.880155527401946,negro,NA,14.452196676300888
andino,hembra,765.5140307660109,23.41250761290054,15.04050894912234,blanco,gordo,54.814544929234664
peruano,macho,673.3661991342145,27.918465006202936,NA,blanco,NA,54.05703528265496
híbrido,macho,1110.9734534571985,24.85031195033686,17.79717162486257,tricolor,gordo,42.03155450902581
peruano,macho,905.311674133628,27.921342104360573,20.56405931987133,pintado,sano,58.675023306618215
peruano,hembra,545.7107879023545,25.40478925491757,17.928523175733247,negro,sano,61.28359504855148
peruano,hembra,746.332631979774,25.09260148195288,NA,blanco,NA,64.2255676608508
peruano,hembra,691.0158022444774,21.976719255830034,18.38007147525894,blanco,sano,55.82174370035891
peruano,macho,759.5902220343783,NA,NA,blanco,NA,61.17750793646538
andino,macho,827.8748971554661,29.53447211632409,17.847325577686632,blanco,gordo,30.81467306895459
peruano,hembra,744.990470597039,19.97550992281703,17.45459609233987,pintado,sano,61.06786932768125
andino,macho,749.6516295154421,NA,18.298252416247113,negro,sano,19.71812759563581
andino,macho,842.6292424854832,NA,17.84327837923046,negro,gordo,29.515244935522272
peruano,hembra,780.0254941940688,30.253661008071756,16.0148752011534,negro,gordo,16.55641371021209
peruano,macho,942.173398932104,28.16427203201406,19.7061784068828,marrón,sano,20.97240424966185
híbrido,macho,794.6816801573914,23.339912074311098,17.369876495448167,tricolor,gordo,34.26298353435854
andino,hembra,908.5549481677735,NA,NA,blanco,NA,12.400252690517028
peruano,macho,693.6802402866454,25.54840594050895,19.48022610132082,marrón,sano,50.67707670392086
peruano,macho,751.7491407750268,NA,20.40143029526809,marrón,sano,58.217688155329554
andino,macho,647.7535467101108,NA,16.53972533416857,negro,sano,13.508741299359944
híbrido,hembra,738.0139947287445,38.098659910923345,NA,tricolor,NA,63.01720415693489
peruano,hembra,679.4206319356496,24.97393421491233,18.049722785578965,marrón,sano,61.21607664693221
andino,macho,803.0228336561798,23.311362521019056,NA,negro,NA,30.16198987403581
híbrido,macho,NA,23.77874763546872,18.743796838421225,tricolor,NA,45.73677099517126
andino,macho,891.0722298412419,29.84916159449226,18.699252744743617,blanco,gordo,20.849695314655825
peruano,macho,866.908981586663,25.124814016755924,19.38222181626025,negro,sano,27.201428383156987
peruano,hembra,739.0018199693752,23.152269242590783,17.656344093476374,negro,sano,42.79410014524472
peruano,macho,861.7548588558942,30.39505182101403,20.644614190580754,blanco,sano,54.32667852580707
andino,macho,786.5643413540803,24.891099174364047,17.503180464696808,negro,gordo,24.10549451865002
peruano,hembra,741.7104721518457,25.785266511496005,18.0884976746192,marrón,sano,32.07331929199286
abisinio,macho,709.8032062681397,29.093332058319767,17.761422529039564,negro,sano,48.39178119066624
andino,macho,960.319703033664,24.659628031387992,17.495129725492845,blanco,gordo,43.07759011340814
andino,macho,872.9384806519147,24.09125448908544,18.10422928710464,negro,gordo,33.39645176425721
peruano,hembra,636.5044989114816,25.94534567800159,18.256370102060664,marrón,sano,26.759552464494853
peruano,hembra,785.844401008453,23.828886525301616,17.1331010675516,negro,gordo,20.999383227226055
andino,macho,971.313402139824,19.83144480134319,18.093598805820076,negro,gordo,NA
peruano,macho,644.0395728742106,NA,19.38614353694007,marrón,sano,48.59420594206816
peruano,macho,NA,27.10559039551661,NA,pintado,NA,43.430766688596265
peruano,macho,782.718241291789,23.97001281127991,18.929016777047156,marrón,sano,20.239032498331746
andino,macho,853.3185372167911,31.81305083173138,NA,tricolor,NA,59.714355916882766
andino,hembra,663.7013665759007,25.47216413231702,16.757605657036603,negro,sano,28.8445708756586
peruano,macho,922.2183363133,31.458795696568085,NA,negro,NA,40.15918797587633
americano,hembra,877.8802236289825,27.720863687677955,18.521836992600633,gris,gordo,10.991931210678628
abisinio,macho,777.6093944704857,21.67625427754804,16.22926639825519,marrón oscuro,gordo,26.56272235181344
andino,macho,940.9508759032212,23.150348823721536,18.197462808293036,negro,gordo,27.51187362474521
andino,hembra,736.0275145737334,27.91187249771971,16.97513837320603,marrón,gordo,14.071651008447205
peruano,hembra,799.5663175094033,24.068034383872472,18.52545603253018,marrón,sano,49.928032632049
peruano,hembra,853.3585911603519,25.56650029402976,17.459307252111586,marrón,gordo,30.94224665447933
híbrido,hembra,1486.016475118313,NA,NA,pintado,NA,35.25898196620761
peruano,hembra,762.9983518475198,NA,NA,negro,NA,31.098353368655054
peruano,macho,720.6770179258879,NA,19.065487091066093,blanco,sano,34.23429661454888
peruano,macho,802.4083898969947,27.50020233221986,21.48754779085305,negro,sano,24.919350561672772
peruano,macho,733.3364640956348,24.78882504970298,NA,negro,NA,27.92252401438651
andino,hembra,778.0752075758688,23.739172465710833,14.705746218317076,marrón,obeso,29.32026823849241
peruano,macho,972.623264693658,26.521810531085368,NA,marrón,NA,55.27563418723324
híbrido,hembra,626.2267989993873,20.605914448703192,NA,tricolor,NA,15.701457463938096
peruano,macho,952.513620964962,30.77508591649312,19.587987201817143,pintado,sano,50.53918666929636
peruano,hembra,NA,NA,18.60796107726685,blanco,NA,35.28695474202521
andino,hembra,735.2765622319622,22.439230629615164,16.79063427602463,negro,gordo,51.53652340923021
andino,macho,815.2140678586132,24.097073910544168,NA,negro,NA,36.82734729883928
skinny,macho,525.5822998317393,26.00832764665227,14.801770194439916,rosa,sano,11.825780609733416
peruano,macho,860.4487933639116,28.700749820783585,18.065686398573664,negro,gordo,13.63577748714022
andino,hembra,NA,22.708792248920805,15.609185619306407,marrón,NA,19.80090742358017
peruano,hembra,898.3067290516611,24.92564310915978,19.885201604316883,blanco,sano,36.51019622523582
andino,macho,832.3213930853456,23.367762794423772,NA,marrón,NA,38.00856371518532
abisinio,macho,560.4351450652067,23.874710739224284,16.100838409910562,marrón oscuro,sano,29.740048334813217
andino,macho,762.785651063705,31.2911722214814,16.938696761867178,marrón,gordo,29.41747342054033
híbrido,macho,NA,26.124831251419057,23.81501288617624,pintado,NA,41.09918004635279
peruano,macho,719.949043261037,26.350414896158583,20.12311518146384,blanco,sano,16.28024592164483
peruano,hembra,566.3189145443669,NA,NA,blanco,NA,26.31203579020058
peruano,hembra,705.0063695271662,22.35231984160597,18.444103403111964,blanco,sano,17.21592800415098
peruano,hembra,843.2178888050402,26.434980288728045,NA,pintado,NA,59.768285472251
americano,macho,NA,NA,19.98096747137631,marrón,NA,11.498616161284106
peruano,macho,NA,NA,19.627722014176815,negro,NA,11.71106554901015
peruano,hembra,720.7817260565872,24.55170122469963,18.53892095029845,negro,sano,13.33239076384352
americano,macho,901.7513496661438,28.03039947832746,20.716709372620365,blanco,sano,35.186696705958134
peruano,hembra,832.8730271208957,23.50804751585064,18.01641464131237,blanco,gordo,36.309502042256995
andino,macho,818.0827554783212,22.836165366325236,NA,blanco,NA,NA
andino,hembra,702.9256188530189,25.24426897804867,15.876808771195652,negro,gordo,26.07629419946825
andino,macho,876.2682209587072,NA,16.378682536205126,blanco,gordo,48.666161689774974
andino,hembra,581.7690302446812,22.40069011815381,16.734734469602287,rojizo,sano,16.12911710552938
andino,macho,817.5528917511092,27.46337043454978,NA,negro,NA,35.42025560844405
andino,hembra,561.3688349471151,NA,16.904612887186254,blanco,sano,34.07627489433064
peruano,hembra,NA,25.10682574096668,18.625757108821585,negro,NA,23.877737724095137
peruano,hembra,866.1147159732332,26.508041634952896,NA,blanco,NA,41.105394985117734
andino,macho,844.6803005721915,25.44929868707932,NA,marrón,NA,51.96307210440304
peruano,macho,750.2073391480153,29.38077030002488,19.085161003746283,blanco,sano,27.102551734432637
peruano,macho,992.4255016640262,24.872821937641227,NA,blanco,NA,23.67394087194555
americano,macho,1084.5043496701403,35.29357655648113,19.00146531475626,blanco,gordo,63.73020581648822
peruano,hembra,NA,24.171890162997197,17.66304973883884,blanco,NA,33.68628438492997
peruano,hembra,624.9628060953605,23.26376486077852,19.064388328381632,marrón,sano,10.251786911864164
peruano,hembra,NA,28.767255306923687,NA,blanco,NA,47.794429480998986
andino,macho,776.3043682334143,28.792640546357195,17.41092835835185,blanco,gordo,52.53949732119185
híbrido,hembra,450.9321597000045,NA,13.663880341118643,pintado,sano,33.719905357762585
peruano,macho,744.1405806488359,NA,19.945920712536036,blanco,sano,59.609495056951786
andino,macho,735.0567720072518,23.80821045284387,NA,negro,NA,26.428988561776382
peruano,macho,763.2426899837587,26.130711778530294,NA,negro,NA,39.01917179962453
peruano,hembra,706.2314804682547,23.968395279789068,18.41920948605134,marrón,sano,19.665046481145804
híbrido,hembra,507.0365397461373,20.801897834256252,20.16722322191444,pintado,flaco,31.209455376508956
híbrido,macho,987.0513160521946,NA,NA,blanco,NA,20.828850556092156
peruano,macho,691.2632735799496,25.994060620924735,18.185482310807107,marrón,sano,13.311858144460912
peruano,macho,843.1668336038655,25.152863563025537,21.275200984320342,pintado,sano,35.94700745710048
peruano,hembra,695.2166987965047,28.90690326862515,18.449471210753604,blanco,sano,13.451962518164953
peruano,macho,NA,26.261330063902264,20.373490462051752,pintado,NA,34.54608229024553
andino,macho,928.6198236493184,23.78703842254691,18.147313387989986,negro,gordo,57.056814994224105
andino,macho,NA,22.505782190524982,NA,marrón,NA,27.930926375772305
peruano,macho,655.4330783534483,27.263995164272693,19.07357824558264,marrón,sano,11.126600377165555
andino,macho,840.025411853492,26.494809159426065,16.83343218869017,negro,gordo,32.16206409180917
peruano,macho,866.9332232124312,25.379747642717607,18.4946568645008,blanco,gordo,30.880919907011716
peruano,macho,NA,29.986021664605804,NA,blanco,NA,22.297575437020733
andino,macho,705.941882454709,24.471007250525872,18.912968169810775,blanco,sano,63.27600216401545
abisinio,macho,566.1123590112367,NA,17.379309642831014,marrón oscuro,sano,24.395521317101775
peruano,hembra,669.842623960464,NA,17.036361602527535,marrón,sano,61.7239978504727
andino,hembra,654.9138063246204,NA,16.577442605665546,blanco,sano,27.705373914872656
peruano,macho,689.9220917868828,NA,19.841186726031975,blanco,sano,38.43973359512597
andino,macho,935.1328533752124,NA,17.334303710910497,negro,gordo,33.51505839733909
híbrido,macho,624.2945997492577,21.77374343696161,16.85663298934027,marrón,sano,26.331090272572965
peruano,macho,707.1597763996946,27.06561378798027,NA,negro,NA,21.41427872912436
americano,macho,901.9206254483724,NA,NA,gris,NA,22.34420904723589
peruano,macho,791.6011525824887,29.391880877410685,20.741370395412407,pintado,sano,22.29562577121939
peruano,hembra,791.0116176487647,NA,NA,negro,NA,42.59089974296409
andino,hembra,685.5182486375103,22.549810876290103,15.69417466059721,blanco,gordo,29.886881469074243
peruano,hembra,767.2905369225789,25.022563227722276,19.302031513762532,blanco,sano,NA
peruano,macho,554.0922611054121,26.102702699874307,19.381595897899864,blanco,flaco,36.60763135040543
andino,hembra,696.508505546059,NA,NA,blanco,NA,35.793718462853384
híbrido,hembra,1464.1007488336468,30.571383098849623,NA,tricolor,NA,17.542720651405205
peruano,hembra,684.9638749317073,22.971035922916982,NA,marrón,NA,34.249197133504495
peruano,macho,670.1993698559914,23.728987485268146,20.008953825104648,pintado,sano,23.832914279028937
abisinio,macho,655.3747636001196,21.108364331370385,16.440637098107363,negro,sano,34.66542263349211
peruano,macho,648.4380426899963,23.960581184213428,19.050918968272775,blanco,sano,22.20205605174377
abisinio,macho,694.8824253304617,NA,15.33414424397859,pintado,gordo,30.070942861803267
peruano,macho,935.697730901082,19.700051682140803,19.24769693824991,pintado,sano,33.12167215446681
peruano,hembra,NA,NA,19.291087073974964,pintado,NA,12.598681795141273
americano,macho,NA,28.696647872070784,21.964221501678107,marrón,NA,39.72522151293128
peruano,macho,814.9117711539634,NA,NA,blanco,NA,35.43004185668815
andino,macho,637.9199279699385,27.038198863818177,18.712797192303587,negro,sano,25.7140824664682
peruano,hembra,704.813869396148,24.445342887569872,17.418936467638865,negro,sano,23.375919531620376
peruano,macho,1010.2730802974772,26.79605528998688,21.30415841684247,blanco,sano,36.936761946301715
peruano,hembra,NA,NA,17.453028174950852,negro,NA,44.49941558472554
peruano,macho,943.6458257015286,25.563181875082545,18.717391536623005,blanco,gordo,32.288654700777514
peruano,macho,783.3131984183751,30.269238216278374,19.479269634163273,pintado,sano,15.478025219511435
peruano,hembra,NA,21.83337967018316,18.89568425936994,blanco,NA,51.66010714369693
andino,hembra,617.4650966418902,23.699811746201615,15.831126258246274,rojizo,sano,45.03284435079734
peruano,macho,1033.2269886047302,26.65633489740655,NA,pintado,NA,24.014809298164387
peruano,hembra,1013.3946055961532,26.152363954108363,19.43801145244352,negro,gordo,49.8355725037413
peruano,macho,NA,26.928819842901618,NA,blanco,NA,41.308245447064145
andino,macho,713.5052267155246,26.08611738854491,18.059305080365256,blanco,sano,29.863213164429624
peruano,macho,NA,30.33582429975434,NA,negro,NA,43.58760967095844
peruano,hembra,NA,21.64168379627748,18.27943336921614,pintado,NA,29.35870144354507
peruano,hembra,565.6223039386883,25.838027053925373,NA,negro,NA,16.39177295245875
híbrido,hembra,770.5801327754099,28.83657341784067,16.756498095260913,tricolor,gordo,35.47827082143773
peruano,macho,783.064820474128,26.70018488247216,NA,negro,NA,64.90806050091592
híbrido,hembra,927.94440309458,22.313089516207107,22.465386610685528,pintado,sano,40.31125218639882
andino,macho,752.449622258702,26.594994952108745,NA,negro,NA,27.750975750473728
peruano,macho,732.8364462578095,24.744857881155088,20.16851226153678,pintado,sano,47.931505814444904
andino,macho,684.3259131014576,23.07199131256636,18.1199606151035,rojizo,sano,26.84620732399491
peruano,macho,692.2705555831914,22.009971383092815,19.386746307284255,negro,sano,16.79438765338368
peruano,macho,715.4702488511747,28.75189484475811,NA,negro,NA,20.844042403789743
andino,hembra,778.994726448944,21.377760049607307,NA,negro,NA,56.00020922693909
peruano,macho,1039.0063745555583,28.332493770118333,19.77496486075624,negro,gordo,28.125962715675943
peruano,hembra,621.1622744105036,NA,17.620250205231844,negro,sano,59.93789598892829
americano,macho,1115.680970459464,NA,19.837054732484432,negro,gordo,24.276323764487792
peruano,hembra,717.4365704384845,NA,18.465556315926253,negro,sano,47.355347753317275
andino,hembra,707.4014162250115,23.99995775177537,NA,blanco,NA,10.68879289031172
andino,macho,905.7151018433402,26.4494456641785,18.327421847548212,negro,gordo,39.89906818378804
peruano,hembra,677.6605667225064,25.199390652887782,NA,blanco,NA,63.19115435342693
peruano,hembra,876.160920956616,27.18068482847332,18.161094189482565,negro,gordo,11.70902599044758
andino,macho,NA,29.23070126143596,18.139299625217188,tricolor,NA,21.69488577446775
andino,macho,788.3705304066385,27.35377817668918,16.97432597274901,tricolor,gordo,62.957849806797654
peruano,hembra,672.1992482679633,28.32616824968061,17.64452257213192,negro,sano,37.53053952721753
peruano,macho,NA,30.30892155301957,20.613008661798172,negro,NA,NA
peruano,macho,799.5711144336262,29.388366579670446,19.753045505410864,blanco,sano,44.761638977780784
peruano,hembra,680.3479903937526,26.3108753574818,18.778858522578535,marrón,sano,63.899575015616506
andino,macho,828.3681920982376,23.58763906374656,17.835584509337682,tricolor,gordo,35.77521719463025
abisinio,macho,NA,20.53922091936334,16.520491431889234,marrón oscuro,NA,33.31245692853216
andino,hembra,NA,23.852915343868705,NA,rojizo,NA,11.419984738733838
peruano,macho,NA,25.22659885084322,19.136450770213816,pintado,NA,17.964110785559033
andino,macho,887.5858805547219,24.4971354099384,15.804883338111688,negro,obeso,26.69228229728726
andino,macho,NA,NA,18.63853805218385,negro,NA,54.349635203804354
híbrido,macho,625.6526315473205,NA,13.249910015229338,tricolor,obeso,33.1534574624055
andino,macho,949.9687684090987,24.763132230907143,18.36488165252888,rojizo,gordo,58.06351853129188
peruano,hembra,721.4209384035807,NA,18.81838681493069,marrón,sano,63.88448453394461
abisinio,macho,685.6122297860622,NA,NA,gris,NA,49.65977591187353
peruano,macho,724.5011040609278,27.90253309995124,20.046493418997336,pintado,sano,41.65459375795258
andino,macho,919.6350466733852,NA,NA,marrón,NA,14.540677928658369
andino,hembra,683.168129901613,25.683193209400628,NA,blanco,NA,55.29022502886645
peruano,macho,827.2604420192642,NA,NA,pintado,NA,63.13741780867189
peruano,macho,732.5257935749559,NA,20.74873493476183,marrón,sano,30.796656596987887
peruano,macho,873.0359587674918,25.8796152195414,NA,negro,NA,31.830521772398107
americano,hembra,927.1807802469224,30.53573737183898,NA,blanco,NA,54.034881597516296
peruano,macho,936.3466292807584,23.624042591643985,19.952807131281514,blanco,sano,34.312622471072444
peruano,hembra,NA,25.20442622892931,NA,blanco,NA,13.776783239484445
peruano,macho,932.2036686518646,NA,21.26908633590713,marrón,sano,18.169821373527576
andino,macho,NA,23.86662872075939,NA,negro,NA,57.56586925168765
peruano,macho,803.0561044484047,25.674403068936975,18.282817525606475,marrón,sano,61.142062182746834
andino,macho,691.4512081076522,25.101122620969903,19.389383364868312,blanco,sano,31.12433743233363
andino,macho,764.2945937951563,24.61093834937254,16.708410116275903,marrón,gordo,51.83280985877052
peruano,macho,836.1482035821928,23.857020835388564,20.47638802862364,negro,sano,13.997218414762518
peruano,macho,965.3597805298936,24.715297908686995,19.42047668637425,negro,gordo,31.1197703124952
andino,hembra,789.1329647420115,23.777979283529508,18.31247579830563,blanco,sano,29.48198598633731
andino,macho,795.715162101633,25.66392108871088,18.494991321486992,blanco,sano,41.57298161711441
peruano,macho,877.2630760402441,24.52310233041793,19.580230328979138,marrón,sano,26.36105622965027
peruano,hembra,573.2012681607476,24.881476244496692,NA,blanco,NA,29.85836396728515
híbrido,macho,747.8405275769245,NA,13.268971760112247,blanco,obeso,38.77071890285665
peruano,hembra,680.186384182384,23.32214398190215,17.53073415945721,blanco,sano,19.91182139250587
andino,macho,778.0405995530357,NA,17.060747512679633,negro,gordo,19.278882183347775
peruano,macho,969.7075455663088,25.001104716801343,20.434612855625975,blanco,sano,52.663814966542354
peruano,hembra,614.2811202118618,27.116143744817595,17.65396487772588,pintado,sano,19.71171127006003
peruano,macho,771.4177368961447,34.38939081618988,19.989747046963952,blanco,sano,56.21439299451648
andino,macho,NA,20.8136962279447,16.553229384806453,blanco,NA,14.598902745046646
peruano,macho,940.8312878682204,NA,20.173180728954858,marrón,sano,32.17723111758009
híbrido,hembra,811.2546032693735,NA,20.816620829322694,blanco,sano,11.205076480891924
híbrido,macho,1142.6650016302883,21.856572017619865,19.232118934578704,pintado,gordo,40.1714707890881
peruano,macho,761.841538488779,27.358754133273468,21.15628013971125,negro,sano,41.56851454046553
peruano,hembra,959.9723360503566,30.43650018533425,17.65473914202529,pintado,gordo,49.28065344894376
andino,hembra,NA,18.999301407286012,NA,tricolor,NA,19.727846605311804
andino,macho,607.0934114954397,NA,18.0216832659563,negro,sano,10.592232613410108
abisinio,macho,NA,25.83006391631072,16.28302487628854,negro,NA,30.12900780838097
peruano,macho,909.7463817132136,25.45014762686616,20.367639666480585,negro,sano,14.816688180960831
peruano,macho,NA,26.736886553619765,20.163926316898667,pintado,NA,31.25589545080916
andino,macho,849.5008218554761,19.96723112713916,17.18171614541548,blanco,gordo,54.23517862441595
peruano,macho,892.6473063530605,24.713196745199088,18.672780666948626,blanco,gordo,49.42387488045135
peruano,macho,828.5254887683667,25.489127004272053,19.23092697593802,pintado,sano,55.887725489069666
peruano,hembra,698.0265430828573,25.064596670433115,17.44424166174155,marrón,sano,45.0724899118165
peruano,macho,782.1299243113924,NA,18.91287096348653,pintado,sano,38.565844833423256
peruano,macho,773.7443358311941,25.27021090239139,21.074440670809366,pintado,sano,62.05056451377794
peruano,hembra,585.1489375013622,30.021464051795775,16.888617769891297,blanco,sano,42.768642414372415
andino,hembra,683.6581473907456,19.994103139241037,17.29661294945278,marrón,sano,47.65825050835527
peruano,macho,801.7272476624536,28.44238265346991,21.119069120139105,negro,sano,52.95623735768006
peruano,macho,767.9176274811962,23.984577611541177,NA,blanco,NA,29.55681896086214
peruano,macho,760.2728102222474,25.85906138717387,20.130189380918583,blanco,sano,26.746320432015057
andino,hembra,NA,NA,NA,marrón,NA,15.770405838002148
peruano,hembra,610.2432142857775,NA,18.560939286886775,pintado,sano,36.807648137947965
peruano,hembra,687.5874576865867,22.0096035200203,NA,marrón,NA,49.242151203988755
híbrido,hembra,645.1570823215543,NA,NA,tricolor,NA,27.392263492578213
andino,macho,971.0908592659654,26.99950986424503,17.173793647358945,rojizo,gordo,45.021088601282834
americano,macho,794.7731096912622,NA,18.596479773338277,negro,sano,38.04996296483388
peruano,hembra,665.1946821527716,25.09486254990974,17.4533605398868,negro,sano,44.881434926365614
americano,hembra,1123.284552963331,24.27853360188311,20.846786420841266,marrón,gordo,NA
andino,macho,639.8660391474098,22.3942348505928,19.28472446257854,tricolor,sano,30.004286112077576
peruano,hembra,748.6267014533196,23.515203288959324,18.500268738372192,negro,sano,28.30600638537718
peruano,macho,732.9481592774134,21.225115018802047,19.938545860669493,blanco,sano,36.51663048613732
peruano,hembra,775.7587037090497,21.61174862457147,17.296261605626636,negro,gordo,45.746627256879975
híbrido,hembra,673.572079877678,29.19647478719113,13.682137300698786,blanco,obeso,NA
peruano,macho,NA,29.484370843623477,NA,blanco,NA,12.869352778016564
abisinio,macho,586.6554038566757,21.16296097096139,16.77201011665499,negro,sano,25.654160036815533
andino,macho,NA,NA,18.704064739988677,marrón,NA,16.9711721467809
peruano,macho,734.0997541268624,29.021414230470604,18.44127619750633,blanco,sano,23.236468626245863
peruano,macho,720.8915161676402,27.28364746015858,NA,negro,NA,42.18774739371421
peruano,hembra,NA,24.844511528982892,17.537969188588143,marrón,NA,42.39535837456593
abisinio,macho,599.815576997738,NA,NA,negro,NA,61.13973387038286
peruano,hembra,NA,NA,16.961265393839195,blanco,NA,32.00016854989154
peruano,macho,768.9720118801596,29.571944078353592,19.93507870751139,blanco,sano,25.936167335781004
peruano,hembra,680.3351268607923,NA,16.830033165406306,blanco,sano,36.88302956321691
andino,macho,NA,18.66183578927008,16.579263031751164,negro,NA,22.136507967525663
andino,macho,690.5738682433927,25.946559681649067,17.348401291758716,rojizo,sano,48.60309098060096
andino,macho,NA,25.634805598679502,18.331187214724917,negro,NA,42.82008337702487
peruano,macho,906.1367685220804,NA,20.033585457364342,blanco,sano,41.41113882550263
andino,macho,790.1759105168736,22.98284086262628,17.867726131543435,negro,sano,55.35206466411102
peruano,macho,957.379228766172,NA,20.649482501128148,marrón,sano,61.38447931288838
peruano,macho,803.231175055665,26.59640906120134,20.268862066006456,marrón,sano,28.815861435686188
peruano,hembra,855.3733547471509,30.9097563065974,16.9853267064634,blanco,gordo,57.475119900214295
híbrido,macho,912.8697891879028,NA,17.573602604349166,marrón,gordo,41.72146746697057
peruano,macho,NA,30.08012177839869,NA,pintado,NA,61.69154750238508
peruano,hembra,556.1804577694902,20.487127222944206,19.095323054399536,marrón,sano,53.17491950446669
andino,hembra,NA,19.3241272462527,NA,marrón,NA,62.169129493300254
abisinio,macho,NA,23.884494239717647,15.809843881187325,negro,NA,35.297196830635286
peruano,hembra,NA,26.2759766370918,18.3853256853894,marrón,NA,16.304380670868085
andino,macho,718.1078799806095,30.44230187000921,NA,blanco,NA,33.8148360958964
peruano,hembra,460.07749411093494,NA,18.150577613704503,blanco,flaco,14.794045461782348
americano,macho,NA,NA,NA,negro,NA,41.74043378305758
peruano,macho,923.0972073494612,32.13977331774027,20.48415878381036,blanco,sano,33.10947228749856
peruano,macho,798.0899871726476,35.34038010321186,NA,negro,NA,37.249857020545264
abisinio,macho,545.4067759642008,22.03709508238073,16.878307646717442,negro,sano,20.03512439691758
abisinio,macho,673.4474669689416,22.34009672760037,17.15514859650277,gris,sano,41.14890062850239
peruano,macho,706.9215838405484,NA,NA,negro,NA,33.016595465436005
peruano,macho,815.7455758221092,NA,20.010811044171184,pintado,sano,36.365268031630805
andino,macho,755.3833761718163,24.12578979142485,17.307327947434505,marrón,sano,26.98054943335653
peruano,hembra,828.808775591751,24.60154399606104,17.76411152086467,marrón,gordo,33.53823747559315
andino,macho,670.1762921814652,25.690607285758976,NA,tricolor,NA,21.989162390093444
peruano,hembra,NA,23.22849073335206,17.331864003879883,negro,NA,19.37227130921732
andino,macho,801.8007207802614,NA,17.77220487967289,blanco,gordo,39.45528042814789
peruano,hembra,644.004536378058,26.10941515746104,16.791553250510642,negro,sano,18.04031594453865
andino,macho,738.2166588361747,NA,19.218474509297515,negro,sano,16.188244401513877
abisinio,macho,781.488034050756,NA,16.137671484776916,negro,gordo,42.02051242975767
peruano,macho,694.0331199358276,NA,20.92453963623555,blanco,sano,47.93255893678387
andino,macho,776.2957807275794,24.578128605969496,17.611272409995124,negro,sano,51.97913239951591
peruano,hembra,752.4789141589308,NA,NA,negro,NA,17.791416403688743
abisinio,macho,674.6236849555158,NA,14.587688788226986,marrón oscuro,gordo,62.01442916617517
peruano,macho,1003.5608314807712,31.011666927887852,20.338200613465528,blanco,sano,32.95967915297203
peruano,hembra,694.3418452033404,22.834261629079812,17.640771932601655,marrón,sano,52.61621613840592
andino,hembra,585.6443228506805,20.49190890300203,16.127179315082156,negro,sano,14.205027379121628
peruano,hembra,578.325773249327,21.710143233114536,16.5897341544341,blanco,sano,50.15743016769805
abisinio,macho,623.5605307738213,25.72291739042505,16.223390924203272,negro,sano,44.66012415189114
peruano,hembra,NA,24.648003514736704,18.677827329537987,blanco,NA,46.0279666572819
peruano,hembra,449.5373031660743,24.66802257172664,16.527352350260237,marrón,sano,62.96793408809567
americano,macho,1018.3208600106188,31.708568200801093,21.95548615220319,blanco,sano,47.087623530653374
peruano,hembra,705.3234381220315,27.795032478516944,17.80816658860386,marrón,sano,50.71294079037117
híbrido,hembra,356.2157514155206,22.168534593855316,15.697585276106436,blanco,flaco,38.55202535162789
andino,macho,893.2661445243729,27.813011570871147,17.818198604364902,marrón,gordo,39.313436903991494
peruano,macho,702.5517037747644,22.554687485053226,18.423093214978724,marrón,sano,44.31964750847336
peruano,macho,NA,30.33545731058415,18.529933022189333,negro,NA,47.40613338077176
peruano,hembra,579.4631075171043,NA,NA,blanco,NA,20.953304055175053
peruano,hembra,847.2423099477203,32.65424369236753,17.836274876290435,negro,gordo,43.4948032794959
peruano,hembra,782.5366811195005,23.379410681530544,16.72962693221819,marrón,gordo,27.62090005818856
peruano,macho,NA,28.70723557170595,NA,blanco,NA,15.874725837420907
peruano,hembra,717.3874011351658,26.3457970363501,16.948742223187207,marrón,sano,35.372377544636635
andino,hembra,836.4176736689324,24.16908477764604,16.0484955893496,negro,gordo,14.662332034122766
peruano,hembra,794.9896978909101,NA,19.043773577673427,pintado,sano,28.956605789082
andino,macho,771.3603179740876,NA,NA,tricolor,NA,41.38159169168116
peruano,macho,796.6830954978942,21.12665403482681,NA,negro,NA,18.47936790295982
peruano,hembra,708.032013039249,26.621596468444764,NA,marrón,NA,16.0992720279079
peruano,hembra,660.9313067998849,NA,NA,pintado,NA,60.749380209219865
peruano,macho,656.9849237690371,NA,20.114498885677087,negro,sano,43.38061624376672
peruano,macho,812.1376962030168,27.433159577460888,NA,negro,NA,30.091836840960703
peruano,hembra,784.8588492125825,25.960242692395404,18.26381713747423,blanco,sano,58.44311530338925
andino,hembra,699.500726596354,22.46810333724556,16.38555111018235,marrón,gordo,22.71043299530868
peruano,macho,963.0463689925922,NA,20.243648324594513,pintado,sano,47.152785274309295
peruano,hembra,791.8241493972426,24.69166984606519,NA,marrón,NA,30.405243539588675
andino,macho,792.4473087535242,25.17353482700404,18.09483701011381,tricolor,sano,47.946620387184176
americano,macho,1090.0673421861725,30.204239443873934,22.652392856125772,negro,sano,46.658862917142265
peruano,macho,733.5316294957322,24.86576290931862,19.277820799620837,marrón,sano,51.4937503631039
andino,macho,862.7388581561783,28.456460917681262,17.421743041084913,blanco,gordo,42.17018688671463
peruano,hembra,652.783693679547,30.91334085019793,NA,negro,NA,49.356040339140606
híbrido,hembra,440.33715033905946,17.44693988925872,NA,tricolor,NA,19.76493505989012
abisinio,macho,533.7783664254522,21.75036181926889,NA,marrón oscuro,NA,56.32593113627448
peruano,macho,780.3277810821949,30.31345796743264,19.285145556795364,negro,sano,12.368468963687572
peruano,macho,NA,25.532065078991195,19.79012366053489,marrón,NA,11.991919990930864
peruano,hembra,778.1063122463008,27.562061953150955,17.27993554038954,negro,gordo,22.70191554122573
híbrido,macho,822.1059292997978,36.43585598093728,17.914326325543485,tricolor,gordo,38.10964327873513
peruano,macho,816.6931739225472,34.439494700834516,NA,blanco,NA,40.5153418731181
abisinio,macho,498.02705132779056,21.984499798256447,16.310036383155087,gris,sano,55.805887872035555
híbrido,hembra,907.3782536287868,NA,20.40676745863376,tricolor,sano,55.86499004118632
andino,macho,NA,22.41831856050947,17.76959406534853,marrón,NA,26.176003336081273
híbrido,macho,780.5545514179903,17.752844480878082,NA,tricolor,NA,49.195488508405035
peruano,hembra,NA,24.780948064120818,17.660805055290957,blanco,NA,46.62816441896313
peruano,hembra,725.0248769543186,21.152933014158393,NA,blanco,NA,57.719536592597066
abisinio,macho,NA,NA,16.319566562524862,marrón oscuro,NA,37.229185651872086
andino,macho,778.8615477273622,25.57524582041184,18.574208172914567,blanco,sano,46.19744590488617
andino,macho,976.0275656117566,25.738883320883243,17.69399497166594,marrón,gordo,28.114245662036343
peruano,macho,877.337665296977,27.98290852832716,18.30351745776024,blanco,gordo,39.53648202299717
peruano,macho,NA,24.74964076952157,21.484892295470832,marrón,NA,23.370918111647008
peruano,macho,832.9349771129085,26.619338161035557,21.21288050393337,negro,sano,12.56594012282322
abisinio,macho,593.8507401431177,24.493393927601954,15.793433509257484,gris,sano,56.86675467550832
abisinio,macho,580.4136145301586,25.90169874585834,14.102242044096926,negro,gordo,49.677656710252926
andino,macho,832.7564039213972,24.904917280628485,NA,negro,NA,NA
andino,hembra,765.4878990959812,NA,NA,negro,NA,18.547783563237395
peruano,macho,960.0105760899996,26.412199528526997,20.114389344966796,blanco,sano,14.711694223589117
peruano,hembra,644.1447789943835,NA,17.654745166736333,pintado,sano,28.53267763253825
peruano,hembra,NA,25.22229284207501,NA,blanco,NA,46.385883161164934
andino,hembra,593.4393569836731,NA,14.077131183568978,rojizo,gordo,49.847576803585206
andino,macho,810.96068737313,20.04763806467862,18.385634181415128,negro,sano,35.90976480292332
peruano,macho,781.181958365632,NA,20.403027517233316,negro,sano,27.096272114292898
peruano,hembra,900.0272081452027,26.29712273875767,17.71193040502496,blanco,gordo,60.71946008368269
abisinio,macho,604.7000979760163,20.324087767300895,NA,negro,NA,33.55102455500683
abisinio,macho,658.1382734672299,22.69804129602722,16.325506560856464,marrón oscuro,sano,38.59952612776628
peruano,macho,938.3334443389184,NA,18.59469448182735,pintado,gordo,25.414399964843344
andino,hembra,770.5361781406605,NA,15.72563608426745,marrón,gordo,44.14045721222672
híbrido,macho,916.5008846244932,20.070359833458937,NA,tricolor,NA,49.88760602760024
peruano,macho,883.3279122214525,29.674533304930975,22.768051843639228,blanco,sano,47.719884109749984
híbrido,macho,1265.421750861835,33.00002520891772,20.567232464056957,tricolor,gordo,45.539540268171976
andino,macho,795.491514952164,20.672757635093564,NA,blanco,NA,59.13779987158467
peruano,hembra,NA,NA,18.700950997449404,negro,NA,47.76003139490928
peruano,hembra,NA,26.673677983160676,17.92783356431673,negro,NA,22.61785067306384
híbrido,hembra,853.4654207881457,32.9624089470228,NA,pintado,NA,23.145844226935328
peruano,hembra,620.879270429667,27.567374569315437,16.447118316276345,marrón,sano,24.97367917444698
peruano,hembra,NA,NA,17.4720084560344,blanco,NA,27.525155461005617
andino,hembra,721.5027992415053,21.106052370499725,17.834404929073006,rojizo,sano,25.835733606478477
peruano,macho,820.7339831198004,26.897283955603218,19.196245773016884,pintado,sano,37.174352256019915
peruano,macho,819.4801477124907,25.894229760627805,20.903076105966637,blanco,sano,48.05879095397154
peruano,hembra,NA,NA,18.497208232905457,blanco,NA,30.6706959784505
andino,macho,773.5112455184369,21.99621654005094,16.760450634001472,rojizo,gordo,58.93386737870552
peruano,macho,NA,28.048787871580537,20.57689671157586,negro,NA,16.078731361419717
americano,macho,NA,NA,21.76085330649836,negro,NA,57.7735657911793
peruano,macho,784.9776471475393,25.526735388877928,NA,blanco,NA,52.34468909582182
peruano,macho,825.7663547732429,NA,22.555811253949628,pintado,sano,64.94373399104643
andino,hembra,529.0224360296208,24.585807486411305,18.17155102000857,negro,sano,34.29139989198212
híbrido,macho,NA,NA,24.747845870188662,tricolor,NA,42.42362654229781
andino,hembra,799.7677035773073,22.389440605778567,16.533528689291792,blanco,gordo,60.80828965508796
peruano,macho,838.5655392115335,32.0847290116547,18.54977276362041,blanco,sano,14.77331891785115
andino,macho,1007.016324655122,24.769811000855345,NA,marrón,NA,34.53332503170651
peruano,hembra,496.6646704443504,NA,18.140253163497523,blanco,flaco,36.46293226132087
peruano,macho,812.5055068177952,27.205313005514544,20.89427933140875,negro,sano,29.648555194834536
andino,macho,874.3831159301831,25.68245619951095,NA,rojizo,NA,53.070073938608694
peruano,hembra,499.7322437270436,27.064172240229556,16.519039558997274,blanco,sano,30.49060627448724
peruano,hembra,595.7197053944873,23.269612058666805,17.532232946098787,negro,sano,25.705596098862426
peruano,hembra,908.0682773761896,25.30392591752851,NA,pintado,NA,45.08277783920985
andino,macho,730.8277956783295,NA,NA,blanco,NA,33.48624006218469
peruano,macho,756.2825326023608,28.614775937134784,19.81723241905686,blanco,sano,43.58648662740492
andino,macho,940.0761666331722,25.29927000203815,NA,negro,NA,14.10371301705819
peruano,macho,636.0992938654011,27.886185532722685,19.014646719152037,negro,sano,39.48969026878502
andino,macho,863.0925370014079,24.0724805516681,18.400731748406812,negro,gordo,57.078746793273105
andino,macho,860.3125848225321,23.824213878850063,17.025364114147287,blanco,gordo,21.983622726282647
andino,macho,800.9506057215689,23.732902411946508,18.192810481747767,blanco,sano,11.434195697267027
peruano,hembra,808.2106037300355,NA,18.458395042549423,blanco,sano,48.20370705132895
peruano,macho,763.031762685392,29.99366639438524,19.948999927778512,blanco,sano,12.125095024771952
peruano,macho,907.680643235812,NA,19.59115068181332,blanco,sano,31.764884245155972
andino,hembra,776.0673377703896,NA,16.647088227587645,negro,gordo,60.10436531684429
andino,hembra,759.0195820155781,23.748296380178218,NA,negro,NA,NA
americano,hembra,859.7617144152662,26.68983999006061,21.28268825642176,negro,sano,16.33983352688267
peruano,hembra,694.1413544063364,26.97408839635203,18.604869683708625,blanco,sano,40.80060270831746
híbrido,macho,1518.898120287152,NA,25.567223136303173,blanco,sano,43.92377530856778
andino,macho,792.6026517917643,24.427944292670997,17.16857009843393,blanco,gordo,33.176928321084944
peruano,hembra,NA,NA,16.716271862739593,blanco,NA,44.15922282810442
peruano,hembra,758.8631668584272,NA,18.72221580488556,blanco,sano,42.45999064389666
peruano,hembra,872.8608652624582,26.98305695474845,17.967859257233602,blanco,gordo,55.325838108104335
peruano,macho,865.6170485507445,25.48281054234469,19.676811772460443,pintado,sano,54.22745177097222
americano,macho,836.3049262776318,32.194553474617514,20.104021239419836,negro,sano,25.086545365424225
abisinio,macho,499.3476346514819,20.57118305443476,15.816931909128146,negro,sano,13.811962797482895
andino,macho,789.8181521877046,25.51611141498769,17.05273884862045,tricolor,gordo,34.04149087830497
peruano,macho,NA,30.617617249348235,NA,marrón,NA,17.38845994739853
andino,hembra,768.5095741839223,20.734737681570543,NA,negro,NA,56.081868428471935
híbrido,hembra,458.1669555910069,27.02681309259375,16.954384415169915,marrón,sano,26.316859110028485
peruano,macho,838.8409928350878,26.747161180500175,20.553759337243665,blanco,sano,32.81947317755463
peruano,hembra,634.9365917788922,22.762026154669275,NA,blanco,NA,63.922701094756576
híbrido,macho,1419.8339732945983,27.550268484583896,NA,pintado,NA,38.516881152387064
andino,hembra,541.4869713500253,19.92509304694165,16.79924152575912,blanco,sano,18.25489637340396
americano,hembra,796.1634167785263,26.205345404485342,NA,blanco,NA,55.1847291006421
andino,macho,909.8098812036816,26.459799793678453,NA,marrón,NA,12.16639374705875
peruano,hembra,738.8203671791875,NA,17.515907601219283,blanco,sano,57.95012227370744
andino,macho,860.6350501617409,27.064819220441688,NA,rojizo,NA,62.527463044871354
andino,macho,670.9973458418403,25.520318698381153,19.673867834964543,tricolor,sano,10.445294096868428
peruano,hembra,607.0863500961028,23.573962876425416,17.763492840316456,negro,sano,27.730128590782133
peruano,hembra,688.6043090421713,28.690760865942128,16.758655222019655,pintado,sano,35.607668671659724
peruano,hembra,857.6208039470889,22.939071306270804,NA,pintado,NA,37.25333840893906
abisinio,macho,529.6309334788906,23.891298043389565,16.36978915802732,pintado,sano,46.83779295774307
andino,macho,774.4456345259263,21.016495366346557,17.175585106024677,marrón,gordo,38.38362590624213
híbrido,macho,1090.420137370978,NA,NA,blanco,NA,30.403150605343797
abisinio,macho,NA,19.18895737076615,16.620072420247176,negro,NA,35.87984240936767
andino,macho,646.168900532956,NA,19.59126423784241,negro,sano,48.129161236835614
peruano,hembra,NA,23.589062941193824,NA,negro,NA,27.02057342944844
peruano,hembra,887.2863818800682,26.605114445378536,19.2991164632554,blanco,sano,22.54081950053581
americano,macho,1014.1406678727888,29.869582235450594,21.9635748814694,negro,sano,50.56445802142987
peruano,hembra,637.3169387710014,20.005662439182583,16.890213930037802,pintado,sano,45.98373021467736
híbrido,hembra,1005.5992679785512,30.18359933498264,16.50038310300523,tricolor,obeso,20.302303310858555
abisinio,macho,NA,24.01044616570602,15.549229256842914,pintado,NA,59.04268265673061
peruano,hembra,737.3890025041413,24.01905133827001,NA,negro,NA,21.316122050581637
híbrido,macho,611.0901463275449,NA,25.499320047916513,blanco,flaco,31.121939015103504
americano,macho,1005.9955767958984,17.41989917266075,NA,marrón,NA,42.71529295801573
andino,macho,771.9377024511106,25.01647616628088,19.606945564086477,rojizo,sano,40.321226112869496
peruano,macho,911.5711278900184,31.15935314696567,19.972869939885364,negro,sano,18.91405707218385
peruano,macho,737.7275429665345,29.856556581711587,NA,negro,NA,26.707633488291584
peruano,macho,840.2620922931836,27.84569025966623,18.001002226073286,blanco,gordo,20.020074651804737
abisinio,macho,NA,21.64955073801253,NA,gris,NA,29.150633587371733
peruano,macho,836.9839399287436,29.18397350915165,NA,blanco,NA,40.86310130402415
andino,macho,808.4180561439584,21.166357241358337,NA,blanco,NA,35.849910847254264
andino,macho,956.5610555257708,NA,18.776545951336956,marrón,gordo,26.026142982975916
andino,hembra,592.9929414093093,22.51812487224324,14.42322013679917,negro,gordo,22.685208715613314
peruano,macho,858.6573757652119,NA,NA,negro,NA,18.706832030111364
peruano,hembra,939.8001724497748,22.010156930556985,18.24240820466676,marrón,gordo,31.7747632118872
peruano,macho,870.1849532410197,27.596052339299607,NA,blanco,NA,54.80676186356256
andino,macho,695.1399994716423,NA,18.57808700291688,tricolor,sano,62.108276443039976
peruano,hembra,704.6471709721136,NA,NA,blanco,NA,55.8647228274212
peruano,macho,936.1595780616168,26.508498996141174,21.304810834720534,negro,sano,23.683042948454737
híbrido,macho,938.4660679877315,29.04015138050468,17.89160860228922,tricolor,gordo,56.78978941528372
peruano,macho,863.2755905535798,NA,19.38714664527017,pintado,sano,42.02500106364235
peruano,macho,1088.0586233020151,NA,22.030746246409425,pintado,sano,32.869866408135735
americano,macho,1010.3246848599084,NA,23.686961413918738,marrón,sano,16.95656917954544
andino,macho,767.8959363107982,NA,NA,blanco,NA,34.787648376253365
andino,hembra,791.6147808984059,24.032100536696205,16.46572702388143,rojizo,gordo,31.38095420479111
híbrido,hembra,807.4456437869566,24.748387503147693,23.09486564144967,blanco,flaco,55.80108222167054
peruano,hembra,527.200587627798,29.76548276992002,16.036357809630584,blanco,sano,50.14910903569619
americano,macho,NA,27.220871201763973,19.72562364252841,marrón,NA,57.33227216402735
híbrido,macho,605.8548207082699,20.887032912467223,21.647761938133,tricolor,flaco,24.714236267557496
andino,hembra,607.012055069351,24.07681109641667,NA,negro,NA,14.581224451200296
peruano,macho,681.1445376836971,NA,18.82029295769643,negro,sano,20.951958931420695
andino,macho,770.5433785822541,26.182041657991064,19.104653040803296,rojizo,sano,30.127267554275704
abisinio,macho,531.4555849759709,23.48747122766541,15.828883996186583,marrón oscuro,sano,25.553295949608597
andino,macho,NA,24.106880475011263,16.455696953211884,negro,NA,36.12356263659839
andino,macho,905.9921796389932,24.61339930409856,17.751881676807567,blanco,gordo,64.69348170280412
peruano,hembra,786.3776970437239,27.594226338076066,NA,blanco,NA,10.824503777531396
híbrido,hembra,778.3678924737175,29.522449815217612,20.45582582493999,tricolor,sano,38.52443997665638
híbrido,macho,1250.9914230618704,17.05654272911666,24.006629555302062,pintado,sano,41.54664267284232
peruano,hembra,795.2732646168196,21.39829802929306,17.00455672116544,blanco,gordo,36.73632868476603
peruano,hembra,661.4184258164353,25.078240550179014,18.739229817253634,negro,sano,27.099459096592007
abisinio,macho,511.7994728356923,NA,NA,gris,NA,25.3994305487627
andino,macho,682.4497923227841,28.445823966361633,NA,negro,NA,56.25798984769294
abisinio,macho,645.5938773307909,21.971275977235265,NA,marrón oscuro,NA,40.9968546789672
peruano,hembra,608.1587155789703,NA,18.051719365154423,blanco,sano,49.558726529847384
peruano,hembra,921.2465027697616,27.938422227871445,18.205867411931873,blanco,gordo,17.253224887289313
andino,hembra,747.8124393029699,NA,16.38671455567157,negro,gordo,39.00253982640074
peruano,macho,778.3965202859764,27.602111736051555,20.22757060665568,negro,sano,13.146976207257271
andino,macho,765.0275999395604,23.975443785730615,17.52046509113531,negro,sano,39.0975795945482
peruano,macho,819.2527142665349,NA,20.37303816373688,marrón,sano,27.74821089856878
peruano,macho,866.7365555850186,NA,NA,marrón,NA,56.75613943136891
andino,macho,653.4839980563319,25.27859089145471,17.58927964730521,rojizo,sano,42.486312812841255
peruano,macho,948.3664839974432,NA,21.61272017357361,negro,sano,56.41400677069783
andino,macho,842.2016690353723,NA,18.46609311743052,blanco,sano,61.004961194395634
peruano,macho,870.6872814147255,23.844548328029987,21.308002874017653,pintado,sano,50.644958442127454
andino,macho,892.6446086628594,30.538846833632284,19.166854254258,marrón,sano,44.222654803601074
abisinio,macho,NA,NA,16.22312414408093,pintado,NA,33.37075788317953
peruano,macho,1057.3279175067205,28.893394864422056,NA,marrón,NA,14.291695629041303
peruano,macho,865.9505574702182,31.061700340434378,20.200114200963817,negro,sano,37.734042192708074
andino,macho,687.4159655864228,19.556191103639343,NA,blanco,NA,42.901303856358666
andino,macho,675.9725225826189,25.945536068025778,NA,marrón,NA,36.43561932816583
peruano,hembra,802.2518857144672,24.425842108034896,17.275533947385046,negro,gordo,11.72122540554378
peruano,hembra,595.8949883772561,25.501935840684837,NA,marrón,NA,29.321604198380804
peruano,hembra,768.2061362433996,25.260895640623136,18.207319360496378,blanco,sano,36.681031179430605
andino,hembra,522.5487746164704,23.393668311323086,17.468250183902835,marrón,sano,32.43873947240752
peruano,hembra,612.5171064045476,24.43146212472278,19.023936802789507,blanco,sano,38.777525890466805
abisinio,macho,632.7634585678572,21.847746774566353,18.205577224928575,gris,sano,64.0025275309851
peruano,macho,840.0714975461711,NA,18.615093851155073,negro,sano,11.063535826354592
americano,macho,966.0727468077724,28.571210791359924,24.865150351498617,negro,sano,18.42109585915029
peruano,hembra,590.155948029562,22.46101276849274,NA,pintado,NA,53.668703137451416
peruano,macho,NA,25.983778148630513,NA,negro,NA,42.78865768531193
híbrido,hembra,646.3437699568598,36.023056886505785,14.816590647303151,tricolor,gordo,28.16986462054046
híbrido,hembra,NA,32.4004039745986,20.414344988408896,blanco,NA,17.008437068467806
peruano,macho,901.5582069475884,22.301037941368772,18.895876400815308,blanco,sano,38.595742776185794
peruano,hembra,830.5577019581561,20.83508249621931,17.375045913143296,negro,gordo,33.4280561551317
andino,macho,829.8918473317207,29.97003495724859,15.811984984243038,marrón,gordo,21.305376087794365
andino,hembra,NA,23.24044547404771,NA,marrón,NA,44.82567470365822
peruano,macho,720.7039129657704,33.050809793618114,18.560025938591455,negro,sano,19.036069363860292
andino,macho,NA,27.2033544000578,NA,negro,NA,46.49215018366944
andino,hembra,710.9960594753071,23.80461946846254,15.747769017875289,blanco,gordo,49.70973862747486
peruano,macho,956.8110444405944,27.784719731844778,17.53881827837023,blanco,gordo,34.04161986357705
peruano,macho,951.408825015814,NA,21.884125724171703,blanco,sano,37.8315704028287
peruano,macho,NA,25.11713218688033,22.07352776819123,blanco,NA,41.37449916996091
peruano,macho,810.9570831208166,33.189938584103835,19.088840834762532,blanco,sano,47.18903095759919
abisinio,macho,NA,NA,16.835156415796803,marrón oscuro,NA,14.614547385670264
híbrido,hembra,558.6677091494347,18.075146899465704,18.332864145644656,blanco,sano,18.820210407872853
andino,macho,731.1845734587108,26.45278771063292,NA,blanco,NA,20.984344309185612
andino,macho,855.8271070447176,26.447755520194484,18.425225893528825,blanco,sano,54.32965338697239
híbrido,macho,NA,13.711142916508283,23.69707098372563,pintado,NA,65.6580841033591
andino,macho,846.0975210976392,25.227670410772735,17.862612072632913,negro,gordo,51.25787916015754
andino,macho,711.839776644894,21.72243175602209,18.393365260379134,marrón,sano,51.817461649882134
peruano,macho,694.9695544272188,NA,NA,blanco,NA,11.421646110631697
peruano,macho,NA,26.255479418468813,19.017443229971345,pintado,NA,17.748078365012347
abisinio,macho,NA,21.602170933494193,16.69826061388942,marrón oscuro,NA,26.706130432505915
híbrido,hembra,916.7199017744396,19.23386893401565,NA,marrón,NA,37.36669699618271
peruano,macho,956.4045504396568,26.9623674358185,20.12603025647869,negro,sano,27.49779826229604
andino,macho,797.3654412047947,26.451951309792772,18.598675987842743,blanco,sano,53.189129966211695
peruano,macho,919.7517633799064,27.89667807220237,19.830891664117885,blanco,sano,40.11475150067968
andino,hembra,669.9925410821816,NA,17.347133462198,negro,sano,32.09944874312927
americano,macho,924.3008227938697,NA,21.259299336774976,marrón,sano,18.687262616295648
peruano,hembra,739.9904654363997,NA,19.397470497007436,marrón,sano,34.31436774013095
peruano,hembra,618.665296826282,25.6575979757829,18.830968399642018,marrón,sano,59.02297877882216
peruano,hembra,702.1845116414678,28.486531505037377,17.19378634488744,pintado,sano,21.752191915773075
andino,macho,825.6844920133593,30.476593014023184,18.733923032860545,blanco,sano,56.04330889696431
híbrido,macho,1104.179817104197,32.510455363227145,19.03704042467091,tricolor,gordo,20.45721296501784
abisinio,macho,540.140435620154,26.043220345552832,NA,gris,NA,24.87324431485458
peruano,hembra,781.9654927919775,22.421073672759903,NA,pintado,NA,41.43317704827281
andino,hembra,732.4299205515193,23.411036513859425,16.34820156457613,negro,gordo,35.33019616616676
peruano,macho,946.8464811591332,23.417782515147337,NA,negro,NA,65.3509175478317
peruano,macho,884.5670635520768,26.203950635838787,NA,marrón,NA,13.148176244339158
andino,hembra,700.1679969755878,NA,NA,negro,NA,39.17962357563168
peruano,macho,808.3964749503039,30.60877523150428,18.947611062750216,blanco,sano,60.68441500451956
peruano,macho,766.9082923955253,26.893032852759887,21.404304540461617,marrón,sano,34.9986268089812
peruano,macho,731.8417947149276,26.981713210869536,NA,blanco,NA,36.73150612479222
andino,macho,641.5546266955827,26.493545607509457,17.23373184908874,rojizo,sano,53.19277000942709
andino,macho,737.64868409885,25.559474327754337,NA,blanco,NA,29.6474663811867
peruano,macho,NA,32.110821127648265,19.778920029230704,negro,NA,44.80633583492227
híbrido,macho,NA,13.484808047092828,24.396070245351876,marrón,NA,62.66768464263456
peruano,hembra,892.7213156565639,27.016654104204743,17.162824492517746,blanco,gordo,43.11012082915511
peruano,macho,791.8434602107767,NA,19.268902272697996,pintado,sano,39.03469015850609
peruano,macho,886.2284941583328,29.311521397095884,19.64224186886626,blanco,sano,17.40229221209313
andino,hembra,685.9701596584216,21.015287854840658,NA,negro,NA,31.086872479368033
andino,hembra,NA,24.62220755597602,15.923730360659992,tricolor,NA,22.55729071210655
andino,macho,NA,21.77896115715269,17.635614716806494,rojizo,NA,23.261587830141835
peruano,hembra,758.1851060276709,19.570026159753745,15.926238937995809,marrón,gordo,45.05817904911562
americano,hembra,894.7640005244634,24.68647906309278,21.632832985100418,blanco,sano,54.42318236646044
peruano,macho,976.0877785880396,29.464296730754512,NA,negro,NA,17.215691484250932
híbrido,hembra,574.3822007579912,NA,NA,pintado,NA,22.284591516470883
peruano,macho,847.2767036183959,31.510960634180737,NA,negro,NA,12.040694166132305
peruano,hembra,847.6742495101912,NA,17.99455997459436,negro,gordo,34.23711160541994
andino,hembra,752.0464151229838,24.62419147656856,NA,negro,NA,57.390231144902046
peruano,macho,750.600561284993,NA,20.593235683131947,pintado,sano,37.06508653760731
andino,hembra,624.5565376293189,NA,17.30385485048187,tricolor,sano,42.78959125294658
peruano,hembra,640.1617006172871,24.73908901044663,NA,negro,NA,23.21968600904922
peruano,hembra,803.0911406951564,25.19353331302692,19.12894572124598,marrón,sano,15.085497833579591
peruano,macho,882.9617381414287,26.886717490380217,18.626128744758727,pintado,gordo,39.62350736630008
andino,hembra,NA,25.89218971255072,17.034254115823643,negro,NA,15.34973070755131
peruano,macho,NA,31.94670852291938,20.09215897220285,blanco,NA,18.61076879752327
peruano,macho,834.0961115329919,29.02643728635005,19.341348448839305,blanco,sano,43.330403091304376
peruano,macho,761.6860483615284,27.040576336666128,18.96243735610413,blanco,sano,43.24902027798792
andino,macho,822.2298634542886,30.04158236871428,18.362639057887833,tricolor,sano,38.2550773841137
híbrido,hembra,888.2882724931419,27.766555181852578,15.057793941017335,tricolor,obeso,52.62692640212443
peruano,hembra,784.691988145091,25.36780554083108,18.955718312494827,negro,sano,32.76037068497163
peruano,macho,803.423880948937,22.41406506686654,20.41791911879204,blanco,sano,41.82493012926651
peruano,macho,NA,25.86078520062798,NA,negro,NA,21.387768628014168
peruano,macho,727.2424471433541,22.88804425814381,NA,blanco,NA,17.179245043144743
andino,macho,857.3334845786335,NA,17.343945229739795,negro,gordo,39.8011224274035
híbrido,macho,896.2763904404359,31.302304365156573,15.735174006907656,tricolor,obeso,18.897822614445037
peruano,hembra,NA,22.459164208179207,18.51305647856468,negro,NA,50.54339088030446
peruano,hembra,588.9463238512024,26.148792712489097,19.234152858886095,marrón,sano,12.367253893346405
peruano,macho,963.3785854476204,29.813934628407484,20.76573821077383,marrón,sano,54.02972157639115
peruano,hembra,537.0385674016718,27.864111301903872,17.6804702735794,negro,sano,26.289453078916733
híbrido,macho,632.7747945574408,16.21521077682122,NA,marrón,NA,58.3175014620946
peruano,hembra,702.5856250912533,27.486445456685328,NA,marrón,NA,25.53136023546768
andino,hembra,667.8620463134191,19.328027491856663,NA,blanco,NA,36.153372581382456
híbrido,macho,877.8954973703774,NA,NA,blanco,NA,18.47276623439076
peruano,hembra,538.5546807083532,20.229825403004607,19.41787632049587,negro,flaco,31.079675229645744
híbrido,hembra,NA,25.16754622251695,19.04225524816691,blanco,NA,63.62733024443185
híbrido,hembra,896.7668951258585,NA,NA,tricolor,NA,63.916927676832294
andino,hembra,602.9774824830826,20.90220571579115,NA,tricolor,NA,17.472960812676405
híbrido,macho,NA,35.26592206373476,NA,pintado,NA,37.469471456180074
peruano,macho,797.7802162267413,NA,NA,negro,NA,49.67012943355813
híbrido,macho,908.3036182347522,NA,20.138651956260528,blanco,sano,62.204190773674966
abisinio,macho,513.7340265408843,NA,NA,negro,NA,39.07729606295826
abisinio,macho,641.7802043664512,27.103451187793024,13.901935020773076,negro,gordo,61.153196894146824
peruano,macho,986.8163318865606,29.304774487163783,NA,pintado,NA,48.346805520832646
andino,macho,736.0486467353456,19.874141524602372,18.384087598860948,negro,sano,26.127803999346124
peruano,hembra,624.2268141496176,21.59880918238016,20.0881212911227,marrón,sano,41.96428836712738
peruano,hembra,NA,22.41306305881687,17.54740476221486,blanco,NA,18.506469643912364
abisinio,macho,662.1527983106264,NA,16.601428631489803,gris,sano,40.731252648712655
peruano,hembra,NA,23.874225356678945,18.988697568142324,pintado,NA,42.32225518844054
andino,macho,848.5211157087475,24.797977517781725,NA,blanco,NA,38.164480089204986
andino,macho,725.0050504966865,30.448335590708684,17.665033724967962,blanco,sano,61.14360586089004
andino,macho,948.11690675995,24.25686635750368,NA,blanco,NA,22.438047002267695
peruano,macho,905.3806173405018,NA,23.330433843525135,blanco,sano,64.12047955744626
peruano,hembra,668.5916450196095,31.94466490120995,18.326234218514948,blanco,sano,51.06055327810537
peruano,macho,NA,28.47745106103087,20.541319125472455,negro,NA,39.05344812257312
peruano,macho,1006.6514409187032,28.13251716210883,NA,negro,NA,19.748746399945077
abisinio,macho,562.8981389648568,NA,NA,marrón oscuro,NA,12.186402443265072
peruano,hembra,618.8964116826041,29.84192159124336,17.045871345755103,marrón,sano,16.9406763809424
híbrido,hembra,794.0109052411004,NA,17.73161072455992,blanco,sano,39.89475706479161
peruano,hembra,616.1726201912861,26.90018162467776,NA,negro,NA,25.527583132369212
andino,macho,796.0361829734625,27.989683223768367,17.624490247066507,blanco,gordo,17.391520793424164
andino,macho,813.0060840344402,NA,NA,blanco,NA,60.32840180510563
americano,hembra,873.1227915226145,27.608631569056204,20.351406217955592,marrón,sano,20.04974336711712
peruano,macho,796.8496809587032,29.656804676946827,21.240377345185767,blanco,sano,20.9349090871895
peruano,hembra,NA,24.450540701763227,17.810519065910448,negro,NA,23.941932201838497
andino,hembra,709.215201063944,28.24405572120436,15.056014447411664,blanco,gordo,53.507489704353006
andino,macho,818.081834690779,26.50045366644368,NA,blanco,NA,29.71172785213288
peruano,macho,783.3148567034231,21.67660239720419,19.13360149969527,blanco,sano,58.00453433552546
peruano,hembra,678.7914966573288,23.102996962206845,18.38383340118665,negro,sano,43.21078016960229
andino,macho,969.0488183211128,28.431386773028336,NA,negro,NA,56.8079522372632
peruano,macho,786.8368994632174,28.638720563324412,NA,blanco,NA,28.85108904259466
andino,hembra,728.0018104600002,19.85927263845304,16.683782689557255,blanco,gordo,18.37063943937279
peruano,hembra,658.1276272587838,NA,18.576161302437992,negro,sano,11.504241017043936
peruano,hembra,731.7521320194795,26.14612088105539,NA,negro,NA,26.074044859077297
peruano,macho,825.7922605596675,NA,19.337751607467418,negro,sano,14.101348902428596
peruano,macho,872.628508747188,NA,19.53587191091948,blanco,sano,42.7965528790219
peruano,macho,925.1465564362004,NA,19.137166411430947,blanco,sano,28.361254495483923
andino,macho,796.0342445466081,22.082432393622305,NA,blanco,NA,30.17940328090286
americano,macho,918.1084871457203,36.982143770444814,19.20268201619844,gris,sano,18.08291123346295
peruano,macho,723.4954236627749,23.918824601228035,NA,pintado,NA,30.76762038544675
peruano,macho,781.2390613025102,25.593575091419503,18.9761129812051,negro,sano,12.794066603208634
andino,macho,882.662271420617,NA,18.441250172852943,negro,gordo,57.20579233901158
peruano,hembra,654.3925220735823,25.755227580994745,18.46488505927383,negro,sano,21.74248380733298
andino,macho,915.0651142150472,26.21037045163868,16.60878846607628,tricolor,gordo,22.52872169341115
andino,macho,828.7087689222707,22.37190550982583,18.027664787101056,tricolor,gordo,39.999393051623926
peruano,macho,796.9595391191245,29.765518393884975,20.15464175924436,blanco,sano,30.281604647229855
híbrido,macho,1388.537842532555,31.45243717931563,18.333218358321663,tricolor,obeso,32.49100044141569
peruano,hembra,756.8077238862603,NA,19.345490909306037,negro,sano,57.414502281948145
andino,hembra,667.8016229775855,26.749131126270303,NA,blanco,NA,12.37141891125619
peruano,macho,NA,29.969731938227262,NA,blanco,NA,35.55899087415163
andino,hembra,700.277919230121,26.38636597032426,NA,tricolor,NA,26.94280315726622
americano,hembra,848.3568610498525,21.2940923633595,18.720512568550532,marrón,sano,45.88788667355197
peruano,macho,NA,31.35716784186995,19.674265065147782,marrón,NA,42.785442170713075
abisinio,macho,585.2945773190427,23.802864060946117,NA,marrón oscuro,NA,11.56011549145273
híbrido,hembra,700.6559889400052,NA,NA,tricolor,NA,14.82973979861718
andino,macho,768.4666214510795,27.032624178069135,NA,rojizo,NA,28.1960003995889
americano,hembra,NA,25.014734947860735,18.238536471460392,marrón,NA,62.91511032192386
peruano,macho,826.4314703837427,NA,19.75729533466608,negro,sano,21.175019717807455
peruano,hembra,636.7096411155829,26.841647911309565,18.26061862402422,marrón,sano,35.310720831040086
peruano,macho,838.2223208690427,NA,19.541614306264965,pintado,sano,52.87700285471037
andino,macho,760.2285827308847,NA,NA,negro,NA,65.66571821370125
andino,macho,778.1742258935278,22.85575345625958,18.108595557406648,blanco,sano,64.90357660671995
americano,hembra,748.1527306336449,26.19416462514504,20.22168301762548,marrón,sano,61.06257189514837
andino,hembra,669.472130487012,22.37350832347516,15.817467887216663,blanco,gordo,40.168077550506766
andino,macho,768.5236131180643,24.64443141451167,17.85521321526489,rojizo,sano,19.517882305991407
peruano,macho,884.52491386106,23.548101051828127,18.10552095679675,pintado,gordo,32.83433203934804
peruano,macho,908.214038757956,24.424869727982017,NA,marrón,NA,55.800358575762
peruano,hembra,602.0491362567825,NA,16.311740070311625,pintado,sano,58.170459233951505
peruano,macho,727.15036800248,30.41749994530557,18.736177747505742,pintado,sano,33.23526191709447
andino,macho,828.4761384054862,28.106995260169988,NA,blanco,NA,22.049786689022852
peruano,macho,845.658539126311,NA,19.76481705809052,pintado,sano,26.97417900025475
peruano,macho,893.8119219932495,27.06227988163832,20.637261553447892,blanco,sano,19.40089475940655
peruano,macho,NA,28.094120363795632,18.697964286407817,blanco,NA,53.413896775152836
peruano,macho,969.8601521348728,33.99845552785547,NA,marrón,NA,19.354721961620903
híbrido,macho,1296.6251382073804,28.353640077890972,25.0734245931299,blanco,sano,18.50051582555554
híbrido,macho,1433.3508276816356,35.011386038228515,24.141745097674093,tricolor,sano,56.88689203860799
skinny,macho,486.9241024416325,25.810992063179487,16.339035110480033,negro,sano,29.16756526936998
peruano,macho,NA,26.003576317548237,NA,negro,NA,40.673491593961
peruano,macho,NA,NA,21.29014612473918,negro,NA,12.236629813243672
peruano,macho,850.0196445731883,28.690263800622237,NA,blanco,NA,30.4379588433728
peruano,macho,NA,NA,17.769315116152857,negro,NA,52.959596561768024
peruano,hembra,636.7992973142871,21.280954870948907,19.88843603332664,pintado,sano,37.01840133015537
abisinio,macho,576.5428844685758,21.899051438744976,15.432791238897122,gris,sano,12.518313202811653
peruano,hembra,773.0218679664779,25.884041829179964,17.194545307488493,blanco,gordo,35.377289838579316
peruano,hembra,656.6994816459452,NA,18.50767248095391,blanco,sano,41.98880040818729
andino,macho,842.5233658867212,24.16409550009496,18.191644043670543,tricolor,gordo,24.39660542068259
andino,macho,794.7277008469349,19.08987252815038,18.658754414821345,negro,sano,23.19634965472017
abisinio,macho,558.0204303066128,20.9280967218794,16.450893483595436,negro,sano,23.57256227355744
andino,macho,732.5030846231548,23.919020893167065,17.281831259200477,negro,sano,63.7287473834222
peruano,macho,739.0254072118322,28.93214381732041,NA,blanco,NA,61.13281456681149
híbrido,hembra,833.2380322243265,24.81623121170677,21.03561641871326,pintado,sano,30.53657988800378
peruano,hembra,657.304401135982,NA,NA,negro,NA,21.74598141188608
andino,hembra,682.8979455841044,19.946430732688825,18.580815024233143,blanco,sano,24.98358465551297
americano,hembra,843.3739451105056,32.58743619032465,19.58858615512412,marrón,sano,19.02949944437161
andino,macho,699.8698265485078,27.027361810087537,NA,blanco,NA,51.519452058468914
peruano,macho,NA,NA,20.09127767393927,blanco,NA,29.7889845225958
peruano,macho,876.1156031569965,25.6646551833388,20.275848999619537,blanco,sano,45.730538278282125
andino,hembra,509.4331529003622,NA,16.109123879098306,marrón,sano,35.68220914052671
peruano,hembra,864.3026491698892,24.504002093928836,NA,blanco,NA,13.549392528101423
peruano,hembra,783.8156309647503,26.008662757160646,NA,blanco,NA,43.42918527152923
andino,macho,888.0997514706967,19.42711877560703,17.487183926590568,marrón,gordo,33.474854934681375
peruano,hembra,900.7415043515758,28.060260369367057,18.048128407620155,negro,gordo,19.921159956060674
andino,macho,548.6521744975163,26.52502400796715,16.60187013876543,tricolor,sano,21.36429567171838
peruano,hembra,716.4820229927586,28.00612989743278,18.31092619072727,blanco,sano,38.696578755209394
peruano,macho,921.8567618225944,26.774585935286098,19.78343620092048,negro,sano,15.948930578866277
peruano,macho,765.0062569632165,26.56589726940717,NA,negro,NA,34.68495147307905
peruano,hembra,681.305688304405,NA,19.985221035266814,negro,sano,26.547462136094545
peruano,macho,968.783156762138,26.92050732329649,21.031230829545407,negro,sano,24.496635309545635
peruano,macho,841.8661791265363,32.10468658007919,20.038141859095756,marrón,sano,54.572779053462874
abisinio,macho,NA,NA,16.619744274634005,pintado,NA,35.513070797002925
peruano,macho,764.6565925547652,28.410879042948515,NA,blanco,NA,46.688082086889686
peruano,hembra,518.3098100605065,23.808621060696623,18.16270842042457,blanco,sano,53.171913667050774
híbrido,macho,NA,NA,20.43480089070988,pintado,NA,31.5990827903102
abisinio,macho,622.3371070335766,NA,16.07913157946341,negro,sano,27.142396857087036
andino,macho,NA,22.022105087413394,18.838642075751675,marrón,NA,27.369508451673298
peruano,hembra,804.2824475593079,23.333312189534624,17.711245949437995,blanco,gordo,49.05440475238563
peruano,macho,805.5472392114063,22.669478644460252,19.2511514539031,blanco,sano,13.48380896150786
americano,hembra,946.0316061240584,26.94327256407137,NA,negro,NA,10.815991227266917
andino,hembra,785.1773100753541,NA,NA,marrón,NA,12.760320141337472
peruano,macho,746.2096919588059,22.618356747691102,18.94976601754339,blanco,sano,57.46048531802634
abisinio,macho,595.8589819365925,20.426770490730604,16.70822117672975,marrón oscuro,sano,41.72432448725827
híbrido,macho,802.967260520393,12.502607020290956,22.59572457864563,tricolor,sano,54.69855156820702
peruano,macho,746.8844334956265,27.82218662007656,19.569702537199888,blanco,sano,45.86589918756779
andino,macho,939.5294193328192,28.508889464371695,NA,negro,NA,65.01061170749387
peruano,macho,NA,24.33555859917043,19.397027052993355,marrón,NA,50.96349327157928
peruano,macho,999.2529252949934,26.506723714942293,20.836133385785057,marrón,sano,37.06648111592146
rex,macho,755.5625656538002,28.427541686855363,NA,negro,NA,35.754722670354234
híbrido,hembra,436.95014538815207,15.99694426427083,22.698692162909307,blanco,flaco,39.004022174034155
peruano,hembra,877.672092926014,NA,NA,pintado,NA,59.6634305903497
andino,hembra,697.8496170591129,20.94621184582081,NA,negro,NA,62.95895362187532
peruano,macho,801.0927924525697,29.740324262168095,20.484031806121155,pintado,sano,61.24780997683315
peruano,hembra,772.4187163982139,21.86237698110795,NA,blanco,NA,37.21315668670401
andino,hembra,655.2756041621624,22.391239769230975,16.068714115363257,marrón,gordo,12.495610475403351
andino,macho,789.9845390388332,25.017862072886924,NA,blanco,NA,14.101633832382497
peruano,macho,868.2260856860258,30.78559177262914,20.668607995373616,blanco,sano,19.481218551441817
peruano,hembra,778.0437374511695,18.500455587231947,19.480757817396427,blanco,sano,31.62976865536207
peruano,macho,NA,28.987774212815847,19.10602472236352,marrón,NA,21.98595797775297
peruano,hembra,491.3702066017818,23.36555664154996,NA,marrón,NA,16.565325591345378
peruano,macho,775.9551033978674,NA,NA,negro,NA,32.883838186633895
peruano,hembra,784.6722218055513,NA,18.243072520992097,blanco,sano,19.646885711416616
peruano,macho,832.6647290207757,27.537263829758576,18.729917129974673,blanco,sano,28.957123916933384
americano,macho,1056.4063395458618,25.201062259923045,17.538025794513107,negro,gordo,65.22015112228765
americano,hembra,679.6584114960328,25.56638087050353,NA,blanco,NA,14.952865523604263
peruano,hembra,740.4783190121776,28.178437499973636,18.67881497963834,blanco,sano,18.088538129872926
peruano,macho,NA,30.039983475860836,20.75159048060151,blanco,NA,63.60441125300382
peruano,macho,NA,26.704760800638315,20.308305193358628,blanco,NA,27.20339155610521
andino,macho,722.2776754796878,27.825622115016067,17.505022944827044,blanco,sano,25.602657163924256
andino,hembra,670.0682092963795,26.466504095644208,NA,blanco,NA,30.55254296901204
peruano,macho,684.5249427031516,26.8863099787557,19.357601800964108,blanco,sano,64.57476507506394
andino,hembra,750.6080230956735,22.495378088228723,17.024456009703215,blanco,gordo,25.462754086416854
peruano,macho,NA,23.689129961943376,18.242168870222,negro,NA,37.34878689219519
andino,macho,NA,27.973441655486255,NA,marrón,NA,27.572285083414556
peruano,macho,875.4730887162928,26.43261826170945,22.23952397139708,blanco,sano,52.39555041131808
peruano,hembra,685.2068168318478,NA,16.757335914388985,blanco,sano,36.430185731481856
peruano,hembra,717.4633795319481,28.179016196412697,NA,blanco,NA,58.843722464320585
abisinio,macho,653.8107370740587,24.582924448758483,NA,negro,NA,18.172342349813768
andino,macho,685.4109984400636,NA,15.59802842714147,tricolor,gordo,37.781414887195936
peruano,hembra,623.4174029090062,26.611332252455178,18.12225931848356,negro,sano,27.45585789275743
peruano,hembra,909.7351991599328,22.599232398714136,NA,negro,NA,34.806798814943974
andino,macho,896.2585577782844,NA,17.040707346239362,blanco,gordo,32.79586743411244
andino,macho,889.8870452873828,23.685516065155024,18.45866669886594,negro,gordo,62.402770524949375
peruano,hembra,642.6183974452955,23.967078036899764,NA,blanco,NA,63.4022413273893
híbrido,macho,1180.570663236928,26.749740085750812,NA,marrón,NA,50.57751018670114
peruano,macho,982.62163652574,21.781686458327705,20.57292744362109,marrón,sano,44.09923144302179
peruano,macho,738.6915925739257,NA,18.880764043884167,blanco,sano,22.65760665973432
andino,macho,1078.1580083242868,NA,NA,tricolor,NA,47.98533911618828
andino,macho,756.7991116758878,NA,17.688015784764826,rojizo,sano,32.22737707029042
andino,macho,928.6309907097872,25.18836225933668,18.296818356212597,marrón,gordo,NA
andino,macho,NA,30.8277743731616,NA,marrón,NA,19.18727444092063
peruano,macho,751.06821527876,27.41451896714547,21.99951997547921,negro,sano,50.61762941901545
andino,hembra,561.0645059818078,22.982711309819365,15.773040686312148,negro,sano,31.30307847076573
peruano,hembra,628.8876120116105,NA,16.487069735323377,blanco,sano,17.927238014360285
peruano,hembra,668.5734644547683,26.76416430711103,18.578213017541724,pintado,sano,25.02305312842392
peruano,macho,774.9329427541614,24.669532699466497,19.00218045712043,blanco,sano,59.419414710210475
andino,macho,807.7652388733184,26.906651673840692,17.24435979631777,negro,gordo,11.831414777318829
andino,hembra,852.3909089191185,24.092024244982216,NA,rojizo,NA,50.16045067898215
andino,macho,745.6609064237102,25.79250668774576,17.23776105938542,blanco,sano,57.446978029861825
peruano,macho,NA,28.802337908837885,NA,negro,NA,57.23197507090835
peruano,macho,654.0905111832058,27.88686032687735,18.996673240411113,blanco,sano,49.20247544204745
americano,macho,996.6059749710204,NA,22.55160829188059,blanco,sano,13.765104981589404
andino,macho,718.9944992775909,20.476559692951568,17.735324598299897,negro,sano,33.63899564290453
abisinio,macho,NA,21.863901088932433,16.399698163055316,gris,NA,14.907114297148045
peruano,hembra,NA,20.592846441322795,NA,blanco,NA,25.04913020168395
peruano,macho,889.2360708390612,28.99596445917774,NA,negro,NA,40.056802011374
híbrido,hembra,NA,18.47567180931061,19.00685878729402,tricolor,NA,43.98862619946671
andino,hembra,634.0180588784766,24.440380506460613,15.98159070400637,blanco,sano,57.487008411159266
abisinio,macho,NA,27.60611100381986,NA,negro,NA,38.78632551389612
híbrido,macho,1059.780112713164,22.515439508325244,NA,marrón,NA,35.77309649755713
peruano,hembra,632.473055164769,21.92535039351725,18.992358651106723,blanco,sano,33.80470082380203
peruano,macho,817.3747125398522,26.193257560894484,19.144622086285167,blanco,sano,35.986685629202796
andino,hembra,749.2082620022514,20.51596160686219,16.664271054413806,marrón,gordo,19.18406128730266
híbrido,macho,857.0740221687463,33.46036968141767,NA,tricolor,NA,11.08563948159683
peruano,hembra,515.8358711006554,20.711482201661276,NA,negro,NA,14.103715354204004
andino,macho,NA,29.68395221125982,18.430283684748037,marrón,NA,53.13421709293968
andino,macho,706.8640831993314,26.605863114177435,NA,negro,NA,63.471165908908326
híbrido,macho,NA,33.77144789821305,NA,tricolor,NA,25.009443971616182
